NOFF
5300 0 0
0.0001432943042586325 0.0001260170658287403 0.0 0.0 0.0 1.0
-0.00014678166550625497 0.0010148195617287745 0.0 0.0 0.0 1.0
-4.331348019161998e-5 0.0019734058121277397 0.0 0.0 0.0 1.0
9.270168997016988e-5 0.0029974109177141697 0.0 0.0 0.0 1.0
-3.5190591343766475e-5 0.004123730447988668 0.0 0.0 0.0 1.0
7.649059554806347e-5 0.005029717062423121 0.0 0.0 0.0 1.0
-0.0001300699744966184 0.005952519974015061 0.0 0.0 0.0 1.0
-1.6898480289450968e-5 0.006861110643074956 0.0 0.0 0.0 1.0
-4.457820045637714e-5 0.007926401274170795 0.0 0.0 0.0 1.0
6.664018220306419e-5 0.008860573195389033 0.0 0.0 0.0 1.0
-7.650822488711302e-5 0.010008490751919431 0.0 0.0 0.0 1.0
2.483192320452946e-5 0.010992008147229214 0.0 0.0 0.0 1.0
1.959057447374135e-6 0.012115631177376171 0.0 0.0 0.0 1.0
-0.00013587147398432708 0.01294639430663304 0.0 0.0 0.0 1.0
-9.762275945532997e-5 0.014007013040207468 0.0 0.0 0.0 1.0
-0.00012206334587601042 0.01492349555594476 0.0 0.0 0.0 1.0
4.435983979467887e-5 0.01599522840041784 0.0 0.0 0.0 1.0
-8.413881767865842e-5 0.017033878674469607 0.0 0.0 0.0 1.0
-0.00011503929554601563 0.018020522080158984 0.0 0.0 0.0 1.0
-9.809270158043948e-6 0.018912131738185296 0.0 0.0 0.0 1.0
9.047369426863169e-5 0.02011313568348422 0.0 0.0 0.0 1.0
0.00012773448046610872 0.02105936959353676 0.0 0.0 0.0 1.0
-0.00014103943450391874 0.021981719729120035 0.0 0.0 0.0 1.0
-0.000107056582826245 0.022991705862406717 0.0 0.0 0.0 1.0
3.12388001156643e-5 0.02389760556244739 0.0 0.0 0.0 1.0
-0.00010555082051062593 0.02485305006689359 0.0 0.0 0.0 1.0
-4.269320768336625e-5 0.02599931693116302 0.0 0.0 0.0 1.0
-4.639529612955773e-5 0.026917439485973978 0.0 0.0 0.0 1.0
-1.8403700805806974e-5 0.02795500248759525 0.0 0.0 0.0 1.0
0.00014973823072378302 0.029006966379846195 0.0 0.0 0.0 1.0
-8.707848519807977e-5 0.030008580223046886 0.0 0.0 0.0 1.0
9.148043265382299e-5 0.031000817740714948 0.0 0.0 0.0 1.0
-9.598862397532584e-5 0.031868802124817575 0.0 0.0 0.0 1.0
8.160752467030626e-5 0.03295292324105499 0.0 0.0 0.0 1.0
-0.00010181397983854966 0.03413409125647483 0.0 0.0 0.0 1.0
-5.4394541065319916e-5 0.034997085368357446 0.0 0.0 0.0 1.0
6.765368439436118e-5 0.03587454320719419 0.0 0.0 0.0 1.0
-2.8894788665653358e-5 0.0370521190060299 0.0 0.0 0.0 1.0
-0.00013170856720558637 0.03806657956723917 0.0 0.0 0.0 1.0
3.467804673656738e-6 0.03893805239019713 0.0 0.0 0.0 1.0
0.0001180502736104657 0.040082032012227396 0.0 0.0 0.0 1.0
-0.00012603352080954607 0.04102689881881299 0.0 0.0 0.0 1.0
0.00011216385188607541 0.04197605935373171 0.0 0.0 0.0 1.0
-9.714114717438845e-5 0.04290399029907753 0.0 0.0 0.0 1.0
-0.00014923353476072255 0.044033770536920785 0.0 0.0 0.0 1.0
4.0523247442763834e-5 0.04491321981100034 0.0 0.0 0.0 1.0
0.00013767334453234286 0.046054486082409724 0.0 0.0 0.0 1.0
-5.94337224493219e-5 0.046893663766606794 0.0 0.0 0.0 1.0
2.4210598468332254e-5 0.048007214662776417 0.0 0.0 0.0 1.0
-9.161284932008171e-5 0.04908567380034647 0.0 0.0 0.0 1.0
1.1973113430491434e-5 0.05000874530019843 0.0 0.0 0.0 1.0
-7.527097879680685e-5 0.05096816868193404 0.0 0.0 0.0 1.0
0.0001314877211916238 0.052104772149052944 0.0 0.0 0.0 1.0
-2.9658553155994862e-5 0.053019656183573495 0.0 0.0 0.0 1.0
1.794510330030976e-5 0.05393300291681456 0.0 0.0 0.0 1.0
-7.906412553227556e-5 0.05485529136468371 0.0 0.0 0.0 1.0
4.667142050203499e-5 0.055872651269414264 0.0 0.0 0.0 1.0
-0.00011332619917911278 0.056909754932277144 0.0 0.0 0.0 1.0
0.00014784355701846397 0.05793446207352805 0.0 0.0 0.0 1.0
-1.7857869154321193e-5 0.05886273651693285 0.0 0.0 0.0 1.0
0.00014997710750038127 0.05987076071983434 0.0 0.0 0.0 1.0
-6.837845356656106e-5 0.06099430456243452 0.0 0.0 0.0 1.0
-0.00011630162637086816 0.06214033992664133 0.0 0.0 0.0 1.0
1.9994059077982027e-5 0.062962215272551 0.0 0.0 0.0 1.0
4.3334276066883e-6 0.06391194789774807 0.0 0.0 0.0 1.0
0.00011555535186656608 0.06514095087700725 0.0 0.0 0.0 1.0
-0.00010006035914978652 0.06607025788734656 0.0 0.0 0.0 1.0
6.753242710140081e-5 0.06697647034955818 0.0 0.0 0.0 1.0
-0.00011304642251916916 0.06786963611947779 0.0 0.0 0.0 1.0
-3.863042058536814e-6 0.06902734025460461 0.0 0.0 0.0 1.0
0.00011537497915930248 0.07007908384983369 0.0 0.0 0.0 1.0
-7.541780601247e-5 0.0710578794853063 0.0 0.0 0.0 1.0
7.398035957264087e-5 0.07187849192438778 0.0 0.0 0.0 1.0
-9.33923560556217e-5 0.0731200618854818 0.0 0.0 0.0 1.0
-4.977749373550894e-5 0.07395791419206503 0.0 0.0 0.0 1.0
-7.32220194666028e-5 0.07493383708946888 0.0 0.0 0.0 1.0
-3.2711141915097647e-5 0.07608733541427243 0.0 0.0 0.0 1.0
-8.236930708908658e-5 0.07714251748678579 0.0 0.0 0.0 1.0
4.257172850003078e-5 0.07790807982298235 0.0 0.0 0.0 1.0
3.603350638270012e-5 0.07904048578302436 0.0 0.0 0.0 1.0
1.7203787208924072e-5 0.07996518445990863 0.0 0.0 0.0 1.0
-8.40997268947269e-5 0.08093686575994068 0.0 0.0 0.0 1.0
4.9624914425039545e-5 0.08189633500640107 0.0 0.0 0.0 1.0
-7.323738765924314e-6 0.08302975119783484 0.0 0.0 0.0 1.0
-9.500273881082443e-5 0.0840049785714634 0.0 0.0 0.0 1.0
7.24324442716734e-5 0.08511368287242589 0.0 0.0 0.0 1.0
0.00011309795081086405 0.08613797785990536 0.0 0.0 0.0 1.0
-0.00011799539226769262 0.0871164098318841 0.0 0.0 0.0 1.0
1.0250831082192103e-5 0.08797907872695658 0.0 0.0 0.0 1.0
4.615244641815734e-5 0.08896781341937926 0.0 0.0 0.0 1.0
-9.74764647686986e-5 0.09007107999650701 0.0 0.0 0.0 1.0
-2.171321367316975e-5 0.09105570189174214 0.0 0.0 0.0 1.0
-7.595810079650965e-5 0.09212135911995747 0.0 0.0 0.0 1.0
-8.873796361975e-5 0.09307832416569777 0.0 0.0 0.0 1.0
-8.085594159533919e-5 0.09390206016940753 0.0 0.0 0.0 1.0
-2.2450380487731013e-5 0.09502251632287863 0.0 0.0 0.0 1.0
-0.00010771040625490303 0.09587959966633017 0.0 0.0 0.0 1.0
-1.6563113238312387e-5 0.09686090261869995 0.0 0.0 0.0 1.0
1.961095047356649e-5 0.0981229693669534 0.0 0.0 0.0 1.0
1.8493845401139275e-5 0.09911731065563774 0.0 0.0 0.0 1.0
0.0009746125032401547 7.987002335376482e-5 0.0 0.0 0.0 1.0
0.0008540870449644371 0.0008759735613635656 0.0 0.0 0.0 1.0
0.0010274161725946365 0.002134760781454917 0.0 0.0 0.0 1.0
0.0009706376327579595 0.0030942522841549214 0.0 0.0 0.0 1.0
0.0010033001832476056 0.004115725739390061 0.0 0.0 0.0 1.0
0.0011290738026246319 0.005125548276676131 0.0 0.0 0.0 1.0
0.0010644275396838767 0.00592961252873103 0.0 0.0 0.0 1.0
0.001123073800381318 0.006994324583205307 0.0 0.0 0.0 1.0
0.0011381162319303768 0.008135959599096009 0.0 0.0 0.0 1.0
0.0010411419429624672 0.009032931665796733 0.0 0.0 0.0 1.0
0.0011022860180658167 0.010102067459128306 0.0 0.0 0.0 1.0
0.0011031270158081273 0.010947310808310044 0.0 0.0 0.0 1.0
0.0009544611831564123 0.011885754796685277 0.0 0.0 0.0 1.0
0.0010299024919872904 0.013143778839527848 0.0 0.0 0.0 1.0
0.0010860385082182868 0.013861148400474498 0.0 0.0 0.0 1.0
0.0009557135492218468 0.014975246786840883 0.0 0.0 0.0 1.0
0.0009591348443874221 0.016139255431759935 0.0 0.0 0.0 1.0
0.0009253707475460502 0.01697700707004872 0.0 0.0 0.0 1.0
0.0009020041228401675 0.01787566001367953 0.0 0.0 0.0 1.0
0.0008597150574177616 0.018969503458721285 0.0 0.0 0.0 1.0
0.0009324404514989555 0.019975343823136118 0.0 0.0 0.0 1.0
0.0008752034954506795 0.02092537801021413 0.0 0.0 0.0 1.0
0.0008992080995741097 0.02201446331365214 0.0 0.0 0.0 1.0
0.0009526273640877918 0.022978301401985597 0.0 0.0 0.0 1.0
0.001085586667423781 0.023914483678058002 0.0 0.0 0.0 1.0
0.0010103735994443882 0.025082628511391997 0.0 0.0 0.0 1.0
0.0009788504664502182 0.02601982756361186 0.0 0.0 0.0 1.0
0.0010231533819859222 0.026923623766393217 0.0 0.0 0.0 1.0
0.001015222019901785 0.02795225274581568 0.0 0.0 0.0 1.0
0.0009407142685335324 0.029146620118493755 0.0 0.0 0.0 1.0
0.0010470089521866712 0.030149880532643076 0.0 0.0 0.0 1.0
0.0010319402592421415 0.03089195695150694 0.0 0.0 0.0 1.0
0.0009169232352711404 0.03194057817355386 0.0 0.0 0.0 1.0
0.0010138883061227301 0.03312048502300221 0.0 0.0 0.0 1.0
0.0010938761009323557 0.033988864500652236 0.0 0.0 0.0 1.0
0.000935176648649904 0.035129505116026215 0.0 0.0 0.0 1.0
0.0010729076990444587 0.036081709068477213 0.0 0.0 0.0 1.0
0.00110846249043034 0.03692363772314067 0.0 0.0 0.0 1.0
0.0009613814714519195 0.03786619628270349 0.0 0.0 0.0 1.0
0.001022923722909962 0.039027790029970144 0.0 0.0 0.0 1.0
0.001039126313536576 0.03990651100969145 0.0 0.0 0.0 1.0
0.0010612442818958986 0.04100045811694859 0.0 0.0 0.0 1.0
0.0009330113395467169 0.041855538975289264 0.0 0.0 0.0 1.0
0.0010656653837214452 0.04304982582954574 0.0 0.0 0.0 1.0
0.001078849816500367 0.04413459142392489 0.0 0.0 0.0 1.0
0.000988502153231589 0.044885537413278755 0.0 0.0 0.0 1.0
0.0010479895189215089 0.04595829410896735 0.0 0.0 0.0 1.0
0.000907598867354474 0.04690872584483079 0.0 0.0 0.0 1.0
0.0010478816579966176 0.048131330519539946 0.0 0.0 0.0 1.0
0.0010186876740346995 0.0490331807131466 0.0 0.0 0.0 1.0
0.0008869154212128643 0.049850207177406514 0.0 0.0 0.0 1.0
0.00101042928298035 0.05087742965780165 0.0 0.0 0.0 1.0
0.0010567318847281941 0.051890249478045034 0.0 0.0 0.0 1.0
0.0010378650500414788 0.0529402435682987 0.0 0.0 0.0 1.0
0.0011492297293344345 0.05406541295222906 0.0 0.0 0.0 1.0
0.0011243662340903117 0.054946870601388066 0.0 0.0 0.0 1.0
0.0010386043061778834 0.0560956441055507 0.0 0.0 0.0 1.0
0.0011111899255300361 0.05709515375829124 0.0 0.0 0.0 1.0
0.0010031398495717278 0.058007022893806014 0.0 0.0 0.0 1.0
0.0009389041429944821 0.0590715842582242 0.0 0.0 0.0 1.0
0.0010601533225155703 0.05989496301725604 0.0 0.0 0.0 1.0
0.001130899646792584 0.061048496558673934 0.0 0.0 0.0 1.0
0.0010377744085493074 0.06193338859647313 0.0 0.0 0.0 1.0
0.0009589117215907308 0.06313898369868023 0.0 0.0 0.0 1.0
0.0010398378210716883 0.06400279217322036 0.0 0.0 0.0 1.0
0.0008990800983064175 0.06491651362537161 0.0 0.0 0.0 1.0
0.0010815792404032215 0.06589805848097124 0.0 0.0 0.0 1.0
0.0010988872908714112 0.06705608983211875 0.0 0.0 0.0 1.0
0.0008560833843589097 0.06813121232874798 0.0 0.0 0.0 1.0
0.0009725111241012014 0.06900790389927232 0.0 0.0 0.0 1.0
0.0009114843223757853 0.0700051363069379 0.0 0.0 0.0 1.0
0.0010540355266919585 0.07092283619263667 0.0 0.0 0.0 1.0
0.0009454194796419358 0.07200770531117354 0.0 0.0 0.0 1.0
0.0011354515410719195 0.07307229629680487 0.0 0.0 0.0 1.0
0.001019244578661711 0.07391494123343512 0.0 0.0 0.0 1.0
0.0009574918637229149 0.07497496392587616 0.0 0.0 0.0 1.0
0.0011072156216760344 0.07607191365984405 0.0 0.0 0.0 1.0
0.0011340461400786146 0.07700533117372806 0.0 0.0 0.0 1.0
0.0009536204396287529 0.07788776094751246 0.0 0.0 0.0 1.0
0.0010167404095899333 0.07888109988033151 0.0 0.0 0.0 1.0
0.0009620040367813296 0.07999469422651845 0.0 0.0 0.0 1.0
0.001079611521143123 0.08092072809799412 0.0 0.0 0.0 1.0
0.0010860657399348358 0.0820025936309886 0.0 0.0 0.0 1.0
0.0010830133956051839 0.08311776059848124 0.0 0.0 0.0 1.0
0.0009850646845659375 0.08403476356116397 0.0 0.0 0.0 1.0
0.0009189316501918919 0.08500763640474444 0.0 0.0 0.0 1.0
0.0011082618830744934 0.08608268862233483 0.0 0.0 0.0 1.0
0.0010580636033295247 0.08707884652842432 0.0 0.0 0.0 1.0
0.0008966044262610636 0.0878793532076836 0.0 0.0 0.0 1.0
0.0010334082345534112 0.08885683620199956 0.0 0.0 0.0 1.0
0.0010705665723443206 0.0899011911863699 0.0 0.0 0.0 1.0
0.001074855203041949 0.09087215123679747 0.0 0.0 0.0 1.0
0.0009014447196617378 0.09211086690816676 0.0 0.0 0.0 1.0
0.0009350645683933818 0.09296937195877743 0.0 0.0 0.0 1.0
0.0011223101457903935 0.09401949985923284 0.0 0.0 0.0 1.0
0.0010661833438034948 0.09491444823083472 0.0 0.0 0.0 1.0
0.0011253342265951634 0.09602619748028499 0.0 0.0 0.0 1.0
0.0011442155677568499 0.09701326086137134 0.0 0.0 0.0 1.0
0.0011047542785793075 0.09803875086287513 0.0 0.0 0.0 1.0
0.0008718302133164463 0.09907619242544921 0.0 0.0 0.0 1.0
0.0018826937856395928 -5.4228571707004346e-5 0.0 0.0 0.0 1.0
0.002107834583156261 0.0010107262359473498 0.0 0.0 0.0 1.0
0.0021493081581671573 0.00206817633224503 0.0 0.0 0.0 1.0
0.001999778714011385 0.00292138513546549 0.0 0.0 0.0 1.0
0.0020333618111178764 0.004087946184065248 0.0 0.0 0.0 1.0
0.0020700630271926744 0.005052984134216125 0.0 0.0 0.0 1.0
0.001883277150745648 0.006144377514660393 0.0 0.0 0.0 1.0
0.00195831395747308 0.007124003047073747 0.0 0.0 0.0 1.0
0.0018788577705483598 0.008064181158402614 0.0 0.0 0.0 1.0
0.0021494063376956587 0.0090578561406775 0.0 0.0 0.0 1.0
0.00201992481276326 0.009982969629116382 0.0 0.0 0.0 1.0
0.002039492142371335 0.01086936284039453 0.0 0.0 0.0 1.0
0.002081766280451287 0.012128876065512297 0.0 0.0 0.0 1.0
0.001967162232654103 0.012974210597901173 0.0 0.0 0.0 1.0
0.001964281732300011 0.014117447615723316 0.0 0.0 0.0 1.0
0.0021271706262700613 0.015038164029742418 0.0 0.0 0.0 1.0
0.00196124720884727 0.015867834864625948 0.0 0.0 0.0 1.0
0.0020499890469286076 0.01702223299671699 0.0 0.0 0.0 1.0
0.0019348418045303096 0.01813391284673261 0.0 0.0 0.0 1.0
0.0020547654716995653 0.019001439084725222 0.0 0.0 0.0 1.0
0.001981591345782917 0.02008234233127215 0.0 0.0 0.0 1.0
0.001960605700321261 0.02089164476361987 0.0 0.0 0.0 1.0
0.001957590365938386 0.021913748429444126 0.0 0.0 0.0 1.0
0.001972922082100485 0.022914966242831535 0.0 0.0 0.0 1.0
0.001985091119303465 0.023887749773573937 0.0 0.0 0.0 1.0
0.002027883128387624 0.02509874693153018 0.0 0.0 0.0 1.0
0.0020196046039572366 0.026043562220505332 0.0 0.0 0.0 1.0
0.0019360296338444688 0.026997734491406942 0.0 0.0 0.0 1.0
0.0019268050338370193 0.028061899383912736 0.0 0.0 0.0 1.0
0.002145754482639585 0.02910117210082679 0.0 0.0 0.0 1.0
0.0021178811598074336 0.02988508509088254 0.0 0.0 0.0 1.0
0.0020631813922591846 0.03104721385788367 0.0 0.0 0.0 1.0
0.0020522751601733946 0.03213729883256859 0.0 0.0 0.0 1.0
0.001962097898033482 0.03300471242422116 0.0 0.0 0.0 1.0
0.0019461559510369983 0.034100114698064815 0.0 0.0 0.0 1.0
0.001987152836259806 0.034998400348604845 0.0 0.0 0.0 1.0
0.0021426928768394473 0.03611249565946299 0.0 0.0 0.0 1.0
0.0018523192638518278 0.0370596187768899 0.0 0.0 0.0 1.0
0.00206254894780615 0.03799190730377137 0.0 0.0 0.0 1.0
0.0020406290032877698 0.039145972071387855 0.0 0.0 0.0 1.0
0.001861757974094053 0.03986994313401956 0.0 0.0 0.0 1.0
0.0019963171827231557 0.040912127709153714 0.0 0.0 0.0 1.0
0.0018695835336154556 0.04188756054486065 0.0 0.0 0.0 1.0
0.002118290137472341 0.043023231927124775 0.0 0.0 0.0 1.0
0.0019620653201485546 0.0439986104691444 0.0 0.0 0.0 1.0
0.0020278178714871592 0.045077298353733766 0.0 0.0 0.0 1.0
0.0020163150355156797 0.045888907012875346 0.0 0.0 0.0 1.0
0.002080776946782049 0.04686300555487252 0.0 0.0 0.0 1.0
0.0021339356782961393 0.04800941002750208 0.0 0.0 0.0 1.0
0.002060621018803115 0.04898387368701343 0.0 0.0 0.0 1.0
0.0019665252817305775 0.05001377320003965 0.0 0.0 0.0 1.0
0.002030184219968133 0.05101114625748322 0.0 0.0 0.0 1.0
0.0019018120332778624 0.052116836225996326 0.0 0.0 0.0 1.0
0.0020513533135993705 0.05298663084666141 0.0 0.0 0.0 1.0
0.0019868870292075462 0.05404166762810993 0.0 0.0 0.0 1.0
0.002020823363471434 0.05487866379224904 0.0 0.0 0.0 1.0
0.001938461383704129 0.056009973186941175 0.0 0.0 0.0 1.0
0.0019623011566081245 0.05693360322764116 0.0 0.0 0.0 1.0
0.0019754143539355514 0.058043414877743844 0.0 0.0 0.0 1.0
0.0018628011444647172 0.059115759378991314 0.0 0.0 0.0 1.0
0.001968176890004482 0.06010658147033989 0.0 0.0 0.0 1.0
0.0021224532480918603 0.06089234252315121 0.0 0.0 0.0 1.0
0.002002096218017704 0.06188883419374553 0.0 0.0 0.0 1.0
0.0018530090167606917 0.06312304050721616 0.0 0.0 0.0 1.0
0.0020174559971449105 0.06395965699649539 0.0 0.0 0.0 1.0
0.0020839482950924674 0.0651226391581828 0.0 0.0 0.0 1.0
0.002074728823303845 0.06610952709532925 0.0 0.0 0.0 1.0
0.002065034703552143 0.06688991587780088 0.0 0.0 0.0 1.0
0.002007709121646132 0.06794424427653312 0.0 0.0 0.0 1.0
0.002110555447196656 0.06886503878764488 0.0 0.0 0.0 1.0
0.0018898469573271073 0.07000040116968392 0.0 0.0 0.0 1.0
0.0019716598583149627 0.07085841073701259 0.0 0.0 0.0 1.0
0.0019721924216287304 0.07201771976624406 0.0 0.0 0.0 1.0
0.0018650616370898124 0.07291096536407446 0.0 0.0 0.0 1.0
0.0019647912416838045 0.07394587730456002 0.0 0.0 0.0 1.0
0.001961224913707651 0.07513594149645374 0.0 0.0 0.0 1.0
0.0020515972658204603 0.07603648088276402 0.0 0.0 0.0 1.0
0.002030377078193902 0.07714277593633777 0.0 0.0 0.0 1.0
0.0019161479853954182 0.07799445757835803 0.0 0.0 0.0 1.0
0.0021226640218534073 0.07903212892473167 0.0 0.0 0.0 1.0
0.0021304561139194925 0.0801299257608692 0.0 0.0 0.0 1.0
0.002002457643597221 0.08099738284513265 0.0 0.0 0.0 1.0
0.0019314011940395571 0.08203809096236968 0.0 0.0 0.0 1.0
0.0019741779165125704 0.08292465967429927 0.0 0.0 0.0 1.0
0.0018992579507183251 0.08385242183319803 0.0 0.0 0.0 1.0
0.0019552222462887944 0.08509424322560032 0.0 0.0 0.0 1.0
0.002081495029647301 0.08605228031542099 0.0 0.0 0.0 1.0
0.0019529144771565695 0.08703075464173095 0.0 0.0 0.0 1.0
0.0020763071684129796 0.08788752850743276 0.0 0.0 0.0 1.0
0.0019946495056670094 0.08902969507470045 0.0 0.0 0.0 1.0
0.0018869080052686474 0.08990440444611508 0.0 0.0 0.0 1.0
0.0019027967623847534 0.09102531120442564 0.0 0.0 0.0 1.0
0.0021271790326322713 0.09211194067965854 0.0 0.0 0.0 1.0
0.002127855422052939 0.09285474040155658 0.0 0.0 0.0 1.0
0.0019910639224765326 0.09413812708339842 0.0 0.0 0.0 1.0
0.002132001602497528 0.09508194513322425 0.0 0.0 0.0 1.0
0.0018686010997549399 0.09592866037581986 0.0 0.0 0.0 1.0
0.0018931544810557338 0.096943806113839 0.0 0.0 0.0 1.0
0.0018651282227090291 0.09796176744581223 0.0 0.0 0.0 1.0
0.0021046780348956406 0.09914461087521023 0.0 0.0 0.0 1.0
0.0030198682583680355 0.0001236436757644999 0.0 0.0 0.0 1.0
0.003014787799561184 0.0011174354506962492 0.0 0.0 0.0 1.0
0.0030578090987323746 0.0019443771660602079 0.0 0.0 0.0 1.0
0.002897306168621815 0.0028780104569576808 0.0 0.0 0.0 1.0
0.002957040387997977 0.004108255180890336 0.0 0.0 0.0 1.0
0.0029739628172306245 0.004920909271892019 0.0 0.0 0.0 1.0
0.0031026828328312695 0.006140405353207086 0.0 0.0 0.0 1.0
0.003089991222059102 0.006912996637516658 0.0 0.0 0.0 1.0
0.0029939904459159077 0.008096966078293978 0.0 0.0 0.0 1.0
0.003125913867539251 0.009000897439074016 0.0 0.0 0.0 1.0
0.0030912255043012483 0.009856266392211745 0.0 0.0 0.0 1.0
0.0030395420053606894 0.011138587256703313 0.0 0.0 0.0 1.0
0.002928552671946596 0.011964876451071211 0.0 0.0 0.0 1.0
0.002856018630356892 0.01307165737645009 0.0 0.0 0.0 1.0
0.003052467565893469 0.014123004077729599 0.0 0.0 0.0 1.0
0.0030287961086256196 0.014855703922226909 0.0 0.0 0.0 1.0
0.0031022173985434743 0.015896343530866924 0.0 0.0 0.0 1.0
0.0029934117894535464 0.01694064404636441 0.0 0.0 0.0 1.0
0.0029473584482458738 0.017939854982036072 0.0 0.0 0.0 1.0
0.0030444458949706855 0.018875975301449233 0.0 0.0 0.0 1.0
0.003038117375722918 0.020148385558458038 0.0 0.0 0.0 1.0
0.0030053554003574754 0.02101688564659114 0.0 0.0 0.0 1.0
0.0031373683109283566 0.02187476431054927 0.0 0.0 0.0 1.0
0.002982977711329123 0.022938319274148144 0.0 0.0 0.0 1.0
0.0031278247458467823 0.02398597189997875 0.0 0.0 0.0 1.0
0.0029464538439863868 0.025062084730806483 0.0 0.0 0.0 1.0
0.002995940758896519 0.025989314864028588 0.0 0.0 0.0 1.0
0.0031417064808175045 0.02691530668695995 0.0 0.0 0.0 1.0
0.003120890855511442 0.027930823619777802 0.0 0.0 0.0 1.0
0.0031131976848876213 0.02904305974233142 0.0 0.0 0.0 1.0
0.003010992062556986 0.030029488397831924 0.0 0.0 0.0 1.0
0.0029824120361470223 0.030960891043094102 0.0 0.0 0.0 1.0
0.0029757514008811187 0.032049559663985525 0.0 0.0 0.0 1.0
0.002909736017846813 0.033039143500586926 0.0 0.0 0.0 1.0
0.003079545974844695 0.03407725511778364 0.0 0.0 0.0 1.0
0.0030550475505833332 0.03495612914635852 0.0 0.0 0.0 1.0
0.0031012632583910134 0.03604528041539823 0.0 0.0 0.0 1.0
0.003077111747306019 0.03698773772027181 0.0 0.0 0.0 1.0
0.0028815230970060707 0.037956737668976566 0.0 0.0 0.0 1.0
0.002933894151661733 0.03893789528056019 0.0 0.0 0.0 1.0
0.003013410458806183 0.04012517773838006 0.0 0.0 0.0 1.0
0.0028517661372049557 0.04108668066971635 0.0 0.0 0.0 1.0
0.0030928562553589004 0.04192871262975023 0.0 0.0 0.0 1.0
0.0029256540988385235 0.04293018311713519 0.0 0.0 0.0 1.0
0.0031465870533507303 0.0440373839036255 0.0 0.0 0.0 1.0
0.003148307368175305 0.04488517012608871 0.0 0.0 0.0 1.0
0.002954725675080062 0.04610439610635611 0.0 0.0 0.0 1.0
0.0030796228613066178 0.04702081210871628 0.0 0.0 0.0 1.0
0.0029876308312613248 0.048137987724462226 0.0 0.0 0.0 1.0
0.00308500666032137 0.04886966818647467 0.0 0.0 0.0 1.0
0.003112376557732271 0.04985451792350659 0.0 0.0 0.0 1.0
0.003120527415674033 0.051022669630620986 0.0 0.0 0.0 1.0
0.002953275854779587 0.052086133203479226 0.0 0.0 0.0 1.0
0.002977393206248049 0.0530845734609517 0.0 0.0 0.0 1.0
0.003059491344230298 0.054002990707187656 0.0 0.0 0.0 1.0
0.003096090187255776 0.054976641196949186 0.0 0.0 0.0 1.0
0.002921037909195913 0.056002576872908785 0.0 0.0 0.0 1.0
0.002868593868755922 0.05697563551647544 0.0 0.0 0.0 1.0
0.00303034967996682 0.058056772771640563 0.0 0.0 0.0 1.0
0.003104975369995711 0.05900137743118643 0.0 0.0 0.0 1.0
0.0030211559763906617 0.059979266648752756 0.0 0.0 0.0 1.0
0.003098417361696284 0.061079160100170025 0.0 0.0 0.0 1.0
0.002948621191274033 0.062001701468966476 0.0 0.0 0.0 1.0
0.003147518900583357 0.06299711996527683 0.0 0.0 0.0 1.0
0.003015011086412791 0.0639272955158544 0.0 0.0 0.0 1.0
0.003063109258571596 0.06514554283614367 0.0 0.0 0.0 1.0
0.00312174739792379 0.06600703154092467 0.0 0.0 0.0 1.0
0.002865604695634482 0.067052079190316 0.0 0.0 0.0 1.0
0.003068190441694565 0.06791061820195779 0.0 0.0 0.0 1.0
0.002990415967266989 0.06886021982749743 0.0 0.0 0.0 1.0
0.0029825607443696727 0.07008676094430971 0.0 0.0 0.0 1.0
0.0029434453516831768 0.07089328117268896 0.0 0.0 0.0 1.0
0.0030572456883542682 0.07214256366631704 0.0 0.0 0.0 1.0
0.0031243935817203135 0.07292543170150789 0.0 0.0 0.0 1.0
0.0029452310864026845 0.07406721021925287 0.0 0.0 0.0 1.0
0.0030913642210752246 0.07495483489165693 0.0 0.0 0.0 1.0
0.0030931270987709252 0.07591853463999632 0.0 0.0 0.0 1.0
0.0030686998790751883 0.07685963725058215 0.0 0.0 0.0 1.0
0.002959255392096399 0.0778600432148056 0.0 0.0 0.0 1.0
0.003138343750647236 0.07900261376354219 0.0 0.0 0.0 1.0
0.0030974105018625455 0.08012641044587257 0.0 0.0 0.0 1.0
0.003101488071463209 0.08099143823127039 0.0 0.0 0.0 1.0
0.00303667451296677 0.08192142972224288 0.0 0.0 0.0 1.0
0.003004277164612997 0.08287214918618373 0.0 0.0 0.0 1.0
0.003024157010886714 0.08410340406491644 0.0 0.0 0.0 1.0
0.003009862324646322 0.0850865053015875 0.0 0.0 0.0 1.0
0.0030105378482194415 0.08612148808335195 0.0 0.0 0.0 1.0
0.003044486579095246 0.08686624633496107 0.0 0.0 0.0 1.0
0.0029672736158216644 0.08791365699615764 0.0 0.0 0.0 1.0
0.002898893584080386 0.08913688573962934 0.0 0.0 0.0 1.0
0.0029050265931611845 0.08994383299353224 0.0 0.0 0.0 1.0
0.0029601183088683986 0.09090661875785229 0.0 0.0 0.0 1.0
0.0028895481176015405 0.09191542993381256 0.0 0.0 0.0 1.0
0.0029006830291118026 0.09299144860745198 0.0 0.0 0.0 1.0
0.003037986161269031 0.09400465424693916 0.0 0.0 0.0 1.0
0.003053495868657845 0.09488447487365045 0.0 0.0 0.0 1.0
0.00307235723272094 0.09600181704074799 0.0 0.0 0.0 1.0
0.0028734163495292998 0.09685465580561285 0.0 0.0 0.0 1.0
0.003000077717771146 0.09794961996938796 0.0 0.0 0.0 1.0
0.00286322604517302 0.09890181569955526 0.0 0.0 0.0 1.0
0.004145972760584168 -0.0001488733059802829 0.0 0.0 0.0 1.0
0.004004946133133384 0.0009896215441554848 0.0 0.0 0.0 1.0
0.003864581718760588 0.001858727089771528 0.0 0.0 0.0 1.0
0.004057885894510625 0.0029794271703869556 0.0 0.0 0.0 1.0
0.0039540605820570585 0.003998981139431814 0.0 0.0 0.0 1.0
0.003980644845717085 0.005143334204207153 0.0 0.0 0.0 1.0
0.0039862626528689125 0.006147134720857178 0.0 0.0 0.0 1.0
0.003910931721340936 0.0069143729415265505 0.0 0.0 0.0 1.0
0.004121847441464283 0.007954556322103878 0.0 0.0 0.0 1.0
0.00410492110731274 0.009047675034810986 0.0 0.0 0.0 1.0
0.003945343779185331 0.009924686789086147 0.0 0.0 0.0 1.0
0.003930654121157402 0.010998293477747634 0.0 0.0 0.0 1.0
0.00408030359514358 0.012048282010517596 0.0 0.0 0.0 1.0
0.003996434809217825 0.012924884546649853 0.0 0.0 0.0 1.0
0.003922609247437819 0.013946778441835977 0.0 0.0 0.0 1.0
0.004066207787128372 0.014888925422578934 0.0 0.0 0.0 1.0
0.0038620330732544775 0.01589166031279497 0.0 0.0 0.0 1.0
0.004011854065066058 0.01708104367576242 0.0 0.0 0.0 1.0
0.004040308743295232 0.018019123017036977 0.0 0.0 0.0 1.0
0.003998474585359567 0.01892672580846673 0.0 0.0 0.0 1.0
0.003945578751126536 0.01997365724056172 0.0 0.0 0.0 1.0
0.003932367741306419 0.021105643864447014 0.0 0.0 0.0 1.0
0.004059120252788341 0.021892960406012726 0.0 0.0 0.0 1.0
0.0038598503465297656 0.0231276187849197 0.0 0.0 0.0 1.0
0.004124013032365937 0.023856509762555312 0.0 0.0 0.0 1.0
0.004052329555325579 0.024997670147533367 0.0 0.0 0.0 1.0
0.004069797259070531 0.02588798508090264 0.0 0.0 0.0 1.0
0.00401834957184474 0.027075566941396224 0.0 0.0 0.0 1.0
0.004107099549763547 0.02788604095077436 0.0 0.0 0.0 1.0
0.003920336939845029 0.029000908734102996 0.0 0.0 0.0 1.0
0.004135375042620669 0.030025871129122167 0.0 0.0 0.0 1.0
0.004024732402935222 0.031147570270950276 0.0 0.0 0.0 1.0
0.00405936826622088 0.032085594457342964 0.0 0.0 0.0 1.0
0.004059743752967471 0.033065954471341384 0.0 0.0 0.0 1.0
0.0038763031580977244 0.03410202331049532 0.0 0.0 0.0 1.0
0.003998353012948739 0.03507428115832538 0.0 0.0 0.0 1.0
0.004135982676135155 0.03610470441450637 0.0 0.0 0.0 1.0
0.0038530262926171417 0.03696946841282073 0.0 0.0 0.0 1.0
0.0039900963173270165 0.03812814465459245 0.0 0.0 0.0 1.0
0.004018465478378014 0.03910556322431222 0.0 0.0 0.0 1.0
0.004006061760760802 0.040104511497745465 0.0 0.0 0.0 1.0
0.004083522524118761 0.04104158526803916 0.0 0.0 0.0 1.0
0.003889892053516638 0.042074816198586655 0.0 0.0 0.0 1.0
0.0040619491801743 0.04308432754046932 0.0 0.0 0.0 1.0
0.0041153711524845715 0.04400170810183123 0.0 0.0 0.0 1.0
0.00393937907451861 0.04500008875804528 0.0 0.0 0.0 1.0
0.003891214740838188 0.0460603913683415 0.0 0.0 0.0 1.0
0.004010673411535938 0.046903635778097294 0.0 0.0 0.0 1.0
0.0040694933411929545 0.04814278603427681 0.0 0.0 0.0 1.0
0.004002840989767674 0.04898183278075306 0.0 0.0 0.0 1.0
0.0040492738827075745 0.050003149945190305 0.0 0.0 0.0 1.0
0.004102909626127831 0.05087997996877831 0.0 0.0 0.0 1.0
0.004110689855540052 0.05187725241058372 0.0 0.0 0.0 1.0
0.004050417413818021 0.05309574373364313 0.0 0.0 0.0 1.0
0.003888285625388382 0.05401195509771139 0.0 0.0 0.0 1.0
0.003969912236436579 0.05514787589407662 0.0 0.0 0.0 1.0
0.0040667166245483355 0.05603517695111835 0.0 0.0 0.0 1.0
0.00396382333066699 0.056903122819511334 0.0 0.0 0.0 1.0
0.0041380389173507415 0.05805605557740793 0.0 0.0 0.0 1.0
0.00391286833961142 0.05887108410575143 0.0 0.0 0.0 1.0
0.00408181849447715 0.05993177586388288 0.0 0.0 0.0 1.0
0.004014583390398568 0.06088770256322712 0.0 0.0 0.0 1.0
0.004030438677250784 0.06186892650110703 0.0 0.0 0.0 1.0
0.0041402077124544885 0.06292596763561077 0.0 0.0 0.0 1.0
0.003859419810885874 0.06393506708181376 0.0 0.0 0.0 1.0
0.003866290878745194 0.06487408883617517 0.0 0.0 0.0 1.0
0.0039577009458397405 0.06591867428899406 0.0 0.0 0.0 1.0
0.00402994079352974 0.06697152379261109 0.0 0.0 0.0 1.0
0.003991496099985141 0.0679024926834142 0.0 0.0 0.0 1.0
0.0040408034559315156 0.06899139822204262 0.0 0.0 0.0 1.0
0.0040438672956087576 0.06987745251800838 0.0 0.0 0.0 1.0
0.004002352011117107 0.0710305508622026 0.0 0.0 0.0 1.0
0.004089568674503601 0.07199934778451764 0.0 0.0 0.0 1.0
0.004124603243654718 0.07289365613510565 0.0 0.0 0.0 1.0
0.0039167883235841985 0.07412092168283427 0.0 0.0 0.0 1.0
0.003889921364671799 0.0751199223136259 0.0 0.0 0.0 1.0
0.003972683776337869 0.07595835482509257 0.0 0.0 0.0 1.0
0.003972769267141777 0.07701888095512546 0.0 0.0 0.0 1.0
0.004117455492019138 0.07805755269875639 0.0 0.0 0.0 1.0
0.003903450309843676 0.07912702528440199 0.0 0.0 0.0 1.0
0.003935872222908097 0.08010195678949188 0.0 0.0 0.0 1.0
0.0038743333053365687 0.08085762513759541 0.0 0.0 0.0 1.0
0.003867336153951628 0.08201806448659733 0.0 0.0 0.0 1.0
0.004055221366406486 0.08292416167921499 0.0 0.0 0.0 1.0
0.003904250912050432 0.08395702639150107 0.0 0.0 0.0 1.0
0.004083994032555624 0.08501942016333161 0.0 0.0 0.0 1.0
0.003873214816652809 0.08614183914434922 0.0 0.0 0.0 1.0
0.004068446731062414 0.08689416460679648 0.0 0.0 0.0 1.0
0.004002688748398136 0.0880744594164563 0.0 0.0 0.0 1.0
0.003957191143685093 0.08913775816648954 0.0 0.0 0.0 1.0
0.0038965021478092237 0.08991496847854002 0.0 0.0 0.0 1.0
0.0040048056746619124 0.0908791537885646 0.0 0.0 0.0 1.0
0.00387889047857937 0.09208552572044945 0.0 0.0 0.0 1.0
0.003880092359342816 0.09290032154790852 0.0 0.0 0.0 1.0
0.004053692555200561 0.09399149755651105 0.0 0.0 0.0 1.0
0.0038751000770993636 0.09491191776777985 0.0 0.0 0.0 1.0
0.003953853121676833 0.09602749089745632 0.0 0.0 0.0 1.0
0.00397887147513852 0.0971449393375379 0.0 0.0 0.0 1.0
0.004130226103160054 0.09813803773261888 0.0 0.0 0.0 1.0
0.003960431773586656 0.09907959822786143 0.0 0.0 0.0 1.0
0.0048618835567208925 -8.123092207591965e-5 0.0 0.0 0.0 1.0
0.004980815373266703 0.0011096985557318515 0.0 0.0 0.0 1.0
0.005086369391966261 0.001963121119695379 0.0 0.0 0.0 1.0
0.004929576072786945 0.0029674076822421088 0.0 0.0 0.0 1.0
0.00493948566738251 0.004100129414228726 0.0 0.0 0.0 1.0
0.005126891435552134 0.005133855914227477 0.0 0.0 0.0 1.0
0.004974778049396204 0.005959333554478498 0.0 0.0 0.0 1.0
0.0051085299595384276 0.007020416988575894 0.0 0.0 0.0 1.0
0.004909945539783676 0.007985690782516939 0.0 0.0 0.0 1.0
0.005011258911934164 0.00896934972094114 0.0 0.0 0.0 1.0
0.004918044842966664 0.009852621361832086 0.0 0.0 0.0 1.0
0.005001745408948593 0.010939996290339224 0.0 0.0 0.0 1.0
0.004995816440508094 0.011949676407491429 0.0 0.0 0.0 1.0
0.005107354909649117 0.013087882195929856 0.0 0.0 0.0 1.0
0.005106202703376131 0.013956752466392247 0.0 0.0 0.0 1.0
0.005100365099732621 0.014859760863317707 0.0 0.0 0.0 1.0
0.004895745756350935 0.015899807852932026 0.0 0.0 0.0 1.0
0.005094469854258819 0.017096102055783578 0.0 0.0 0.0 1.0
0.005076192842365596 0.01788243566382373 0.0 0.0 0.0 1.0
0.005041269261610256 0.018857021404715305 0.0 0.0 0.0 1.0
0.004919158581385191 0.01995674652395506 0.0 0.0 0.0 1.0
0.00507926031275014 0.02094124906815804 0.0 0.0 0.0 1.0
0.0051298568346420095 0.021854197653015692 0.0 0.0 0.0 1.0
0.005060199387734061 0.022985830543767842 0.0 0.0 0.0 1.0
0.005129440418908339 0.024078465304675136 0.0 0.0 0.0 1.0
0.00497953691582731 0.024938722720872435 0.0 0.0 0.0 1.0
0.005025818483754969 0.025952803003432785 0.0 0.0 0.0 1.0
0.004990366345504762 0.02710469500117382 0.0 0.0 0.0 1.0
0.005041534682061938 0.027856342038293715 0.0 0.0 0.0 1.0
0.00514606818363584 0.029029116786580253 0.0 0.0 0.0 1.0
0.005101149388458914 0.029890192243286706 0.0 0.0 0.0 1.0
0.004994786126549761 0.03109236138838059 0.0 0.0 0.0 1.0
0.004962592741186957 0.03209040912954481 0.0 0.0 0.0 1.0
0.00502014435563596 0.03303621497907048 0.0 0.0 0.0 1.0
0.0049496140765566896 0.033917918641591646 0.0 0.0 0.0 1.0
0.005140807748555845 0.03486693581364511 0.0 0.0 0.0 1.0
0.0049905061861668 0.03602869544898997 0.0 0.0 0.0 1.0
0.004857264199120695 0.036986596587834264 0.0 0.0 0.0 1.0
0.004947945545979421 0.03813298160853367 0.0 0.0 0.0 1.0
0.005026476462758423 0.03910147466523463 0.0 0.0 0.0 1.0
0.004947600391395981 0.04009882046431556 0.0 0.0 0.0 1.0
0.0049762965492324805 0.04093497966844899 0.0 0.0 0.0 1.0
0.005079848109734862 0.04208752653197755 0.0 0.0 0.0 1.0
0.005015724831250664 0.043117137530386984 0.0 0.0 0.0 1.0
0.005041582948827463 0.04400779689479458 0.0 0.0 0.0 1.0
0.0048982812036699715 0.04501425607353678 0.0 0.0 0.0 1.0
0.004888624203067742 0.04588775466994021 0.0 0.0 0.0 1.0
0.004859380155147617 0.04694971925371036 0.0 0.0 0.0 1.0
0.004859657881611742 0.04794605847988076 0.0 0.0 0.0 1.0
0.004999983573585772 0.049147495639673584 0.0 0.0 0.0 1.0
0.00491054801534767 0.05007509082267401 0.0 0.0 0.0 1.0
0.004931622866040703 0.05102943359263477 0.0 0.0 0.0 1.0
0.005057672129577196 0.051984820253824594 0.0 0.0 0.0 1.0
0.004914666561612462 0.05289420764402119 0.0 0.0 0.0 1.0
0.005101266069028238 0.05398805470070546 0.0 0.0 0.0 1.0
0.00505679817929325 0.055018721593193626 0.0 0.0 0.0 1.0
0.005147164176265728 0.055919723361264245 0.0 0.0 0.0 1.0
0.004879450212365495 0.05686413125514219 0.0 0.0 0.0 1.0
0.0050883948946617245 0.05794782078219213 0.0 0.0 0.0 1.0
0.005005569818134187 0.059020475119454054 0.0 0.0 0.0 1.0
0.004892488774791797 0.05995705387524058 0.0 0.0 0.0 1.0
0.004912722958556596 0.061086313443995566 0.0 0.0 0.0 1.0
0.005127711771648829 0.06205476485336152 0.0 0.0 0.0 1.0
0.005082876038406164 0.06293325291465957 0.0 0.0 0.0 1.0
0.004977030058571797 0.06403699241058539 0.0 0.0 0.0 1.0
0.005000735947569228 0.06499140412545147 0.0 0.0 0.0 1.0
0.005046300284783812 0.06604832040194336 0.0 0.0 0.0 1.0
0.004871117433871135 0.06694387375835666 0.0 0.0 0.0 1.0
0.005032851517006713 0.06799366776579165 0.0 0.0 0.0 1.0
0.005134001271025484 0.06908696579826085 0.0 0.0 0.0 1.0
0.004852333801351939 0.06987284682546012 0.0 0.0 0.0 1.0
0.005039458339695347 0.07111038476951961 0.0 0.0 0.0 1.0
0.0050695616908135325 0.07214984411011427 0.0 0.0 0.0 1.0
0.0049951301188642565 0.07296010392963674 0.0 0.0 0.0 1.0
0.004972289900526234 0.0739616755824511 0.0 0.0 0.0 1.0
0.005127142302168082 0.07510564381761957 0.0 0.0 0.0 1.0
0.005072463284152996 0.07591302487628966 0.0 0.0 0.0 1.0
0.005108149587766198 0.07707822881170857 0.0 0.0 0.0 1.0
0.004909007727865928 0.07792047035455302 0.0 0.0 0.0 1.0
0.0049340463257625256 0.0791101831935808 0.0 0.0 0.0 1.0
0.005122003392938838 0.0800544382938391 0.0 0.0 0.0 1.0
0.00513812498831102 0.08090354045822909 0.0 0.0 0.0 1.0
0.004975615354811707 0.08199487237613755 0.0 0.0 0.0 1.0
0.004981673928350526 0.08298707187975918 0.0 0.0 0.0 1.0
0.005050346611037566 0.08386986071194737 0.0 0.0 0.0 1.0
0.004940044219029085 0.08485534435406142 0.0 0.0 0.0 1.0
0.005007128305578982 0.08603027580465179 0.0 0.0 0.0 1.0
0.005072355036910252 0.08695416680402232 0.0 0.0 0.0 1.0
0.004864344002698611 0.08793788384072385 0.0 0.0 0.0 1.0
0.004875143853704425 0.08910948812020227 0.0 0.0 0.0 1.0
0.004908212916492935 0.09007252837861898 0.0 0.0 0.0 1.0
0.005076738185039087 0.09098963841838047 0.0 0.0 0.0 1.0
0.005104508589899985 0.09213049607857247 0.0 0.0 0.0 1.0
0.004994682240726395 0.09309422332936253 0.0 0.0 0.0 1.0
0.005042760831867844 0.09409552510650271 0.0 0.0 0.0 1.0
0.0049959572238360735 0.09514966885138612 0.0 0.0 0.0 1.0
0.004891414086201621 0.09586441638049384 0.0 0.0 0.0 1.0
0.004996505765986469 0.09708804364032991 0.0 0.0 0.0 1.0
0.004910979728325888 0.09808447947811406 0.0 0.0 0.0 1.0
0.004920791196692807 0.09895216467554198 0.0 0.0 0.0 1.0
0.006139836453886431 -6.5665914697081935e-6 0.0 0.0 0.0 1.0
0.006130369666244839 0.0010543806297671856 0.0 0.0 0.0 1.0
0.00589821941124474 0.0021297290731269887 0.0 0.0 0.0 1.0
0.006027245276026346 0.0029290218622720758 0.0 0.0 0.0 1.0
0.005994162105219866 0.003958643175354038 0.0 0.0 0.0 1.0
0.005972132850020548 0.005069723586293981 0.0 0.0 0.0 1.0
0.00592591634883685 0.005975236450150007 0.0 0.0 0.0 1.0
0.006022568230523466 0.006920445648461263 0.0 0.0 0.0 1.0
0.005987416549290654 0.007946169150222317 0.0 0.0 0.0 1.0
0.0060958440399931 0.009076156057383569 0.0 0.0 0.0 1.0
0.006132700574408803 0.010022425501737629 0.0 0.0 0.0 1.0
0.005989183675495103 0.011023489977320796 0.0 0.0 0.0 1.0
0.0061468055976008585 0.012041133197288868 0.0 0.0 0.0 1.0
0.00594121011404075 0.013125650053938148 0.0 0.0 0.0 1.0
0.005963769396139599 0.014033829383815519 0.0 0.0 0.0 1.0
0.006120710959374727 0.014864699241496467 0.0 0.0 0.0 1.0
0.006091513331877898 0.016062589133991688 0.0 0.0 0.0 1.0
0.005959448355514411 0.016948943344861554 0.0 0.0 0.0 1.0
0.006078311999364738 0.01807594944061577 0.0 0.0 0.0 1.0
0.006137444945802041 0.018855543641589433 0.0 0.0 0.0 1.0
0.006012368332250958 0.020052421673529077 0.0 0.0 0.0 1.0
0.005861689561887215 0.020955734762729716 0.0 0.0 0.0 1.0
0.00614331057396169 0.021885055535251642 0.0 0.0 0.0 1.0
0.006028627095080864 0.023112098351395535 0.0 0.0 0.0 1.0
0.006057527689873598 0.024017179366446567 0.0 0.0 0.0 1.0
0.005941528649747845 0.024993447629847964 0.0 0.0 0.0 1.0
0.005922648543598715 0.026098638906821233 0.0 0.0 0.0 1.0
0.005855931327988545 0.027120602221509412 0.0 0.0 0.0 1.0
0.0060825431219943705 0.02800641641949231 0.0 0.0 0.0 1.0
0.006073180047874099 0.028952846627458124 0.0 0.0 0.0 1.0
0.005851501742477833 0.029864050209466284 0.0 0.0 0.0 1.0
0.0059004577918794045 0.030884360591595345 0.0 0.0 0.0 1.0
0.0058562852807488705 0.031969977921523896 0.0 0.0 0.0 1.0
0.0058773303566265565 0.03311902110443014 0.0 0.0 0.0 1.0
0.006040051344391398 0.03390336902578765 0.0 0.0 0.0 1.0
0.0060553177188505 0.03502436814479241 0.0 0.0 0.0 1.0
0.006098093061520922 0.03594559613877151 0.0 0.0 0.0 1.0
0.0058735469328241785 0.03713860692416686 0.0 0.0 0.0 1.0
0.006032115666013415 0.03802713655859391 0.0 0.0 0.0 1.0
0.005865707610938575 0.038911764230959385 0.0 0.0 0.0 1.0
0.00596071336487925 0.039985567253645896 0.0 0.0 0.0 1.0
0.005937939796383032 0.0409307672576145 0.0 0.0 0.0 1.0
0.00599993823540675 0.041982011262764664 0.0 0.0 0.0 1.0
0.005928549238506375 0.04294794176696544 0.0 0.0 0.0 1.0
0.005951207481739939 0.04385658285140882 0.0 0.0 0.0 1.0
0.006101119532916174 0.04490321594184707 0.0 0.0 0.0 1.0
0.0060470440034744565 0.045969364073287576 0.0 0.0 0.0 1.0
0.00588226923457502 0.046857336226140155 0.0 0.0 0.0 1.0
0.005951315444039837 0.04793601302078499 0.0 0.0 0.0 1.0
0.006074686149570624 0.04903278446136678 0.0 0.0 0.0 1.0
0.005917053148147102 0.049901972172106734 0.0 0.0 0.0 1.0
0.005900903452816889 0.05099244422797969 0.0 0.0 0.0 1.0
0.005856522134407765 0.05193410917266251 0.0 0.0 0.0 1.0
0.005874314739383366 0.0529807049595989 0.0 0.0 0.0 1.0
0.005928238376270735 0.05403173456349779 0.0 0.0 0.0 1.0
0.0060426886287453085 0.05505336109957611 0.0 0.0 0.0 1.0
0.006054978203297086 0.05597833386612266 0.0 0.0 0.0 1.0
0.005858553229991066 0.0569215756301937 0.0 0.0 0.0 1.0
0.00612478817012798 0.05793952028558403 0.0 0.0 0.0 1.0
0.0061106157479819505 0.05889243637477891 0.0 0.0 0.0 1.0
0.006105378519544413 0.060010485034199944 0.0 0.0 0.0 1.0
0.005948726487696723 0.06086978698278523 0.0 0.0 0.0 1.0
0.005938287384309952 0.06207421445693206 0.0 0.0 0.0 1.0
0.0061121074814854065 0.06309224096788855 0.0 0.0 0.0 1.0
0.006116945279402299 0.06413459508681718 0.0 0.0 0.0 1.0
0.005932719944836261 0.06497609333367202 0.0 0.0 0.0 1.0
0.006129797110134536 0.06600801212930428 0.0 0.0 0.0 1.0
0.005989858842832526 0.06707536763350085 0.0 0.0 0.0 1.0
0.006131275401233253 0.06791934906503115 0.0 0.0 0.0 1.0
0.006038854769970984 0.06909300215635278 0.0 0.0 0.0 1.0
0.006003313448659896 0.07001135319660517 0.0 0.0 0.0 1.0
0.005907654103865002 0.07101916057833998 0.0 0.0 0.0 1.0
0.0059222611501697706 0.07209885081040028 0.0 0.0 0.0 1.0
0.005852017134606599 0.07306839230305212 0.0 0.0 0.0 1.0
0.006041755204492516 0.07400653266424351 0.0 0.0 0.0 1.0
0.006144990983344461 0.07514212122929549 0.0 0.0 0.0 1.0
0.0058781527020493295 0.07585714337799412 0.0 0.0 0.0 1.0
0.006018871148944006 0.0771387959400663 0.0 0.0 0.0 1.0
0.0058773181243809685 0.0780550586455139 0.0 0.0 0.0 1.0
0.0060566884136422855 0.07889176375883084 0.0 0.0 0.0 1.0
0.005872199170103085 0.0799366898826324 0.0 0.0 0.0 1.0
0.006092217913207121 0.08100278670953463 0.0 0.0 0.0 1.0
0.005915008467832381 0.08195594270372639 0.0 0.0 0.0 1.0
0.005934868302956204 0.0828877241376437 0.0 0.0 0.0 1.0
0.006143728380330978 0.08412033662476812 0.0 0.0 0.0 1.0
0.006074056266575832 0.0848535799042621 0.0 0.0 0.0 1.0
0.006135320131941982 0.08611543922640343 0.0 0.0 0.0 1.0
0.005932159019504808 0.08704772185271425 0.0 0.0 0.0 1.0
0.005866580862626216 0.08814120944477509 0.0 0.0 0.0 1.0
0.0059193777505810174 0.0889700717017682 0.0 0.0 0.0 1.0
0.005946010586891658 0.09009121465939036 0.0 0.0 0.0 1.0
0.006033259592074223 0.09092228192822832 0.0 0.0 0.0 1.0
0.006117551092179381 0.09185275434882113 0.0 0.0 0.0 1.0
0.006003401577513652 0.09285014847783807 0.0 0.0 0.0 1.0
0.005967996991228109 0.09385850972163186 0.0 0.0 0.0 1.0
0.005863982762695566 0.09488566519718539 0.0 0.0 0.0 1.0
0.005932148581670194 0.09591397203800299 0.0 0.0 0.0 1.0
0.00604791624477981 0.09711140088239768 0.0 0.0 0.0 1.0
0.005994211008956605 0.0979313665881355 0.0 0.0 0.0 1.0
0.0060320661715125515 0.09898857829181419 0.0 0.0 0.0 1.0
0.007046040877109678 -7.790804924310012e-6 0.0 0.0 0.0 1.0
0.006987927660113171 0.000893077660642615 0.0 0.0 0.0 1.0
0.007071722942321562 0.00198664703633818 0.0 0.0 0.0 1.0
0.007014274149755254 0.0029391587950834135 0.0 0.0 0.0 1.0
0.007008436160926056 0.0038592925111421805 0.0 0.0 0.0 1.0
0.006857211153527335 0.00494257943735126 0.0 0.0 0.0 1.0
0.007137502488890712 0.005959168408536088 0.0 0.0 0.0 1.0
0.0069942808225993 0.007083207481955466 0.0 0.0 0.0 1.0
0.007006957169168453 0.00791254392952264 0.0 0.0 0.0 1.0
0.007059739417752745 0.00910904341896105 0.0 0.0 0.0 1.0
0.007092536352025944 0.010018680409676142 0.0 0.0 0.0 1.0
0.006964348125059923 0.011101993817646623 0.0 0.0 0.0 1.0
0.006999354358821614 0.011920096199951134 0.0 0.0 0.0 1.0
0.007137370640812758 0.01314470942445559 0.0 0.0 0.0 1.0
0.006873624743980899 0.014065700410857107 0.0 0.0 0.0 1.0
0.006910951538927376 0.014969697443871376 0.0 0.0 0.0 1.0
0.0070541297352033835 0.016134743269369246 0.0 0.0 0.0 1.0
0.006922105505087047 0.016901226882999932 0.0 0.0 0.0 1.0
0.006857958731688354 0.017933953543662392 0.0 0.0 0.0 1.0
0.0070823330897791985 0.019011290958047572 0.0 0.0 0.0 1.0
0.006982314948569305 0.02014635064259213 0.0 0.0 0.0 1.0
0.0068968219523809805 0.021102831513805244 0.0 0.0 0.0 1.0
0.006851647494323186 0.02200822164356805 0.0 0.0 0.0 1.0
0.0069068802288215 0.023007164000540033 0.0 0.0 0.0 1.0
0.007099545144415584 0.02396187331764847 0.0 0.0 0.0 1.0
0.006976209824208698 0.025072707467185977 0.0 0.0 0.0 1.0
0.007006390365746301 0.025955363707150604 0.0 0.0 0.0 1.0
0.00703950860074486 0.027093397844835783 0.0 0.0 0.0 1.0
0.006954180819457923 0.027907903800193107 0.0 0.0 0.0 1.0
0.006991257663277054 0.028961989639199173 0.0 0.0 0.0 1.0
0.007042702196290249 0.030122610585573403 0.0 0.0 0.0 1.0
0.006902060599161997 0.030953971490416423 0.0 0.0 0.0 1.0
0.007008429692491223 0.03187427244907136 0.0 0.0 0.0 1.0
0.007074815551163915 0.03293760678127114 0.0 0.0 0.0 1.0
0.00704120857272484 0.033997780276369856 0.0 0.0 0.0 1.0
0.006869328799635657 0.0349742604972182 0.0 0.0 0.0 1.0
0.007037167838257373 0.03608180927062704 0.0 0.0 0.0 1.0
0.006912951453807802 0.03695745376012569 0.0 0.0 0.0 1.0
0.006871367512690857 0.03813684737858184 0.0 0.0 0.0 1.0
0.006910289468419048 0.039096745857533206 0.0 0.0 0.0 1.0
0.006900959378761123 0.0399811448621245 0.0 0.0 0.0 1.0
0.007110473738242668 0.04107968058921944 0.0 0.0 0.0 1.0
0.006990000468789046 0.0421317913545664 0.0 0.0 0.0 1.0
0.007008158807297729 0.04289865125490295 0.0 0.0 0.0 1.0
0.006902587605100284 0.044071028394760944 0.0 0.0 0.0 1.0
0.00704032284777002 0.04494280849839046 0.0 0.0 0.0 1.0
0.007092468871601221 0.04613061843134826 0.0 0.0 0.0 1.0
0.006870334850110917 0.047130217001794435 0.0 0.0 0.0 1.0
0.006872053026940478 0.04813524209263828 0.0 0.0 0.0 1.0
0.006910612238965514 0.04891384212164434 0.0 0.0 0.0 1.0
0.007149059295473707 0.050079574266245326 0.0 0.0 0.0 1.0
0.007107625829943846 0.05104523076150834 0.0 0.0 0.0 1.0
0.006924914757260141 0.05195377628558504 0.0 0.0 0.0 1.0
0.0068823546378904985 0.05308348483888142 0.0 0.0 0.0 1.0
0.0068774205655539175 0.054060173914798566 0.0 0.0 0.0 1.0
0.00704556518244059 0.05486759883825613 0.0 0.0 0.0 1.0
0.00688762134318968 0.055864149058296966 0.0 0.0 0.0 1.0
0.006966559201841072 0.056909665505957226 0.0 0.0 0.0 1.0
0.007100078050340163 0.057912609893034254 0.0 0.0 0.0 1.0
0.007099923582972966 0.05895223104171001 0.0 0.0 0.0 1.0
0.006958854512361385 0.06000759417860307 0.0 0.0 0.0 1.0
0.006928103218460708 0.06092990751757417 0.0 0.0 0.0 1.0
0.007054637320358485 0.06210224854732369 0.0 0.0 0.0 1.0
0.006893937993165015 0.06306969260249234 0.0 0.0 0.0 1.0
0.007049391666240583 0.06405911340404365 0.0 0.0 0.0 1.0
0.006909189122650873 0.06490830288929098 0.0 0.0 0.0 1.0
0.007042175138230197 0.06595669557864577 0.0 0.0 0.0 1.0
0.007026258250848635 0.06711717607606327 0.0 0.0 0.0 1.0
0.006971773079944574 0.06800825607272018 0.0 0.0 0.0 1.0
0.0069311580400679505 0.06893402754563459 0.0 0.0 0.0 1.0
0.006890206566790374 0.07009402065346673 0.0 0.0 0.0 1.0
0.0069297368673355945 0.07108412883064016 0.0 0.0 0.0 1.0
0.0069608450890809945 0.07209011879080363 0.0 0.0 0.0 1.0
0.00696676243092456 0.0729597977654959 0.0 0.0 0.0 1.0
0.006884695399640139 0.07404863105342123 0.0 0.0 0.0 1.0
0.007090878481297617 0.07512318437285588 0.0 0.0 0.0 1.0
0.006986019023260587 0.07599416483279091 0.0 0.0 0.0 1.0
0.007112388929581499 0.07714182924709116 0.0 0.0 0.0 1.0
0.007084008091701108 0.07802945828291974 0.0 0.0 0.0 1.0
0.006877504285371536 0.07896863205364964 0.0 0.0 0.0 1.0
0.007120992804189757 0.0798509808327708 0.0 0.0 0.0 1.0
0.006895962711417867 0.08112722304702719 0.0 0.0 0.0 1.0
0.007084026449804507 0.08210212629248907 0.0 0.0 0.0 1.0
0.006884571432499938 0.08294355742812151 0.0 0.0 0.0 1.0
0.006931843502390249 0.08389620804664302 0.0 0.0 0.0 1.0
0.007085735424948678 0.08486852375087874 0.0 0.0 0.0 1.0
0.00709035124479694 0.08591363294880767 0.0 0.0 0.0 1.0
0.006933549986907145 0.08695297655553562 0.0 0.0 0.0 1.0
0.007139088079057725 0.08796640267624817 0.0 0.0 0.0 1.0
0.006863404962931369 0.08890046267092735 0.0 0.0 0.0 1.0
0.007036516223398401 0.09013298998324155 0.0 0.0 0.0 1.0
0.007023691756131662 0.09095718740783404 0.0 0.0 0.0 1.0
0.006873762041632104 0.09211394713556924 0.0 0.0 0.0 1.0
0.006935858293317248 0.09297001385952279 0.0 0.0 0.0 1.0
0.006856129605591928 0.09389657033106763 0.0 0.0 0.0 1.0
0.006973510682145358 0.09506766920119508 0.0 0.0 0.0 1.0
0.006903593691901058 0.09593498897175419 0.0 0.0 0.0 1.0
0.0068772741437359095 0.09695751672316173 0.0 0.0 0.0 1.0
0.007140154616281677 0.09791011676933063 0.0 0.0 0.0 1.0
0.0069399392471323675 0.09908232633400434 0.0 0.0 0.0 1.0
0.008020932912520444 5.5252112416941145e-5 0.0 0.0 0.0 1.0
0.007988731987493143 0.0008552857768209031 0.0 0.0 0.0 1.0
0.007920316532788014 0.0019571410521413437 0.0 0.0 0.0 1.0
0.008051094856012495 0.0029189473590708393 0.0 0.0 0.0 1.0
0.007857878762579172 0.003976437048418155 0.0 0.0 0.0 1.0
0.00797279853885446 0.004856229630912581 0.0 0.0 0.0 1.0
0.00791501094323263 0.006113810691682401 0.0 0.0 0.0 1.0
0.008015530185310918 0.006975524750351299 0.0 0.0 0.0 1.0
0.007852924114276155 0.008119695868374344 0.0 0.0 0.0 1.0
0.007910408234763234 0.00885002308683962 0.0 0.0 0.0 1.0
0.00804459951225333 0.010146158404503754 0.0 0.0 0.0 1.0
0.00803713112669507 0.011108279921903188 0.0 0.0 0.0 1.0
0.007923334532163092 0.012051541902321739 0.0 0.0 0.0 1.0
0.007875535859350143 0.012987095152087421 0.0 0.0 0.0 1.0
0.008089307709222383 0.01407893891120639 0.0 0.0 0.0 1.0
0.007864340518949737 0.014935676635923155 0.0 0.0 0.0 1.0
0.007857277657556345 0.01592634757839529 0.0 0.0 0.0 1.0
0.007985185996643052 0.01696276329336368 0.0 0.0 0.0 1.0
0.008130148707229732 0.017884657659066765 0.0 0.0 0.0 1.0
0.007916437156136094 0.01900774950088088 0.0 0.0 0.0 1.0
0.008136545168531266 0.02002431984343448 0.0 0.0 0.0 1.0
0.008043389011761562 0.020939201119505597 0.0 0.0 0.0 1.0
0.00806499203762072 0.022079859453291446 0.0 0.0 0.0 1.0
0.007953628418276673 0.023071101013518412 0.0 0.0 0.0 1.0
0.007968178334506177 0.024110630217862715 0.0 0.0 0.0 1.0
0.007891387987943626 0.02502120733213987 0.0 0.0 0.0 1.0
0.007901270975113787 0.026049545391990288 0.0 0.0 0.0 1.0
0.008094944614494719 0.02692389743085122 0.0 0.0 0.0 1.0
0.008127716782940822 0.028088083559615232 0.0 0.0 0.0 1.0
0.008004441002126522 0.028992644269134994 0.0 0.0 0.0 1.0
0.008055353780640071 0.030100811062399296 0.0 0.0 0.0 1.0
0.008008195670411767 0.031067726961694186 0.0 0.0 0.0 1.0
0.0079765281467066 0.03202604756667008 0.0 0.0 0.0 1.0
0.008093136841164932 0.03295095988078136 0.0 0.0 0.0 1.0
0.007961267885649236 0.033889002310642125 0.0 0.0 0.0 1.0
0.007958025862493159 0.034960397780182374 0.0 0.0 0.0 1.0
0.00800276931497036 0.03597950422304114 0.0 0.0 0.0 1.0
0.007861913493039479 0.03707394457281917 0.0 0.0 0.0 1.0
0.007938684174737467 0.037901716209652964 0.0 0.0 0.0 1.0
0.00800927144768623 0.039022279783011794 0.0 0.0 0.0 1.0
0.00814050996832786 0.03988935215318121 0.0 0.0 0.0 1.0
0.007927513495336172 0.0411474229732973 0.0 0.0 0.0 1.0
0.00806371940907652 0.0420243575014301 0.0 0.0 0.0 1.0
0.007919742619075958 0.04306241025430133 0.0 0.0 0.0 1.0
0.00811322076948148 0.044081188737754816 0.0 0.0 0.0 1.0
0.008073987601446701 0.04486490256331832 0.0 0.0 0.0 1.0
0.008032507726697221 0.04608882122931143 0.0 0.0 0.0 1.0
0.008053625012751042 0.0470383238434357 0.0 0.0 0.0 1.0
0.00788454092708205 0.04801369446227718 0.0 0.0 0.0 1.0
0.007888452868825955 0.048871722551939986 0.0 0.0 0.0 1.0
0.00813612704722115 0.049857490778163496 0.0 0.0 0.0 1.0
0.007903157764167725 0.051039497161474906 0.0 0.0 0.0 1.0
0.007926737874742672 0.05201926747007448 0.0 0.0 0.0 1.0
0.00788364781674012 0.05285769010825367 0.0 0.0 0.0 1.0
0.00809632000408852 0.053948092321659834 0.0 0.0 0.0 1.0
0.008059747952654791 0.05514833866889792 0.0 0.0 0.0 1.0
0.008133870681544595 0.05591775360579923 0.0 0.0 0.0 1.0
0.007899099669357005 0.056963050096339556 0.0 0.0 0.0 1.0
0.008087549119021611 0.05804074922966745 0.0 0.0 0.0 1.0
0.008024290203073506 0.058987231557317506 0.0 0.0 0.0 1.0
0.00799205568481076 0.060091065062352046 0.0 0.0 0.0 1.0
0.008075041498615008 0.060961088857665706 0.0 0.0 0.0 1.0
0.007924635447479652 0.06190163633898368 0.0 0.0 0.0 1.0
0.008089145821096625 0.06291065347327483 0.0 0.0 0.0 1.0
0.007989022626645876 0.06414439321285809 0.0 0.0 0.0 1.0
0.007979984526589396 0.06493643672706832 0.0 0.0 0.0 1.0
0.007877874398747584 0.06594456874260354 0.0 0.0 0.0 1.0
0.007931564800245757 0.06700879073358311 0.0 0.0 0.0 1.0
0.007981288600250536 0.06789981953015349 0.0 0.0 0.0 1.0
0.008114679038234672 0.0689230349316779 0.0 0.0 0.0 1.0
0.00807906405479251 0.07005665413154963 0.0 0.0 0.0 1.0
0.007970439130566963 0.07091351242345023 0.0 0.0 0.0 1.0
0.008137322762494617 0.07196806021054411 0.0 0.0 0.0 1.0
0.007992464265258138 0.07311306935860595 0.0 0.0 0.0 1.0
0.007958179171319994 0.07385084961430417 0.0 0.0 0.0 1.0
0.008079752774332023 0.07492930979111487 0.0 0.0 0.0 1.0
0.008046680746560689 0.07592849963442776 0.0 0.0 0.0 1.0
0.007938584690576858 0.07703274070831591 0.0 0.0 0.0 1.0
0.007908722409855006 0.0780775744888757 0.0 0.0 0.0 1.0
0.007978361090774643 0.07899722863877477 0.0 0.0 0.0 1.0
0.008069237283028252 0.0800910918620036 0.0 0.0 0.0 1.0
0.00795848119984243 0.08089223201366379 0.0 0.0 0.0 1.0
0.007876877003410106 0.08200238047540252 0.0 0.0 0.0 1.0
0.007929639084098553 0.08292054038042404 0.0 0.0 0.0 1.0
0.008119930526454646 0.08402275519027587 0.0 0.0 0.0 1.0
0.008056717833187118 0.08490888052564073 0.0 0.0 0.0 1.0
0.007931102153069611 0.08600192326134008 0.0 0.0 0.0 1.0
0.007924372492646227 0.08693130657699649 0.0 0.0 0.0 1.0
0.007989672866780203 0.08791279330435514 0.0 0.0 0.0 1.0
0.007949094231992427 0.0891115267814155 0.0 0.0 0.0 1.0
0.007949447775906813 0.08999225706589695 0.0 0.0 0.0 1.0
0.008025827954080201 0.09101292174029316 0.0 0.0 0.0 1.0
0.008133624016737003 0.09206651680203058 0.0 0.0 0.0 1.0
0.007864958259927071 0.09298001130894135 0.0 0.0 0.0 1.0
0.008051918269285347 0.09407499731527816 0.0 0.0 0.0 1.0
0.00788613421276015 0.09485585825325335 0.0 0.0 0.0 1.0
0.008090607661311654 0.09608069976528007 0.0 0.0 0.0 1.0
0.008144566155214259 0.09704437002971632 0.0 0.0 0.0 1.0
0.008116400892680257 0.09789685679054216 0.0 0.0 0.0 1.0
0.0081107518777051 0.09885251031833436 0.0 0.0 0.0 1.0
0.008940539380298243 9.423358465194379e-5 0.0 0.0 0.0 1.0
0.008989391631617744 0.0009481150997769586 0.0 0.0 0.0 1.0
0.009009092723093576 0.0020030407154986735 0.0 0.0 0.0 1.0
0.008966784045122477 0.002937603374953352 0.0 0.0 0.0 1.0
0.00907017754458556 0.003983462018796908 0.0 0.0 0.0 1.0
0.008926731897051893 0.005109916987070627 0.0 0.0 0.0 1.0
0.009059826435661687 0.005871842102881776 0.0 0.0 0.0 1.0
0.009137715181559735 0.007113177824398876 0.0 0.0 0.0 1.0
0.00889153380572077 0.008149878350939666 0.0 0.0 0.0 1.0
0.009127309583434008 0.009133418461643762 0.0 0.0 0.0 1.0
0.009127076275157523 0.00985611427747523 0.0 0.0 0.0 1.0
0.009002082135211387 0.011144887666308051 0.0 0.0 0.0 1.0
0.009095228079268637 0.012081549764027711 0.0 0.0 0.0 1.0
0.00905309124843091 0.012993304044804647 0.0 0.0 0.0 1.0
0.008912671387288249 0.013972443139692623 0.0 0.0 0.0 1.0
0.008856447828223318 0.01485872169911486 0.0 0.0 0.0 1.0
0.00904769994870843 0.01590510032736085 0.0 0.0 0.0 1.0
0.009125963701983366 0.01696138631903606 0.0 0.0 0.0 1.0
0.009078336537873509 0.01813766825729795 0.0 0.0 0.0 1.0
0.009034902724084554 0.01902064486105494 0.0 0.0 0.0 1.0
0.008956519048059358 0.01993376559345745 0.0 0.0 0.0 1.0
0.008858485410832732 0.020960513074765083 0.0 0.0 0.0 1.0
0.009138640489806147 0.022017058879214516 0.0 0.0 0.0 1.0
0.008964713677744294 0.023089835523316227 0.0 0.0 0.0 1.0
0.008981012324131154 0.0240888815317398 0.0 0.0 0.0 1.0
0.009038738124351037 0.025014382550506545 0.0 0.0 0.0 1.0
0.009109499689209873 0.026056307978537478 0.0 0.0 0.0 1.0
0.008897008270229526 0.02705228587971087 0.0 0.0 0.0 1.0
0.008937836891553579 0.028028553467072115 0.0 0.0 0.0 1.0
0.00897956409098579 0.02892849219842908 0.0 0.0 0.0 1.0
0.008975386630430958 0.02990279315383216 0.0 0.0 0.0 1.0
0.009134301902543275 0.031103730002893036 0.0 0.0 0.0 1.0
0.008990764013738058 0.03204673160854312 0.0 0.0 0.0 1.0
0.009041354281964517 0.03290295511198986 0.0 0.0 0.0 1.0
0.008993679882011028 0.03388560130037596 0.0 0.0 0.0 1.0
0.009106130677457754 0.035025264495472504 0.0 0.0 0.0 1.0
0.008894559751626369 0.035872571677649644 0.0 0.0 0.0 1.0
0.008992952590903812 0.037126065372806036 0.0 0.0 0.0 1.0
0.009125153445345667 0.038071995401605205 0.0 0.0 0.0 1.0
0.008957837766090293 0.039002709959534865 0.0 0.0 0.0 1.0
0.008999174315579811 0.03993990666269027 0.0 0.0 0.0 1.0
0.009062185128119488 0.04105411968218711 0.0 0.0 0.0 1.0
0.008867381335737862 0.04214826667372073 0.0 0.0 0.0 1.0
0.00885617703468583 0.04303864618310859 0.0 0.0 0.0 1.0
0.00903931273646188 0.0439216922124669 0.0 0.0 0.0 1.0
0.009051880420121084 0.04503183610301335 0.0 0.0 0.0 1.0
0.009098644636080117 0.04600219636714278 0.0 0.0 0.0 1.0
0.008854886596124028 0.046982575597069025 0.0 0.0 0.0 1.0
0.009108067150670753 0.048020829804378426 0.0 0.0 0.0 1.0
0.009103830355861998 0.04902547676904027 0.0 0.0 0.0 1.0
0.009107631253076917 0.05005792554354426 0.0 0.0 0.0 1.0
0.009015348029492703 0.05105864102785003 0.0 0.0 0.0 1.0
0.009078297630599821 0.051889746229355 0.0 0.0 0.0 1.0
0.008996214021611592 0.053022869699424505 0.0 0.0 0.0 1.0
0.009056576374615653 0.053929908093246125 0.0 0.0 0.0 1.0
0.008937455105357279 0.05514969923289944 0.0 0.0 0.0 1.0
0.008930755980629205 0.056121088771900036 0.0 0.0 0.0 1.0
0.008966659592893798 0.056986320659448385 0.0 0.0 0.0 1.0
0.008935340861884574 0.057955867600157564 0.0 0.0 0.0 1.0
0.009108700680237163 0.05893359777575143 0.0 0.0 0.0 1.0
0.009066123553321795 0.05989274484340118 0.0 0.0 0.0 1.0
0.008948800857429879 0.061078698481415485 0.0 0.0 0.0 1.0
0.008934180067259772 0.06213626186150811 0.0 0.0 0.0 1.0
0.009134227501384169 0.06294722554509061 0.0 0.0 0.0 1.0
0.008909395894027346 0.0641442672752936 0.0 0.0 0.0 1.0
0.008984642702349771 0.06496208368473211 0.0 0.0 0.0 1.0
0.008979347649539624 0.06607578049693008 0.0 0.0 0.0 1.0
0.008993088072851381 0.06707714012380511 0.0 0.0 0.0 1.0
0.00890617477610046 0.06803690775912437 0.0 0.0 0.0 1.0
0.009063598388097003 0.06909114193936765 0.0 0.0 0.0 1.0
0.008973773531218964 0.07014050090189311 0.0 0.0 0.0 1.0
0.009123753701041706 0.0708574754224819 0.0 0.0 0.0 1.0
0.008877437318365032 0.07194675799194618 0.0 0.0 0.0 1.0
0.008902926944770188 0.07310647313363368 0.0 0.0 0.0 1.0
0.00885426937758232 0.07388829640523674 0.0 0.0 0.0 1.0
0.008978989076781905 0.07510620518299964 0.0 0.0 0.0 1.0
0.009039635530908604 0.07590185266551996 0.0 0.0 0.0 1.0
0.009012610445958523 0.07706241515964413 0.0 0.0 0.0 1.0
0.00909175832580114 0.07804041113104764 0.0 0.0 0.0 1.0
0.009040031750362661 0.07892212319061939 0.0 0.0 0.0 1.0
0.00900560141708416 0.07993066318206354 0.0 0.0 0.0 1.0
0.008862448396354628 0.08102546547938555 0.0 0.0 0.0 1.0
0.008900549916980622 0.08201632718353274 0.0 0.0 0.0 1.0
0.0090613444113262 0.08312181120894942 0.0 0.0 0.0 1.0
0.008965571163491453 0.08397815038859065 0.0 0.0 0.0 1.0
0.00900643849308718 0.08501615153603803 0.0 0.0 0.0 1.0
0.00892451373418524 0.08607848875590379 0.0 0.0 0.0 1.0
0.009076011760372813 0.08710047633672584 0.0 0.0 0.0 1.0
0.008860021678684242 0.08785913911202335 0.0 0.0 0.0 1.0
0.00900171807791636 0.08889865204350768 0.0 0.0 0.0 1.0
0.009124336971266422 0.09003489707175409 0.0 0.0 0.0 1.0
0.009043716760186836 0.0908506782836558 0.0 0.0 0.0 1.0
0.00889316643149821 0.09198523486376094 0.0 0.0 0.0 1.0
0.00893845510705151 0.0930346519049502 0.0 0.0 0.0 1.0
0.009135383903636746 0.09401944854499081 0.0 0.0 0.0 1.0
0.009070805727274681 0.09499349956486014 0.0 0.0 0.0 1.0
0.009097501696855992 0.09596719954537307 0.0 0.0 0.0 1.0
0.008948841959512474 0.09688389963418899 0.0 0.0 0.0 1.0
0.009016608916255374 0.0981438425784951 0.0 0.0 0.0 1.0
0.008999874580199562 0.09886834991447292 0.0 0.0 0.0 1.0
0.009956789275568092 0.00012123768794854884 0.0 0.0 0.0 1.0
0.010131787594927747 0.0009544741942951551 0.0 0.0 0.0 1.0
0.009957769056726833 0.002084813411688046 0.0 0.0 0.0 1.0
0.009937914185664126 0.00302627677961501 0.0 0.0 0.0 1.0
0.009889358223863517 0.0038628649844966727 0.0 0.0 0.0 1.0
0.010132391169324023 0.004905701673568389 0.0 0.0 0.0 1.0
0.009867048485872438 0.005986353984883066 0.0 0.0 0.0 1.0
0.010016769336668311 0.006929455153954803 0.0 0.0 0.0 1.0
0.009880966031999557 0.007885453749066351 0.0 0.0 0.0 1.0
0.009969740864168354 0.008981198692493295 0.0 0.0 0.0 1.0
0.00995325425452225 0.010141802912620452 0.0 0.0 0.0 1.0
0.009999996898189442 0.011029779215374222 0.0 0.0 0.0 1.0
0.009926577061949163 0.011856393676318175 0.0 0.0 0.0 1.0
0.010149242792257627 0.0129847323778163 0.0 0.0 0.0 1.0
0.009962276071278055 0.014126035788515144 0.0 0.0 0.0 1.0
0.009860105994072423 0.015133826025908065 0.0 0.0 0.0 1.0
0.009910487730048016 0.016112437059355195 0.0 0.0 0.0 1.0
0.010118237771489305 0.017122872172390464 0.0 0.0 0.0 1.0
0.009988109709798867 0.017950079359570076 0.0 0.0 0.0 1.0
0.009966095133150063 0.01888390387725019 0.0 0.0 0.0 1.0
0.010108221291552763 0.02005607988222478 0.0 0.0 0.0 1.0
0.009925617213305267 0.021019442307204875 0.0 0.0 0.0 1.0
0.010071808561340127 0.02187317460052276 0.0 0.0 0.0 1.0
0.009937619039155413 0.022921042375312273 0.0 0.0 0.0 1.0
0.010105639867331533 0.023889266019251794 0.0 0.0 0.0 1.0
0.009887370934203806 0.02487858829136492 0.0 0.0 0.0 1.0
0.010084742837412912 0.025910159160194013 0.0 0.0 0.0 1.0
0.010063336086905565 0.027017397655214315 0.0 0.0 0.0 1.0
0.010024501137839465 0.027892021476783338 0.0 0.0 0.0 1.0
0.010087472095373216 0.02895917876224517 0.0 0.0 0.0 1.0
0.010134936403460769 0.030088628977262527 0.0 0.0 0.0 1.0
0.010146641812455079 0.030850364435355954 0.0 0.0 0.0 1.0
0.01003564900064176 0.03205741858830106 0.0 0.0 0.0 1.0
0.009928603426030313 0.032951339359917474 0.0 0.0 0.0 1.0
0.009899300562926108 0.03404187258571615 0.0 0.0 0.0 1.0
0.009855652630708022 0.03497658066786772 0.0 0.0 0.0 1.0
0.010134495139777391 0.03613720914594489 0.0 0.0 0.0 1.0
0.010144946343564623 0.03704544871499367 0.0 0.0 0.0 1.0
0.01008726103852984 0.03806932485619645 0.0 0.0 0.0 1.0
0.009984918466825917 0.03892448560437978 0.0 0.0 0.0 1.0
0.009926765348358874 0.04007087870910398 0.0 0.0 0.0 1.0
0.010070167708702426 0.0409305925142135 0.0 0.0 0.0 1.0
0.009903691340413382 0.04199334047453202 0.0 0.0 0.0 1.0
0.010115271655596048 0.04306637202830038 0.0 0.0 0.0 1.0
0.009868410022155626 0.04408355109491692 0.0 0.0 0.0 1.0
0.009994911830700916 0.044869621504035166 0.0 0.0 0.0 1.0
0.009935345071748938 0.04595451306898602 0.0 0.0 0.0 1.0
0.0099539227924113 0.04689420224558642 0.0 0.0 0.0 1.0
0.009912824541977137 0.04796807180691433 0.0 0.0 0.0 1.0
0.00993963360968348 0.04903414913270567 0.0 0.0 0.0 1.0
0.009892638163827964 0.049862460383730586 0.0 0.0 0.0 1.0
0.010072309306479534 0.050956741062716665 0.0 0.0 0.0 1.0
0.009979383305443065 0.05197308147226722 0.0 0.0 0.0 1.0
0.010071587687549174 0.05289715720693767 0.0 0.0 0.0 1.0
0.01007227221887929 0.05404520469539102 0.0 0.0 0.0 1.0
0.009943960210037536 0.0548632708967376 0.0 0.0 0.0 1.0
0.0100547191565772 0.0560570626829017 0.0 0.0 0.0 1.0
0.009906351483115266 0.05687337158438109 0.0 0.0 0.0 1.0
0.009878323766850081 0.05791763359031885 0.0 0.0 0.0 1.0
0.010068908456231563 0.058866961090244994 0.0 0.0 0.0 1.0
0.009973422523792946 0.059997302080105966 0.0 0.0 0.0 1.0
0.009948788917126035 0.06095622126655964 0.0 0.0 0.0 1.0
0.009976697572025857 0.06185928213731818 0.0 0.0 0.0 1.0
0.010008227767873554 0.06311430082042369 0.0 0.0 0.0 1.0
0.010047732141593936 0.06407639448846193 0.0 0.0 0.0 1.0
0.010140559715857346 0.06503063892735023 0.0 0.0 0.0 1.0
0.010009962934871696 0.06613050199202282 0.0 0.0 0.0 1.0
0.009977297128631086 0.06687924147278565 0.0 0.0 0.0 1.0
0.009948363155345991 0.06801859446724551 0.0 0.0 0.0 1.0
0.010004511124795001 0.06907894879517792 0.0 0.0 0.0 1.0
0.010048657937623625 0.06985279680613116 0.0 0.0 0.0 1.0
0.010118618263908316 0.07112473663577798 0.0 0.0 0.0 1.0
0.010018853873376076 0.0719301561861873 0.0 0.0 0.0 1.0
0.010029821066484782 0.07289757369667896 0.0 0.0 0.0 1.0
0.009900060521285501 0.07387070735544343 0.0 0.0 0.0 1.0
0.009923918066378856 0.07513651331973852 0.0 0.0 0.0 1.0
0.010001390760232456 0.07592552297244363 0.0 0.0 0.0 1.0
0.010009523322109193 0.0770568157663288 0.0 0.0 0.0 1.0
0.010016239842565135 0.07810112226362353 0.0 0.0 0.0 1.0
0.00994780695294508 0.07910603827173615 0.0 0.0 0.0 1.0
0.00989188956081513 0.0798589410588085 0.0 0.0 0.0 1.0
0.009880891125037528 0.08106290923292694 0.0 0.0 0.0 1.0
0.009967938468421622 0.08196664796389615 0.0 0.0 0.0 1.0
0.01004914210087555 0.08291201743493412 0.0 0.0 0.0 1.0
0.009886860610420902 0.08394797130187387 0.0 0.0 0.0 1.0
0.009861324559150644 0.08492237529344528 0.0 0.0 0.0 1.0
0.00985096376893455 0.08597223899780158 0.0 0.0 0.0 1.0
0.010081351058280449 0.08695864683347702 0.0 0.0 0.0 1.0
0.009953208742346757 0.08796371883755398 0.0 0.0 0.0 1.0
0.01011707040729874 0.08902938911697988 0.0 0.0 0.0 1.0
0.010061842286320876 0.08990304792488012 0.0 0.0 0.0 1.0
0.010145621058277559 0.09096506589230323 0.0 0.0 0.0 1.0
0.009954280700221325 0.09198222760599845 0.0 0.0 0.0 1.0
0.010047739287076663 0.09288539560107117 0.0 0.0 0.0 1.0
0.009915309073263023 0.09397064751783635 0.0 0.0 0.0 1.0
0.009850171637656452 0.09485444430881472 0.0 0.0 0.0 1.0
0.010036569275474456 0.09604941266121285 0.0 0.0 0.0 1.0
0.010010004221367637 0.09689072154594916 0.0 0.0 0.0 1.0
0.010080610493957663 0.09808604599670913 0.0 0.0 0.0 1.0
0.01013371264364468 0.0989609612459104 0.0 0.0 0.0 1.0
0.010925345517872245 0.00013601586143797216 0.0 0.0 0.0 1.0
0.010961145455216885 0.0011202679464452493 0.0 0.0 0.0 1.0
0.010877872296064286 0.002027346001138634 0.0 0.0 0.0 1.0
0.010970428435830263 0.0029006336161440916 0.0 0.0 0.0 1.0
0.011001057066365364 0.004094908383006164 0.0 0.0 0.0 1.0
0.011056692685810197 0.005095836608807346 0.0 0.0 0.0 1.0
0.010920691975616395 0.005858604487081524 0.0 0.0 0.0 1.0
0.011054091955860842 0.0069429548556798806 0.0 0.0 0.0 1.0
0.010876746514946314 0.007940078646708211 0.0 0.0 0.0 1.0
0.010970954047952152 0.008872901652494778 0.0 0.0 0.0 1.0
0.0109155167292346 0.010108387081275573 0.0 0.0 0.0 1.0
0.010931345491110337 0.010934544418455957 0.0 0.0 0.0 1.0
0.011137972339336572 0.011915285201403348 0.0 0.0 0.0 1.0
0.010873606642686664 0.012864470287108498 0.0 0.0 0.0 1.0
0.010910708426492506 0.01396865340818187 0.0 0.0 0.0 1.0
0.010868872303938624 0.01510067561352464 0.0 0.0 0.0 1.0
0.01094749257611165 0.015924070699344543 0.0 0.0 0.0 1.0
0.011028272648364323 0.016996759946889206 0.0 0.0 0.0 1.0
0.011038314573352475 0.017992270364648472 0.0 0.0 0.0 1.0
0.010912598381160805 0.018884003329605013 0.0 0.0 0.0 1.0
0.011075184232093718 0.020038099208002882 0.0 0.0 0.0 1.0
0.011113335913393458 0.021073712959950145 0.0 0.0 0.0 1.0
0.011092445985092151 0.021952122549023824 0.0 0.0 0.0 1.0
0.010971957176188716 0.02309192117649076 0.0 0.0 0.0 1.0
0.010917235156181109 0.023944216720645922 0.0 0.0 0.0 1.0
0.010915813084781211 0.025055254816153606 0.0 0.0 0.0 1.0
0.011147370557342447 0.026005183080820313 0.0 0.0 0.0 1.0
0.011103845737392253 0.02703983764682812 0.0 0.0 0.0 1.0
0.010971879180284434 0.02804352888997147 0.0 0.0 0.0 1.0
0.011108795453838931 0.02900318663876376 0.0 0.0 0.0 1.0
0.011142887426466231 0.029942938597026132 0.0 0.0 0.0 1.0
0.010922535394153823 0.030910028344847806 0.0 0.0 0.0 1.0
0.01113375311894134 0.03187006424097468 0.0 0.0 0.0 1.0
0.011038391396797317 0.03311383262698333 0.0 0.0 0.0 1.0
0.011035083332912511 0.03408139413888027 0.0 0.0 0.0 1.0
0.011100901714120811 0.035068327476962646 0.0 0.0 0.0 1.0
0.010865683084157172 0.03614101573785582 0.0 0.0 0.0 1.0
0.010902865663863847 0.03699647286983582 0.0 0.0 0.0 1.0
0.010856985497942413 0.03793653841462475 0.0 0.0 0.0 1.0
0.011007982666887236 0.03896854426455562 0.0 0.0 0.0 1.0
0.010991434880474025 0.0399626502719499 0.0 0.0 0.0 1.0
0.010934870363713016 0.04103420284433933 0.0 0.0 0.0 1.0
0.011026681201407634 0.04202013572053345 0.0 0.0 0.0 1.0
0.0111414960595901 0.043052742394227246 0.0 0.0 0.0 1.0
0.011149805422424197 0.04400132334375041 0.0 0.0 0.0 1.0
0.011005264328598505 0.04512862220638185 0.0 0.0 0.0 1.0
0.01104029951376174 0.04611322425408922 0.0 0.0 0.0 1.0
0.011120871653158785 0.04699214819137162 0.0 0.0 0.0 1.0
0.011008001865211546 0.04807768272398547 0.0 0.0 0.0 1.0
0.010993304356906595 0.04901973139637638 0.0 0.0 0.0 1.0
0.010990529926735937 0.04992386913234883 0.0 0.0 0.0 1.0
0.010969597362761662 0.051106263972514596 0.0 0.0 0.0 1.0
0.011146236051563115 0.05212574621430559 0.0 0.0 0.0 1.0
0.010852251692074731 0.05285569458917141 0.0 0.0 0.0 1.0
0.01093425258591082 0.053925781608432796 0.0 0.0 0.0 1.0
0.010931729616954012 0.05514081150287708 0.0 0.0 0.0 1.0
0.010875296736928605 0.05614879819087816 0.0 0.0 0.0 1.0
0.010874897459396612 0.05702293444871056 0.0 0.0 0.0 1.0
0.010905464753025392 0.05811208936081881 0.0 0.0 0.0 1.0
0.011013298645188343 0.059062069964380744 0.0 0.0 0.0 1.0
0.01106443599255157 0.059931239853018035 0.0 0.0 0.0 1.0
0.010965135120843711 0.06102117477566427 0.0 0.0 0.0 1.0
0.011025842711837718 0.0619884217369885 0.0 0.0 0.0 1.0
0.01105328447199438 0.06297707992488644 0.0 0.0 0.0 1.0
0.011022960363130798 0.06400447098260187 0.0 0.0 0.0 1.0
0.010889400046280754 0.06487249460511504 0.0 0.0 0.0 1.0
0.010867801848982705 0.0660998657988902 0.0 0.0 0.0 1.0
0.010953184710702175 0.06711907596401936 0.0 0.0 0.0 1.0
0.011052668226973438 0.0681172882891569 0.0 0.0 0.0 1.0
0.01106594543255357 0.06907064334854122 0.0 0.0 0.0 1.0
0.010874526198227196 0.06999804355345615 0.0 0.0 0.0 1.0
0.010954643558397231 0.0709362597420684 0.0 0.0 0.0 1.0
0.011143626451229061 0.07196392862657167 0.0 0.0 0.0 1.0
0.011117579713191227 0.07292726398865385 0.0 0.0 0.0 1.0
0.010915224411038276 0.07394218017793724 0.0 0.0 0.0 1.0
0.010938938180159324 0.07488576362553191 0.0 0.0 0.0 1.0
0.011027253247955747 0.07604279596491034 0.0 0.0 0.0 1.0
0.010851209650894955 0.07712386122371037 0.0 0.0 0.0 1.0
0.011079330793814074 0.07807544394001895 0.0 0.0 0.0 1.0
0.010961509634876581 0.07890939389185585 0.0 0.0 0.0 1.0
0.01089566333987442 0.08012097832848342 0.0 0.0 0.0 1.0
0.011091864564952076 0.08110368421187646 0.0 0.0 0.0 1.0
0.010931273041230897 0.08195109932632455 0.0 0.0 0.0 1.0
0.01096185932030151 0.08303013905027512 0.0 0.0 0.0 1.0
0.01107680580760894 0.08387323835169776 0.0 0.0 0.0 1.0
0.010942820915862891 0.08488000153593782 0.0 0.0 0.0 1.0
0.011027232612559551 0.08610168516706555 0.0 0.0 0.0 1.0
0.010854693434047592 0.08712175098695113 0.0 0.0 0.0 1.0
0.010888058412472859 0.08808796148846705 0.0 0.0 0.0 1.0
0.010961296326887528 0.08891553952212068 0.0 0.0 0.0 1.0
0.010982709124895927 0.0899471945225098 0.0 0.0 0.0 1.0
0.01090095230359461 0.09104074810484632 0.0 0.0 0.0 1.0
0.011141622808284188 0.09211548215740717 0.0 0.0 0.0 1.0
0.010934910278959965 0.09314442043726977 0.0 0.0 0.0 1.0
0.011083004196963902 0.09385324843143332 0.0 0.0 0.0 1.0
0.010972206465554043 0.09499866289454173 0.0 0.0 0.0 1.0
0.011048995160806142 0.09614750978092633 0.0 0.0 0.0 1.0
0.010979107197009782 0.0970606271423488 0.0 0.0 0.0 1.0
0.011084966939216326 0.09794951631200957 0.0 0.0 0.0 1.0
0.01094229965039193 0.09887534009191595 0.0 0.0 0.0 1.0
0.012047505995283724 -6.74061218790447e-5 0.0 0.0 0.0 1.0
0.011874931272302346 0.0009561945980076066 0.0 0.0 0.0 1.0
0.011960024707914832 0.0018601816420289261 0.0 0.0 0.0 1.0
0.012010316534866927 0.0030207918145711697 0.0 0.0 0.0 1.0
0.012037465573148628 0.0038737406992380738 0.0 0.0 0.0 1.0
0.011948947598184278 0.004948067905522596 0.0 0.0 0.0 1.0
0.011893937556283587 0.006126359569454471 0.0 0.0 0.0 1.0
0.01195038234427541 0.007075115069341253 0.0 0.0 0.0 1.0
0.011976249820665653 0.00811771754542148 0.0 0.0 0.0 1.0
0.011992303946760645 0.0089694282931477 0.0 0.0 0.0 1.0
0.012140369704012265 0.010142246941547145 0.0 0.0 0.0 1.0
0.012001915007479477 0.010886798901070754 0.0 0.0 0.0 1.0
0.012145528623022058 0.012042846337624341 0.0 0.0 0.0 1.0
0.012077262606147735 0.01311874064649984 0.0 0.0 0.0 1.0
0.012069929844693869 0.013945749595023997 0.0 0.0 0.0 1.0
0.012124765414964885 0.015092496718350121 0.0 0.0 0.0 1.0
0.012038358535509166 0.015868181643169353 0.0 0.0 0.0 1.0
0.012108271373112791 0.016939641095428837 0.0 0.0 0.0 1.0
0.011880242491677738 0.018144036342660128 0.0 0.0 0.0 1.0
0.012113599174359736 0.018949877291052197 0.0 0.0 0.0 1.0
0.011994657085780734 0.019850213869995886 0.0 0.0 0.0 1.0
0.012006217427874458 0.021013933678467694 0.0 0.0 0.0 1.0
0.011964530246438053 0.022120298206968803 0.0 0.0 0.0 1.0
0.012049436318139262 0.02310130752523182 0.0 0.0 0.0 1.0
0.012065488258495549 0.024122913193497086 0.0 0.0 0.0 1.0
0.01189600861849222 0.024982585265234756 0.0 0.0 0.0 1.0
0.011978486899042236 0.025879472422051214 0.0 0.0 0.0 1.0
0.012129791490016853 0.026913485043443673 0.0 0.0 0.0 1.0
0.011926412955902674 0.02800986708549161 0.0 0.0 0.0 1.0
0.012104677908064616 0.029078631831592174 0.0 0.0 0.0 1.0
0.012111580312009755 0.030051128343279394 0.0 0.0 0.0 1.0
0.011903878771116037 0.03101879849530064 0.0 0.0 0.0 1.0
0.012108376549091783 0.03196225874219318 0.0 0.0 0.0 1.0
0.012004220484217173 0.032859247347935494 0.0 0.0 0.0 1.0
0.012092144041682747 0.03396363013530587 0.0 0.0 0.0 1.0
0.011929956202204942 0.034981226343321 0.0 0.0 0.0 1.0
0.01205712179914784 0.03590673693864228 0.0 0.0 0.0 1.0
0.0121321279708719 0.03710931504175618 0.0 0.0 0.0 1.0
0.012141533838755414 0.03788819285725781 0.0 0.0 0.0 1.0
0.011912937742225497 0.039121830746924685 0.0 0.0 0.0 1.0
0.011887477820580934 0.03992551063224887 0.0 0.0 0.0 1.0
0.011956391737404754 0.04104588198721263 0.0 0.0 0.0 1.0
0.01203888028931803 0.041993230588687855 0.0 0.0 0.0 1.0
0.011887221769753945 0.04298142285209033 0.0 0.0 0.0 1.0
0.012077593233686451 0.0440332724994432 0.0 0.0 0.0 1.0
0.011994105242775664 0.04505271865887041 0.0 0.0 0.0 1.0
0.011896536775040946 0.045923543866401004 0.0 0.0 0.0 1.0
0.012088467013388539 0.04695387906110699 0.0 0.0 0.0 1.0
0.012103866643844973 0.04792371489197776 0.0 0.0 0.0 1.0
0.012068224405373407 0.04914131001107664 0.0 0.0 0.0 1.0
0.011960906782692859 0.049958278035792676 0.0 0.0 0.0 1.0
0.012148753212416843 0.05088865967345632 0.0 0.0 0.0 1.0
0.012123552514664453 0.05194474784143781 0.0 0.0 0.0 1.0
0.012077593892446307 0.0530653357701338 0.0 0.0 0.0 1.0
0.012108206862360527 0.05410980644934184 0.0 0.0 0.0 1.0
0.011885962289251872 0.05505591831269976 0.0 0.0 0.0 1.0
0.01203562166982326 0.055945193642395925 0.0 0.0 0.0 1.0
0.01213981539612834 0.05691559283872172 0.0 0.0 0.0 1.0
0.011927170139538121 0.05797732830577162 0.0 0.0 0.0 1.0
0.01210933316700022 0.059056361073150355 0.0 0.0 0.0 1.0
0.012073235646660635 0.05998426274068165 0.0 0.0 0.0 1.0
0.011915361885817233 0.06111619060342231 0.0 0.0 0.0 1.0
0.012113039943515057 0.06190734253867175 0.0 0.0 0.0 1.0
0.01194029050646454 0.06305854800624416 0.0 0.0 0.0 1.0
0.011857891457638164 0.06411515484115886 0.0 0.0 0.0 1.0
0.01193593518642719 0.06492426819803757 0.0 0.0 0.0 1.0
0.012004544796263564 0.06603579404346185 0.0 0.0 0.0 1.0
0.012091655208734403 0.0670192023124662 0.0 0.0 0.0 1.0
0.012025011863418492 0.06785990481046358 0.0 0.0 0.0 1.0
0.01199795204059521 0.0688658914227247 0.0 0.0 0.0 1.0
0.012021434725025195 0.07003610021970486 0.0 0.0 0.0 1.0
0.012122952436569226 0.07106657544007929 0.0 0.0 0.0 1.0
0.01210514969173072 0.07198215151485755 0.0 0.0 0.0 1.0
0.011940169678748476 0.07291760608412347 0.0 0.0 0.0 1.0
0.011978385377625288 0.07403461221036707 0.0 0.0 0.0 1.0
0.011880078421550899 0.07510803150581177 0.0 0.0 0.0 1.0
0.011986349662147105 0.07610245157711266 0.0 0.0 0.0 1.0
0.012028414387748083 0.07711231021861353 0.0 0.0 0.0 1.0
0.011888177637680231 0.07812247797380834 0.0 0.0 0.0 1.0
0.011868763641961915 0.07900015195705612 0.0 0.0 0.0 1.0
0.011974260117713888 0.07994095895107353 0.0 0.0 0.0 1.0
0.011995671774957648 0.08090959279294552 0.0 0.0 0.0 1.0
0.012136803958949203 0.08200279383447256 0.0 0.0 0.0 1.0
0.012032830898040206 0.08300674412119226 0.0 0.0 0.0 1.0
0.011873732908293728 0.08413259539902607 0.0 0.0 0.0 1.0
0.012140104344455675 0.08510487744842438 0.0 0.0 0.0 1.0
0.011975344488355862 0.08600440237262545 0.0 0.0 0.0 1.0
0.011913936925223753 0.08688422507004993 0.0 0.0 0.0 1.0
0.0121295766576368 0.0880922783030892 0.0 0.0 0.0 1.0
0.0118760735148853 0.08899977307316405 0.0 0.0 0.0 1.0
0.012019066945230318 0.08995242311943283 0.0 0.0 0.0 1.0
0.01207944669978657 0.09087855690616398 0.0 0.0 0.0 1.0
0.011954489868891922 0.09206844449596892 0.0 0.0 0.0 1.0
0.011897823819086953 0.09312477446380434 0.0 0.0 0.0 1.0
0.012138840620317944 0.0938915308572347 0.0 0.0 0.0 1.0
0.011973906111222775 0.09512337154715043 0.0 0.0 0.0 1.0
0.01200196438783257 0.09587554306713264 0.0 0.0 0.0 1.0
0.01192488432603835 0.09705583060180774 0.0 0.0 0.0 1.0
0.011959057711761992 0.09806781411195598 0.0 0.0 0.0 1.0
0.012061880916138568 0.09900080797440156 0.0 0.0 0.0 1.0
0.012990318886589946 -4.371955272268739e-5 0.0 0.0 0.0 1.0
0.01313374751732774 0.0010170107619513966 0.0 0.0 0.0 1.0
0.013105708450039033 0.0020955958599156274 0.0 0.0 0.0 1.0
0.012990621340292564 0.0030398087869560222 0.0 0.0 0.0 1.0
0.012932624448247054 0.0039547321538733835 0.0 0.0 0.0 1.0
0.013008364097031554 0.004924454613298472 0.0 0.0 0.0 1.0
0.013100123995748964 0.006003332299734835 0.0 0.0 0.0 1.0
0.0128626623523093 0.006922761112916629 0.0 0.0 0.0 1.0
0.012946669842637077 0.008138996923375897 0.0 0.0 0.0 1.0
0.012950775048601551 0.00898965875526286 0.0 0.0 0.0 1.0
0.013056492470039588 0.009955282727637581 0.0 0.0 0.0 1.0
0.013021605440434283 0.011098066259731691 0.0 0.0 0.0 1.0
0.01311003784980178 0.012106178414182909 0.0 0.0 0.0 1.0
0.01292491072142849 0.013029041148555976 0.0 0.0 0.0 1.0
0.01299959148025283 0.013898150624021265 0.0 0.0 0.0 1.0
0.012988042953176711 0.015045725871613312 0.0 0.0 0.0 1.0
0.013078928772987837 0.01594404433499168 0.0 0.0 0.0 1.0
0.012922890083313383 0.01703583481865558 0.0 0.0 0.0 1.0
0.012899745955744012 0.018056462973179845 0.0 0.0 0.0 1.0
0.013048153902860175 0.01909815846623224 0.0 0.0 0.0 1.0
0.013000301338480458 0.0199596106981598 0.0 0.0 0.0 1.0
0.01312668687585039 0.02113147080948043 0.0 0.0 0.0 1.0
0.012864762563918532 0.021954032578838708 0.0 0.0 0.0 1.0
0.012860362827200354 0.023054081624120204 0.0 0.0 0.0 1.0
0.013065415367564445 0.02405869542624731 0.0 0.0 0.0 1.0
0.012909119452104231 0.025126258829166637 0.0 0.0 0.0 1.0
0.012874831062202066 0.026142688896510703 0.0 0.0 0.0 1.0
0.013137828055408998 0.02702854267084658 0.0 0.0 0.0 1.0
0.012953678574426829 0.02793540808635832 0.0 0.0 0.0 1.0
0.012964148965300572 0.02897419523470708 0.0 0.0 0.0 1.0
0.012998440101656357 0.02990262821941933 0.0 0.0 0.0 1.0
0.01302184016121265 0.03110302917841261 0.0 0.0 0.0 1.0
0.013058756988925425 0.03185265917344787 0.0 0.0 0.0 1.0
0.013067040551757043 0.032979156872731764 0.0 0.0 0.0 1.0
0.012898343973310439 0.033992398318731215 0.0 0.0 0.0 1.0
0.012896995931272357 0.03486244027090226 0.0 0.0 0.0 1.0
0.01298020870264184 0.035976911679164406 0.0 0.0 0.0 1.0
0.012859796804681895 0.03700849823686413 0.0 0.0 0.0 1.0
0.013049521781927895 0.037981920910108755 0.0 0.0 0.0 1.0
0.013130568600269524 0.03895019907737212 0.0 0.0 0.0 1.0
0.012955324144668857 0.040040342959682666 0.0 0.0 0.0 1.0
0.012983128413666261 0.040894970171715 0.0 0.0 0.0 1.0
0.012905384176494073 0.04192529749004741 0.0 0.0 0.0 1.0
0.013033265310892406 0.04301889986834541 0.0 0.0 0.0 1.0
0.01309281971591373 0.04387121509595999 0.0 0.0 0.0 1.0
0.012948053270322796 0.04507812301453356 0.0 0.0 0.0 1.0
0.012890117331527307 0.046107718630940514 0.0 0.0 0.0 1.0
0.013007126298145747 0.04705095191681205 0.0 0.0 0.0 1.0
0.01293431721013588 0.04792573675964349 0.0 0.0 0.0 1.0
0.01314964549806298 0.04900244594959922 0.0 0.0 0.0 1.0
0.0129757317350192 0.049980804022262904 0.0 0.0 0.0 1.0
0.012911834120140932 0.05098251533563114 0.0 0.0 0.0 1.0
0.013039551910208301 0.0519244266204323 0.0 0.0 0.0 1.0
0.01293108936982245 0.05287933923566045 0.0 0.0 0.0 1.0
0.013148363398394071 0.05392824718444667 0.0 0.0 0.0 1.0
0.012980046743978034 0.0550960656379655 0.0 0.0 0.0 1.0
0.012901911619281885 0.05593081662800367 0.0 0.0 0.0 1.0
0.012851997671369466 0.05687125064113931 0.0 0.0 0.0 1.0
0.012979156402456008 0.058127005381845044 0.0 0.0 0.0 1.0
0.012890667647586923 0.059047187872818145 0.0 0.0 0.0 1.0
0.012972623081070625 0.0599067419246368 0.0 0.0 0.0 1.0
0.013034287975005096 0.060874532847137355 0.0 0.0 0.0 1.0
0.013042228398515952 0.06212258788326561 0.0 0.0 0.0 1.0
0.012987691458783179 0.06289981685200842 0.0 0.0 0.0 1.0
0.013057973721809042 0.06397977566481244 0.0 0.0 0.0 1.0
0.012939969131619483 0.06509980303722981 0.0 0.0 0.0 1.0
0.012892654032941903 0.06599188037102932 0.0 0.0 0.0 1.0
0.01307630420859857 0.0669993603835737 0.0 0.0 0.0 1.0
0.01310672982313265 0.06803737668064648 0.0 0.0 0.0 1.0
0.013091346152248138 0.06910132976406351 0.0 0.0 0.0 1.0
0.013008596618520576 0.0699504322324129 0.0 0.0 0.0 1.0
0.013017522560370668 0.07085373351148984 0.0 0.0 0.0 1.0
0.01286666398279682 0.07193895246459964 0.0 0.0 0.0 1.0
0.013072476736377538 0.07314953247621449 0.0 0.0 0.0 1.0
0.013124117320209011 0.07410440822507655 0.0 0.0 0.0 1.0
0.013070774551390281 0.0751385182092309 0.0 0.0 0.0 1.0
0.012879492031567784 0.07585097091425684 0.0 0.0 0.0 1.0
0.013031994221040408 0.07687620531404098 0.0 0.0 0.0 1.0
0.013068380076431602 0.0780789054159075 0.0 0.0 0.0 1.0
0.012934896510070215 0.07885725188049503 0.0 0.0 0.0 1.0
0.012896963862705287 0.07999406198230707 0.0 0.0 0.0 1.0
0.012870301547466064 0.08104485563083895 0.0 0.0 0.0 1.0
0.012945221569138935 0.0819634359014272 0.0 0.0 0.0 1.0
0.013140515519020894 0.08311413911515304 0.0 0.0 0.0 1.0
0.013016260751298706 0.0840728869359891 0.0 0.0 0.0 1.0
0.013010517366735247 0.08503996704987912 0.0 0.0 0.0 1.0
0.01285348239291009 0.08590988130404392 0.0 0.0 0.0 1.0
0.012981992084006199 0.08704388945654953 0.0 0.0 0.0 1.0
0.013117620020941348 0.0881035571783809 0.0 0.0 0.0 1.0
0.013013665375904456 0.08910428264305033 0.0 0.0 0.0 1.0
0.01296076287307458 0.08985232068635055 0.0 0.0 0.0 1.0
0.013087623716479896 0.0910958787789717 0.0 0.0 0.0 1.0
0.012883324739156009 0.09203288460579506 0.0 0.0 0.0 1.0
0.012973207293754778 0.09312426251991937 0.0 0.0 0.0 1.0
0.012933440984471018 0.09406168568237752 0.0 0.0 0.0 1.0
0.012987570167633493 0.09492399920605736 0.0 0.0 0.0 1.0
0.013082391568373722 0.09593161788257194 0.0 0.0 0.0 1.0
0.013058812826158946 0.09694311781572507 0.0 0.0 0.0 1.0
0.013066261772917854 0.09798022592933447 0.0 0.0 0.0 1.0
0.012908329968876253 0.09904607294400383 0.0 0.0 0.0 1.0
0.013929844170925167 5.6574079208040216e-5 0.0 0.0 0.0 1.0
0.01412897629205391 0.0011330948929049005 0.0 0.0 0.0 1.0
0.014075674531126223 0.0018500972041082166 0.0 0.0 0.0 1.0
0.014064762276816665 0.0029056032873904752 0.0 0.0 0.0 1.0
0.013961346383586253 0.003874423461496876 0.0 0.0 0.0 1.0
0.014001250570171667 0.004883793866412563 0.0 0.0 0.0 1.0
0.014118719770994737 0.005898050535452494 0.0 0.0 0.0 1.0
0.014042751769467924 0.007092293224608276 0.0 0.0 0.0 1.0
0.013912707395217824 0.008089599167588146 0.0 0.0 0.0 1.0
0.013867121705353088 0.008970778797585899 0.0 0.0 0.0 1.0
0.013901883937197242 0.010040508207147013 0.0 0.0 0.0 1.0
0.01406160979969215 0.01092008528875145 0.0 0.0 0.0 1.0
0.013995552793939135 0.012101602126452829 0.0 0.0 0.0 1.0
0.01393796184823695 0.013115636560871087 0.0 0.0 0.0 1.0
0.014106772496364429 0.013963256759626081 0.0 0.0 0.0 1.0
0.01399770966534018 0.015031740038419651 0.0 0.0 0.0 1.0
0.013991057054448095 0.015979433594523352 0.0 0.0 0.0 1.0
0.013963962935902118 0.016988151315895608 0.0 0.0 0.0 1.0
0.014110154251328914 0.017993799914437666 0.0 0.0 0.0 1.0
0.014001909231035494 0.01886580818686651 0.0 0.0 0.0 1.0
0.013993621146111766 0.02006372406012803 0.0 0.0 0.0 1.0
0.01404518759438118 0.021099905011154423 0.0 0.0 0.0 1.0
0.013913594999132166 0.02211713022163475 0.0 0.0 0.0 1.0
0.014013541639466404 0.023063511332678602 0.0 0.0 0.0 1.0
0.014013799165794484 0.023953435915139043 0.0 0.0 0.0 1.0
0.013981004627670175 0.024975911868331292 0.0 0.0 0.0 1.0
0.01387107153022491 0.026072046635903515 0.0 0.0 0.0 1.0
0.013992636700214266 0.027100325183749486 0.0 0.0 0.0 1.0
0.013965715329359963 0.028034714850228 0.0 0.0 0.0 1.0
0.014016621305405314 0.02910571929283886 0.0 0.0 0.0 1.0
0.014092036602620666 0.029978261747398618 0.0 0.0 0.0 1.0
0.013937069642392557 0.030965816744553874 0.0 0.0 0.0 1.0
0.013869645313947552 0.03197722346186904 0.0 0.0 0.0 1.0
0.01414141296228459 0.032949738855950414 0.0 0.0 0.0 1.0
0.013984917499881079 0.03408545616275669 0.0 0.0 0.0 1.0
0.014145203067332995 0.03496361824627695 0.0 0.0 0.0 1.0
0.014003723131190656 0.036082902122148076 0.0 0.0 0.0 1.0
0.013906264111368215 0.03713265019281459 0.0 0.0 0.0 1.0
0.014077772305579146 0.037930898684085446 0.0 0.0 0.0 1.0
0.014108744411428146 0.03912079889301083 0.0 0.0 0.0 1.0
0.013966664801320737 0.03991598274919616 0.0 0.0 0.0 1.0
0.014028095330332974 0.040877181714286205 0.0 0.0 0.0 1.0
0.013890307209675934 0.042124324733643095 0.0 0.0 0.0 1.0
0.013909742561042172 0.043019317747983114 0.0 0.0 0.0 1.0
0.013878804105778172 0.043898621256970395 0.0 0.0 0.0 1.0
0.014076634317850535 0.04502120625402427 0.0 0.0 0.0 1.0
0.0141008968570232 0.04592938118267284 0.0 0.0 0.0 1.0
0.013924726816183598 0.04696787060796062 0.0 0.0 0.0 1.0
0.014124449293638784 0.04788967296055266 0.0 0.0 0.0 1.0
0.013897517906028611 0.04911663243416112 0.0 0.0 0.0 1.0
0.014036707691160418 0.04996485506440832 0.0 0.0 0.0 1.0
0.013882028466673715 0.05106394743577723 0.0 0.0 0.0 1.0
0.01406855485080144 0.05208355555963353 0.0 0.0 0.0 1.0
0.013892532101184404 0.0530157546091552 0.0 0.0 0.0 1.0
0.014038019743509156 0.05402262817220432 0.0 0.0 0.0 1.0
0.014105478184204654 0.05495948503750337 0.0 0.0 0.0 1.0
0.01396108828939864 0.05612197331914561 0.0 0.0 0.0 1.0
0.013947374245827135 0.056984448540964634 0.0 0.0 0.0 1.0
0.014099111580388233 0.057985636906899736 0.0 0.0 0.0 1.0
0.01410617985914004 0.05893834064943806 0.0 0.0 0.0 1.0
0.014044880377288672 0.059931140387611194 0.0 0.0 0.0 1.0
0.013881009972971432 0.061103058666754986 0.0 0.0 0.0 1.0
0.013907908857006247 0.0621133620423236 0.0 0.0 0.0 1.0
0.014085819544789999 0.06301731257477258 0.0 0.0 0.0 1.0
0.014077760858718397 0.06403688512182222 0.0 0.0 0.0 1.0
0.014141650774463999 0.06487780905009485 0.0 0.0 0.0 1.0
0.014144921298620569 0.06598413030134219 0.0 0.0 0.0 1.0
0.01403029840024198 0.06696842350945262 0.0 0.0 0.0 1.0
0.01414643142413574 0.06813747459283535 0.0 0.0 0.0 1.0
0.014002204332065987 0.06914048815532413 0.0 0.0 0.0 1.0
0.014049034689600165 0.0699470892541911 0.0 0.0 0.0 1.0
0.014141077826205937 0.07109208236301445 0.0 0.0 0.0 1.0
0.014048035495199715 0.07198071859289998 0.0 0.0 0.0 1.0
0.013936008680063117 0.07302429217988235 0.0 0.0 0.0 1.0
0.014118534922893227 0.07404802378070281 0.0 0.0 0.0 1.0
0.01394090151562695 0.07514056977874267 0.0 0.0 0.0 1.0
0.013978929963236054 0.07593588079330824 0.0 0.0 0.0 1.0
0.014138619331094638 0.07690802932483233 0.0 0.0 0.0 1.0
0.013895190717148035 0.07803472836812084 0.0 0.0 0.0 1.0
0.014005971405575881 0.07886835275953519 0.0 0.0 0.0 1.0
0.013969195170821264 0.07995811601097086 0.0 0.0 0.0 1.0
0.014063666286290175 0.08089458908759617 0.0 0.0 0.0 1.0
0.013963446555212118 0.0820719074066098 0.0 0.0 0.0 1.0
0.014095900292466925 0.0830164526087179 0.0 0.0 0.0 1.0
0.014020561213658963 0.0838959346621786 0.0 0.0 0.0 1.0
0.014093868645081173 0.0850076831951124 0.0 0.0 0.0 1.0
0.01411782112720935 0.08589377104353588 0.0 0.0 0.0 1.0
0.013891460886184818 0.08697471224542455 0.0 0.0 0.0 1.0
0.013950202188458084 0.08807416912490527 0.0 0.0 0.0 1.0
0.01414464556544574 0.08891102303799471 0.0 0.0 0.0 1.0
0.013966461377154857 0.0901205482389736 0.0 0.0 0.0 1.0
0.014117029383594642 0.09088138710843548 0.0 0.0 0.0 1.0
0.014115212591591039 0.09188039923836469 0.0 0.0 0.0 1.0
0.013999164384522008 0.09305461208904882 0.0 0.0 0.0 1.0
0.014027056991998162 0.09399934901775923 0.0 0.0 0.0 1.0
0.013998156439558988 0.09502480089270364 0.0 0.0 0.0 1.0
0.01407555943082133 0.09591094748878634 0.0 0.0 0.0 1.0
0.014048460792151878 0.09712061351804066 0.0 0.0 0.0 1.0
0.014113490841430805 0.09801886337060824 0.0 0.0 0.0 1.0
0.014023439087821521 0.09908174668543843 0.0 0.0 0.0 1.0
0.015093935296631432 0.00011056362912013678 0.0 0.0 0.0 1.0
0.014949807909963333 0.000952334126107379 0.0 0.0 0.0 1.0
0.014993902990511813 0.001995112336458272 0.0 0.0 0.0 1.0
0.014852138121655605 0.0030631048361254554 0.0 0.0 0.0 1.0
0.015071974046530393 0.003917188812248327 0.0 0.0 0.0 1.0
0.015126222676967858 0.0049893263736106195 0.0 0.0 0.0 1.0
0.01488029670538846 0.0060005337434647366 0.0 0.0 0.0 1.0
0.015071641383386241 0.0071009512503545 0.0 0.0 0.0 1.0
0.015099032974374354 0.008084509714507034 0.0 0.0 0.0 1.0
0.01489135474869945 0.009082440934214148 0.0 0.0 0.0 1.0
0.01506765424283964 0.010046974208210591 0.0 0.0 0.0 1.0
0.015007797083719588 0.010972098236172801 0.0 0.0 0.0 1.0
0.014890796076727154 0.011989865618895834 0.0 0.0 0.0 1.0
0.01504854896850054 0.013006890423612682 0.0 0.0 0.0 1.0
0.015081553881336321 0.013976911778993545 0.0 0.0 0.0 1.0
0.015046142321505224 0.014932259286052303 0.0 0.0 0.0 1.0
0.014851945971617249 0.015862819946502155 0.0 0.0 0.0 1.0
0.014996061665151843 0.016858877503813513 0.0 0.0 0.0 1.0
0.014997799670173588 0.017898067585043434 0.0 0.0 0.0 1.0
0.014941465438037767 0.019138533770455157 0.0 0.0 0.0 1.0
0.015063637404551947 0.019913325107329804 0.0 0.0 0.0 1.0
0.015012746248361474 0.02104644672534518 0.0 0.0 0.0 1.0
0.014942197424681093 0.021937453683275387 0.0 0.0 0.0 1.0
0.015092948840080308 0.022889452383838823 0.0 0.0 0.0 1.0
0.01501733523956799 0.023908265825068505 0.0 0.0 0.0 1.0
0.014919681841903232 0.024944551692555182 0.0 0.0 0.0 1.0
0.015088151450556284 0.026025113004539455 0.0 0.0 0.0 1.0
0.015039588060516099 0.026987851111468335 0.0 0.0 0.0 1.0
0.015089195722475838 0.02790126399540372 0.0 0.0 0.0 1.0
0.015043137435964539 0.02889547175976196 0.0 0.0 0.0 1.0
0.014966565982189293 0.030035396352742674 0.0 0.0 0.0 1.0
0.014948407377099269 0.03094267662096366 0.0 0.0 0.0 1.0
0.015053602675010701 0.03207560851281602 0.0 0.0 0.0 1.0
0.014944890436837346 0.03285039193690279 0.0 0.0 0.0 1.0
0.01508273819768586 0.03413548853213116 0.0 0.0 0.0 1.0
0.015043788336088323 0.03501628073288937 0.0 0.0 0.0 1.0
0.014947540154667904 0.036016690906871776 0.0 0.0 0.0 1.0
0.014931409898853863 0.03709778035441265 0.0 0.0 0.0 1.0
0.01500398326535383 0.037992907708742585 0.0 0.0 0.0 1.0
0.014940819756757762 0.03907189618710294 0.0 0.0 0.0 1.0
0.014898327512466128 0.04007360123473329 0.0 0.0 0.0 1.0
0.015038389374262948 0.04110077774825849 0.0 0.0 0.0 1.0
0.014880544313544901 0.04210358078774115 0.0 0.0 0.0 1.0
0.01512612389629848 0.04310408918761258 0.0 0.0 0.0 1.0
0.014858661959100593 0.0440549331733018 0.0 0.0 0.0 1.0
0.01502559056031878 0.0450219233056354 0.0 0.0 0.0 1.0
0.015067782346604806 0.04605605239291205 0.0 0.0 0.0 1.0
0.014890345256071177 0.04704209062160498 0.0 0.0 0.0 1.0
0.014929410280509205 0.047958607014569304 0.0 0.0 0.0 1.0
0.0150163747112854 0.048990191979234265 0.0 0.0 0.0 1.0
0.014908584699714577 0.049890183081140946 0.0 0.0 0.0 1.0
0.014910469875752317 0.051036766762146094 0.0 0.0 0.0 1.0
0.015089596660312598 0.05196363686518868 0.0 0.0 0.0 1.0
0.014925672711840653 0.0530260885853554 0.0 0.0 0.0 1.0
0.014938900308679273 0.0539960817155291 0.0 0.0 0.0 1.0
0.015078969208176795 0.05487081997953546 0.0 0.0 0.0 1.0
0.015064271910209856 0.05595345026555641 0.0 0.0 0.0 1.0
0.015042001879445833 0.0571148062521943 0.0 0.0 0.0 1.0
0.014906164719030555 0.05799768252181391 0.0 0.0 0.0 1.0
0.015132504824625378 0.05909821991545564 0.0 0.0 0.0 1.0
0.01511960108462729 0.05992054065608364 0.0 0.0 0.0 1.0
0.01506247479294139 0.06107792658200536 0.0 0.0 0.0 1.0
0.015013124027646678 0.0620549803901779 0.0 0.0 0.0 1.0
0.01491521366725885 0.06295797175556785 0.0 0.0 0.0 1.0
0.014928968488936952 0.06409943907256471 0.0 0.0 0.0 1.0
0.01505527592845351 0.0650471941035763 0.0 0.0 0.0 1.0
0.014981931902015322 0.06586452761422577 0.0 0.0 0.0 1.0
0.014912085457269103 0.06685792041917235 0.0 0.0 0.0 1.0
0.014882888855569215 0.06813323620630196 0.0 0.0 0.0 1.0
0.014863594805948161 0.06904844438550344 0.0 0.0 0.0 1.0
0.01501619103683152 0.06991844825332795 0.0 0.0 0.0 1.0
0.015012679368950529 0.07108064110485239 0.0 0.0 0.0 1.0
0.014937121183714713 0.07203789269915516 0.0 0.0 0.0 1.0
0.01512104444226588 0.07288260515745668 0.0 0.0 0.0 1.0
0.015063621791977845 0.07405786725272559 0.0 0.0 0.0 1.0
0.015069603057061955 0.07504969053065996 0.0 0.0 0.0 1.0
0.014946885373732543 0.07595614926067262 0.0 0.0 0.0 1.0
0.014869676176301699 0.07691930834496581 0.0 0.0 0.0 1.0
0.015097446784469047 0.0780203293354017 0.0 0.0 0.0 1.0
0.015118154625469053 0.07910148217405362 0.0 0.0 0.0 1.0
0.015052896930991353 0.07994143903570416 0.0 0.0 0.0 1.0
0.014856663413838936 0.08107323936817358 0.0 0.0 0.0 1.0
0.01505297989074193 0.08197937770654512 0.0 0.0 0.0 1.0
0.015009290370199477 0.0830477562432327 0.0 0.0 0.0 1.0
0.015009119256688823 0.08392887164156274 0.0 0.0 0.0 1.0
0.01506122655018611 0.0851077737513134 0.0 0.0 0.0 1.0
0.014943319033864606 0.0859111716801511 0.0 0.0 0.0 1.0
0.015006716312871099 0.08686308973328301 0.0 0.0 0.0 1.0
0.015147233157082298 0.0878806653528099 0.0 0.0 0.0 1.0
0.015131088672292917 0.08904418954138574 0.0 0.0 0.0 1.0
0.014851768917803439 0.09012241391915451 0.0 0.0 0.0 1.0
0.014928885323315707 0.09112870052227011 0.0 0.0 0.0 1.0
0.014996795539089895 0.09188962691111978 0.0 0.0 0.0 1.0
0.015039210028058992 0.09301923032869688 0.0 0.0 0.0 1.0
0.014985777930165013 0.09413373279374809 0.0 0.0 0.0 1.0
0.015042178213994409 0.09501540205344707 0.0 0.0 0.0 1.0
0.014958722248812043 0.09587093290290911 0.0 0.0 0.0 1.0
0.014986681765863078 0.0971436378832767 0.0 0.0 0.0 1.0
0.015042888902199904 0.09809061960265214 0.0 0.0 0.0 1.0
0.014919995112753185 0.0989277539370375 0.0 0.0 0.0 1.0
0.015911685836297405 0.00013644250008276097 0.0 0.0 0.0 1.0
0.015950120724108393 0.0011076791741061094 0.0 0.0 0.0 1.0
0.01595680049991271 0.001878206165297677 0.0 0.0 0.0 1.0
0.015938837271730677 0.0029063753562722813 0.0 0.0 0.0 1.0
0.01593683170653599 0.0038720171940238605 0.0 0.0 0.0 1.0
0.016074231657221442 0.005092386228360773 0.0 0.0 0.0 1.0
0.01595762138740017 0.006036981009851919 0.0 0.0 0.0 1.0
0.016027454370788913 0.006973243620289641 0.0 0.0 0.0 1.0
0.016130689562160898 0.008084947843936935 0.0 0.0 0.0 1.0
0.015906526017810417 0.008867265215474004 0.0 0.0 0.0 1.0
0.016067636706496143 0.010071029305982316 0.0 0.0 0.0 1.0
0.015905811657839358 0.010944954681220738 0.0 0.0 0.0 1.0
0.015869067513061576 0.011966228492508203 0.0 0.0 0.0 1.0
0.015959204415656188 0.01306453943494501 0.0 0.0 0.0 1.0
0.016017206871789813 0.014121131418640083 0.0 0.0 0.0 1.0
0.01611808692381543 0.01510372519059855 0.0 0.0 0.0 1.0
0.015866781424558416 0.016143344135790154 0.0 0.0 0.0 1.0
0.01595750241534841 0.01705412059420965 0.0 0.0 0.0 1.0
0.016016688346433716 0.017858797840502018 0.0 0.0 0.0 1.0
0.01598768442358131 0.01893575474302346 0.0 0.0 0.0 1.0
0.01614116091827809 0.020051968822578117 0.0 0.0 0.0 1.0
0.015859051773455913 0.021069257578504644 0.0 0.0 0.0 1.0
0.01607998571084383 0.022108570023792854 0.0 0.0 0.0 1.0
0.016143591810125348 0.02294525977278976 0.0 0.0 0.0 1.0
0.016121765637351758 0.023893220235951185 0.0 0.0 0.0 1.0
0.01586580433148501 0.02493983087895757 0.0 0.0 0.0 1.0
0.01588974500751211 0.026095940398616624 0.0 0.0 0.0 1.0
0.01609432367850722 0.027112481641057097 0.0 0.0 0.0 1.0
0.01600112618658122 0.027997091206006505 0.0 0.0 0.0 1.0
0.01591229781549532 0.028926519282553787 0.0 0.0 0.0 1.0
0.015986031278570668 0.029865601478193282 0.0 0.0 0.0 1.0
0.016132531366705716 0.030866285506752387 0.0 0.0 0.0 1.0
0.01612449085343499 0.031969429573571274 0.0 0.0 0.0 1.0
0.01614762696748052 0.03302006016139084 0.0 0.0 0.0 1.0
0.016103004219303895 0.03388744694264677 0.0 0.0 0.0 1.0
0.015934387922621876 0.03503087882039607 0.0 0.0 0.0 1.0
0.01609933272958734 0.036104487066991535 0.0 0.0 0.0 1.0
0.016097312989398805 0.03692923044761933 0.0 0.0 0.0 1.0
0.015979581411967883 0.03805501406247603 0.0 0.0 0.0 1.0
0.016064456645004617 0.03900152195723992 0.0 0.0 0.0 1.0
0.015857792548199003 0.04009402605344637 0.0 0.0 0.0 1.0
0.016064473109902794 0.04085024938282575 0.0 0.0 0.0 1.0
0.016144322408643285 0.04214430576782485 0.0 0.0 0.0 1.0
0.015856899099940012 0.042969455129899845 0.0 0.0 0.0 1.0
0.015894368196066207 0.04398416381419146 0.0 0.0 0.0 1.0
0.016028865157090018 0.044854468977817495 0.0 0.0 0.0 1.0
0.016002588003302287 0.04614876959497521 0.0 0.0 0.0 1.0
0.016031480291592293 0.0469866614385634 0.0 0.0 0.0 1.0
0.015915477629879347 0.048002806604610725 0.0 0.0 0.0 1.0
0.015946114879215195 0.04909800316605248 0.0 0.0 0.0 1.0
0.015882237460360302 0.05005186717634587 0.0 0.0 0.0 1.0
0.01596832563943549 0.050973044659141216 0.0 0.0 0.0 1.0
0.016030466345772494 0.05189572942852466 0.0 0.0 0.0 1.0
0.016068264316037067 0.052953973040140365 0.0 0.0 0.0 1.0
0.015950730328641496 0.05398613201345064 0.0 0.0 0.0 1.0
0.01604737488073028 0.055010688979015926 0.0 0.0 0.0 1.0
0.016013057321839743 0.0559706728450188 0.0 0.0 0.0 1.0
0.016070219976890798 0.057095953411655465 0.0 0.0 0.0 1.0
0.016057910778541927 0.05791699240193191 0.0 0.0 0.0 1.0
0.015860258804377334 0.0590637901332829 0.0 0.0 0.0 1.0
0.01596724064832025 0.06014285687103644 0.0 0.0 0.0 1.0
0.016048875638019048 0.060939540745674925 0.0 0.0 0.0 1.0
0.016077203126880935 0.06196199097940441 0.0 0.0 0.0 1.0
0.016012558937720123 0.0630525197970023 0.0 0.0 0.0 1.0
0.01586591337742772 0.06395456429040887 0.0 0.0 0.0 1.0
0.01588450330788886 0.06500272673067628 0.0 0.0 0.0 1.0
0.01600419014746961 0.06611750053246697 0.0 0.0 0.0 1.0
0.01608150146830595 0.067109954930469 0.0 0.0 0.0 1.0
0.016046221584574243 0.06804821915474674 0.0 0.0 0.0 1.0
0.015929239461837198 0.06899044837843209 0.0 0.0 0.0 1.0
0.015878896911269782 0.06994620730186092 0.0 0.0 0.0 1.0
0.016111249858967853 0.07108327383172523 0.0 0.0 0.0 1.0
0.016060323933150645 0.07208409464125148 0.0 0.0 0.0 1.0
0.016129784529705215 0.07296781795762987 0.0 0.0 0.0 1.0
0.016047358831274727 0.07402266510697046 0.0 0.0 0.0 1.0
0.016004229896432052 0.07501810885651568 0.0 0.0 0.0 1.0
0.01603192081358023 0.07586957486044622 0.0 0.0 0.0 1.0
0.01588952972588755 0.07713294745265664 0.0 0.0 0.0 1.0
0.0160751942947145 0.07812536310855561 0.0 0.0 0.0 1.0
0.015970620374348484 0.07914554044054195 0.0 0.0 0.0 1.0
0.015850565677804032 0.08003620700760747 0.0 0.0 0.0 1.0
0.015892651898365587 0.08092250934761233 0.0 0.0 0.0 1.0
0.016005333185147113 0.08188463787992337 0.0 0.0 0.0 1.0
0.016066191401538595 0.08306026948824778 0.0 0.0 0.0 1.0
0.01604554926022897 0.08386413682714143 0.0 0.0 0.0 1.0
0.015887044907720558 0.08495336481511398 0.0 0.0 0.0 1.0
0.01590537305033797 0.08592961584178734 0.0 0.0 0.0 1.0
0.015892236657814477 0.08709603499356919 0.0 0.0 0.0 1.0
0.016019385501979767 0.08785690718891134 0.0 0.0 0.0 1.0
0.01598616981466601 0.08887086277510223 0.0 0.0 0.0 1.0
0.01614385967379784 0.09006821409236221 0.0 0.0 0.0 1.0
0.01585390167117467 0.09103906705603125 0.0 0.0 0.0 1.0
0.0160929916436416 0.0918588553426431 0.0 0.0 0.0 1.0
0.016010090702438064 0.09289236055785743 0.0 0.0 0.0 1.0
0.015944580126099728 0.09412356218822139 0.0 0.0 0.0 1.0
0.015960638055317236 0.0948856789524238 0.0 0.0 0.0 1.0
0.01605254395667516 0.09598245944169692 0.0 0.0 0.0 1.0
0.016135356193110986 0.09690933687862749 0.0 0.0 0.0 1.0
0.01610831958276046 0.09786088759371153 0.0 0.0 0.0 1.0
0.016027818098338146 0.09905529873988048 0.0 0.0 0.0 1.0
0.016970208087235754 -3.660707315022009e-5 0.0 0.0 0.0 1.0
0.016903440253777956 0.0010006750182369748 0.0 0.0 0.0 1.0
0.016999829942208524 0.0020325738687686 0.0 0.0 0.0 1.0
0.016977189492803555 0.0030889420652156704 0.0 0.0 0.0 1.0
0.01712152297888806 0.003886190848430164 0.0 0.0 0.0 1.0
0.016914211260696366 0.004864443099683241 0.0 0.0 0.0 1.0
0.01706272831536621 0.006040743117360415 0.0 0.0 0.0 1.0
0.016868125034052613 0.006940607331787849 0.0 0.0 0.0 1.0
0.01712371989336543 0.00793197284047654 0.0 0.0 0.0 1.0
0.017005926936940807 0.008944711225208533 0.0 0.0 0.0 1.0
0.01713721733806009 0.009884287707622766 0.0 0.0 0.0 1.0
0.016983438626661008 0.011100559270074053 0.0 0.0 0.0 1.0
0.017085634683583498 0.012065307220161312 0.0 0.0 0.0 1.0
0.017039844457160218 0.012898063918373722 0.0 0.0 0.0 1.0
0.017078370564238228 0.013900210795274237 0.0 0.0 0.0 1.0
0.01711763812152487 0.015118898427572015 0.0 0.0 0.0 1.0
0.017056525360999764 0.01593495317805789 0.0 0.0 0.0 1.0
0.017117557684650377 0.01695164872921947 0.0 0.0 0.0 1.0
0.016864871951714763 0.017936699164615866 0.0 0.0 0.0 1.0
0.01706655380902486 0.019001008599662892 0.0 0.0 0.0 1.0
0.01702774469867774 0.01993232064375901 0.0 0.0 0.0 1.0
0.017057412976300694 0.020991405508909513 0.0 0.0 0.0 1.0
0.01690697975951462 0.02209881360273217 0.0 0.0 0.0 1.0
0.017133726353492997 0.02292978929865641 0.0 0.0 0.0 1.0
0.01707530452944137 0.02409079624506576 0.0 0.0 0.0 1.0
0.017048507045495008 0.025050039243977716 0.0 0.0 0.0 1.0
0.017082665733388354 0.025909419225084006 0.0 0.0 0.0 1.0
0.016978295741049986 0.02699750726209366 0.0 0.0 0.0 1.0
0.017067148479856596 0.02812656246718731 0.0 0.0 0.0 1.0
0.01686161898221478 0.029037851882456858 0.0 0.0 0.0 1.0
0.016901776402724826 0.029897763502346623 0.0 0.0 0.0 1.0
0.01689580690446385 0.030918026005838768 0.0 0.0 0.0 1.0
0.01701616412236488 0.03195902687342262 0.0 0.0 0.0 1.0
0.016953325292622754 0.033006026271907324 0.0 0.0 0.0 1.0
0.01691395563014359 0.03413478461477518 0.0 0.0 0.0 1.0
0.01694484839622432 0.03490458430110448 0.0 0.0 0.0 1.0
0.017011627667512144 0.0359900019943954 0.0 0.0 0.0 1.0
0.017104196112475874 0.03688317954501267 0.0 0.0 0.0 1.0
0.017096457145260754 0.038023246497847836 0.0 0.0 0.0 1.0
0.01706189683930881 0.03895380264573838 0.0 0.0 0.0 1.0
0.016862597909806456 0.04001423246140027 0.0 0.0 0.0 1.0
0.01706651295767949 0.04085257707515607 0.0 0.0 0.0 1.0
0.016867359854675558 0.042091219400796596 0.0 0.0 0.0 1.0
0.016916602153270732 0.0430084189722894 0.0 0.0 0.0 1.0
0.017061359543318826 0.04392571752206245 0.0 0.0 0.0 1.0
0.01696018675568955 0.04511281845669565 0.0 0.0 0.0 1.0
0.01701001848747291 0.04603333584737641 0.0 0.0 0.0 1.0
0.01700012124331425 0.046986970418853025 0.0 0.0 0.0 1.0
0.016895168418039654 0.04798142619035037 0.0 0.0 0.0 1.0
0.01686814879465609 0.04896086978370296 0.0 0.0 0.0 1.0
0.017131590662400123 0.0499238192808059 0.0 0.0 0.0 1.0
0.017138995508374208 0.050960462538699014 0.0 0.0 0.0 1.0
0.017029941172203307 0.051891345822670694 0.0 0.0 0.0 1.0
0.016922227015443818 0.053095317991605426 0.0 0.0 0.0 1.0
0.016983023238883368 0.05405497179680745 0.0 0.0 0.0 1.0
0.017008215138151893 0.055073589363523065 0.0 0.0 0.0 1.0
0.016917561371937333 0.05605283859540076 0.0 0.0 0.0 1.0
0.016893374084628134 0.05708089022785717 0.0 0.0 0.0 1.0
0.016853130748296294 0.05805886025837279 0.0 0.0 0.0 1.0
0.017124604482122857 0.058887405776441526 0.0 0.0 0.0 1.0
0.016863991461984314 0.05998753962415507 0.0 0.0 0.0 1.0
0.016867943915840726 0.061012246378461726 0.0 0.0 0.0 1.0
0.016988691485222134 0.062057776283376935 0.0 0.0 0.0 1.0
0.016852121807962504 0.06313500556620873 0.0 0.0 0.0 1.0
0.016986980473181968 0.06412352249174355 0.0 0.0 0.0 1.0
0.01710724297081148 0.0651262316669838 0.0 0.0 0.0 1.0
0.017046269487002958 0.06608133653797779 0.0 0.0 0.0 1.0
0.016993277794183064 0.06704543921653927 0.0 0.0 0.0 1.0
0.01710339576848861 0.0679055355791447 0.0 0.0 0.0 1.0
0.017105153551977757 0.06896986217605226 0.0 0.0 0.0 1.0
0.01712432096815752 0.0699430451868146 0.0 0.0 0.0 1.0
0.016961831980332277 0.0708686163619753 0.0 0.0 0.0 1.0
0.016892444260606647 0.07192162054354097 0.0 0.0 0.0 1.0
0.016936628959524042 0.0729851722900989 0.0 0.0 0.0 1.0
0.01690737199813738 0.07393146565262323 0.0 0.0 0.0 1.0
0.017006558749182967 0.0749304764876073 0.0 0.0 0.0 1.0
0.016898086849547057 0.07592944648292406 0.0 0.0 0.0 1.0
0.01697196929897137 0.07693222250574473 0.0 0.0 0.0 1.0
0.017138478105353665 0.0779801745643961 0.0 0.0 0.0 1.0
0.016943735159578893 0.07891975986993799 0.0 0.0 0.0 1.0
0.016877107987347244 0.08010636831969398 0.0 0.0 0.0 1.0
0.017031442488800935 0.08092627360192255 0.0 0.0 0.0 1.0
0.017076255672660745 0.08194284468428245 0.0 0.0 0.0 1.0
0.017096560031285134 0.08292474928322241 0.0 0.0 0.0 1.0
0.016970609699946283 0.08397154059356433 0.0 0.0 0.0 1.0
0.01704271001259827 0.08499957165209261 0.0 0.0 0.0 1.0
0.0168503174559926 0.08600278311687629 0.0 0.0 0.0 1.0
0.016964806894777352 0.0869712443272574 0.0 0.0 0.0 1.0
0.017046524083260337 0.08807207079076401 0.0 0.0 0.0 1.0
0.016999952424502668 0.08887551269833513 0.0 0.0 0.0 1.0
0.017103396340621826 0.08993234693570962 0.0 0.0 0.0 1.0
0.016867882857470637 0.09108736153487253 0.0 0.0 0.0 1.0
0.017131939708156373 0.09199640287178935 0.0 0.0 0.0 1.0
0.016911274794778924 0.09288216499058036 0.0 0.0 0.0 1.0
0.01703594562474181 0.09392165903665009 0.0 0.0 0.0 1.0
0.01687944280085541 0.09501201368623842 0.0 0.0 0.0 1.0
0.01691040912707521 0.09601614883988303 0.0 0.0 0.0 1.0
0.016851024246166784 0.09696860645461368 0.0 0.0 0.0 1.0
0.017059563969101247 0.09811322975295417 0.0 0.0 0.0 1.0
0.017133163619778843 0.09888097454199847 0.0 0.0 0.0 1.0
0.01804567155368659 0.00014067822930274743 0.0 0.0 0.0 1.0
0.017930074590439028 0.0011022253960758224 0.0 0.0 0.0 1.0
0.01785911155155253 0.002052586111243144 0.0 0.0 0.0 1.0
0.017852604545232763 0.002909521386332977 0.0 0.0 0.0 1.0
0.01808002539086192 0.004034595009526586 0.0 0.0 0.0 1.0
0.018000253083133192 0.004988394528251046 0.0 0.0 0.0 1.0
0.01786419267991209 0.006002427429897044 0.0 0.0 0.0 1.0
0.0181043105918568 0.006934160795778683 0.0 0.0 0.0 1.0
0.018008376121903116 0.008053197117840884 0.0 0.0 0.0 1.0
0.01787339847035695 0.008938859960680117 0.0 0.0 0.0 1.0
0.018074235997614835 0.010114128121578489 0.0 0.0 0.0 1.0
0.018076676459218257 0.010893395765799355 0.0 0.0 0.0 1.0
0.01791096092454783 0.012066654948851679 0.0 0.0 0.0 1.0
0.01794741058361715 0.01309746587669799 0.0 0.0 0.0 1.0
0.017864861761949558 0.014115731028685836 0.0 0.0 0.0 1.0
0.01799807754934743 0.014851013213908207 0.0 0.0 0.0 1.0
0.017876419135887077 0.01603110669760615 0.0 0.0 0.0 1.0
0.01814851630353377 0.016926514804143537 0.0 0.0 0.0 1.0
0.01802816040959853 0.017879645958827146 0.0 0.0 0.0 1.0
0.018122991120949165 0.019122111870759566 0.0 0.0 0.0 1.0
0.017910614488736782 0.019950370356554933 0.0 0.0 0.0 1.0
0.01808411194370974 0.021043771760390007 0.0 0.0 0.0 1.0
0.018088565645274574 0.022028277980556423 0.0 0.0 0.0 1.0
0.018144560843614925 0.023076669386323797 0.0 0.0 0.0 1.0
0.018041497967205868 0.024022909788368484 0.0 0.0 0.0 1.0
0.01788018732676869 0.025081794724084887 0.0 0.0 0.0 1.0
0.01804208840006493 0.025942244179821654 0.0 0.0 0.0 1.0
0.017995499276768828 0.026976383638799888 0.0 0.0 0.0 1.0
0.01805179660108839 0.027892683479955153 0.0 0.0 0.0 1.0
0.017908234272929226 0.029008495480452725 0.0 0.0 0.0 1.0
0.017863374343384253 0.0299517875351144 0.0 0.0 0.0 1.0
0.01811425480720264 0.031124371874875583 0.0 0.0 0.0 1.0
0.018063799855330322 0.031880074464982186 0.0 0.0 0.0 1.0
0.018037448044743016 0.03308347236909557 0.0 0.0 0.0 1.0
0.01801122637076633 0.0338822738611965 0.0 0.0 0.0 1.0
0.018085679366507866 0.03495526668657782 0.0 0.0 0.0 1.0
0.017862068671799798 0.0359936317919702 0.0 0.0 0.0 1.0
0.017975522787427176 0.03705573559731342 0.0 0.0 0.0 1.0
0.018015685908173058 0.03813823393881255 0.0 0.0 0.0 1.0
0.017933614086469277 0.03888003653979875 0.0 0.0 0.0 1.0
0.018083739962022175 0.0401059072034628 0.0 0.0 0.0 1.0
0.01797359609001981 0.04107412865753626 0.0 0.0 0.0 1.0
0.017856673571766228 0.04204114289838299 0.0 0.0 0.0 1.0
0.018012923492797272 0.042999423156576365 0.0 0.0 0.0 1.0
0.018102618038851062 0.04399503273195902 0.0 0.0 0.0 1.0
0.018146779088456622 0.04498059794406662 0.0 0.0 0.0 1.0
0.018056619177910425 0.045872443315810855 0.0 0.0 0.0 1.0
0.017897768926434385 0.047039769527374126 0.0 0.0 0.0 1.0
0.01812946195972123 0.04790722305380586 0.0 0.0 0.0 1.0
0.01796344806135658 0.049130225496593016 0.0 0.0 0.0 1.0
0.01804668895435515 0.05011497972585221 0.0 0.0 0.0 1.0
0.01793273266040286 0.05100548527869413 0.0 0.0 0.0 1.0
0.017963918302068393 0.052049372481075246 0.0 0.0 0.0 1.0
0.018113596426530567 0.05311821706877448 0.0 0.0 0.0 1.0
0.017912588722644146 0.053894208816013006 0.0 0.0 0.0 1.0
0.018140913020941774 0.05499825164421995 0.0 0.0 0.0 1.0
0.01808789898445021 0.055955327257496905 0.0 0.0 0.0 1.0
0.018011590013304084 0.056949556983675056 0.0 0.0 0.0 1.0
0.017901143302973495 0.057911621418257744 0.0 0.0 0.0 1.0
0.017890139718207302 0.059090407523233246 0.0 0.0 0.0 1.0
0.017872400724597733 0.06005933848153056 0.0 0.0 0.0 1.0
0.017889547435224584 0.06110658642648339 0.0 0.0 0.0 1.0
0.017885161888118645 0.061967619821167594 0.0 0.0 0.0 1.0
0.017995107368672447 0.06307996729923951 0.0 0.0 0.0 1.0
0.0180570513525297 0.0639844761869754 0.0 0.0 0.0 1.0
0.017949075802406733 0.06499247290898397 0.0 0.0 0.0 1.0
0.017999913516905 0.06612493654465702 0.0 0.0 0.0 1.0
0.01800034678784946 0.06713753052039027 0.0 0.0 0.0 1.0
0.017875952682697697 0.0681383726776598 0.0 0.0 0.0 1.0
0.018036207364820953 0.0689736124088869 0.0 0.0 0.0 1.0
0.017942417146838096 0.07014457821253582 0.0 0.0 0.0 1.0
0.01790770002823964 0.07103507785006205 0.0 0.0 0.0 1.0
0.018049226171326208 0.07213408586586352 0.0 0.0 0.0 1.0
0.017855175326026082 0.0728736405699299 0.0 0.0 0.0 1.0
0.01795007122824296 0.07394412584957763 0.0 0.0 0.0 1.0
0.018034749373051294 0.07492538945840203 0.0 0.0 0.0 1.0
0.018113257698191366 0.0759053089479457 0.0 0.0 0.0 1.0
0.018128402635366716 0.07709927826775156 0.0 0.0 0.0 1.0
0.01811373379684341 0.07789313691204748 0.0 0.0 0.0 1.0
0.018064930605004137 0.07896167713283583 0.0 0.0 0.0 1.0
0.01809991072219923 0.07995817346455619 0.0 0.0 0.0 1.0
0.01800896723881942 0.0811473230418474 0.0 0.0 0.0 1.0
0.017928152150627052 0.08214459142573796 0.0 0.0 0.0 1.0
0.017898118316420485 0.08288417483680152 0.0 0.0 0.0 1.0
0.018013367303436674 0.08388526987154152 0.0 0.0 0.0 1.0
0.017888037143436442 0.08495417660387092 0.0 0.0 0.0 1.0
0.017985404033791397 0.08600826851472436 0.0 0.0 0.0 1.0
0.01799884736552483 0.08688371703485931 0.0 0.0 0.0 1.0
0.018073793390528416 0.08814510162341854 0.0 0.0 0.0 1.0
0.017958770841271777 0.08900358574955748 0.0 0.0 0.0 1.0
0.017910633197220947 0.09006591853857879 0.0 0.0 0.0 1.0
0.017961588314646285 0.09101390809880584 0.0 0.0 0.0 1.0
0.018098745765220085 0.09202721831953417 0.0 0.0 0.0 1.0
0.01793554517000187 0.09309607514848067 0.0 0.0 0.0 1.0
0.017908536390205877 0.09392316232764215 0.0 0.0 0.0 1.0
0.0179266995056898 0.0951480723676147 0.0 0.0 0.0 1.0
0.018073076232014332 0.09612897564580569 0.0 0.0 0.0 1.0
0.017928321167742872 0.09714826902716557 0.0 0.0 0.0 1.0
0.017978023011018966 0.09802035494464169 0.0 0.0 0.0 1.0
0.01799208726560307 0.0990484941009825 0.0 0.0 0.0 1.0
0.0190006541379352 5.738273217847677e-5 0.0 0.0 0.0 1.0
0.019099618195073644 0.0010761572767971194 0.0 0.0 0.0 1.0
0.0190401582491004 0.001998293925216602 0.0 0.0 0.0 1.0
0.01896925241390016 0.0030603387712639877 0.0 0.0 0.0 1.0
0.019104598308551084 0.003983866381490754 0.0 0.0 0.0 1.0
0.019038020903107463 0.004971201954139159 0.0 0.0 0.0 1.0
0.01910331100226267 0.005867878983107874 0.0 0.0 0.0 1.0
0.019053263988297778 0.006965036911155372 0.0 0.0 0.0 1.0
0.018915414652028922 0.007899692789220588 0.0 0.0 0.0 1.0
0.019092054699492676 0.008890171033674739 0.0 0.0 0.0 1.0
0.019037412261227273 0.01012666068572218 0.0 0.0 0.0 1.0
0.01899710415513536 0.01106308181615048 0.0 0.0 0.0 1.0
0.01910028396489044 0.011986419494400845 0.0 0.0 0.0 1.0
0.018921243395989763 0.01298275854559633 0.0 0.0 0.0 1.0
0.01910187762136414 0.013976090276953236 0.0 0.0 0.0 1.0
0.01909005365652872 0.015095859001026751 0.0 0.0 0.0 1.0
0.019018823740332876 0.016058154937130427 0.0 0.0 0.0 1.0
0.018972510985460263 0.016878999215641233 0.0 0.0 0.0 1.0
0.018887243020237213 0.017957595411811186 0.0 0.0 0.0 1.0
0.018984718628601453 0.01886626097065538 0.0 0.0 0.0 1.0
0.018951586696156767 0.02014871180138449 0.0 0.0 0.0 1.0
0.018962292653595034 0.021080892033432032 0.0 0.0 0.0 1.0
0.019140451893859878 0.0218926739830516 0.0 0.0 0.0 1.0
0.01907668183639665 0.02304061069756383 0.0 0.0 0.0 1.0
0.018977021006388272 0.024064790232258097 0.0 0.0 0.0 1.0
0.019103961568372428 0.024996942561482372 0.0 0.0 0.0 1.0
0.018968516150993493 0.025869104888082764 0.0 0.0 0.0 1.0
0.019023926995159368 0.02705315930234691 0.0 0.0 0.0 1.0
0.018981759557806562 0.028107048248587157 0.0 0.0 0.0 1.0
0.018981370348613424 0.029130997952115007 0.0 0.0 0.0 1.0
0.019093764844313403 0.030036300793309902 0.0 0.0 0.0 1.0
0.01892411795282262 0.03094373575399924 0.0 0.0 0.0 1.0
0.01895035826200003 0.032066421612027815 0.0 0.0 0.0 1.0
0.019076194930017134 0.03291527393946603 0.0 0.0 0.0 1.0
0.018889883347296205 0.03393128916818221 0.0 0.0 0.0 1.0
0.01902992711325683 0.034997623734169675 0.0 0.0 0.0 1.0
0.01892209481880541 0.036006956891393486 0.0 0.0 0.0 1.0
0.019140550608095466 0.03703397136066996 0.0 0.0 0.0 1.0
0.01910557744915138 0.03788983112294092 0.0 0.0 0.0 1.0
0.0191040998345142 0.03914965284755263 0.0 0.0 0.0 1.0
0.018854200268688785 0.03997045570694675 0.0 0.0 0.0 1.0
0.018876101120033545 0.04114038768056266 0.0 0.0 0.0 1.0
0.01908306376196287 0.04199332724499393 0.0 0.0 0.0 1.0
0.01896933481019926 0.04287721091885743 0.0 0.0 0.0 1.0
0.019112104061913823 0.043945368674729895 0.0 0.0 0.0 1.0
0.01903326976624677 0.04488728955917612 0.0 0.0 0.0 1.0
0.01905093656927563 0.04602453078860549 0.0 0.0 0.0 1.0
0.01905920998850432 0.04687824405558223 0.0 0.0 0.0 1.0
0.01909947526205468 0.047925385937236 0.0 0.0 0.0 1.0
0.019051617806680906 0.04890578280279314 0.0 0.0 0.0 1.0
0.018975101109391657 0.05006264398272929 0.0 0.0 0.0 1.0
0.019076342896976285 0.051111071655423695 0.0 0.0 0.0 1.0
0.01886236714531776 0.05214560431943606 0.0 0.0 0.0 1.0
0.019000455569139495 0.05312529343177005 0.0 0.0 0.0 1.0
0.019054019105258863 0.05390668421456353 0.0 0.0 0.0 1.0
0.018915987618271644 0.054863351813788805 0.0 0.0 0.0 1.0
0.01903738754921251 0.05592542338576772 0.0 0.0 0.0 1.0
0.018953880557664345 0.05686218133099819 0.0 0.0 0.0 1.0
0.01894510318607409 0.058044853735960945 0.0 0.0 0.0 1.0
0.018975624319137505 0.05895349470387893 0.0 0.0 0.0 1.0
0.019066113725530045 0.059944772970523856 0.0 0.0 0.0 1.0
0.018910844545602046 0.06105991226267497 0.0 0.0 0.0 1.0
0.0189068997335267 0.061879720355941 0.0 0.0 0.0 1.0
0.019090778795313745 0.06308644471183976 0.0 0.0 0.0 1.0
0.019091366274131313 0.06388969410163339 0.0 0.0 0.0 1.0
0.01904224288143887 0.06502265520246267 0.0 0.0 0.0 1.0
0.019091983502018642 0.06608820999153125 0.0 0.0 0.0 1.0
0.018930912381422697 0.06687780441193682 0.0 0.0 0.0 1.0
0.019126116139830004 0.06794128017478152 0.0 0.0 0.0 1.0
0.019070131322085813 0.06904601495525793 0.0 0.0 0.0 1.0
0.019057099401507818 0.07000635691300915 0.0 0.0 0.0 1.0
0.018921629516410184 0.07098586400421049 0.0 0.0 0.0 1.0
0.01912436875566481 0.07202075062681669 0.0 0.0 0.0 1.0
0.019017779522210815 0.07296668401665955 0.0 0.0 0.0 1.0
0.019109783080323323 0.07397407859318104 0.0 0.0 0.0 1.0
0.01891617523138253 0.07511549248906912 0.0 0.0 0.0 1.0
0.019055700829524416 0.07595865800720975 0.0 0.0 0.0 1.0
0.019145323133962923 0.07702436202324156 0.0 0.0 0.0 1.0
0.019104841745131187 0.07804970154907528 0.0 0.0 0.0 1.0
0.018900420087263857 0.07896234765686365 0.0 0.0 0.0 1.0
0.018875061649018407 0.07995324300135316 0.0 0.0 0.0 1.0
0.018894108442138558 0.08088746833720689 0.0 0.0 0.0 1.0
0.019126510625748574 0.08197329905001292 0.0 0.0 0.0 1.0
0.018911892168038087 0.08297050881614962 0.0 0.0 0.0 1.0
0.01896662755901328 0.08385202168668243 0.0 0.0 0.0 1.0
0.018862736115835485 0.0849858198358066 0.0 0.0 0.0 1.0
0.018904376114397083 0.0858926685797979 0.0 0.0 0.0 1.0
0.01895530494847267 0.0870714210505843 0.0 0.0 0.0 1.0
0.018945784503650063 0.08787738490596562 0.0 0.0 0.0 1.0
0.018890144161697594 0.08913838158021792 0.0 0.0 0.0 1.0
0.018994407712873636 0.08993899755935983 0.0 0.0 0.0 1.0
0.019029738370691517 0.0909439374619994 0.0 0.0 0.0 1.0
0.018958319369874924 0.09210912228126945 0.0 0.0 0.0 1.0
0.018911789693962282 0.09313148900571325 0.0 0.0 0.0 1.0
0.018964470465454467 0.09391879579405506 0.0 0.0 0.0 1.0
0.018875387788418654 0.09486330414628034 0.0 0.0 0.0 1.0
0.019059413899459157 0.09602183091855414 0.0 0.0 0.0 1.0
0.018966846719748458 0.09687092927910225 0.0 0.0 0.0 1.0
0.01894189104735339 0.09793684555827485 0.0 0.0 0.0 1.0
0.01888738085301336 0.09911630832406199 0.0 0.0 0.0 1.0
0.01996520971271918 -1.3237512229849257e-5 0.0 0.0 0.0 1.0
0.019966349205107533 0.000856298476103023 0.0 0.0 0.0 1.0
0.019896669797439155 0.001925574882706791 0.0 0.0 0.0 1.0
0.019979268097230395 0.0030276934796067273 0.0 0.0 0.0 1.0
0.019873206477299576 0.0038527898700910857 0.0 0.0 0.0 1.0
0.01991630762153964 0.0050910882466772365 0.0 0.0 0.0 1.0
0.020114066725927512 0.006121407145246246 0.0 0.0 0.0 1.0
0.020039919760342945 0.007045713436017949 0.0 0.0 0.0 1.0
0.01986082443964049 0.007996989227502008 0.0 0.0 0.0 1.0
0.019898945944725785 0.009057855788488627 0.0 0.0 0.0 1.0
0.02003795645992015 0.009853972142841191 0.0 0.0 0.0 1.0
0.019927189113882637 0.01089402957634507 0.0 0.0 0.0 1.0
0.01995615739109898 0.01198460469424166 0.0 0.0 0.0 1.0
0.019966605871515143 0.013099021061044104 0.0 0.0 0.0 1.0
0.019858737203547236 0.014012063705904975 0.0 0.0 0.0 1.0
0.01991625566665714 0.01494312798757284 0.0 0.0 0.0 1.0
0.019932019550085806 0.01609390024123514 0.0 0.0 0.0 1.0
0.019998394493003994 0.016937460397133817 0.0 0.0 0.0 1.0
0.019975178654027734 0.017993555750479236 0.0 0.0 0.0 1.0
0.019976652104905884 0.01889459871319805 0.0 0.0 0.0 1.0
0.019878840763429873 0.02013765509257673 0.0 0.0 0.0 1.0
0.019990922011157174 0.02107746793358949 0.0 0.0 0.0 1.0
0.019870646677095403 0.022046182250765427 0.0 0.0 0.0 1.0
0.019868929325102154 0.023039512476834733 0.0 0.0 0.0 1.0
0.020070071482534556 0.023972608519096855 0.0 0.0 0.0 1.0
0.02006268601368639 0.024877891793624252 0.0 0.0 0.0 1.0
0.02014032633187181 0.025883202303368477 0.0 0.0 0.0 1.0
0.01997810064489809 0.02688672531781878 0.0 0.0 0.0 1.0
0.019959101727309258 0.027943749953480125 0.0 0.0 0.0 1.0
0.019954532462404268 0.029119983163148275 0.0 0.0 0.0 1.0
0.020081371924058778 0.030114322102093083 0.0 0.0 0.0 1.0
0.020013558023110202 0.03087327707479533 0.0 0.0 0.0 1.0
0.01994465016673555 0.032146516150615284 0.0 0.0 0.0 1.0
0.019893927857243386 0.03291966406980294 0.0 0.0 0.0 1.0
0.0198926163038212 0.03397596481412753 0.0 0.0 0.0 1.0
0.020092786575599313 0.034874751592823564 0.0 0.0 0.0 1.0
0.020079595903957623 0.03608727217783534 0.0 0.0 0.0 1.0
0.01997635121686439 0.03691068254442159 0.0 0.0 0.0 1.0
0.019970481918766398 0.038125745280261504 0.0 0.0 0.0 1.0
0.019909590394338258 0.038902146979349524 0.0 0.0 0.0 1.0
0.019896358874480193 0.04002807824812879 0.0 0.0 0.0 1.0
0.020047708698933273 0.0409700453192452 0.0 0.0 0.0 1.0
0.020007754265981576 0.041865657798727404 0.0 0.0 0.0 1.0
0.019913838034344954 0.04295963566385805 0.0 0.0 0.0 1.0
0.020078786348458156 0.04395265628125623 0.0 0.0 0.0 1.0
0.020079135098586862 0.04490947371458865 0.0 0.0 0.0 1.0
0.02004640469790469 0.046010475325164946 0.0 0.0 0.0 1.0
0.02006739617484174 0.04700783308552029 0.0 0.0 0.0 1.0
0.019861393764954365 0.048054446855068905 0.0 0.0 0.0 1.0
0.020105350155465485 0.04911654930586671 0.0 0.0 0.0 1.0
0.020081682406469775 0.05003486730639092 0.0 0.0 0.0 1.0
0.01996637713042569 0.050925961086066035 0.0 0.0 0.0 1.0
0.020108789482399657 0.0518923607122944 0.0 0.0 0.0 1.0
0.019940919968147577 0.05290659955681521 0.0 0.0 0.0 1.0
0.020059025769716035 0.05393751802177915 0.0 0.0 0.0 1.0
0.020064781816052694 0.05494418992500915 0.0 0.0 0.0 1.0
0.019992069130196286 0.055885466835396594 0.0 0.0 0.0 1.0
0.020058270055027243 0.056976110678878075 0.0 0.0 0.0 1.0
0.019930808957386515 0.05795397612593761 0.0 0.0 0.0 1.0
0.019901076796651238 0.059129768968910056 0.0 0.0 0.0 1.0
0.020036754524224043 0.06009889939343392 0.0 0.0 0.0 1.0
0.0199599569095811 0.06087585085492009 0.0 0.0 0.0 1.0
0.020145789536808633 0.06193512452495172 0.0 0.0 0.0 1.0
0.020063912982913327 0.06307037871263424 0.0 0.0 0.0 1.0
0.020132609788139213 0.06386943199911056 0.0 0.0 0.0 1.0
0.02006035445241505 0.06501163286033751 0.0 0.0 0.0 1.0
0.020067868976443352 0.06613464934202902 0.0 0.0 0.0 1.0
0.01992336642240289 0.06699168650941488 0.0 0.0 0.0 1.0
0.019909956522269706 0.06796434129834983 0.0 0.0 0.0 1.0
0.019971815837891656 0.06896446807323124 0.0 0.0 0.0 1.0
0.02000077553976331 0.07007880758404092 0.0 0.0 0.0 1.0
0.019974045428981718 0.07105885598282678 0.0 0.0 0.0 1.0
0.01985803230702739 0.07199198433733665 0.0 0.0 0.0 1.0
0.01998396483847499 0.07309476516751268 0.0 0.0 0.0 1.0
0.02006555401679351 0.07403726490732844 0.0 0.0 0.0 1.0
0.020079773029129375 0.0749557031879179 0.0 0.0 0.0 1.0
0.020109339213686586 0.07605172885491032 0.0 0.0 0.0 1.0
0.01999113478366208 0.0770138975105348 0.0 0.0 0.0 1.0
0.02005973280877181 0.07804829362281925 0.0 0.0 0.0 1.0
0.020003162291591915 0.07901462328376828 0.0 0.0 0.0 1.0
0.02009048172585229 0.07993038347800804 0.0 0.0 0.0 1.0
0.02010878306072372 0.08109437997925992 0.0 0.0 0.0 1.0
0.019940505304980913 0.08208198049513446 0.0 0.0 0.0 1.0
0.019980631125568596 0.0829777849522382 0.0 0.0 0.0 1.0
0.01992535266558168 0.08413963414119494 0.0 0.0 0.0 1.0
0.02010720518975588 0.08495286374014185 0.0 0.0 0.0 1.0
0.01995932360393738 0.08612691096997363 0.0 0.0 0.0 1.0
0.019961006396273264 0.08703208633318367 0.0 0.0 0.0 1.0
0.019888524012135575 0.0880700073604074 0.0 0.0 0.0 1.0
0.01996614013788915 0.08914679426182863 0.0 0.0 0.0 1.0
0.02014620135133697 0.09006548574729123 0.0 0.0 0.0 1.0
0.019929075626517384 0.09105380304303125 0.0 0.0 0.0 1.0
0.01991864062796531 0.09194692018228515 0.0 0.0 0.0 1.0
0.01988309768467439 0.09289297696432379 0.0 0.0 0.0 1.0
0.019858887150835145 0.09395931653642745 0.0 0.0 0.0 1.0
0.019910672127456005 0.09488242676195342 0.0 0.0 0.0 1.0
0.019991919895906474 0.09613931215335385 0.0 0.0 0.0 1.0
0.01991987058503549 0.09714001636123963 0.0 0.0 0.0 1.0
0.02003949532654854 0.09809348232205527 0.0 0.0 0.0 1.0
0.019889552318743477 0.09900024836004633 0.0 0.0 0.0 1.0
0.020878178413127807 -6.367498766572591e-5 0.0 0.0 0.0 1.0
0.021072434001545605 0.0009539552428868429 0.0 0.0 0.0 1.0
0.021095873145957324 0.0019121871125231781 0.0 0.0 0.0 1.0
0.020890441046952708 0.0031081589327530495 0.0 0.0 0.0 1.0
0.021072171611354256 0.0040181285609049685 0.0 0.0 0.0 1.0
0.021118068028209796 0.004992468888804524 0.0 0.0 0.0 1.0
0.021118189447173405 0.005968594829228152 0.0 0.0 0.0 1.0
0.02085572717154279 0.006864019405955941 0.0 0.0 0.0 1.0
0.02100013697169144 0.008037003010616087 0.0 0.0 0.0 1.0
0.02091984190035788 0.009051670173414097 0.0 0.0 0.0 1.0
0.02092225660066598 0.010006422917312215 0.0 0.0 0.0 1.0
0.020939802525506687 0.011072780426962022 0.0 0.0 0.0 1.0
0.020979799734172494 0.012058509898867994 0.0 0.0 0.0 1.0
0.02112550390785774 0.01292759885470801 0.0 0.0 0.0 1.0
0.021038005401351624 0.013989952575698303 0.0 0.0 0.0 1.0
0.02102934713723749 0.01490140483646487 0.0 0.0 0.0 1.0
0.02114439892791722 0.016061649059668982 0.0 0.0 0.0 1.0
0.02093114902308969 0.016933153419820907 0.0 0.0 0.0 1.0
0.02111709413354294 0.017872238581273396 0.0 0.0 0.0 1.0
0.02106014485638896 0.019046649952154555 0.0 0.0 0.0 1.0
0.021068233506330716 0.02010504148796978 0.0 0.0 0.0 1.0
0.021099889504440788 0.020910448886207293 0.0 0.0 0.0 1.0
0.02091310448327457 0.021918165078256793 0.0 0.0 0.0 1.0
0.021069211690221096 0.023020915020054333 0.0 0.0 0.0 1.0
0.021024116091069373 0.024126179713460275 0.0 0.0 0.0 1.0
0.020910701806070346 0.024897045013067585 0.0 0.0 0.0 1.0
0.021030921415325747 0.02599231220977442 0.0 0.0 0.0 1.0
0.020913929240215217 0.027098914168823353 0.0 0.0 0.0 1.0
0.02098689676294757 0.027942859027037383 0.0 0.0 0.0 1.0
0.02087651854072534 0.02910551486123992 0.0 0.0 0.0 1.0
0.02094413593194997 0.029876852880950325 0.0 0.0 0.0 1.0
0.021023113643693133 0.03096893707082809 0.0 0.0 0.0 1.0
0.021040640623950137 0.031958241460304536 0.0 0.0 0.0 1.0
0.02090093174086646 0.032934386995096786 0.0 0.0 0.0 1.0
0.020996999695054783 0.03412444917428038 0.0 0.0 0.0 1.0
0.020998709625587638 0.03506951541775739 0.0 0.0 0.0 1.0
0.020906802959631487 0.03599502646777095 0.0 0.0 0.0 1.0
0.02096038749357914 0.03688963491473535 0.0 0.0 0.0 1.0
0.021133714819818992 0.03800657598776911 0.0 0.0 0.0 1.0
0.021034118427562892 0.038940202134341594 0.0 0.0 0.0 1.0
0.020901003576270366 0.03999291946511104 0.0 0.0 0.0 1.0
0.021070220386397547 0.040957332225738406 0.0 0.0 0.0 1.0
0.021033648684424738 0.04199322830084687 0.0 0.0 0.0 1.0
0.020960956001185114 0.04298600767471475 0.0 0.0 0.0 1.0
0.021135298190611017 0.044139029795476625 0.0 0.0 0.0 1.0
0.0210095548163697 0.04494904812239772 0.0 0.0 0.0 1.0
0.021028196420095135 0.046109396610979 0.0 0.0 0.0 1.0
0.02094569490217185 0.04686907379611774 0.0 0.0 0.0 1.0
0.02092838088887082 0.048098692377469894 0.0 0.0 0.0 1.0
0.02098543969429681 0.04895611775464406 0.0 0.0 0.0 1.0
0.02101759783646661 0.05008367876412301 0.0 0.0 0.0 1.0
0.021021586917263805 0.05105135299474794 0.0 0.0 0.0 1.0
0.02085251473758033 0.052054423433890065 0.0 0.0 0.0 1.0
0.020895479091015565 0.05292334397336176 0.0 0.0 0.0 1.0
0.02113694601952755 0.054002903403190514 0.0 0.0 0.0 1.0
0.020960015829732944 0.054914704522784956 0.0 0.0 0.0 1.0
0.021038792767455766 0.05613544209014392 0.0 0.0 0.0 1.0
0.020968759245874623 0.057111604495016045 0.0 0.0 0.0 1.0
0.020934245485726526 0.058016875224138384 0.0 0.0 0.0 1.0
0.021091898796598913 0.05894247379734534 0.0 0.0 0.0 1.0
0.02096343347346321 0.06012791069786915 0.0 0.0 0.0 1.0
0.021134980841176983 0.060935399206819896 0.0 0.0 0.0 1.0
0.02091455438195632 0.06213390607811131 0.0 0.0 0.0 1.0
0.02095733980660187 0.06290354466052105 0.0 0.0 0.0 1.0
0.02091358165274825 0.06389819985616399 0.0 0.0 0.0 1.0
0.0210099248196317 0.06498881366096546 0.0 0.0 0.0 1.0
0.02086820304578469 0.06587884682735352 0.0 0.0 0.0 1.0
0.0208949988223372 0.06694774495472594 0.0 0.0 0.0 1.0
0.02102658664636716 0.06795772362840004 0.0 0.0 0.0 1.0
0.021079596902270657 0.06909864635459087 0.0 0.0 0.0 1.0
0.020989593406996878 0.06999098343016691 0.0 0.0 0.0 1.0
0.02090763502455146 0.07113193194130787 0.0 0.0 0.0 1.0
0.02112572757353869 0.07214404419332951 0.0 0.0 0.0 1.0
0.020869196569273194 0.07311575245127283 0.0 0.0 0.0 1.0
0.02113372972490344 0.07396863631147359 0.0 0.0 0.0 1.0
0.021060534944176736 0.07493996132664342 0.0 0.0 0.0 1.0
0.021045860985874923 0.07608145546460661 0.0 0.0 0.0 1.0
0.020983654032226764 0.07706714810074922 0.0 0.0 0.0 1.0
0.021110335956298774 0.07803202293578038 0.0 0.0 0.0 1.0
0.021077327761077673 0.07907355849098681 0.0 0.0 0.0 1.0
0.020853702142868222 0.07994442573786671 0.0 0.0 0.0 1.0
0.021029253430493767 0.08093739896074038 0.0 0.0 0.0 1.0
0.021062516879297957 0.0820484602222398 0.0 0.0 0.0 1.0
0.02096198860767923 0.08300239936691349 0.0 0.0 0.0 1.0
0.021105417478764522 0.08391091264040644 0.0 0.0 0.0 1.0
0.021099218049592746 0.08494265844869674 0.0 0.0 0.0 1.0
0.02108457762650406 0.08599165113929481 0.0 0.0 0.0 1.0
0.020905963019066102 0.08710860277723431 0.0 0.0 0.0 1.0
0.020889926678414775 0.08792545657145495 0.0 0.0 0.0 1.0
0.021047886466702897 0.08911737418246572 0.0 0.0 0.0 1.0
0.02106150712706001 0.0900476776433444 0.0 0.0 0.0 1.0
0.02110229623450405 0.09092369776357281 0.0 0.0 0.0 1.0
0.020886804947877688 0.09211210699950044 0.0 0.0 0.0 1.0
0.021119027877737968 0.09286715873464003 0.0 0.0 0.0 1.0
0.020974782745764576 0.09391474308899393 0.0 0.0 0.0 1.0
0.020917813752678815 0.09513347694424021 0.0 0.0 0.0 1.0
0.020884148282744527 0.09613078143616192 0.0 0.0 0.0 1.0
0.021012481612128653 0.0970561267170446 0.0 0.0 0.0 1.0
0.02109398084764115 0.09812177692843223 0.0 0.0 0.0 1.0
0.020917997384906864 0.09902619871615059 0.0 0.0 0.0 1.0
0.021920067663963868 -9.667494050676075e-5 0.0 0.0 0.0 1.0
0.021926184785352396 0.0009184529790811125 0.0 0.0 0.0 1.0
0.022139427789298238 0.0020585761734662213 0.0 0.0 0.0 1.0
0.02193072202706476 0.0030471293583077303 0.0 0.0 0.0 1.0
0.021960347563482002 0.0040123448121780975 0.0 0.0 0.0 1.0
0.021979742412299396 0.005104715056708131 0.0 0.0 0.0 1.0
0.022077285074533864 0.005938095235788094 0.0 0.0 0.0 1.0
0.02205770753603416 0.007127144060285664 0.0 0.0 0.0 1.0
0.0221369026721437 0.00795693132432504 0.0 0.0 0.0 1.0
0.02192213944500996 0.008893684028479528 0.0 0.0 0.0 1.0
0.022113147934612394 0.009903639455631896 0.0 0.0 0.0 1.0
0.021953341029760615 0.010931023695502787 0.0 0.0 0.0 1.0
0.021993096225797523 0.011937201396116455 0.0 0.0 0.0 1.0
0.021993579594789994 0.013139780931067598 0.0 0.0 0.0 1.0
0.02198037509987051 0.014038753558470222 0.0 0.0 0.0 1.0
0.02186472096845029 0.015065001177290874 0.0 0.0 0.0 1.0
0.021971741762763435 0.015958445498594796 0.0 0.0 0.0 1.0
0.022000199574659166 0.01709033099657156 0.0 0.0 0.0 1.0
0.022127932085635734 0.018149503975033926 0.0 0.0 0.0 1.0
0.021879765345789254 0.01893304872349409 0.0 0.0 0.0 1.0
0.021886099866737656 0.019964326710291417 0.0 0.0 0.0 1.0
0.02189762299951285 0.021029460530331966 0.0 0.0 0.0 1.0
0.021950216100802635 0.022146938765062386 0.0 0.0 0.0 1.0
0.022023248298939823 0.022878677554835792 0.0 0.0 0.0 1.0
0.02205201179369721 0.02389781153481965 0.0 0.0 0.0 1.0
0.022003873459067732 0.025129879823662153 0.0 0.0 0.0 1.0
0.021930675263540277 0.026115877465385896 0.0 0.0 0.0 1.0
0.021977883835643038 0.027043830047871403 0.0 0.0 0.0 1.0
0.022116762418791815 0.028030451978004196 0.0 0.0 0.0 1.0
0.021882308031425397 0.029034281121189102 0.0 0.0 0.0 1.0
0.02214967599839516 0.030143230013110648 0.0 0.0 0.0 1.0
0.02199775837532286 0.030968800445746014 0.0 0.0 0.0 1.0
0.02191690197369952 0.03206847310604883 0.0 0.0 0.0 1.0
0.022148969874275 0.03298448481221661 0.0 0.0 0.0 1.0
0.022033471073828324 0.03387407181867338 0.0 0.0 0.0 1.0
0.021913248949316885 0.03509593651449826 0.0 0.0 0.0 1.0
0.021857376944547344 0.03600038703315571 0.0 0.0 0.0 1.0
0.021948272973210035 0.036946096802217936 0.0 0.0 0.0 1.0
0.022025283236519224 0.03809415289274725 0.0 0.0 0.0 1.0
0.021967499450762873 0.039023112050377846 0.0 0.0 0.0 1.0
0.02190568119297186 0.040040281123747794 0.0 0.0 0.0 1.0
0.021918839560058 0.04097680624126146 0.0 0.0 0.0 1.0
0.021972419203502312 0.04201705387536635 0.0 0.0 0.0 1.0
0.02210845202214556 0.043044691280906905 0.0 0.0 0.0 1.0
0.0221350638947359 0.04389311513674797 0.0 0.0 0.0 1.0
0.022062498366183205 0.04499931680495361 0.0 0.0 0.0 1.0
0.02197827509726313 0.04608598051508236 0.0 0.0 0.0 1.0
0.022132907693837547 0.046865902895106 0.0 0.0 0.0 1.0
0.02198528507788553 0.047933855869812914 0.0 0.0 0.0 1.0
0.02185376929254866 0.04893524659911745 0.0 0.0 0.0 1.0
0.02214737496706865 0.049924495805923404 0.0 0.0 0.0 1.0
0.021883045840751562 0.05105978850002027 0.0 0.0 0.0 1.0
0.02192155717661728 0.0518986936920365 0.0 0.0 0.0 1.0
0.021924233760327674 0.05286621455481131 0.0 0.0 0.0 1.0
0.02193356547213057 0.05391879292024674 0.0 0.0 0.0 1.0
0.02205458510368587 0.05501271071253283 0.0 0.0 0.0 1.0
0.021857932009174456 0.05605288504912 0.0 0.0 0.0 1.0
0.022026971307267267 0.05687233758849972 0.0 0.0 0.0 1.0
0.022096601039296324 0.058074016763300165 0.0 0.0 0.0 1.0
0.02194530051470624 0.05886845683726459 0.0 0.0 0.0 1.0
0.021885864201660405 0.05988136734016697 0.0 0.0 0.0 1.0
0.021857197526228046 0.061007267109360504 0.0 0.0 0.0 1.0
0.022065080114823225 0.06195538457086595 0.0 0.0 0.0 1.0
0.022109612701258236 0.06312863619900771 0.0 0.0 0.0 1.0
0.021884412259811355 0.06406302722444518 0.0 0.0 0.0 1.0
0.02205249726822951 0.06493158553708563 0.0 0.0 0.0 1.0
0.022139532371173883 0.06609506882453405 0.0 0.0 0.0 1.0
0.021871060608290454 0.06712938252427773 0.0 0.0 0.0 1.0
0.02211557242168768 0.06794264608822279 0.0 0.0 0.0 1.0
0.021914949147909597 0.06911897188104561 0.0 0.0 0.0 1.0
0.02185981232311254 0.07009884411312596 0.0 0.0 0.0 1.0
0.022007939854180196 0.07093820446378785 0.0 0.0 0.0 1.0
0.021919074859391614 0.0719736621547654 0.0 0.0 0.0 1.0
0.02200312364265978 0.07287724671280492 0.0 0.0 0.0 1.0
0.022068087548003504 0.07406975463648346 0.0 0.0 0.0 1.0
0.021871277381508986 0.07490941423531311 0.0 0.0 0.0 1.0
0.02185371039006506 0.0758845174776109 0.0 0.0 0.0 1.0
0.02193793103251542 0.07708008298872236 0.0 0.0 0.0 1.0
0.02195127395233902 0.07803197320558745 0.0 0.0 0.0 1.0
0.021920589915303542 0.07908622339163758 0.0 0.0 0.0 1.0
0.02208852492984214 0.07985897237531965 0.0 0.0 0.0 1.0
0.02190996245699326 0.08089454120772072 0.0 0.0 0.0 1.0
0.022070620317074813 0.08197242419441068 0.0 0.0 0.0 1.0
0.02199670952910027 0.08307973696160474 0.0 0.0 0.0 1.0
0.022124251071006608 0.08406613667446501 0.0 0.0 0.0 1.0
0.021859403436756145 0.0849513644339508 0.0 0.0 0.0 1.0
0.02199616649778742 0.08599356976116525 0.0 0.0 0.0 1.0
0.022031340036800573 0.08701026084449626 0.0 0.0 0.0 1.0
0.02194875840772094 0.08799090745735014 0.0 0.0 0.0 1.0
0.021957368444888423 0.08889639632979882 0.0 0.0 0.0 1.0
0.022146704888872538 0.08994037477611784 0.0 0.0 0.0 1.0
0.021852200433018356 0.09096473359611572 0.0 0.0 0.0 1.0
0.022134671888007763 0.09211122940033098 0.0 0.0 0.0 1.0
0.02212739627807327 0.0931101836873311 0.0 0.0 0.0 1.0
0.022125893054272084 0.09393340706178427 0.0 0.0 0.0 1.0
0.021892247354154088 0.09507076369298723 0.0 0.0 0.0 1.0
0.02204378633104358 0.09596338736711807 0.0 0.0 0.0 1.0
0.022095771177571936 0.09711193472348283 0.0 0.0 0.0 1.0
0.02206534785513341 0.09803921847340752 0.0 0.0 0.0 1.0
0.022038678317862 0.09891103214587611 0.0 0.0 0.0 1.0
0.02295556757285157 -0.0001171759287643319 0.0 0.0 0.0 1.0
0.023058546997128004 0.0008694530616099298 0.0 0.0 0.0 1.0
0.022975405673650532 0.002088838201963453 0.0 0.0 0.0 1.0
0.022920785454209083 0.0030934232894846395 0.0 0.0 0.0 1.0
0.022990798558356833 0.004051333325086255 0.0 0.0 0.0 1.0
0.02293248782457677 0.004865749433610705 0.0 0.0 0.0 1.0
0.02307550780176402 0.005909867366092651 0.0 0.0 0.0 1.0
0.022926998327497203 0.006933081489228905 0.0 0.0 0.0 1.0
0.02306371285131242 0.008039725743689673 0.0 0.0 0.0 1.0
0.023074111599363997 0.00901786796976254 0.0 0.0 0.0 1.0
0.022868642044527043 0.009958450227018358 0.0 0.0 0.0 1.0
0.022892831017751802 0.011060967383032265 0.0 0.0 0.0 1.0
0.022909295837900242 0.011979839714779249 0.0 0.0 0.0 1.0
0.023115455858396385 0.012981288363678739 0.0 0.0 0.0 1.0
0.02312907605727074 0.013933642250502344 0.0 0.0 0.0 1.0
0.022936558532415788 0.014873172121711397 0.0 0.0 0.0 1.0
0.022896296929109047 0.015879521338644884 0.0 0.0 0.0 1.0
0.023054272581060617 0.01704471198938788 0.0 0.0 0.0 1.0
0.023069774153344165 0.017944695290004132 0.0 0.0 0.0 1.0
0.023062105437075982 0.018967441578311955 0.0 0.0 0.0 1.0
0.022905726436097958 0.019920756029899178 0.0 0.0 0.0 1.0
0.023000350145837706 0.020943282141996623 0.0 0.0 0.0 1.0
0.022853936131153975 0.02210277268780454 0.0 0.0 0.0 1.0
0.022962146195182026 0.023119729642440565 0.0 0.0 0.0 1.0
0.022954529058504567 0.024139593343965055 0.0 0.0 0.0 1.0
0.02308104306577185 0.02508223125369801 0.0 0.0 0.0 1.0
0.023028614816992848 0.025878298534270802 0.0 0.0 0.0 1.0
0.022878661137099084 0.02692739777816311 0.0 0.0 0.0 1.0
0.022865044304157246 0.028050785558525974 0.0 0.0 0.0 1.0
0.022902745996447947 0.02906023833361086 0.0 0.0 0.0 1.0
0.022930815938199275 0.02987467597502397 0.0 0.0 0.0 1.0
0.023024316116542622 0.030936331845152345 0.0 0.0 0.0 1.0
0.023042446522600225 0.03185227455196376 0.0 0.0 0.0 1.0
0.02295478784254028 0.03312914862573646 0.0 0.0 0.0 1.0
0.023110510028167473 0.034074873322947515 0.0 0.0 0.0 1.0
0.02300856801341233 0.03508275318326085 0.0 0.0 0.0 1.0
0.02299126617376488 0.03610941545525613 0.0 0.0 0.0 1.0
0.02297323041471838 0.037039942811178755 0.0 0.0 0.0 1.0
0.022854025351942933 0.03796978512235032 0.0 0.0 0.0 1.0
0.02296763185988554 0.03904596801820733 0.0 0.0 0.0 1.0
0.02304361012665016 0.04010628953109203 0.0 0.0 0.0 1.0
0.022981739579390103 0.04113617087234342 0.0 0.0 0.0 1.0
0.022863808262809853 0.04211791479349884 0.0 0.0 0.0 1.0
0.023055558454728863 0.04300797238098027 0.0 0.0 0.0 1.0
0.022950272122345673 0.044065472827886254 0.0 0.0 0.0 1.0
0.022910494442655936 0.045042162026495726 0.0 0.0 0.0 1.0
0.023009870983316298 0.0459380804049998 0.0 0.0 0.0 1.0
0.02294817892903673 0.04699871509851665 0.0 0.0 0.0 1.0
0.022887874768123984 0.048011945575020434 0.0 0.0 0.0 1.0
0.022892336508090083 0.04905755508171918 0.0 0.0 0.0 1.0
0.023055728119533204 0.0500341227355257 0.0 0.0 0.0 1.0
0.022979799962200786 0.05099294701301575 0.0 0.0 0.0 1.0
0.023146841852519147 0.05194554186214118 0.0 0.0 0.0 1.0
0.02301711612845295 0.05294445772328286 0.0 0.0 0.0 1.0
0.02298264555051469 0.05398814237988415 0.0 0.0 0.0 1.0
0.023009007408785864 0.05502662773328097 0.0 0.0 0.0 1.0
0.02285114313003205 0.056135764402950754 0.0 0.0 0.0 1.0
0.02302112575053409 0.0570777809687972 0.0 0.0 0.0 1.0
0.02299752735277154 0.05814751284191427 0.0 0.0 0.0 1.0
0.022983120345898177 0.059070715118395824 0.0 0.0 0.0 1.0
0.02301279595735869 0.05998695278696148 0.0 0.0 0.0 1.0
0.023127609360977828 0.06109130747618467 0.0 0.0 0.0 1.0
0.022943927248496768 0.06185436898930487 0.0 0.0 0.0 1.0
0.0230907000476043 0.06295115411096916 0.0 0.0 0.0 1.0
0.023009020746868798 0.06404238456117618 0.0 0.0 0.0 1.0
0.023132463602878708 0.06511192295479318 0.0 0.0 0.0 1.0
0.02286150572383691 0.06595554300712536 0.0 0.0 0.0 1.0
0.02314198562651684 0.0671096369694369 0.0 0.0 0.0 1.0
0.022937544801966372 0.06807444346023794 0.0 0.0 0.0 1.0
0.023143017265127214 0.06900403587037865 0.0 0.0 0.0 1.0
0.022965024799804532 0.07011002841675056 0.0 0.0 0.0 1.0
0.023125195726288208 0.07093671271558168 0.0 0.0 0.0 1.0
0.022877470842955334 0.07200387070712251 0.0 0.0 0.0 1.0
0.023098356748607333 0.07292573068274759 0.0 0.0 0.0 1.0
0.02286051467591834 0.07395070506371719 0.0 0.0 0.0 1.0
0.02293625551972359 0.0750808918347555 0.0 0.0 0.0 1.0
0.023003368821652808 0.07586687223641067 0.0 0.0 0.0 1.0
0.023063462584312803 0.07693155100854326 0.0 0.0 0.0 1.0
0.023115626095749024 0.07803018607322769 0.0 0.0 0.0 1.0
0.022863096432949148 0.0789853686929438 0.0 0.0 0.0 1.0
0.022944545558994 0.08001684212658772 0.0 0.0 0.0 1.0
0.02299672992135309 0.08086383649263801 0.0 0.0 0.0 1.0
0.022853072123552483 0.08186742134287356 0.0 0.0 0.0 1.0
0.02313788053392875 0.08305689856140544 0.0 0.0 0.0 1.0
0.02294976035848325 0.08390799452782578 0.0 0.0 0.0 1.0
0.022864257193532904 0.08495410600923531 0.0 0.0 0.0 1.0
0.022916401764966926 0.08607662613694013 0.0 0.0 0.0 1.0
0.022940359722163562 0.08707053576605364 0.0 0.0 0.0 1.0
0.022966814233343624 0.08790182447516548 0.0 0.0 0.0 1.0
0.022926385609599406 0.08910672962710305 0.0 0.0 0.0 1.0
0.023041303206085058 0.08990579591739221 0.0 0.0 0.0 1.0
0.02306753088928853 0.09110802699556657 0.0 0.0 0.0 1.0
0.022877116775612067 0.09200197108044045 0.0 0.0 0.0 1.0
0.022886195079635442 0.09313555874291235 0.0 0.0 0.0 1.0
0.023045423138803325 0.09392977500327343 0.0 0.0 0.0 1.0
0.022919316832435883 0.09500612344773171 0.0 0.0 0.0 1.0
0.023014924580623715 0.09613583513571118 0.0 0.0 0.0 1.0
0.023084525046853415 0.09699325504701237 0.0 0.0 0.0 1.0
0.02285560999877222 0.09800358323513055 0.0 0.0 0.0 1.0
0.02305467016997529 0.09904176759720582 0.0 0.0 0.0 1.0
0.023960790172415553 2.1841386259874783e-5 0.0 0.0 0.0 1.0
0.02395618229511033 0.0010151236248890651 0.0 0.0 0.0 1.0
0.023900965797434132 0.002043088115802264 0.0 0.0 0.0 1.0
0.023938005584434967 0.003012703127237773 0.0 0.0 0.0 1.0
0.024133183887518655 0.0041403948079880475 0.0 0.0 0.0 1.0
0.024091078871221888 0.005016398241443618 0.0 0.0 0.0 1.0
0.023853164321035996 0.006073205397201529 0.0 0.0 0.0 1.0
0.024022680299808148 0.007055237539540934 0.0 0.0 0.0 1.0
0.024115240234602972 0.00814072442705952 0.0 0.0 0.0 1.0
0.023880689546047294 0.009106562019048099 0.0 0.0 0.0 1.0
0.02403588374753312 0.010014663950537147 0.0 0.0 0.0 1.0
0.023995621640312863 0.01103023219018304 0.0 0.0 0.0 1.0
0.023928710566809657 0.01192476654297458 0.0 0.0 0.0 1.0
0.024065449304833855 0.013093200195069144 0.0 0.0 0.0 1.0
0.024113286434030042 0.013945951026348168 0.0 0.0 0.0 1.0
0.023956747693317706 0.015113189970772432 0.0 0.0 0.0 1.0
0.024065840091625126 0.016018762772199296 0.0 0.0 0.0 1.0
0.02398841647445375 0.017014026893431795 0.0 0.0 0.0 1.0
0.023859649786002197 0.017906108770009022 0.0 0.0 0.0 1.0
0.024028228157337655 0.018926911581412527 0.0 0.0 0.0 1.0
0.023901917080193836 0.020020959334401345 0.0 0.0 0.0 1.0
0.024093691626083706 0.021096222445902105 0.0 0.0 0.0 1.0
0.02389994756207311 0.021975280555596406 0.0 0.0 0.0 1.0
0.024123926275438894 0.022976415725192042 0.0 0.0 0.0 1.0
0.024101399998998293 0.024130466093352995 0.0 0.0 0.0 1.0
0.02394269475477769 0.024930345474732003 0.0 0.0 0.0 1.0
0.02414224519869999 0.02604869661982904 0.0 0.0 0.0 1.0
0.024114348873262213 0.026950483699073092 0.0 0.0 0.0 1.0
0.02385138756055612 0.027899711204782317 0.0 0.0 0.0 1.0
0.023939778624105103 0.029037655451844602 0.0 0.0 0.0 1.0
0.024089607818841972 0.03008777192833788 0.0 0.0 0.0 1.0
0.024041312607793006 0.031081906035174175 0.0 0.0 0.0 1.0
0.023854108320510128 0.031868012506581486 0.0 0.0 0.0 1.0
0.024116153373736085 0.032931217976702426 0.0 0.0 0.0 1.0
0.024014536224732833 0.03403693345778951 0.0 0.0 0.0 1.0
0.023897478981232748 0.03486909841189188 0.0 0.0 0.0 1.0
0.023998033089409232 0.03599172290680354 0.0 0.0 0.0 1.0
0.023884032762450224 0.036923404279409947 0.0 0.0 0.0 1.0
0.02395362250924591 0.03796694279464974 0.0 0.0 0.0 1.0
0.0239068141608436 0.038975876992532056 0.0 0.0 0.0 1.0
0.024146649207212174 0.04002129823818033 0.0 0.0 0.0 1.0
0.02391788738544725 0.04112953294018328 0.0 0.0 0.0 1.0
0.023971812141549836 0.04210903443094253 0.0 0.0 0.0 1.0
0.02390838559147503 0.04293639171268499 0.0 0.0 0.0 1.0
0.023981380761313363 0.044064329485029724 0.0 0.0 0.0 1.0
0.023856462375479132 0.04500654829983376 0.0 0.0 0.0 1.0
0.024010780716316422 0.04599420483802632 0.0 0.0 0.0 1.0
0.023978138989652464 0.04703259208624221 0.0 0.0 0.0 1.0
0.023978556866878536 0.0480736731863686 0.0 0.0 0.0 1.0
0.024125634168535914 0.04891563596348032 0.0 0.0 0.0 1.0
0.023964888736546622 0.049868692155084805 0.0 0.0 0.0 1.0
0.024121544169804814 0.05087430449889102 0.0 0.0 0.0 1.0
0.024101497109439984 0.051863932445318985 0.0 0.0 0.0 1.0
0.023874579667270485 0.052958071122636154 0.0 0.0 0.0 1.0
0.024112626500205424 0.05405781209512998 0.0 0.0 0.0 1.0
0.023952978774731553 0.05504342968164502 0.0 0.0 0.0 1.0
0.02401918225727098 0.05613403523307741 0.0 0.0 0.0 1.0
0.024074819280246483 0.057126684824608955 0.0 0.0 0.0 1.0
0.023982447458826474 0.05791474518363253 0.0 0.0 0.0 1.0
0.02393044860696557 0.05885703684306914 0.0 0.0 0.0 1.0
0.023985432475010948 0.05999019432852084 0.0 0.0 0.0 1.0
0.02413026794074283 0.0610843914942851 0.0 0.0 0.0 1.0
0.023909330089482997 0.06214014535314545 0.0 0.0 0.0 1.0
0.023914989450639912 0.06303364907644761 0.0 0.0 0.0 1.0
0.02397529545209605 0.0639080151755797 0.0 0.0 0.0 1.0
0.023873126911524167 0.06510430201604359 0.0 0.0 0.0 1.0
0.02408016843708634 0.06593597780719197 0.0 0.0 0.0 1.0
0.02388047237460601 0.06702985676725623 0.0 0.0 0.0 1.0
0.02414343511510517 0.06805727887738763 0.0 0.0 0.0 1.0
0.023960953159893952 0.06895771745370882 0.0 0.0 0.0 1.0
0.024069070289714847 0.0698877213678006 0.0 0.0 0.0 1.0
0.024041164489870908 0.07085246668036568 0.0 0.0 0.0 1.0
0.02409667286574396 0.07201448735783993 0.0 0.0 0.0 1.0
0.023909004081218092 0.07297359050007253 0.0 0.0 0.0 1.0
0.02399659576823248 0.07409944538158911 0.0 0.0 0.0 1.0
0.024060206782682208 0.07498300233683251 0.0 0.0 0.0 1.0
0.02413518361780067 0.07587302683292929 0.0 0.0 0.0 1.0
0.024085175393425206 0.07703645247457577 0.0 0.0 0.0 1.0
0.02394975666395518 0.07803269862929811 0.0 0.0 0.0 1.0
0.02402334558484144 0.07911870588870139 0.0 0.0 0.0 1.0
0.02406046259182458 0.08003361971729492 0.0 0.0 0.0 1.0
0.023884102741110597 0.08101688672460515 0.0 0.0 0.0 1.0
0.0240389170667651 0.08207103211128122 0.0 0.0 0.0 1.0
0.02388192046237477 0.08306656341335418 0.0 0.0 0.0 1.0
0.023964940603096514 0.08413988595163585 0.0 0.0 0.0 1.0
0.024083253587883966 0.08490264105265478 0.0 0.0 0.0 1.0
0.02396552158161152 0.0859732937262701 0.0 0.0 0.0 1.0
0.023912117245513932 0.08706703072730976 0.0 0.0 0.0 1.0
0.02385859951346994 0.08796498182162185 0.0 0.0 0.0 1.0
0.02413763558704531 0.08913465059182499 0.0 0.0 0.0 1.0
0.023872036898745425 0.08996310014029951 0.0 0.0 0.0 1.0
0.024074024802023364 0.09088889923430121 0.0 0.0 0.0 1.0
0.023942671718252248 0.0918616122543822 0.0 0.0 0.0 1.0
0.023916638113860675 0.0929207046792242 0.0 0.0 0.0 1.0
0.023943912195912735 0.09400289151720696 0.0 0.0 0.0 1.0
0.024115675880711805 0.09511559163671802 0.0 0.0 0.0 1.0
0.023899131699383434 0.09603239724154065 0.0 0.0 0.0 1.0
0.02399857446646797 0.09692957103086079 0.0 0.0 0.0 1.0
0.023952688435836016 0.09805912599201777 0.0 0.0 0.0 1.0
0.02403471430289757 0.09906836099721643 0.0 0.0 0.0 1.0
0.02497540695975882 -3.541650627956781e-5 0.0 0.0 0.0 1.0
0.024870931893303663 0.0008832214196103679 0.0 0.0 0.0 1.0
0.024972385306580334 0.0019824883533287444 0.0 0.0 0.0 1.0
0.02513161539760783 0.003062966381951509 0.0 0.0 0.0 1.0
0.02497470542541687 0.00399570288678378 0.0 0.0 0.0 1.0
0.024949661639542875 0.004888756724705303 0.0 0.0 0.0 1.0
0.024977663258473077 0.006146924967195752 0.0 0.0 0.0 1.0
0.024939293565945105 0.0069361569613079896 0.0 0.0 0.0 1.0
0.025140187522643503 0.007874421155945385 0.0 0.0 0.0 1.0
0.024900386658690966 0.00898576333523867 0.0 0.0 0.0 1.0
0.02497618515608332 0.010131167988761543 0.0 0.0 0.0 1.0
0.0248928656093492 0.010933620341609393 0.0 0.0 0.0 1.0
0.024954951219846543 0.012043223131680169 0.0 0.0 0.0 1.0
0.024976014125316328 0.012976005571404062 0.0 0.0 0.0 1.0
0.025084323672127838 0.01399063860009438 0.0 0.0 0.0 1.0
0.024935167621922813 0.015054425981190694 0.0 0.0 0.0 1.0
0.025009823316815415 0.016057196546144053 0.0 0.0 0.0 1.0
0.025003812773285578 0.017146820709471145 0.0 0.0 0.0 1.0
0.024892043482582952 0.018047476927286435 0.0 0.0 0.0 1.0
0.025064616152871255 0.018907308257906066 0.0 0.0 0.0 1.0
0.0249071059892389 0.019950324085427056 0.0 0.0 0.0 1.0
0.024938288819582495 0.021060851656595766 0.0 0.0 0.0 1.0
0.025036576784613147 0.022097490754384316 0.0 0.0 0.0 1.0
0.02496161854253916 0.023000174297981738 0.0 0.0 0.0 1.0
0.02507050548645428 0.024132305634008453 0.0 0.0 0.0 1.0
0.024985617674046376 0.025056948208299033 0.0 0.0 0.0 1.0
0.024922824764561785 0.026041850542430956 0.0 0.0 0.0 1.0
0.024949872654098332 0.02706453215915146 0.0 0.0 0.0 1.0
0.025042086238260534 0.02796544009951984 0.0 0.0 0.0 1.0
0.025047171198668644 0.029009360304096662 0.0 0.0 0.0 1.0
0.025028119656594006 0.030102826535030634 0.0 0.0 0.0 1.0
0.025084494030540323 0.030856530574812076 0.0 0.0 0.0 1.0
0.024854908529023407 0.03206021362342043 0.0 0.0 0.0 1.0
0.025121723966657575 0.032892135863205725 0.0 0.0 0.0 1.0
0.02492506683842654 0.0340055436528105 0.0 0.0 0.0 1.0
0.025086972734737242 0.035130339657057946 0.0 0.0 0.0 1.0
0.02495975410367082 0.0359856709628918 0.0 0.0 0.0 1.0
0.025053870707538384 0.036861584114805446 0.0 0.0 0.0 1.0
0.025088940532252843 0.037967218079826 0.0 0.0 0.0 1.0
0.024965549537860687 0.038878528436544955 0.0 0.0 0.0 1.0
0.024910533002827338 0.04003683217603995 0.0 0.0 0.0 1.0
0.02502515062623547 0.04113522272765839 0.0 0.0 0.0 1.0
0.024871534950267237 0.04214974043515575 0.0 0.0 0.0 1.0
0.025127901410543777 0.04306353455240206 0.0 0.0 0.0 1.0
0.025036815281782237 0.043896667706045465 0.0 0.0 0.0 1.0
0.0250194045131513 0.04512235584047064 0.0 0.0 0.0 1.0
0.024934599493349204 0.04613954124813153 0.0 0.0 0.0 1.0
0.025119555407365365 0.046920777239149385 0.0 0.0 0.0 1.0
0.02486087050015262 0.04792161003987389 0.0 0.0 0.0 1.0
0.024997175831471447 0.048858570869152074 0.0 0.0 0.0 1.0
0.02492247700963506 0.0498611025775632 0.0 0.0 0.0 1.0
0.025034842250398297 0.05086569455910849 0.0 0.0 0.0 1.0
0.025148226976931507 0.05212825253219738 0.0 0.0 0.0 1.0
0.02502859555533902 0.05299767070063783 0.0 0.0 0.0 1.0
0.024909122496190816 0.05408353693227863 0.0 0.0 0.0 1.0
0.024934667270768228 0.05486091990171076 0.0 0.0 0.0 1.0
0.024970830407858333 0.05611119942297518 0.0 0.0 0.0 1.0
0.02487910013333938 0.05703970997575814 0.0 0.0 0.0 1.0
0.025034427083755553 0.05806097397354445 0.0 0.0 0.0 1.0
0.025016076169932597 0.05903886456026597 0.0 0.0 0.0 1.0
0.024917143589086137 0.05993255243203415 0.0 0.0 0.0 1.0
0.02498916495013071 0.061053032388741345 0.0 0.0 0.0 1.0
0.02514083348431482 0.061990850870959416 0.0 0.0 0.0 1.0
0.024987663759407225 0.06292848395872236 0.0 0.0 0.0 1.0
0.025074184718804373 0.06386055929971346 0.0 0.0 0.0 1.0
0.025059364809677933 0.06489695094676418 0.0 0.0 0.0 1.0
0.02485921309245956 0.0660889622879427 0.0 0.0 0.0 1.0
0.024930645179127395 0.0669651590192583 0.0 0.0 0.0 1.0
0.024907276711891534 0.06813394862129583 0.0 0.0 0.0 1.0
0.025006213821399007 0.06893396997541588 0.0 0.0 0.0 1.0
0.025089332834468302 0.06988976045289133 0.0 0.0 0.0 1.0
0.024863207429047792 0.07096168932515685 0.0 0.0 0.0 1.0
0.024978859894408977 0.07203679606703838 0.0 0.0 0.0 1.0
0.024900709613834088 0.07286986969944563 0.0 0.0 0.0 1.0
0.025038400068809655 0.0740353288026429 0.0 0.0 0.0 1.0
0.0251274840798891 0.0750666797705706 0.0 0.0 0.0 1.0
0.024917374944673405 0.0759221179735573 0.0 0.0 0.0 1.0
0.024926956913442298 0.07702802354428073 0.0 0.0 0.0 1.0
0.024984426775610073 0.07801580905004896 0.0 0.0 0.0 1.0
0.02504134973441623 0.0790027386745621 0.0 0.0 0.0 1.0
0.02514589143017692 0.08000914280534928 0.0 0.0 0.0 1.0
0.02512173266554114 0.08097619411111061 0.0 0.0 0.0 1.0
0.02498369853205088 0.08207567155153855 0.0 0.0 0.0 1.0
0.025039650427868477 0.08299930839363161 0.0 0.0 0.0 1.0
0.025003960346055076 0.08407013318845415 0.0 0.0 0.0 1.0
0.02500359532776695 0.08499345275190655 0.0 0.0 0.0 1.0
0.02492210930725045 0.0858651845787248 0.0 0.0 0.0 1.0
0.02488355782514777 0.08706821156158125 0.0 0.0 0.0 1.0
0.025089102498869822 0.08811307612823269 0.0 0.0 0.0 1.0
0.024971889745557637 0.0890796727770071 0.0 0.0 0.0 1.0
0.024962761475385307 0.089866909378846 0.0 0.0 0.0 1.0
0.024880158058114436 0.09113081448398987 0.0 0.0 0.0 1.0
0.025102765760591624 0.0918895838345882 0.0 0.0 0.0 1.0
0.024931057387395282 0.09300562310950126 0.0 0.0 0.0 1.0
0.024994118907320773 0.09386242532893141 0.0 0.0 0.0 1.0
0.02512466870400204 0.09502653457206285 0.0 0.0 0.0 1.0
0.025107744824572596 0.09589681389491317 0.0 0.0 0.0 1.0
0.024937779810459557 0.09711992340829861 0.0 0.0 0.0 1.0
0.02491118581941626 0.09799474322478435 0.0 0.0 0.0 1.0
0.02498946677691923 0.0989453426226257 0.0 0.0 0.0 1.0
0.025884218237690566 -3.620472423166777e-5 0.0 0.0 0.0 1.0
0.025953776945569416 0.001053915394894232 0.0 0.0 0.0 1.0
0.0260018608868941 0.0019171221987678636 0.0 0.0 0.0 1.0
0.025865223888092384 0.003001522479100366 0.0 0.0 0.0 1.0
0.02589382427002072 0.003967836731151869 0.0 0.0 0.0 1.0
0.02601032847779435 0.004924689405784784 0.0 0.0 0.0 1.0
0.025933392738623197 0.006109687773445749 0.0 0.0 0.0 1.0
0.026115460999064793 0.007042143557805748 0.0 0.0 0.0 1.0
0.026042751359556176 0.007861193607965796 0.0 0.0 0.0 1.0
0.02587338970742399 0.008921110225493158 0.0 0.0 0.0 1.0
0.026104407894248054 0.009970612548595445 0.0 0.0 0.0 1.0
0.02605096001350243 0.011048131705346008 0.0 0.0 0.0 1.0
0.02601825070558379 0.011901791239467503 0.0 0.0 0.0 1.0
0.026095094064499006 0.012915313927724572 0.0 0.0 0.0 1.0
0.02592319309366349 0.01414145846738952 0.0 0.0 0.0 1.0
0.025901199922061968 0.015143964391051255 0.0 0.0 0.0 1.0
0.026107794488324353 0.016136119836673908 0.0 0.0 0.0 1.0
0.026096411109515272 0.017111949306431586 0.0 0.0 0.0 1.0
0.025885493400339476 0.017954654551058304 0.0 0.0 0.0 1.0
0.02585327100290277 0.019032695188163765 0.0 0.0 0.0 1.0
0.025890585797618552 0.020119943876990662 0.0 0.0 0.0 1.0
0.02608323992743969 0.021125031594059818 0.0 0.0 0.0 1.0
0.025951528357359338 0.022042321810819745 0.0 0.0 0.0 1.0
0.02601087904362162 0.023128380521231277 0.0 0.0 0.0 1.0
0.026019784740224258 0.024050669523399085 0.0 0.0 0.0 1.0
0.025936397106173428 0.024980192913475262 0.0 0.0 0.0 1.0
0.026024021492282348 0.02601481738933434 0.0 0.0 0.0 1.0
0.025911435676153338 0.02695675961608774 0.0 0.0 0.0 1.0
0.026115757192329423 0.027868740227937647 0.0 0.0 0.0 1.0
0.026016986462588893 0.029005166452201216 0.0 0.0 0.0 1.0
0.025855648171058843 0.03009612551579328 0.0 0.0 0.0 1.0
0.02610644520700478 0.03114821661439254 0.0 0.0 0.0 1.0
0.0259980910925272 0.03196656435207679 0.0 0.0 0.0 1.0
0.02609594593395277 0.03295915752257655 0.0 0.0 0.0 1.0
0.025892302903359442 0.034051757413806796 0.0 0.0 0.0 1.0
0.026088534634630293 0.03491348800947148 0.0 0.0 0.0 1.0
0.02592918018755029 0.035901384261793436 0.0 0.0 0.0 1.0
0.026095737125259387 0.03689091580354233 0.0 0.0 0.0 1.0
0.0259922524383426 0.03793193641211035 0.0 0.0 0.0 1.0
0.02587497207917736 0.038946721127378056 0.0 0.0 0.0 1.0
0.025950609821665693 0.040014540267059424 0.0 0.0 0.0 1.0
0.026033530576220935 0.0410162137250834 0.0 0.0 0.0 1.0
0.025995602336113862 0.04202108067910115 0.0 0.0 0.0 1.0
0.02589039877868467 0.04293143020000878 0.0 0.0 0.0 1.0
0.025868387248344914 0.04402858226907741 0.0 0.0 0.0 1.0
0.026063903092846133 0.044851105278252014 0.0 0.0 0.0 1.0
0.025989945319192232 0.04611292705269129 0.0 0.0 0.0 1.0
0.02605813598048231 0.04691215087479878 0.0 0.0 0.0 1.0
0.026047437981854733 0.048015463776794214 0.0 0.0 0.0 1.0
0.02593052197243715 0.04899564339990126 0.0 0.0 0.0 1.0
0.026089488196080163 0.050043859241179454 0.0 0.0 0.0 1.0
0.026119997775613482 0.0510810284776947 0.0 0.0 0.0 1.0
0.02604661765926582 0.051907783516823035 0.0 0.0 0.0 1.0
0.026062727543138504 0.053116540935155214 0.0 0.0 0.0 1.0
0.026013180471578107 0.053993439763338806 0.0 0.0 0.0 1.0
0.026047683739552935 0.05489288792958017 0.0 0.0 0.0 1.0
0.026144777684187548 0.05613146452649863 0.0 0.0 0.0 1.0
0.025907903820163 0.05698326933718816 0.0 0.0 0.0 1.0
0.026107550033017717 0.05786829513536202 0.0 0.0 0.0 1.0
0.026122702551169802 0.05889350291880547 0.0 0.0 0.0 1.0
0.026028779288178594 0.060047984132015536 0.0 0.0 0.0 1.0
0.026056886805107593 0.060952283774477665 0.0 0.0 0.0 1.0
0.025932239430827855 0.062095019425697486 0.0 0.0 0.0 1.0
0.026010866681407355 0.06299594065486083 0.0 0.0 0.0 1.0
0.025997246757968513 0.06401694506326365 0.0 0.0 0.0 1.0
0.026099410911708476 0.0649433673229286 0.0 0.0 0.0 1.0
0.026124896312599174 0.0659491724875789 0.0 0.0 0.0 1.0
0.026088464655028433 0.06708555240228585 0.0 0.0 0.0 1.0
0.026034819626042267 0.06812190837292398 0.0 0.0 0.0 1.0
0.026083523946145833 0.06898573717308963 0.0 0.0 0.0 1.0
0.026049600558179075 0.07003918735854775 0.0 0.0 0.0 1.0
0.026115769140979996 0.07086236506957105 0.0 0.0 0.0 1.0
0.026080143699040475 0.07186904272247466 0.0 0.0 0.0 1.0
0.025860063333953538 0.07294352908236158 0.0 0.0 0.0 1.0
0.02586903909088174 0.07397671449525087 0.0 0.0 0.0 1.0
0.02587019372156478 0.07506936355875185 0.0 0.0 0.0 1.0
0.025864070615334064 0.07597207532654453 0.0 0.0 0.0 1.0
0.025883192088424222 0.07697124440079688 0.0 0.0 0.0 1.0
0.026000186078319887 0.07809131566210249 0.0 0.0 0.0 1.0
0.026040542514388358 0.07912808789058502 0.0 0.0 0.0 1.0
0.02614190153632726 0.07996723773032359 0.0 0.0 0.0 1.0
0.025959961690511655 0.08096312831263544 0.0 0.0 0.0 1.0
0.026023743692351744 0.08192145812009265 0.0 0.0 0.0 1.0
0.025888851347684025 0.08299880169324718 0.0 0.0 0.0 1.0
0.02593066014671024 0.08409058538412209 0.0 0.0 0.0 1.0
0.026124571899043224 0.08509645708123435 0.0 0.0 0.0 1.0
0.026094223197076702 0.08600010671806564 0.0 0.0 0.0 1.0
0.02606655762657671 0.08711739843100537 0.0 0.0 0.0 1.0
0.026062132612059606 0.087945076448328 0.0 0.0 0.0 1.0
0.026076347838997052 0.08894007379235785 0.0 0.0 0.0 1.0
0.02593113619396179 0.09011873244081367 0.0 0.0 0.0 1.0
0.026052792082766278 0.09109401548617017 0.0 0.0 0.0 1.0
0.02604773938225741 0.09202526238637003 0.0 0.0 0.0 1.0
0.02600851806117263 0.09313365657891384 0.0 0.0 0.0 1.0
0.025891252606490778 0.0939660660292976 0.0 0.0 0.0 1.0
0.02602144354580708 0.09506258884611356 0.0 0.0 0.0 1.0
0.025929681260758567 0.09597844304145133 0.0 0.0 0.0 1.0
0.026072246040081012 0.09691459723371802 0.0 0.0 0.0 1.0
0.025947862985221615 0.09792269143606759 0.0 0.0 0.0 1.0
0.02611289595705402 0.09903048209283834 0.0 0.0 0.0 1.0
0.026892672241318447 1.5912067235706097e-5 0.0 0.0 0.0 1.0
0.02700893483778707 0.0009902193186030026 0.0 0.0 0.0 1.0
0.027048190742644883 0.001993628637603084 0.0 0.0 0.0 1.0
0.027069794222925058 0.003002116794907238 0.0 0.0 0.0 1.0
0.026940849505915167 0.004126742040889117 0.0 0.0 0.0 1.0
0.027141883978442638 0.004992782450679 0.0 0.0 0.0 1.0
0.027089068546198993 0.005872736593925267 0.0 0.0 0.0 1.0
0.0271327507206302 0.007013195272134252 0.0 0.0 0.0 1.0
0.027031162546287773 0.008054309187374138 0.0 0.0 0.0 1.0
0.027045785523778634 0.009138744521018524 0.0 0.0 0.0 1.0
0.026973981550478518 0.009911035257451684 0.0 0.0 0.0 1.0
0.026958810744782617 0.010872074789063612 0.0 0.0 0.0 1.0
0.027033240254840905 0.012009028435008173 0.0 0.0 0.0 1.0
0.026944829296035516 0.012907180906203986 0.0 0.0 0.0 1.0
0.027139188228756075 0.013936741325456213 0.0 0.0 0.0 1.0
0.027088254697722514 0.015146762884073392 0.0 0.0 0.0 1.0
0.027079321765589286 0.015938699348352455 0.0 0.0 0.0 1.0
0.026904743449482325 0.01694522543597546 0.0 0.0 0.0 1.0
0.027052733479934046 0.01807925228637178 0.0 0.0 0.0 1.0
0.02695676362688112 0.01888144446014068 0.0 0.0 0.0 1.0
0.02694100259972768 0.01997518764322736 0.0 0.0 0.0 1.0
0.026875902155632708 0.02113962582656755 0.0 0.0 0.0 1.0
0.027111436135533705 0.021942139927874485 0.0 0.0 0.0 1.0
0.026936900591921453 0.0229254685175711 0.0 0.0 0.0 1.0
0.027106763233851174 0.02389216621078592 0.0 0.0 0.0 1.0
0.027113850138618504 0.025094468932109152 0.0 0.0 0.0 1.0
0.027127527733031776 0.02590568488168173 0.0 0.0 0.0 1.0
0.026944226886660868 0.026956934766191758 0.0 0.0 0.0 1.0
0.02707436649790092 0.027894990458771685 0.0 0.0 0.0 1.0
0.026942221378533842 0.029076854722128984 0.0 0.0 0.0 1.0
0.026902475413699244 0.030113789040710277 0.0 0.0 0.0 1.0
0.02701400542853802 0.031106275582969897 0.0 0.0 0.0 1.0
0.02690211314498926 0.03194457903200364 0.0 0.0 0.0 1.0
0.026910445993167137 0.0331310496579896 0.0 0.0 0.0 1.0
0.02708215131314059 0.033878560992372735 0.0 0.0 0.0 1.0
0.0269436877362381 0.03486582850363057 0.0 0.0 0.0 1.0
0.026903370585676777 0.03614413628444225 0.0 0.0 0.0 1.0
0.02698825427789362 0.03690827115631453 0.0 0.0 0.0 1.0
0.026927065864134486 0.03787922724814258 0.0 0.0 0.0 1.0
0.02708604610692194 0.03899090350820151 0.0 0.0 0.0 1.0
0.027035609093035776 0.03997556002247675 0.0 0.0 0.0 1.0
0.027005751090845655 0.0409345603797598 0.0 0.0 0.0 1.0
0.026867338208516493 0.04187732443038818 0.0 0.0 0.0 1.0
0.027110491836972367 0.043080072739932945 0.0 0.0 0.0 1.0
0.026940508912229776 0.044014100387905764 0.0 0.0 0.0 1.0
0.02687847032851281 0.04501795588246273 0.0 0.0 0.0 1.0
0.027022696409386107 0.04585808535344087 0.0 0.0 0.0 1.0
0.02695168872765346 0.04707665797484822 0.0 0.0 0.0 1.0
0.026913858995720276 0.04809171577309103 0.0 0.0 0.0 1.0
0.027144637994861665 0.04887229625980192 0.0 0.0 0.0 1.0
0.02686432973888713 0.05000798700652966 0.0 0.0 0.0 1.0
0.02701255473401707 0.05112638558424833 0.0 0.0 0.0 1.0
0.026975131370455065 0.05194622330749666 0.0 0.0 0.0 1.0
0.027145624551318404 0.05307458811377091 0.0 0.0 0.0 1.0
0.026912890132528847 0.05410169091151821 0.0 0.0 0.0 1.0
0.026889912655821503 0.05497804260239816 0.0 0.0 0.0 1.0
0.027124848580816447 0.056130274991605875 0.0 0.0 0.0 1.0
0.027114255255525726 0.05699304342206952 0.0 0.0 0.0 1.0
0.02693029759488757 0.058128725730770194 0.0 0.0 0.0 1.0
0.027144253290765485 0.059023822026027704 0.0 0.0 0.0 1.0
0.02712144975668623 0.05988102918375452 0.0 0.0 0.0 1.0
0.027066752911583145 0.06099959520227897 0.0 0.0 0.0 1.0
0.027047904942738833 0.06209591086335267 0.0 0.0 0.0 1.0
0.02689158000487322 0.06291844579996739 0.0 0.0 0.0 1.0
0.027057281921995763 0.06401249792793824 0.0 0.0 0.0 1.0
0.02706601863558118 0.06506502184626581 0.0 0.0 0.0 1.0
0.027067783244089094 0.06588797899936054 0.0 0.0 0.0 1.0
0.026868531973530545 0.06699249732042394 0.0 0.0 0.0 1.0
0.026924681367871635 0.06803681088464214 0.0 0.0 0.0 1.0
0.026957005860432398 0.06910589852111086 0.0 0.0 0.0 1.0
0.027109415162328364 0.0699024479069502 0.0 0.0 0.0 1.0
0.02704148771425897 0.07087057650089958 0.0 0.0 0.0 1.0
0.027106119113869016 0.07196476154995313 0.0 0.0 0.0 1.0
0.02699005071155935 0.07310548170713718 0.0 0.0 0.0 1.0
0.027063466335141804 0.07399060333143821 0.0 0.0 0.0 1.0
0.027027024738062656 0.07500445317471843 0.0 0.0 0.0 1.0
0.027012437741201975 0.0760532236433075 0.0 0.0 0.0 1.0
0.026966065408717103 0.07714867055590141 0.0 0.0 0.0 1.0
0.02699355236645735 0.07814680604367388 0.0 0.0 0.0 1.0
0.027004147255448502 0.07904012519618404 0.0 0.0 0.0 1.0
0.027056046841562376 0.0801064238368579 0.0 0.0 0.0 1.0
0.026853701978717698 0.0809510431874736 0.0 0.0 0.0 1.0
0.02685330326049833 0.08209991092221607 0.0 0.0 0.0 1.0
0.02696289215816022 0.0829856320438823 0.0 0.0 0.0 1.0
0.027066367610077777 0.08398685284296062 0.0 0.0 0.0 1.0
0.02696550484685581 0.08510304324882245 0.0 0.0 0.0 1.0
0.02691877493443729 0.08588330715876494 0.0 0.0 0.0 1.0
0.026985168463101977 0.08688738264237497 0.0 0.0 0.0 1.0
0.02687492943998805 0.08809691934325739 0.0 0.0 0.0 1.0
0.027056155268273367 0.0891383242258063 0.0 0.0 0.0 1.0
0.027084036058612735 0.08986113190825153 0.0 0.0 0.0 1.0
0.027052821136386396 0.09092171581625898 0.0 0.0 0.0 1.0
0.02685299370376208 0.09213377879506253 0.0 0.0 0.0 1.0
0.026978316573201634 0.0928977883509662 0.0 0.0 0.0 1.0
0.027105616578295938 0.09401243339877385 0.0 0.0 0.0 1.0
0.027070540978045548 0.0951402921665859 0.0 0.0 0.0 1.0
0.027126222956932386 0.09588686306826798 0.0 0.0 0.0 1.0
0.027129973407291497 0.09699578276337163 0.0 0.0 0.0 1.0
0.02713455705194162 0.0979007621024205 0.0 0.0 0.0 1.0
0.027031417019667957 0.09904960208787218 0.0 0.0 0.0 1.0
0.027926010655703826 -0.00011267668234674636 0.0 0.0 0.0 1.0
0.02804837401231437 0.0011117158691205536 0.0 0.0 0.0 1.0
0.02791427683024041 0.00201094327430917 0.0 0.0 0.0 1.0
0.0279248918195879 0.0030806308248259085 0.0 0.0 0.0 1.0
0.028110106929902647 0.004010935079593776 0.0 0.0 0.0 1.0
0.02813053390150669 0.004861471031127993 0.0 0.0 0.0 1.0
0.02791775015140393 0.005957380386671123 0.0 0.0 0.0 1.0
0.028127719535722462 0.007016141292588162 0.0 0.0 0.0 1.0
0.02806153727190763 0.007980465753378546 0.0 0.0 0.0 1.0
0.028111141490933026 0.008877394039529049 0.0 0.0 0.0 1.0
0.028087186349387974 0.009947369014053258 0.0 0.0 0.0 1.0
0.02807515320538873 0.010919691917881643 0.0 0.0 0.0 1.0
0.02785000525731903 0.012116826612392627 0.0 0.0 0.0 1.0
0.02785018256316348 0.012867851010862831 0.0 0.0 0.0 1.0
0.028070884845084174 0.014074485053986225 0.0 0.0 0.0 1.0
0.02812336921379075 0.014983709336842278 0.0 0.0 0.0 1.0
0.0279142056434948 0.015984993689967922 0.0 0.0 0.0 1.0
0.028128317005517416 0.017133307004009026 0.0 0.0 0.0 1.0
0.02812776971873097 0.017949005301748415 0.0 0.0 0.0 1.0
0.028026311815964343 0.0188891476103914 0.0 0.0 0.0 1.0
0.02809551130625828 0.020142280313380664 0.0 0.0 0.0 1.0
0.028030887819709742 0.0209384067379417 0.0 0.0 0.0 1.0
0.02808697268122328 0.02199121073201808 0.0 0.0 0.0 1.0
0.02792408032469502 0.022855284645889325 0.0 0.0 0.0 1.0
0.02794071560948683 0.024029848337075884 0.0 0.0 0.0 1.0
0.028012630925897942 0.025129578139742 0.0 0.0 0.0 1.0
0.028023401262276183 0.025957622815357958 0.0 0.0 0.0 1.0
0.027903979864930487 0.026905938074874947 0.0 0.0 0.0 1.0
0.028113247851166773 0.02789551181206383 0.0 0.0 0.0 1.0
0.02791259460718547 0.0291154548199711 0.0 0.0 0.0 1.0
0.027851048241831378 0.029912181572800265 0.0 0.0 0.0 1.0
0.027870113417734117 0.03097290102013149 0.0 0.0 0.0 1.0
0.02798432456451865 0.032079225245754094 0.0 0.0 0.0 1.0
0.02813464524377112 0.03292781657542237 0.0 0.0 0.0 1.0
0.027997931529800214 0.034074014283161806 0.0 0.0 0.0 1.0
0.028143903528793795 0.03502955756115312 0.0 0.0 0.0 1.0
0.027851051295814697 0.035885089704796445 0.0 0.0 0.0 1.0
0.02798841297041872 0.03708659091035169 0.0 0.0 0.0 1.0
0.028065332837846874 0.03798252833807665 0.0 0.0 0.0 1.0
0.02805332716496677 0.03900336746022135 0.0 0.0 0.0 1.0
0.02792375748969851 0.039854381417657306 0.0 0.0 0.0 1.0
0.02813295673697903 0.04095443776299496 0.0 0.0 0.0 1.0
0.02813398450691073 0.041977275099100125 0.0 0.0 0.0 1.0
0.02796390621513617 0.04294861372263084 0.0 0.0 0.0 1.0
0.027959822581317753 0.04414008319202517 0.0 0.0 0.0 1.0
0.028147714303153895 0.04485701584952045 0.0 0.0 0.0 1.0
0.028093908970201108 0.04596462971332195 0.0 0.0 0.0 1.0
0.028083352582574026 0.04705384878475194 0.0 0.0 0.0 1.0
0.028075838003974157 0.04798744031850793 0.0 0.0 0.0 1.0
0.02799746008409407 0.04908475845505689 0.0 0.0 0.0 1.0
0.027891650987761148 0.04993111780703167 0.0 0.0 0.0 1.0
0.027890638126439292 0.050874546896352194 0.0 0.0 0.0 1.0
0.02803384071861559 0.05213004336017174 0.0 0.0 0.0 1.0
0.027998314477536465 0.05298477705699579 0.0 0.0 0.0 1.0
0.027981763526284745 0.05389768114563966 0.0 0.0 0.0 1.0
0.027899277809357578 0.05510078924107367 0.0 0.0 0.0 1.0
0.02800748147893915 0.05608942553218692 0.0 0.0 0.0 1.0
0.028093997899519912 0.05691716344258436 0.0 0.0 0.0 1.0
0.02812890526782791 0.05787239462948709 0.0 0.0 0.0 1.0
0.028067825991095866 0.0588642688559029 0.0 0.0 0.0 1.0
0.028070695302172845 0.060022596371600186 0.0 0.0 0.0 1.0
0.027927613906677407 0.060975827391125906 0.0 0.0 0.0 1.0
0.027953047353019313 0.06203604207006119 0.0 0.0 0.0 1.0
0.027928421709573607 0.06289814228001347 0.0 0.0 0.0 1.0
0.02788425076189994 0.06388185642386791 0.0 0.0 0.0 1.0
0.028149361069101292 0.06493868880653836 0.0 0.0 0.0 1.0
0.02807349242570059 0.06601753431555112 0.0 0.0 0.0 1.0
0.02794676650075556 0.067021915915739 0.0 0.0 0.0 1.0
0.027924091036589067 0.06794158045166701 0.0 0.0 0.0 1.0
0.02787185376482027 0.06888828964937095 0.0 0.0 0.0 1.0
0.028096489301100043 0.07008460068961601 0.0 0.0 0.0 1.0
0.028132054664811283 0.07094299191141899 0.0 0.0 0.0 1.0
0.027895985958201235 0.07191008489175175 0.0 0.0 0.0 1.0
0.02785698372307074 0.07302256721124177 0.0 0.0 0.0 1.0
0.02806106315618733 0.07395324082603097 0.0 0.0 0.0 1.0
0.028092974646160018 0.07493058578900316 0.0 0.0 0.0 1.0
0.02786794071167602 0.07591560640939131 0.0 0.0 0.0 1.0
0.028127708290393415 0.0770446869197034 0.0 0.0 0.0 1.0
0.02793352157765947 0.07804316121857004 0.0 0.0 0.0 1.0
0.028147389701887616 0.07900200504163506 0.0 0.0 0.0 1.0
0.027934222988559427 0.07989768929465078 0.0 0.0 0.0 1.0
0.027890587953189577 0.08094685459208309 0.0 0.0 0.0 1.0
0.028098133437485875 0.08196300278437971 0.0 0.0 0.0 1.0
0.027878236193354732 0.08298101321892856 0.0 0.0 0.0 1.0
0.0280788288892855 0.08414858377792231 0.0 0.0 0.0 1.0
0.028072927990200298 0.0849127522447698 0.0 0.0 0.0 1.0
0.028100855458079634 0.08614871353651427 0.0 0.0 0.0 1.0
0.028093189381416948 0.08687706768264564 0.0 0.0 0.0 1.0
0.0278875348718431 0.08796936160394501 0.0 0.0 0.0 1.0
0.02804946246478889 0.08891748956811442 0.0 0.0 0.0 1.0
0.028040468886031802 0.090095685677858 0.0 0.0 0.0 1.0
0.02785365108473192 0.09090888024400397 0.0 0.0 0.0 1.0
0.028040325049325653 0.09188356710405399 0.0 0.0 0.0 1.0
0.028014100532615053 0.0931028857690391 0.0 0.0 0.0 1.0
0.02786996873052861 0.09390402045030036 0.0 0.0 0.0 1.0
0.02800962655602182 0.09497389738136415 0.0 0.0 0.0 1.0
0.028014947233548672 0.09593601967472867 0.0 0.0 0.0 1.0
0.027935554199314226 0.09709750356103268 0.0 0.0 0.0 1.0
0.028063986445389145 0.098065092663221 0.0 0.0 0.0 1.0
0.02790857348168625 0.09895424650436313 0.0 0.0 0.0 1.0
0.028866784306356225 -2.2788316993004517e-5 0.0 0.0 0.0 1.0
0.028890534343452096 0.0008718996735034904 0.0 0.0 0.0 1.0
0.028941593895414657 0.0021229115009365716 0.0 0.0 0.0 1.0
0.029070961821505436 0.002950176473820262 0.0 0.0 0.0 1.0
0.029013284286060318 0.003940438297218531 0.0 0.0 0.0 1.0
0.029113665542266905 0.004971498991761489 0.0 0.0 0.0 1.0
0.028868905116422015 0.006063938773568125 0.0 0.0 0.0 1.0
0.028864643361591818 0.006938743107530215 0.0 0.0 0.0 1.0
0.029076166702240256 0.007876181933751603 0.0 0.0 0.0 1.0
0.02892318753852923 0.00886255495809962 0.0 0.0 0.0 1.0
0.028978627167791753 0.010031645890910766 0.0 0.0 0.0 1.0
0.029119424511773514 0.010868515634682175 0.0 0.0 0.0 1.0
0.028878117120796562 0.011971978458614725 0.0 0.0 0.0 1.0
0.02912194484005938 0.013114644169927636 0.0 0.0 0.0 1.0
0.029050566526807264 0.013998116266213589 0.0 0.0 0.0 1.0
0.029122611001453785 0.01500045457180445 0.0 0.0 0.0 1.0
0.02888530549259563 0.01602921776867321 0.0 0.0 0.0 1.0
0.028967466065868745 0.017071804384427954 0.0 0.0 0.0 1.0
0.029116212890483852 0.017934935628294253 0.0 0.0 0.0 1.0
0.02903116019376765 0.01888802879551353 0.0 0.0 0.0 1.0
0.02891777906126893 0.020092484663505553 0.0 0.0 0.0 1.0
0.028918802180991715 0.021021570733065924 0.0 0.0 0.0 1.0
0.02891871852148077 0.021941283975289355 0.0 0.0 0.0 1.0
0.029145864658158455 0.022917578711524975 0.0 0.0 0.0 1.0
0.028953803571548645 0.024010612240863663 0.0 0.0 0.0 1.0
0.02893733195810209 0.02506713194816282 0.0 0.0 0.0 1.0
0.0290299988705486 0.025868624087757103 0.0 0.0 0.0 1.0
0.028949881581492403 0.02698686614578084 0.0 0.0 0.0 1.0
0.02908129323630613 0.027973408559782347 0.0 0.0 0.0 1.0
0.02898088911843876 0.02904754523321404 0.0 0.0 0.0 1.0
0.02907192802033865 0.029921872309792288 0.0 0.0 0.0 1.0
0.028902620960914942 0.031020053140912152 0.0 0.0 0.0 1.0
0.029125975173027972 0.032064246302356485 0.0 0.0 0.0 1.0
0.02906989987317959 0.03289544802582597 0.0 0.0 0.0 1.0
0.029111713427896 0.03403657744130666 0.0 0.0 0.0 1.0
0.02889395218063641 0.034956055965731335 0.0 0.0 0.0 1.0
0.02888563881408771 0.03600748098898624 0.0 0.0 0.0 1.0
0.028944988733923233 0.03685682566523125 0.0 0.0 0.0 1.0
0.02897201587742716 0.037865553995692594 0.0 0.0 0.0 1.0
0.02912357655632696 0.03886435258804125 0.0 0.0 0.0 1.0
0.0288503970714653 0.040126454469976404 0.0 0.0 0.0 1.0
0.02905324722936353 0.04101684303446734 0.0 0.0 0.0 1.0
0.029049504758230274 0.04192043568755247 0.0 0.0 0.0 1.0
0.028941625829832895 0.042896463739737836 0.0 0.0 0.0 1.0
0.02899438465305618 0.043878820378399075 0.0 0.0 0.0 1.0
0.02909758094716015 0.044855564157899874 0.0 0.0 0.0 1.0
0.02887471031288269 0.046014238205177076 0.0 0.0 0.0 1.0
0.029054335933170264 0.04691868509483179 0.0 0.0 0.0 1.0
0.02890294110866596 0.04808460086693325 0.0 0.0 0.0 1.0
0.02905031868298673 0.04896959690470128 0.0 0.0 0.0 1.0
0.029074228297948024 0.050091529703697686 0.0 0.0 0.0 1.0
0.028939722013173057 0.051077527242737654 0.0 0.0 0.0 1.0
0.02885150124409726 0.0520419683776661 0.0 0.0 0.0 1.0
0.028963514594213306 0.053077095509938624 0.0 0.0 0.0 1.0
0.028868771775817568 0.05401299758783258 0.0 0.0 0.0 1.0
0.02911630580918875 0.05490580775398223 0.0 0.0 0.0 1.0
0.028879156373665883 0.05612562478789638 0.0 0.0 0.0 1.0
0.028939327008922516 0.05706652662680208 0.0 0.0 0.0 1.0
0.028940079191844877 0.058123561662562696 0.0 0.0 0.0 1.0
0.028942819351996506 0.0589574008886322 0.0 0.0 0.0 1.0
0.029001470930447738 0.060001490068697996 0.0 0.0 0.0 1.0
0.029081112222608136 0.060888307009433706 0.0 0.0 0.0 1.0
0.028913694514356596 0.06190056733833191 0.0 0.0 0.0 1.0
0.02894693389706149 0.06310460978801832 0.0 0.0 0.0 1.0
0.028930337553040295 0.06400128723984531 0.0 0.0 0.0 1.0
0.029018273886608426 0.06496517762562544 0.0 0.0 0.0 1.0
0.02900849068213351 0.0660216343566468 0.0 0.0 0.0 1.0
0.02893773164435601 0.06713450253100123 0.0 0.0 0.0 1.0
0.028965403813499067 0.06814357586850436 0.0 0.0 0.0 1.0
0.02914531429542551 0.06903246448942553 0.0 0.0 0.0 1.0
0.029100458689517283 0.07013227205989858 0.0 0.0 0.0 1.0
0.028946025481785542 0.07105534253839386 0.0 0.0 0.0 1.0
0.029107954641099998 0.07193121654158166 0.0 0.0 0.0 1.0
0.02914685972773951 0.07287621450509317 0.0 0.0 0.0 1.0
0.02885200511078743 0.07406584938149616 0.0 0.0 0.0 1.0
0.02914428930991898 0.07496421574309402 0.0 0.0 0.0 1.0
0.029123663624116124 0.0759272340628633 0.0 0.0 0.0 1.0
0.02905974593425927 0.0768850014042123 0.0 0.0 0.0 1.0
0.029131526774769215 0.0780713695215239 0.0 0.0 0.0 1.0
0.02911621452971282 0.07887926912330155 0.0 0.0 0.0 1.0
0.029090881134726895 0.07993606695599786 0.0 0.0 0.0 1.0
0.02901510669615894 0.08089897534041635 0.0 0.0 0.0 1.0
0.0291317522300487 0.08202800274879275 0.0 0.0 0.0 1.0
0.029026535581718395 0.08291345009591548 0.0 0.0 0.0 1.0
0.028949349003165058 0.08411809326822957 0.0 0.0 0.0 1.0
0.029120416738168137 0.08501005528177272 0.0 0.0 0.0 1.0
0.028983326882425515 0.08597403939181855 0.0 0.0 0.0 1.0
0.028884712123348043 0.08709442312310942 0.0 0.0 0.0 1.0
0.029089604047763916 0.08808919082040949 0.0 0.0 0.0 1.0
0.02914515949936114 0.08902625490288901 0.0 0.0 0.0 1.0
0.02897637491745262 0.09005285137419242 0.0 0.0 0.0 1.0
0.028904480709850813 0.09097827418578376 0.0 0.0 0.0 1.0
0.02896676603994044 0.09214045391054339 0.0 0.0 0.0 1.0
0.028924348403161396 0.09311355351207531 0.0 0.0 0.0 1.0
0.029083516022500824 0.09399656197431178 0.0 0.0 0.0 1.0
0.0289860041930785 0.09501316221805563 0.0 0.0 0.0 1.0
0.02895166234788123 0.09608388039281354 0.0 0.0 0.0 1.0
0.028851600262113294 0.09687206548802077 0.0 0.0 0.0 1.0
0.02912163697989987 0.09799919385482456 0.0 0.0 0.0 1.0
0.029127345128553424 0.09898083476870675 0.0 0.0 0.0 1.0
0.029986159768447672 -8.699425559468958e-5 0.0 0.0 0.0 1.0
0.029877448018623763 0.0010328429314034012 0.0 0.0 0.0 1.0
0.029866752981842205 0.001945461111995851 0.0 0.0 0.0 1.0
0.0299267294239803 0.0031382759103092865 0.0 0.0 0.0 1.0
0.03010082239310993 0.0040204888303405455 0.0 0.0 0.0 1.0
0.029938659636801444 0.005099628067014003 0.0 0.0 0.0 1.0
0.02986220895425197 0.006143103069813298 0.0 0.0 0.0 1.0
0.030066294778119222 0.006987958169812572 0.0 0.0 0.0 1.0
0.02996734173579835 0.007958663272692675 0.0 0.0 0.0 1.0
0.030053678421292824 0.008850890347334052 0.0 0.0 0.0 1.0
0.029884691720093504 0.009864014308634648 0.0 0.0 0.0 1.0
0.030110273812834928 0.010921522519798851 0.0 0.0 0.0 1.0
0.029969381232194867 0.012144347555747772 0.0 0.0 0.0 1.0
0.029885796446996484 0.012883743053358066 0.0 0.0 0.0 1.0
0.029972920412483194 0.014149953880506114 0.0 0.0 0.0 1.0
0.030116181237011735 0.014890506790227227 0.0 0.0 0.0 1.0
0.029975650442626036 0.01594697702549197 0.0 0.0 0.0 1.0
0.0301497808007427 0.01703340950294181 0.0 0.0 0.0 1.0
0.03013116272388758 0.01809452750106884 0.0 0.0 0.0 1.0
0.02997378882096876 0.01896603055306022 0.0 0.0 0.0 1.0
0.029945116406625075 0.02011807016524044 0.0 0.0 0.0 1.0
0.030066826433103395 0.021117287950065133 0.0 0.0 0.0 1.0
0.029881684078697186 0.022114728157295434 0.0 0.0 0.0 1.0
0.03007700572079536 0.022997799410371972 0.0 0.0 0.0 1.0
0.029918580076557347 0.023971349307775246 0.0 0.0 0.0 1.0
0.029921441407431148 0.02496326748859435 0.0 0.0 0.0 1.0
0.029932150763897398 0.026048700367761548 0.0 0.0 0.0 1.0
0.02991999969266793 0.027129702636794126 0.0 0.0 0.0 1.0
0.030134591222447216 0.027957664881563225 0.0 0.0 0.0 1.0
0.029930096098544575 0.02890833652584637 0.0 0.0 0.0 1.0
0.030139298780995635 0.029858117644484615 0.0 0.0 0.0 1.0
0.029946033022166897 0.03113952085508714 0.0 0.0 0.0 1.0
0.03013586824970604 0.0320616404325131 0.0 0.0 0.0 1.0
0.030069572223484633 0.03312637280847141 0.0 0.0 0.0 1.0
0.029908226294750748 0.03386498236306512 0.0 0.0 0.0 1.0
0.030116640082711508 0.03506117459132628 0.0 0.0 0.0 1.0
0.029901942704948524 0.035900784634732674 0.0 0.0 0.0 1.0
0.029903334958521537 0.03693572657925009 0.0 0.0 0.0 1.0
0.02998169555333073 0.03787217690987324 0.0 0.0 0.0 1.0
0.030130781652189017 0.03889478143559774 0.0 0.0 0.0 1.0
0.030088902372934052 0.03994668294414559 0.0 0.0 0.0 1.0
0.030106252146517586 0.04085086647842975 0.0 0.0 0.0 1.0
0.030131107047440323 0.04199478890516266 0.0 0.0 0.0 1.0
0.03011755148693983 0.04290420288495264 0.0 0.0 0.0 1.0
0.030008487659627867 0.043973082701887524 0.0 0.0 0.0 1.0
0.02987951031071633 0.044923920083340306 0.0 0.0 0.0 1.0
0.029976476139756184 0.0461002601116856 0.0 0.0 0.0 1.0
0.029915955896644808 0.0470282192270633 0.0 0.0 0.0 1.0
0.029878270508618722 0.04800040620840816 0.0 0.0 0.0 1.0
0.029869193903646608 0.04893948093628579 0.0 0.0 0.0 1.0
0.030019107491137714 0.05002665927285017 0.0 0.0 0.0 1.0
0.02997958239346876 0.05105786813675428 0.0 0.0 0.0 1.0
0.029927284276283325 0.052063455630666354 0.0 0.0 0.0 1.0
0.030086515712961934 0.053081653231922384 0.0 0.0 0.0 1.0
0.029946925235661264 0.05386083465592434 0.0 0.0 0.0 1.0
0.030070236001225322 0.05513942932115884 0.0 0.0 0.0 1.0
0.029905215964185036 0.05596507995978431 0.0 0.0 0.0 1.0
0.030007443648163268 0.05689589021401544 0.0 0.0 0.0 1.0
0.030042430725080366 0.05810284474696963 0.0 0.0 0.0 1.0
0.029921145488901447 0.058907536927927995 0.0 0.0 0.0 1.0
0.029889467851205942 0.060149285644548973 0.0 0.0 0.0 1.0
0.029932407989257177 0.06090101611517439 0.0 0.0 0.0 1.0
0.029938867093429244 0.062076425622477664 0.0 0.0 0.0 1.0
0.030001756909346252 0.06289754794810733 0.0 0.0 0.0 1.0
0.030010957611046413 0.06385508577818286 0.0 0.0 0.0 1.0
0.029861488114391377 0.06514752805229747 0.0 0.0 0.0 1.0
0.029854989259625753 0.06596132347870691 0.0 0.0 0.0 1.0
0.02989066720618908 0.0668886008812599 0.0 0.0 0.0 1.0
0.0301217678560864 0.06809861657286899 0.0 0.0 0.0 1.0
0.030091435900281287 0.0688774733699592 0.0 0.0 0.0 1.0
0.029907858583340205 0.06994772263058663 0.0 0.0 0.0 1.0
0.0299605431429845 0.07085136322421716 0.0 0.0 0.0 1.0
0.02990697363719569 0.07208183151398893 0.0 0.0 0.0 1.0
0.029960677511077605 0.07309785124698491 0.0 0.0 0.0 1.0
0.030028615695861325 0.07396192099980917 0.0 0.0 0.0 1.0
0.02990736480411612 0.0749440102076579 0.0 0.0 0.0 1.0
0.02987358176218994 0.07595458405548694 0.0 0.0 0.0 1.0
0.029897774962478984 0.07709909678872522 0.0 0.0 0.0 1.0
0.029928323229528726 0.07806473276207783 0.0 0.0 0.0 1.0
0.030067665438867956 0.07887361215670032 0.0 0.0 0.0 1.0
0.030009269381692395 0.08002641585632585 0.0 0.0 0.0 1.0
0.030002249970347793 0.0810789296616139 0.0 0.0 0.0 1.0
0.03012184060687026 0.08211384863760211 0.0 0.0 0.0 1.0
0.030111026200351915 0.08298532350502526 0.0 0.0 0.0 1.0
0.029882494501628654 0.08389463365921515 0.0 0.0 0.0 1.0
0.029904312362840465 0.0850304113679892 0.0 0.0 0.0 1.0
0.029962585602912182 0.08601547529297274 0.0 0.0 0.0 1.0
0.02987008561236704 0.08692341079065283 0.0 0.0 0.0 1.0
0.029916967489783123 0.0879171107930943 0.0 0.0 0.0 1.0
0.029949131325632344 0.08905401681870775 0.0 0.0 0.0 1.0
0.03014966116092811 0.09004307077084948 0.0 0.0 0.0 1.0
0.03008102279803675 0.0910672177460789 0.0 0.0 0.0 1.0
0.02988101248513871 0.09204403464609527 0.0 0.0 0.0 1.0
0.02996301887817872 0.09308193879314298 0.0 0.0 0.0 1.0
0.03003822946119325 0.09390531137103009 0.0 0.0 0.0 1.0
0.029889577014194417 0.09513066041451135 0.0 0.0 0.0 1.0
0.02995524252803675 0.09602777267575668 0.0 0.0 0.0 1.0
0.03008676027181748 0.09711601970708242 0.0 0.0 0.0 1.0
0.029918488575094125 0.09810689448444407 0.0 0.0 0.0 1.0
0.029892996909737537 0.09892124039696877 0.0 0.0 0.0 1.0
0.03087074995730876 3.19233542900082e-5 0.0 0.0 0.0 1.0
0.031080351825582518 0.000893869044424892 0.0 0.0 0.0 1.0
0.03111380592768302 0.0019617183479301438 0.0 0.0 0.0 1.0
0.03114483664725511 0.002995483068375627 0.0 0.0 0.0 1.0
0.03103995210857246 0.00396379668468364 0.0 0.0 0.0 1.0
0.031078039557666637 0.004922093296979035 0.0 0.0 0.0 1.0
0.030976692887602898 0.006097539952718819 0.0 0.0 0.0 1.0
0.03089912554587632 0.007108780697679913 0.0 0.0 0.0 1.0
0.03106645081346211 0.007856689821028854 0.0 0.0 0.0 1.0
0.030893336400140945 0.00899615551601977 0.0 0.0 0.0 1.0
0.030899213232816372 0.009976927109055896 0.0 0.0 0.0 1.0
0.03091855098225528 0.010877404755272619 0.0 0.0 0.0 1.0
0.03091585336980859 0.01198221600201458 0.0 0.0 0.0 1.0
0.031112757319003224 0.013102293538252222 0.0 0.0 0.0 1.0
0.031133438631333565 0.013916409589320585 0.0 0.0 0.0 1.0
0.030957456570267404 0.015147473015746295 0.0 0.0 0.0 1.0
0.031002167695041594 0.015850189426785528 0.0 0.0 0.0 1.0
0.031012420089810037 0.017073414352750817 0.0 0.0 0.0 1.0
0.031060259301843265 0.018149825699055263 0.0 0.0 0.0 1.0
0.030935528010505208 0.01911630216110515 0.0 0.0 0.0 1.0
0.03101919425012178 0.019938622207015783 0.0 0.0 0.0 1.0
0.030994904807140164 0.020960664081053515 0.0 0.0 0.0 1.0
0.03101946533362018 0.022037666939426086 0.0 0.0 0.0 1.0
0.031118671915110776 0.02301744351322585 0.0 0.0 0.0 1.0
0.031149368195777762 0.023920729302449047 0.0 0.0 0.0 1.0
0.031141470758630177 0.024861950624250468 0.0 0.0 0.0 1.0
0.031082133517675675 0.025930999275758364 0.0 0.0 0.0 1.0
0.031096809763521006 0.02693223462395945 0.0 0.0 0.0 1.0
0.031090720187180107 0.027881543100423442 0.0 0.0 0.0 1.0
0.030955893104430667 0.028854562682542786 0.0 0.0 0.0 1.0
0.031131091865427923 0.029894048756743775 0.0 0.0 0.0 1.0
0.031140133765960264 0.031031613808872427 0.0 0.0 0.0 1.0
0.031136878400310743 0.03213619933919174 0.0 0.0 0.0 1.0
0.0311258525704325 0.03311951556109435 0.0 0.0 0.0 1.0
0.03087011102172317 0.03392531758418814 0.0 0.0 0.0 1.0
0.031106297494918216 0.03494924971018671 0.0 0.0 0.0 1.0
0.03104422260377215 0.03592088761368448 0.0 0.0 0.0 1.0
0.030975838420812276 0.03686869339536407 0.0 0.0 0.0 1.0
0.030854781091783863 0.03788428330164685 0.0 0.0 0.0 1.0
0.0309059165918123 0.03891161225370428 0.0 0.0 0.0 1.0
0.031121330335800536 0.04002440730765254 0.0 0.0 0.0 1.0
0.031144601435694214 0.04093458261388935 0.0 0.0 0.0 1.0
0.031086988543810895 0.042108720581918654 0.0 0.0 0.0 1.0
0.031017738470156566 0.04307334933920621 0.0 0.0 0.0 1.0
0.031107092789154585 0.04406728341971617 0.0 0.0 0.0 1.0
0.030967959996970343 0.04506117270814783 0.0 0.0 0.0 1.0
0.03111867493779164 0.04612567752255791 0.0 0.0 0.0 1.0
0.030987073962678875 0.04713395784691421 0.0 0.0 0.0 1.0
0.031136362339682262 0.04807692818082176 0.0 0.0 0.0 1.0
0.03108377984257628 0.04904257164916145 0.0 0.0 0.0 1.0
0.03113744151421869 0.050036533729068744 0.0 0.0 0.0 1.0
0.0308996267084709 0.051126393426200054 0.0 0.0 0.0 1.0
0.030983684398612266 0.051932373308679766 0.0 0.0 0.0 1.0
0.03102478825937855 0.053117399128576805 0.0 0.0 0.0 1.0
0.031083769181055033 0.05410453859461547 0.0 0.0 0.0 1.0
0.03099537087729395 0.0550825097456265 0.0 0.0 0.0 1.0
0.03091157771815845 0.05614461235772446 0.0 0.0 0.0 1.0
0.03085280462110836 0.056957437448937796 0.0 0.0 0.0 1.0
0.03101838011801602 0.057976209706078086 0.0 0.0 0.0 1.0
0.030941858704195777 0.059037804567778664 0.0 0.0 0.0 1.0
0.030963519490551802 0.060051135522948225 0.0 0.0 0.0 1.0
0.031048720343645343 0.06093460962260867 0.0 0.0 0.0 1.0
0.030900692463462952 0.062051416101345645 0.0 0.0 0.0 1.0
0.03091133806594707 0.0628824405421932 0.0 0.0 0.0 1.0
0.030869946343763863 0.06413645060873549 0.0 0.0 0.0 1.0
0.031138855582111193 0.06504576741329461 0.0 0.0 0.0 1.0
0.031024117687239817 0.06591254691009364 0.0 0.0 0.0 1.0
0.030920621700029478 0.06702422876720551 0.0 0.0 0.0 1.0
0.030946558567933737 0.06814080375670953 0.0 0.0 0.0 1.0
0.030872734462982773 0.06886910267891892 0.0 0.0 0.0 1.0
0.03103553648753596 0.06988583429899227 0.0 0.0 0.0 1.0
0.0308800507520371 0.07092339873098605 0.0 0.0 0.0 1.0
0.031089683961433304 0.07200824247616903 0.0 0.0 0.0 1.0
0.031135699510255598 0.07296954819758136 0.0 0.0 0.0 1.0
0.0311012987036841 0.07411805786069739 0.0 0.0 0.0 1.0
0.031076464620566794 0.07499465751579462 0.0 0.0 0.0 1.0
0.031097753746681882 0.0759509969861592 0.0 0.0 0.0 1.0
0.03095017444573159 0.07688762231853018 0.0 0.0 0.0 1.0
0.031074253109948352 0.07809607015145383 0.0 0.0 0.0 1.0
0.031140476721140856 0.07897514027696134 0.0 0.0 0.0 1.0
0.03088788515460758 0.08003509609574637 0.0 0.0 0.0 1.0
0.031045885647024322 0.08112954810964004 0.0 0.0 0.0 1.0
0.030851754134239222 0.08186826382248037 0.0 0.0 0.0 1.0
0.030941989596932444 0.08309171222638809 0.0 0.0 0.0 1.0
0.030891207676392956 0.0840465903161607 0.0 0.0 0.0 1.0
0.031087891082345824 0.08504052897397683 0.0 0.0 0.0 1.0
0.031119346556467774 0.08612160306998587 0.0 0.0 0.0 1.0
0.031084364715215626 0.08699484057940207 0.0 0.0 0.0 1.0
0.031029208550791765 0.08800469737556024 0.0 0.0 0.0 1.0
0.030913605333190167 0.08885962066685078 0.0 0.0 0.0 1.0
0.030866323024987968 0.08997985658706532 0.0 0.0 0.0 1.0
0.030952885965020164 0.09085513650331563 0.0 0.0 0.0 1.0
0.03104503434685556 0.09189512142192675 0.0 0.0 0.0 1.0
0.031090963138178017 0.09289109945344401 0.0 0.0 0.0 1.0
0.03103786667259024 0.09405422522986567 0.0 0.0 0.0 1.0
0.03099100775239425 0.09510687292229722 0.0 0.0 0.0 1.0
0.03106860098639082 0.09610614725049697 0.0 0.0 0.0 1.0
0.031072276682886917 0.09692129003025794 0.0 0.0 0.0 1.0
0.031038525389702063 0.09809529205820171 0.0 0.0 0.0 1.0
0.03110545627247414 0.0991063387297069 0.0 0.0 0.0 1.0
0.03210338988447322 -0.00014983408551687513 0.0 0.0 0.0 1.0
0.032054472319142255 0.0011423978200208315 0.0 0.0 0.0 1.0
0.031969241563852134 0.0019135373635623524 0.0 0.0 0.0 1.0
0.03186583414184239 0.0029914826779107017 0.0 0.0 0.0 1.0
0.03196740939854348 0.004148827710246973 0.0 0.0 0.0 1.0
0.03194279854728872 0.004887346016366421 0.0 0.0 0.0 1.0
0.03190352176360737 0.006135519933264253 0.0 0.0 0.0 1.0
0.0321263712925788 0.007055315131035297 0.0 0.0 0.0 1.0
0.03193581199320774 0.00814077771489149 0.0 0.0 0.0 1.0
0.03197855031699833 0.009022284273848182 0.0 0.0 0.0 1.0
0.03214625749639572 0.00994700222063272 0.0 0.0 0.0 1.0
0.031991367796504785 0.010872714500171236 0.0 0.0 0.0 1.0
0.031953821105912425 0.012011279713179699 0.0 0.0 0.0 1.0
0.0318813046851725 0.012924045587716416 0.0 0.0 0.0 1.0
0.03209311859419581 0.01411023410069881 0.0 0.0 0.0 1.0
0.03210947104041239 0.014897642788603319 0.0 0.0 0.0 1.0
0.03212358114722755 0.0159398154176083 0.0 0.0 0.0 1.0
0.032103014569335536 0.017013483338412586 0.0 0.0 0.0 1.0
0.03198248322093073 0.017853287917626776 0.0 0.0 0.0 1.0
0.03212602033144492 0.018855049044152028 0.0 0.0 0.0 1.0
0.03193454252678039 0.020091399077357467 0.0 0.0 0.0 1.0
0.032087792313070546 0.020971810590670617 0.0 0.0 0.0 1.0
0.03198343936581463 0.022102201039054626 0.0 0.0 0.0 1.0
0.03212672347103018 0.02298967005264928 0.0 0.0 0.0 1.0
0.03196263169093982 0.024121344975823 0.0 0.0 0.0 1.0
0.031902038329517025 0.025107795273427738 0.0 0.0 0.0 1.0
0.032050522791888504 0.025877342563343553 0.0 0.0 0.0 1.0
0.03196947806915719 0.026913888815267534 0.0 0.0 0.0 1.0
0.03193299312838287 0.027974931493484262 0.0 0.0 0.0 1.0
0.03207686127301734 0.02912769985947543 0.0 0.0 0.0 1.0
0.03212802157766894 0.030084538881745556 0.0 0.0 0.0 1.0
0.03197994585259407 0.03114779387083414 0.0 0.0 0.0 1.0
0.032133526748913545 0.032021108008572406 0.0 0.0 0.0 1.0
0.032021088634667204 0.03292590225510191 0.0 0.0 0.0 1.0
0.032056847880549785 0.033855374732207656 0.0 0.0 0.0 1.0
0.03195529965011264 0.03510065308703714 0.0 0.0 0.0 1.0
0.031881861023573564 0.03593600390176072 0.0 0.0 0.0 1.0
0.03190782987906807 0.036913653156322314 0.0 0.0 0.0 1.0
0.03207396067980928 0.03801683412251898 0.0 0.0 0.0 1.0
0.03214463137861848 0.03890050483577183 0.0 0.0 0.0 1.0
0.03190679512286708 0.0398905357443692 0.0 0.0 0.0 1.0
0.03206575496278832 0.04099302522754465 0.0 0.0 0.0 1.0
0.032003251924782414 0.042147429147429756 0.0 0.0 0.0 1.0
0.031881287927744466 0.042872652014790985 0.0 0.0 0.0 1.0
0.032116309507733795 0.04408579040715167 0.0 0.0 0.0 1.0
0.031933725791278914 0.0449372268414564 0.0 0.0 0.0 1.0
0.03197164950156842 0.045910526452932025 0.0 0.0 0.0 1.0
0.0319241721712122 0.04701624453978623 0.0 0.0 0.0 1.0
0.03209934832783176 0.047941931164843916 0.0 0.0 0.0 1.0
0.03205760197298738 0.04900791539780818 0.0 0.0 0.0 1.0
0.03185298201031415 0.05012240298994213 0.0 0.0 0.0 1.0
0.032025867360203415 0.05108075282201276 0.0 0.0 0.0 1.0
0.0319713705202137 0.052005779440300305 0.0 0.0 0.0 1.0
0.032017283253741945 0.05306933973552235 0.0 0.0 0.0 1.0
0.03210057961179179 0.05403124165601886 0.0 0.0 0.0 1.0
0.03201472285364516 0.055082764582993084 0.0 0.0 0.0 1.0
0.03206995573521275 0.0559181081875034 0.0 0.0 0.0 1.0
0.03194565717266154 0.05689933761536139 0.0 0.0 0.0 1.0
0.03197147312040791 0.05797895123335876 0.0 0.0 0.0 1.0
0.03189602451927276 0.05914563579530821 0.0 0.0 0.0 1.0
0.03196005640004306 0.06002978285862057 0.0 0.0 0.0 1.0
0.03197790567932003 0.06094649791675681 0.0 0.0 0.0 1.0
0.03192443344872965 0.06190204022873265 0.0 0.0 0.0 1.0
0.031880888541337325 0.06303243332104677 0.0 0.0 0.0 1.0
0.03205786271330881 0.06404914236900178 0.0 0.0 0.0 1.0
0.03205835030749421 0.06514031790097198 0.0 0.0 0.0 1.0
0.03208940047405777 0.06590998747216918 0.0 0.0 0.0 1.0
0.03211821573725403 0.06708422817232162 0.0 0.0 0.0 1.0
0.03199860704588604 0.06801635996374815 0.0 0.0 0.0 1.0
0.03208297365033407 0.06912034531039515 0.0 0.0 0.0 1.0
0.03204814774732097 0.07014073619555213 0.0 0.0 0.0 1.0
0.031999113737053025 0.07112350268363754 0.0 0.0 0.0 1.0
0.03191326064818395 0.07199910272617098 0.0 0.0 0.0 1.0
0.03201739252123271 0.07289617591049899 0.0 0.0 0.0 1.0
0.032062521979135186 0.07414942550074581 0.0 0.0 0.0 1.0
0.03198364470281373 0.074938438631747 0.0 0.0 0.0 1.0
0.031999414974082666 0.0761454035922152 0.0 0.0 0.0 1.0
0.031932886619549836 0.07706347138769863 0.0 0.0 0.0 1.0
0.03193065121290073 0.07792344658163837 0.0 0.0 0.0 1.0
0.031938354953741886 0.07911966124948619 0.0 0.0 0.0 1.0
0.032066578449245375 0.07996991256546389 0.0 0.0 0.0 1.0
0.032129634008702376 0.081026480064313 0.0 0.0 0.0 1.0
0.03208644444164912 0.08187935256514534 0.0 0.0 0.0 1.0
0.0320397548250937 0.08310765818394279 0.0 0.0 0.0 1.0
0.03189955414684803 0.08392834088716443 0.0 0.0 0.0 1.0
0.032050956053212135 0.08486318829943983 0.0 0.0 0.0 1.0
0.031959342017495916 0.08593341817326103 0.0 0.0 0.0 1.0
0.0321396886403808 0.08695520223913947 0.0 0.0 0.0 1.0
0.031905555635813175 0.08806846218510604 0.0 0.0 0.0 1.0
0.032136493925810763 0.08887374584229758 0.0 0.0 0.0 1.0
0.03191772743661861 0.08986084671413391 0.0 0.0 0.0 1.0
0.031922816355805135 0.0909576121531232 0.0 0.0 0.0 1.0
0.032093762530839766 0.09202945492502988 0.0 0.0 0.0 1.0
0.032020160094140784 0.09291257248762907 0.0 0.0 0.0 1.0
0.03199292798885286 0.09406718902080222 0.0 0.0 0.0 1.0
0.03201085564621871 0.094856338679553 0.0 0.0 0.0 1.0
0.03202751673911109 0.09608802638261509 0.0 0.0 0.0 1.0
0.03196851891702442 0.09692580249976435 0.0 0.0 0.0 1.0
0.031987596832310984 0.0981414227424218 0.0 0.0 0.0 1.0
0.032053103572351034 0.09909434632905527 0.0 0.0 0.0 1.0
0.03302057683942719 5.360109927314341e-5 0.0 0.0 0.0 1.0
0.032938916598463555 0.0008512576549023392 0.0 0.0 0.0 1.0
0.03307981084537395 0.002010400145252689 0.0 0.0 0.0 1.0
0.033084073637036644 0.0030589824462169046 0.0 0.0 0.0 1.0
0.033008461113119995 0.004112269527081752 0.0 0.0 0.0 1.0
0.03300815073354157 0.004851291676630202 0.0 0.0 0.0 1.0
0.032998053469323864 0.005911885780579958 0.0 0.0 0.0 1.0
0.032948398021531614 0.006984780687594673 0.0 0.0 0.0 1.0
0.03290738784858159 0.00800155085125808 0.0 0.0 0.0 1.0
0.03310476594469365 0.008950364514491802 0.0 0.0 0.0 1.0
0.03288584440168313 0.010040042753923928 0.0 0.0 0.0 1.0
0.03312872591908233 0.010856382794161243 0.0 0.0 0.0 1.0
0.03287812019852968 0.011876133270177834 0.0 0.0 0.0 1.0
0.03291511558482921 0.013149710493624806 0.0 0.0 0.0 1.0
0.032921994566995696 0.013938022622317253 0.0 0.0 0.0 1.0
0.03292219103965831 0.014988448576566582 0.0 0.0 0.0 1.0
0.03310641226847963 0.015906195971163817 0.0 0.0 0.0 1.0
0.03300739330153349 0.016867080266403173 0.0 0.0 0.0 1.0
0.03308538124566265 0.01793727744256 0.0 0.0 0.0 1.0
0.03309170636835487 0.018960575752083576 0.0 0.0 0.0 1.0
0.03300718659080998 0.01992945504281848 0.0 0.0 0.0 1.0
0.03297773924244495 0.020976654165036607 0.0 0.0 0.0 1.0
0.033101461168334526 0.021973802897500682 0.0 0.0 0.0 1.0
0.032918171965144086 0.023074593919089267 0.0 0.0 0.0 1.0
0.03297841611720282 0.023885556999324167 0.0 0.0 0.0 1.0
0.032853907108311646 0.024948541152110825 0.0 0.0 0.0 1.0
0.033135943135925036 0.02599334794993582 0.0 0.0 0.0 1.0
0.033149154347505455 0.027141175160512655 0.0 0.0 0.0 1.0
0.03311299409257061 0.02800436227071107 0.0 0.0 0.0 1.0
0.03290768604103058 0.028873733771648803 0.0 0.0 0.0 1.0
0.0329222890657756 0.029981569435207547 0.0 0.0 0.0 1.0
0.03297844189631305 0.030979131830754753 0.0 0.0 0.0 1.0
0.032991743704363016 0.032123438654687315 0.0 0.0 0.0 1.0
0.03304951933315929 0.032980620833552104 0.0 0.0 0.0 1.0
0.0330662778250102 0.03395396988508832 0.0 0.0 0.0 1.0
0.033132973100268893 0.035143001116625716 0.0 0.0 0.0 1.0
0.03296740897932281 0.036060086080634074 0.0 0.0 0.0 1.0
0.0330127694024273 0.036962480201308566 0.0 0.0 0.0 1.0
0.03306598939746975 0.038121621983635334 0.0 0.0 0.0 1.0
0.03287468718988099 0.03910867878288436 0.0 0.0 0.0 1.0
0.03307055376753163 0.0399316648696396 0.0 0.0 0.0 1.0
0.03285158026471651 0.04095754235844535 0.0 0.0 0.0 1.0
0.03304934914913775 0.042010498823900996 0.0 0.0 0.0 1.0
0.032982121652170716 0.04311795593619584 0.0 0.0 0.0 1.0
0.032958394025393474 0.04402639056861738 0.0 0.0 0.0 1.0
0.03306853179510031 0.04504707625815664 0.0 0.0 0.0 1.0
0.03286568466785782 0.04594921023278111 0.0 0.0 0.0 1.0
0.0329657097156109 0.04700932275541968 0.0 0.0 0.0 1.0
0.03296820085517038 0.048044686734484914 0.0 0.0 0.0 1.0
0.03294425245822541 0.04912304045626119 0.0 0.0 0.0 1.0
0.03298481154908132 0.05005586271535794 0.0 0.0 0.0 1.0
0.03311415073036732 0.050996259437573674 0.0 0.0 0.0 1.0
0.033009878675020664 0.051944497760374644 0.0 0.0 0.0 1.0
0.0330117435164536 0.05294444256055159 0.0 0.0 0.0 1.0
0.033031875511116505 0.0540942788813327 0.0 0.0 0.0 1.0
0.033005945980087534 0.054909499832671 0.0 0.0 0.0 1.0
0.032947970669140327 0.05587301510955469 0.0 0.0 0.0 1.0
0.03314715577676337 0.05699493771425814 0.0 0.0 0.0 1.0
0.03293214971961644 0.05795060455613595 0.0 0.0 0.0 1.0
0.03295384026776704 0.058960979852934414 0.0 0.0 0.0 1.0
0.03292643572126401 0.05988682186968815 0.0 0.0 0.0 1.0
0.032911833556683784 0.06107770198118243 0.0 0.0 0.0 1.0
0.032947092816896874 0.062052777750355094 0.0 0.0 0.0 1.0
0.03288072158914936 0.06295389665766038 0.0 0.0 0.0 1.0
0.03306654854601361 0.06412219250652283 0.0 0.0 0.0 1.0
0.03295128423239253 0.06507232138734396 0.0 0.0 0.0 1.0
0.033135260125358425 0.06592042456695257 0.0 0.0 0.0 1.0
0.03293352422140613 0.06700928225550547 0.0 0.0 0.0 1.0
0.032863994392431824 0.06794279144456107 0.0 0.0 0.0 1.0
0.03290630866533774 0.06904211111327266 0.0 0.0 0.0 1.0
0.033070090394655624 0.07013960064720627 0.0 0.0 0.0 1.0
0.0329635430150212 0.07101157223310849 0.0 0.0 0.0 1.0
0.033029086190494196 0.07208965562096646 0.0 0.0 0.0 1.0
0.033143839380147866 0.07306255469623789 0.0 0.0 0.0 1.0
0.032993210144744864 0.07393459816123736 0.0 0.0 0.0 1.0
0.0331401941002689 0.07493304555060462 0.0 0.0 0.0 1.0
0.03302546064277627 0.07588752610711864 0.0 0.0 0.0 1.0
0.03297670916911098 0.07685544809727221 0.0 0.0 0.0 1.0
0.032900743952627175 0.07805932246982192 0.0 0.0 0.0 1.0
0.03294665012816729 0.07906345530810352 0.0 0.0 0.0 1.0
0.03309908929982285 0.07987627744744716 0.0 0.0 0.0 1.0
0.033124582302093204 0.08087737033878288 0.0 0.0 0.0 1.0
0.03307003407530824 0.08207431860487041 0.0 0.0 0.0 1.0
0.032980441819532406 0.08289235713937727 0.0 0.0 0.0 1.0
0.032968480573516215 0.083879846104845 0.0 0.0 0.0 1.0
0.033148540007138745 0.0849976435067459 0.0 0.0 0.0 1.0
0.032896489377629866 0.08588002386166993 0.0 0.0 0.0 1.0
0.03297088068615599 0.0870338269467397 0.0 0.0 0.0 1.0
0.033144345699204054 0.08789046160256271 0.0 0.0 0.0 1.0
0.03297182456801494 0.08887037192757016 0.0 0.0 0.0 1.0
0.033058740217193905 0.08992652283403761 0.0 0.0 0.0 1.0
0.032864905908395844 0.09114038341681051 0.0 0.0 0.0 1.0
0.03285880999213537 0.09204129693203737 0.0 0.0 0.0 1.0
0.033046107053975836 0.09305040615305825 0.0 0.0 0.0 1.0
0.03287284668109056 0.09407465450855484 0.0 0.0 0.0 1.0
0.0331379185786349 0.0948630438430977 0.0 0.0 0.0 1.0
0.03308122977111158 0.09597439496562311 0.0 0.0 0.0 1.0
0.0330966442357937 0.09711082055090488 0.0 0.0 0.0 1.0
0.033013847260534676 0.09792887184686859 0.0 0.0 0.0 1.0
0.03291051240962118 0.09913158053726451 0.0 0.0 0.0 1.0
0.034010416366076233 5.737135618172233e-5 0.0 0.0 0.0 1.0
0.0338908119562912 0.000947213132691013 0.0 0.0 0.0 1.0
0.03407734401814474 0.0018953802808836231 0.0 0.0 0.0 1.0
0.034006484227152044 0.00295969994103 0.0 0.0 0.0 1.0
0.034121621958474624 0.003936162291982258 0.0 0.0 0.0 1.0
0.03414999101211738 0.004915007324930276 0.0 0.0 0.0 1.0
0.03392629131321144 0.006091125726652717 0.0 0.0 0.0 1.0
0.03396114398738161 0.006878739416261239 0.0 0.0 0.0 1.0
0.03397545408877095 0.007995169321147083 0.0 0.0 0.0 1.0
0.03413382149977873 0.008909380046665359 0.0 0.0 0.0 1.0
0.03404588188244014 0.009903322518445177 0.0 0.0 0.0 1.0
0.03390272880678246 0.010911041344823286 0.0 0.0 0.0 1.0
0.03392411605707741 0.01187068822884578 0.0 0.0 0.0 1.0
0.033918968988767007 0.013124542388535141 0.0 0.0 0.0 1.0
0.03387697214858225 0.013959390487446082 0.0 0.0 0.0 1.0
0.034140259848711524 0.015007950417184364 0.0 0.0 0.0 1.0
0.033920080069098836 0.01589422753012029 0.0 0.0 0.0 1.0
0.033979790689088074 0.01712667707317012 0.0 0.0 0.0 1.0
0.034052817004301295 0.017979174249430928 0.0 0.0 0.0 1.0
0.03401373804997138 0.018966092804264773 0.0 0.0 0.0 1.0
0.03405992894923549 0.020083443382854956 0.0 0.0 0.0 1.0
0.03388942539171671 0.021089266596163257 0.0 0.0 0.0 1.0
0.03385458842466878 0.021935026719720377 0.0 0.0 0.0 1.0
0.03405937913064611 0.022869286847992436 0.0 0.0 0.0 1.0
0.034120145914446995 0.024095623886571896 0.0 0.0 0.0 1.0
0.03397864160814051 0.025028718524337783 0.0 0.0 0.0 1.0
0.03412836573622314 0.025881087546471383 0.0 0.0 0.0 1.0
0.0341310758627448 0.027109449465862114 0.0 0.0 0.0 1.0
0.034041478159140805 0.02805611873346166 0.0 0.0 0.0 1.0
0.03387243618326514 0.028884558774327624 0.0 0.0 0.0 1.0
0.03398085310572007 0.03011354262028864 0.0 0.0 0.0 1.0
0.03404711325488189 0.030865558722950385 0.0 0.0 0.0 1.0
0.03413904871502962 0.032048133611272685 0.0 0.0 0.0 1.0
0.034003015785978155 0.033044187638845174 0.0 0.0 0.0 1.0
0.033994486770787424 0.03400108469659546 0.0 0.0 0.0 1.0
0.03408483677859275 0.034864651607304356 0.0 0.0 0.0 1.0
0.03403228128127252 0.0358644077906232 0.0 0.0 0.0 1.0
0.03414408545617674 0.03695987556065377 0.0 0.0 0.0 1.0
0.03411287405418425 0.037994810002603685 0.0 0.0 0.0 1.0
0.03390157054749655 0.038924419574073624 0.0 0.0 0.0 1.0
0.034023967413147865 0.04009287122149579 0.0 0.0 0.0 1.0
0.03413271791392968 0.04097188636497387 0.0 0.0 0.0 1.0
0.03399427092703089 0.04186125654214772 0.0 0.0 0.0 1.0
0.03393671856141095 0.043032341496095666 0.0 0.0 0.0 1.0
0.03406531687747615 0.04390555949276888 0.0 0.0 0.0 1.0
0.033855642297732615 0.04490818589504566 0.0 0.0 0.0 1.0
0.033883214871999565 0.0459754540342379 0.0 0.0 0.0 1.0
0.03385827381849063 0.04712694669106416 0.0 0.0 0.0 1.0
0.03414719811502488 0.048007372130210925 0.0 0.0 0.0 1.0
0.03394250649528964 0.04910262569474878 0.0 0.0 0.0 1.0
0.03406801642851058 0.050121477212607075 0.0 0.0 0.0 1.0
0.03399710162545898 0.051102842530633616 0.0 0.0 0.0 1.0
0.03385657874894051 0.052074331758812924 0.0 0.0 0.0 1.0
0.0341211527284981 0.05309091471939036 0.0 0.0 0.0 1.0
0.03403254353768229 0.05388815822829787 0.0 0.0 0.0 1.0
0.03404150186443091 0.05510917565715713 0.0 0.0 0.0 1.0
0.03399114797476553 0.056003377727884766 0.0 0.0 0.0 1.0
0.03386535121235251 0.05714487875090781 0.0 0.0 0.0 1.0
0.03411757140189346 0.05797102733370019 0.0 0.0 0.0 1.0
0.03398086127321456 0.058877124817727736 0.0 0.0 0.0 1.0
0.03395854903599496 0.06008449884088533 0.0 0.0 0.0 1.0
0.033956998594126486 0.060876198637534545 0.0 0.0 0.0 1.0
0.03414617100190865 0.06208668542558153 0.0 0.0 0.0 1.0
0.0340159357177599 0.06296544740107299 0.0 0.0 0.0 1.0
0.034129767711792096 0.06413067333161944 0.0 0.0 0.0 1.0
0.03396858862458726 0.06503140630073063 0.0 0.0 0.0 1.0
0.03405873461740807 0.0658989696090003 0.0 0.0 0.0 1.0
0.03413686994052999 0.06712941702185132 0.0 0.0 0.0 1.0
0.03401090810700597 0.06812240011900428 0.0 0.0 0.0 1.0
0.034011660883066154 0.06905816853202167 0.0 0.0 0.0 1.0
0.0340748965269994 0.0701113759261875 0.0 0.0 0.0 1.0
0.034097580277168194 0.07086489010836415 0.0 0.0 0.0 1.0
0.033900301191104966 0.07210044476520779 0.0 0.0 0.0 1.0
0.033912736344651584 0.07287494347078438 0.0 0.0 0.0 1.0
0.03394214527008281 0.07391592504889262 0.0 0.0 0.0 1.0
0.03404870017213567 0.0749118591717718 0.0 0.0 0.0 1.0
0.03404689762994734 0.07604211765368311 0.0 0.0 0.0 1.0
0.03389088504284043 0.07685115716322846 0.0 0.0 0.0 1.0
0.034116253074516656 0.07786327878804924 0.0 0.0 0.0 1.0
0.03409341565680759 0.07906558819114294 0.0 0.0 0.0 1.0
0.033938300197256 0.08002169592345716 0.0 0.0 0.0 1.0
0.03401759354356941 0.08085877904253905 0.0 0.0 0.0 1.0
0.03390934185112592 0.08201196949214523 0.0 0.0 0.0 1.0
0.03408637315207387 0.08301597447964662 0.0 0.0 0.0 1.0
0.034048983308881224 0.08414208091158755 0.0 0.0 0.0 1.0
0.03392698789969454 0.0849210033876847 0.0 0.0 0.0 1.0
0.03406048754223976 0.08601155659503774 0.0 0.0 0.0 1.0
0.03409479801804306 0.08712918404086299 0.0 0.0 0.0 1.0
0.03401967946432762 0.08806518830745035 0.0 0.0 0.0 1.0
0.03396527342182838 0.08912013120253559 0.0 0.0 0.0 1.0
0.0338793388467876 0.08993407533582118 0.0 0.0 0.0 1.0
0.03400994409749373 0.09088114712558751 0.0 0.0 0.0 1.0
0.03400277140036281 0.09188831928073156 0.0 0.0 0.0 1.0
0.03407857426493172 0.09295248764536003 0.0 0.0 0.0 1.0
0.03406091712614385 0.09399572619352509 0.0 0.0 0.0 1.0
0.03396603766420714 0.09488429710828714 0.0 0.0 0.0 1.0
0.034028750495114765 0.09604619245699546 0.0 0.0 0.0 1.0
0.03391078673753982 0.09694980360168261 0.0 0.0 0.0 1.0
0.03389140989909433 0.09797301341492112 0.0 0.0 0.0 1.0
0.033956582234232396 0.09909062816535702 0.0 0.0 0.0 1.0
0.03495536733223513 -0.00011272405172819445 0.0 0.0 0.0 1.0
0.03508167916598136 0.0011004936244065678 0.0 0.0 0.0 1.0
0.034851418179299265 0.0018912398934921096 0.0 0.0 0.0 1.0
0.03512705554095031 0.00291428994707405 0.0 0.0 0.0 1.0
0.03512523729567644 0.003968221276065111 0.0 0.0 0.0 1.0
0.03491893555526833 0.00501451859913993 0.0 0.0 0.0 1.0
0.035016774460210696 0.005965155753263473 0.0 0.0 0.0 1.0
0.03507278118771069 0.00698459266334355 0.0 0.0 0.0 1.0
0.03504669733298603 0.007851760358564474 0.0 0.0 0.0 1.0
0.03485408907311694 0.008948658723690894 0.0 0.0 0.0 1.0
0.03499134820747822 0.01007568817907394 0.0 0.0 0.0 1.0
0.03504027535430399 0.010931613009178068 0.0 0.0 0.0 1.0
0.035142276239416737 0.011921431050974601 0.0 0.0 0.0 1.0
0.034977758891413184 0.013026556788323509 0.0 0.0 0.0 1.0
0.03496030275500847 0.01413048547697496 0.0 0.0 0.0 1.0
0.03485305237006378 0.01510004652731508 0.0 0.0 0.0 1.0
0.03514034828173273 0.01585373984504811 0.0 0.0 0.0 1.0
0.03514139736482827 0.016982483097321335 0.0 0.0 0.0 1.0
0.03487831078600829 0.018087225482478587 0.0 0.0 0.0 1.0
0.03491895917706793 0.018919924504114304 0.0 0.0 0.0 1.0
0.03493218555696748 0.01985085893253955 0.0 0.0 0.0 1.0
0.035118502853064164 0.020919741864822494 0.0 0.0 0.0 1.0
0.034963739095941714 0.02208344644651401 0.0 0.0 0.0 1.0
0.0349457562882733 0.022933935197542152 0.0 0.0 0.0 1.0
0.0349423389871572 0.02389253318669809 0.0 0.0 0.0 1.0
0.034931412057583676 0.02504610318566136 0.0 0.0 0.0 1.0
0.035099248777081433 0.025876076598059527 0.0 0.0 0.0 1.0
0.03491692481578449 0.026929483613240178 0.0 0.0 0.0 1.0
0.035125416071708195 0.027972282928396444 0.0 0.0 0.0 1.0
0.034934558766106946 0.029124206030866125 0.0 0.0 0.0 1.0
0.03493669922859364 0.02998151252697425 0.0 0.0 0.0 1.0
0.03487524695974807 0.03103874189768593 0.0 0.0 0.0 1.0
0.03501829072496557 0.03196604994935691 0.0 0.0 0.0 1.0
0.035075158789102605 0.033047062981724024 0.0 0.0 0.0 1.0
0.03487921107676359 0.03408201634036966 0.0 0.0 0.0 1.0
0.034907066565332 0.03504963603026131 0.0 0.0 0.0 1.0
0.03505785304706461 0.03611809031988914 0.0 0.0 0.0 1.0
0.03497305719260985 0.037055450962900784 0.0 0.0 0.0 1.0
0.034989600604505865 0.0380180988632959 0.0 0.0 0.0 1.0
0.035028407619127844 0.03902431943362752 0.0 0.0 0.0 1.0
0.03493234572705735 0.04003232369162842 0.0 0.0 0.0 1.0
0.03485399771258869 0.041019562587382395 0.0 0.0 0.0 1.0
0.03507880587067057 0.0418874840223214 0.0 0.0 0.0 1.0
0.03509892322934719 0.04290438938961852 0.0 0.0 0.0 1.0
0.034917008283871155 0.043985681963547796 0.0 0.0 0.0 1.0
0.034927492822884015 0.0451169841184443 0.0 0.0 0.0 1.0
0.03490880564659854 0.045950128099491436 0.0 0.0 0.0 1.0
0.03503511789371668 0.046960026617968754 0.0 0.0 0.0 1.0
0.03503897840679211 0.04806553494585568 0.0 0.0 0.0 1.0
0.035049745251394634 0.0490341496985368 0.0 0.0 0.0 1.0
0.035093442703952295 0.05008979456705819 0.0 0.0 0.0 1.0
0.034955291110474074 0.05113147845633696 0.0 0.0 0.0 1.0
0.03505600364511768 0.05210106485523769 0.0 0.0 0.0 1.0
0.03508414721360744 0.053073283908345474 0.0 0.0 0.0 1.0
0.035111927136949994 0.05410418644070371 0.0 0.0 0.0 1.0
0.034927289783402225 0.05498157392488661 0.0 0.0 0.0 1.0
0.03495654021996419 0.055857052986624696 0.0 0.0 0.0 1.0
0.0350921582770043 0.05707792657424387 0.0 0.0 0.0 1.0
0.03499343538331383 0.05801930280289506 0.0 0.0 0.0 1.0
0.03501246147902741 0.05887104629952267 0.0 0.0 0.0 1.0
0.035121592183206596 0.060131364002783905 0.0 0.0 0.0 1.0
0.03504982596489197 0.06102892871794921 0.0 0.0 0.0 1.0
0.03491203741910392 0.061889711111639316 0.0 0.0 0.0 1.0
0.03492771460145554 0.06285883495438628 0.0 0.0 0.0 1.0
0.03494117393603024 0.06399569129591369 0.0 0.0 0.0 1.0
0.03494855121191466 0.06512631434072269 0.0 0.0 0.0 1.0
0.035090781084023394 0.06602541493217787 0.0 0.0 0.0 1.0
0.03487923697755259 0.06712885396155305 0.0 0.0 0.0 1.0
0.03486549241180149 0.06810294454763494 0.0 0.0 0.0 1.0
0.03514631261307439 0.06892049743945572 0.0 0.0 0.0 1.0
0.034947148781668276 0.07014615359880397 0.0 0.0 0.0 1.0
0.0349766195698758 0.07106081883703354 0.0 0.0 0.0 1.0
0.034868386175894606 0.0719701629898732 0.0 0.0 0.0 1.0
0.03506520395899717 0.07295615678194849 0.0 0.0 0.0 1.0
0.03512230675910526 0.07403756476386092 0.0 0.0 0.0 1.0
0.03492554570607562 0.07491278540362548 0.0 0.0 0.0 1.0
0.0350910682621779 0.07585652426418507 0.0 0.0 0.0 1.0
0.03500696086930201 0.07705842422543331 0.0 0.0 0.0 1.0
0.03485957166423593 0.07797343361067487 0.0 0.0 0.0 1.0
0.03486948430670023 0.07893858948603075 0.0 0.0 0.0 1.0
0.0348524858351395 0.07999088954537903 0.0 0.0 0.0 1.0
0.0350552883115057 0.08099058709968324 0.0 0.0 0.0 1.0
0.03511972551495002 0.08212818580005973 0.0 0.0 0.0 1.0
0.034897073851316227 0.08301135790289477 0.0 0.0 0.0 1.0
0.03513317957141724 0.0839349165931137 0.0 0.0 0.0 1.0
0.0350412762534541 0.0849328355242235 0.0 0.0 0.0 1.0
0.03514036446222561 0.08614950063907809 0.0 0.0 0.0 1.0
0.034858016023636716 0.0871002867706802 0.0 0.0 0.0 1.0
0.034883130726398606 0.08805687475264894 0.0 0.0 0.0 1.0
0.03512374556276979 0.08886530376720174 0.0 0.0 0.0 1.0
0.0349325432891257 0.08998058886966588 0.0 0.0 0.0 1.0
0.03491810954271162 0.09087923572026485 0.0 0.0 0.0 1.0
0.03508905370189125 0.09209291416542606 0.0 0.0 0.0 1.0
0.03504311805488301 0.09298022145428245 0.0 0.0 0.0 1.0
0.03485409812016246 0.09388306394578616 0.0 0.0 0.0 1.0
0.035048684241366264 0.09488144069080003 0.0 0.0 0.0 1.0
0.03493659219698753 0.09604096452119683 0.0 0.0 0.0 1.0
0.03495240400103554 0.09693535491154907 0.0 0.0 0.0 1.0
0.0350372188139266 0.09809725855830931 0.0 0.0 0.0 1.0
0.03506354027767454 0.09888399008313689 0.0 0.0 0.0 1.0
0.036147749611564015 9.798220727806586e-5 0.0 0.0 0.0 1.0
0.03594388700918109 0.0010993406573627173 0.0 0.0 0.0 1.0
0.03601987133709263 0.0019898689067834987 0.0 0.0 0.0 1.0
0.036101961938057 0.002914799131408342 0.0 0.0 0.0 1.0
0.03595932893314945 0.003987500690089786 0.0 0.0 0.0 1.0
0.03612118032822649 0.005065800513231318 0.0 0.0 0.0 1.0
0.0360442050240341 0.006055575163136381 0.0 0.0 0.0 1.0
0.035919592937464856 0.006993324425235932 0.0 0.0 0.0 1.0
0.03608245983707237 0.007867908700618851 0.0 0.0 0.0 1.0
0.036076131317962015 0.009136083217895908 0.0 0.0 0.0 1.0
0.0360975033797072 0.01013589070732261 0.0 0.0 0.0 1.0
0.03603266994461792 0.01091378931762319 0.0 0.0 0.0 1.0
0.03603197457873022 0.011862704726177021 0.0 0.0 0.0 1.0
0.036014423664029765 0.013035930446289661 0.0 0.0 0.0 1.0
0.03595517590751986 0.014021132076779502 0.0 0.0 0.0 1.0
0.03585744553610272 0.014850418670444947 0.0 0.0 0.0 1.0
0.036146145809456146 0.01592054276236735 0.0 0.0 0.0 1.0
0.03588154004146484 0.016893730366960756 0.0 0.0 0.0 1.0
0.03585377590304479 0.017955148961021405 0.0 0.0 0.0 1.0
0.0361397253556858 0.019033374559436655 0.0 0.0 0.0 1.0
0.03608791223621801 0.02000110325633313 0.0 0.0 0.0 1.0
0.03614325318117242 0.021106142373238036 0.0 0.0 0.0 1.0
0.03591071160541931 0.021956931918128055 0.0 0.0 0.0 1.0
0.03600264476089306 0.0229020419968497 0.0 0.0 0.0 1.0
0.035867993368359274 0.023851739564465204 0.0 0.0 0.0 1.0
0.036066405905546856 0.025007296121989556 0.0 0.0 0.0 1.0
0.03606974856972857 0.02599824403967138 0.0 0.0 0.0 1.0
0.035933513512464786 0.02703519742552969 0.0 0.0 0.0 1.0
0.035943766031411604 0.02788120240762939 0.0 0.0 0.0 1.0
0.0359544341137379 0.029107505914473253 0.0 0.0 0.0 1.0
0.03596761227840717 0.02992249163817861 0.0 0.0 0.0 1.0
0.0358776904434046 0.030948508753060797 0.0 0.0 0.0 1.0
0.03593796434651569 0.03202599893824371 0.0 0.0 0.0 1.0
0.0360352317970368 0.03305129827282784 0.0 0.0 0.0 1.0
0.03606700645459788 0.033935459543715255 0.0 0.0 0.0 1.0
0.035961358990661295 0.035113421160976266 0.0 0.0 0.0 1.0
0.0360753884450014 0.03598616930225487 0.0 0.0 0.0 1.0
0.035907567857753564 0.03688424375941396 0.0 0.0 0.0 1.0
0.03594252716555996 0.03810035007423383 0.0 0.0 0.0 1.0
0.03593459061559288 0.039129627434575875 0.0 0.0 0.0 1.0
0.03594630868747425 0.039894718807381324 0.0 0.0 0.0 1.0
0.0358924488860324 0.04099557911719804 0.0 0.0 0.0 1.0
0.036023558786356207 0.0420936879793372 0.0 0.0 0.0 1.0
0.03606742132405372 0.04304076729965449 0.0 0.0 0.0 1.0
0.03586201376941793 0.04413763524690142 0.0 0.0 0.0 1.0
0.036026552307434394 0.04485484321515046 0.0 0.0 0.0 1.0
0.03605510567900416 0.04606714916622781 0.0 0.0 0.0 1.0
0.03607240775222283 0.04701085021335301 0.0 0.0 0.0 1.0
0.036086140607149715 0.04801371265846615 0.0 0.0 0.0 1.0
0.035859188028606395 0.048852863104546056 0.0 0.0 0.0 1.0
0.03612847051406247 0.049956612707760036 0.0 0.0 0.0 1.0
0.035880268197364944 0.050852143271633156 0.0 0.0 0.0 1.0
0.03599006487132979 0.0518922847584965 0.0 0.0 0.0 1.0
0.03598577863141316 0.053040730424460635 0.0 0.0 0.0 1.0
0.03610338186308117 0.054000515711144656 0.0 0.0 0.0 1.0
0.0359262655383939 0.05502145224462631 0.0 0.0 0.0 1.0
0.03585298573101586 0.05593169730185938 0.0 0.0 0.0 1.0
0.03599349838881403 0.05691142345556334 0.0 0.0 0.0 1.0
0.03593968772856614 0.05788144872130557 0.0 0.0 0.0 1.0
0.036010125501316145 0.05898589007889388 0.0 0.0 0.0 1.0
0.0360622273080833 0.06013670896496467 0.0 0.0 0.0 1.0
0.03608461047098721 0.06108792688561189 0.0 0.0 0.0 1.0
0.03586500514120896 0.06190989889191995 0.0 0.0 0.0 1.0
0.035996208519482334 0.06304852793094143 0.0 0.0 0.0 1.0
0.03586630459527639 0.06399483843470742 0.0 0.0 0.0 1.0
0.0360890831861255 0.0648664655986137 0.0 0.0 0.0 1.0
0.03610456364853157 0.06590011259268459 0.0 0.0 0.0 1.0
0.03610992871252678 0.06711846648950451 0.0 0.0 0.0 1.0
0.03594081775923667 0.06793654859369594 0.0 0.0 0.0 1.0
0.0359610764832544 0.0690060529610858 0.0 0.0 0.0 1.0
0.03600586502918406 0.06996170838116396 0.0 0.0 0.0 1.0
0.03611330348374287 0.07108197771939193 0.0 0.0 0.0 1.0
0.03594294989382356 0.07214906517952588 0.0 0.0 0.0 1.0
0.03599422233446394 0.07292305524562329 0.0 0.0 0.0 1.0
0.03594271843168593 0.0738898730348026 0.0 0.0 0.0 1.0
0.03600620677178543 0.07510407081005889 0.0 0.0 0.0 1.0
0.035934915045922784 0.07598328968807765 0.0 0.0 0.0 1.0
0.036054608620259984 0.07687718877478257 0.0 0.0 0.0 1.0
0.03594294414123732 0.07803753119683435 0.0 0.0 0.0 1.0
0.03596864771060905 0.07912646899680723 0.0 0.0 0.0 1.0
0.03586838203106853 0.07992293176138285 0.0 0.0 0.0 1.0
0.035887131328678504 0.08098825304039199 0.0 0.0 0.0 1.0
0.03607503531532214 0.08191087183770852 0.0 0.0 0.0 1.0
0.03610729760269757 0.08301800535317395 0.0 0.0 0.0 1.0
0.03597883016713024 0.08406450184549649 0.0 0.0 0.0 1.0
0.036072233415572905 0.08502712781246706 0.0 0.0 0.0 1.0
0.035899551769294887 0.08598038393313584 0.0 0.0 0.0 1.0
0.03590150402329295 0.08701374369956358 0.0 0.0 0.0 1.0
0.036035699893612425 0.08794283599425227 0.0 0.0 0.0 1.0
0.036089526292584787 0.08912841303204362 0.0 0.0 0.0 1.0
0.03614642715306603 0.08997703977544205 0.0 0.0 0.0 1.0
0.03602597106696142 0.09113789427472 0.0 0.0 0.0 1.0
0.03609837379039411 0.091879587153276 0.0 0.0 0.0 1.0
0.03602061836811394 0.09303615094918417 0.0 0.0 0.0 1.0
0.035972353874779796 0.0939794157885234 0.0 0.0 0.0 1.0
0.035909786316911725 0.09487942823315586 0.0 0.0 0.0 1.0
0.03602890711965272 0.09605805274207285 0.0 0.0 0.0 1.0
0.036147032204195816 0.09710054693302127 0.0 0.0 0.0 1.0
0.0360720699714556 0.0978853552216231 0.0 0.0 0.0 1.0
0.03591476706094924 0.098882965138418 0.0 0.0 0.0 1.0
0.03701736077855214 5.062015237100374e-5 0.0 0.0 0.0 1.0
0.03692708310733383 0.0009215501262668554 0.0 0.0 0.0 1.0
0.03693821943621679 0.0020494782500302144 0.0 0.0 0.0 1.0
0.03686970823523132 0.0029581932617997065 0.0 0.0 0.0 1.0
0.03693554204674476 0.0038891125899995836 0.0 0.0 0.0 1.0
0.037141785564658976 0.004966697699624238 0.0 0.0 0.0 1.0
0.037031764405218215 0.006019528819768079 0.0 0.0 0.0 1.0
0.037140158577792036 0.006857179782620245 0.0 0.0 0.0 1.0
0.036863887845986765 0.00794907843527452 0.0 0.0 0.0 1.0
0.03700651556342485 0.009021649941040854 0.0 0.0 0.0 1.0
0.036885658947055026 0.009950521568291919 0.0 0.0 0.0 1.0
0.03706535475208116 0.01104732467732826 0.0 0.0 0.0 1.0
0.0369132598806056 0.012049186654516198 0.0 0.0 0.0 1.0
0.0369050306960228 0.012891475247679966 0.0 0.0 0.0 1.0
0.03711978497265693 0.014023486736336068 0.0 0.0 0.0 1.0
0.036941749051286873 0.014915763947034233 0.0 0.0 0.0 1.0
0.03704547986256738 0.016129569985931753 0.0 0.0 0.0 1.0
0.0369996275871157 0.017039144767684002 0.0 0.0 0.0 1.0
0.03710210486352869 0.01814836464440979 0.0 0.0 0.0 1.0
0.03687794215678965 0.019144568557461 0.0 0.0 0.0 1.0
0.03693457980155849 0.02010504698308555 0.0 0.0 0.0 1.0
0.0368790736598172 0.020891574006047787 0.0 0.0 0.0 1.0
0.03708888632933839 0.02187908611552349 0.0 0.0 0.0 1.0
0.03701796618100965 0.02291817296741582 0.0 0.0 0.0 1.0
0.03687008851124278 0.023951430595058897 0.0 0.0 0.0 1.0
0.03690797897872013 0.024921283411834628 0.0 0.0 0.0 1.0
0.03691498358332944 0.025979081118054952 0.0 0.0 0.0 1.0
0.03688938711113138 0.027112480928912122 0.0 0.0 0.0 1.0
0.03695564265967577 0.0280881544878054 0.0 0.0 0.0 1.0
0.03707325683862697 0.029085552569545228 0.0 0.0 0.0 1.0
0.03703752922410305 0.03001401379428107 0.0 0.0 0.0 1.0
0.03712050822165768 0.031117010843290202 0.0 0.0 0.0 1.0
0.03710531113531364 0.03192877748212036 0.0 0.0 0.0 1.0
0.03704406666982092 0.033104180649641914 0.0 0.0 0.0 1.0
0.03696120244409382 0.034015829703077705 0.0 0.0 0.0 1.0
0.03696924299535908 0.03485433719869942 0.0 0.0 0.0 1.0
0.03693657725732114 0.035970438647242135 0.0 0.0 0.0 1.0
0.03704856387800835 0.036892455386580376 0.0 0.0 0.0 1.0
0.03709519010002027 0.03811123594354884 0.0 0.0 0.0 1.0
0.03697103263068598 0.03893824609761781 0.0 0.0 0.0 1.0
0.03688343227826396 0.039961851169931825 0.0 0.0 0.0 1.0
0.036989344222817994 0.041058170187660614 0.0 0.0 0.0 1.0
0.0370045999157278 0.04193314183660382 0.0 0.0 0.0 1.0
0.03704064400363389 0.04311058123452925 0.0 0.0 0.0 1.0
0.03694759745294617 0.04390971282318167 0.0 0.0 0.0 1.0
0.03694706550543912 0.04511281682640664 0.0 0.0 0.0 1.0
0.03690528082823727 0.04614294766752119 0.0 0.0 0.0 1.0
0.037071367528178474 0.04700107119015471 0.0 0.0 0.0 1.0
0.036961419605374406 0.048060922849334144 0.0 0.0 0.0 1.0
0.03704108145036383 0.04887017308740891 0.0 0.0 0.0 1.0
0.03699467639145576 0.04995616187432433 0.0 0.0 0.0 1.0
0.03695020449512513 0.05114617183596826 0.0 0.0 0.0 1.0
0.037118803195051064 0.05188747196308784 0.0 0.0 0.0 1.0
0.03696723710409124 0.0529949725250124 0.0 0.0 0.0 1.0
0.03694610252016624 0.05401911522848346 0.0 0.0 0.0 1.0
0.03701531497864497 0.05485450310803781 0.0 0.0 0.0 1.0
0.03706882229751796 0.05594779123357256 0.0 0.0 0.0 1.0
0.03704880286541293 0.057079733747712545 0.0 0.0 0.0 1.0
0.03691627708959818 0.0581113863970623 0.0 0.0 0.0 1.0
0.03703181462309704 0.05886154619230232 0.0 0.0 0.0 1.0
0.036916014017807995 0.05997675621888907 0.0 0.0 0.0 1.0
0.03694673438391578 0.06094980841732903 0.0 0.0 0.0 1.0
0.03701086171460496 0.062036863285355084 0.0 0.0 0.0 1.0
0.03714976651251147 0.06299380122020765 0.0 0.0 0.0 1.0
0.0368714775178033 0.06396966778189603 0.0 0.0 0.0 1.0
0.037130748557227845 0.06491424917806471 0.0 0.0 0.0 1.0
0.037000027780305055 0.06590229487557461 0.0 0.0 0.0 1.0
0.03686629855213447 0.06686347865310469 0.0 0.0 0.0 1.0
0.037061185390728314 0.06789400491148888 0.0 0.0 0.0 1.0
0.036926859854571524 0.06891383963741762 0.0 0.0 0.0 1.0
0.037012353222566505 0.07002472234164103 0.0 0.0 0.0 1.0
0.03710729273522988 0.07111615791113987 0.0 0.0 0.0 1.0
0.03705881292259974 0.07201189233525829 0.0 0.0 0.0 1.0
0.03708183327695801 0.07286335423208963 0.0 0.0 0.0 1.0
0.037035857140393 0.0740837363201367 0.0 0.0 0.0 1.0
0.03713165335152605 0.07513313800032571 0.0 0.0 0.0 1.0
0.0370567397793899 0.07606547823058103 0.0 0.0 0.0 1.0
0.037006601836179404 0.07704094171259201 0.0 0.0 0.0 1.0
0.036977744025920634 0.07796070116033216 0.0 0.0 0.0 1.0
0.037066775205310806 0.07902199113271548 0.0 0.0 0.0 1.0
0.03687529028896462 0.0799840224681113 0.0 0.0 0.0 1.0
0.03697892109400559 0.0810260248246426 0.0 0.0 0.0 1.0
0.03686873105964257 0.08187872762297832 0.0 0.0 0.0 1.0
0.03688362627682877 0.08308744350210046 0.0 0.0 0.0 1.0
0.036887966411816304 0.08389966268264645 0.0 0.0 0.0 1.0
0.03692928309756018 0.0850775692809973 0.0 0.0 0.0 1.0
0.0370908844123413 0.08596878622978775 0.0 0.0 0.0 1.0
0.03696013118829747 0.08706792810910834 0.0 0.0 0.0 1.0
0.03696141262180492 0.08806310741137889 0.0 0.0 0.0 1.0
0.03695075475582639 0.08895102043167512 0.0 0.0 0.0 1.0
0.03707477509489635 0.09008160827212332 0.0 0.0 0.0 1.0
0.03701360458530608 0.09100893579477544 0.0 0.0 0.0 1.0
0.03713865705233882 0.09203513416387944 0.0 0.0 0.0 1.0
0.037102719210320406 0.09305865848754319 0.0 0.0 0.0 1.0
0.037010501227961644 0.09405831475500931 0.0 0.0 0.0 1.0
0.036896607929080574 0.09489320787410546 0.0 0.0 0.0 1.0
0.037126179035429335 0.09605696246412226 0.0 0.0 0.0 1.0
0.03705891090420361 0.09702318513018983 0.0 0.0 0.0 1.0
0.03690393147466885 0.09811581695415478 0.0 0.0 0.0 1.0
0.03711601875472337 0.09889926715953005 0.0 0.0 0.0 1.0
0.03807524938651986 7.505169222645896e-5 0.0 0.0 0.0 1.0
0.038100046269239254 0.0010744344632221492 0.0 0.0 0.0 1.0
0.037916044518765527 0.001878057189686774 0.0 0.0 0.0 1.0
0.037935266530497225 0.0031033128032501604 0.0 0.0 0.0 1.0
0.037941810022570466 0.003945512611464785 0.0 0.0 0.0 1.0
0.03802845330447841 0.005141150577737607 0.0 0.0 0.0 1.0
0.03809353369758674 0.006014888482644213 0.0 0.0 0.0 1.0
0.0379363383617936 0.007145164419162327 0.0 0.0 0.0 1.0
0.03794003098372775 0.008135275745641853 0.0 0.0 0.0 1.0
0.03787283052429678 0.008855701920324097 0.0 0.0 0.0 1.0
0.038117242985276203 0.010067499938722456 0.0 0.0 0.0 1.0
0.03812076461413502 0.011055025652782734 0.0 0.0 0.0 1.0
0.03800715643712117 0.011899599763454742 0.0 0.0 0.0 1.0
0.03796493437956824 0.013135955763473964 0.0 0.0 0.0 1.0
0.03808657972734096 0.013921444757535574 0.0 0.0 0.0 1.0
0.037979441295579265 0.014885422318882834 0.0 0.0 0.0 1.0
0.037946874724108626 0.01612251673961257 0.0 0.0 0.0 1.0
0.03804369159856993 0.016856873522242195 0.0 0.0 0.0 1.0
0.03802372765158338 0.01796544492768318 0.0 0.0 0.0 1.0
0.03797590105059229 0.018999352538399076 0.0 0.0 0.0 1.0
0.03797163807704682 0.020030842090650976 0.0 0.0 0.0 1.0
0.03791998831590646 0.02092682589735802 0.0 0.0 0.0 1.0
0.03800105638317195 0.02199428014820305 0.0 0.0 0.0 1.0
0.037904316342029856 0.02313233561418744 0.0 0.0 0.0 1.0
0.03789230380359203 0.024124096261593824 0.0 0.0 0.0 1.0
0.03795320186049777 0.024993880192123365 0.0 0.0 0.0 1.0
0.03786180741615504 0.026001103278066273 0.0 0.0 0.0 1.0
0.03791377378870771 0.027097006074068074 0.0 0.0 0.0 1.0
0.037934830598905706 0.027981895426603835 0.0 0.0 0.0 1.0
0.038112737871820984 0.02897437128577054 0.0 0.0 0.0 1.0
0.03799978917837346 0.030098611117572074 0.0 0.0 0.0 1.0
0.03789492431080961 0.0309881821561428 0.0 0.0 0.0 1.0
0.037857478200455805 0.03186739176861853 0.0 0.0 0.0 1.0
0.03806612062124288 0.03293063011419343 0.0 0.0 0.0 1.0
0.03796391359292653 0.03388814484720398 0.0 0.0 0.0 1.0
0.03799756959342398 0.03506035108182295 0.0 0.0 0.0 1.0
0.038042130787218395 0.03613350702281805 0.0 0.0 0.0 1.0
0.03810456619724425 0.03691237863764533 0.0 0.0 0.0 1.0
0.03792442599959914 0.038116857524137064 0.0 0.0 0.0 1.0
0.037926749037150875 0.03890881818731868 0.0 0.0 0.0 1.0
0.037869434549890876 0.04011703356151805 0.0 0.0 0.0 1.0
0.03794461077172097 0.04111975514379235 0.0 0.0 0.0 1.0
0.03788454345904041 0.04188530583476064 0.0 0.0 0.0 1.0
0.038031859681069265 0.04297924666921187 0.0 0.0 0.0 1.0
0.03809279890946932 0.044059496711242055 0.0 0.0 0.0 1.0
0.037997570775244585 0.04505015288669257 0.0 0.0 0.0 1.0
0.037980325113396975 0.04588476662997257 0.0 0.0 0.0 1.0
0.037899989402145014 0.0470502965450141 0.0 0.0 0.0 1.0
0.038005790430618164 0.04793555733903911 0.0 0.0 0.0 1.0
0.038023018270105055 0.049121928549569545 0.0 0.0 0.0 1.0
0.037873324509431185 0.05006856794154502 0.0 0.0 0.0 1.0
0.03786366163681138 0.050971615044984056 0.0 0.0 0.0 1.0
0.03801020473643418 0.05200566063620921 0.0 0.0 0.0 1.0
0.03797096832031972 0.053130282844841226 0.0 0.0 0.0 1.0
0.03806308048105528 0.05410154450982364 0.0 0.0 0.0 1.0
0.03804134693953414 0.054918335842438305 0.0 0.0 0.0 1.0
0.038106523949491364 0.0559216921575762 0.0 0.0 0.0 1.0
0.03812658885326062 0.05709677237167967 0.0 0.0 0.0 1.0
0.03801455466819611 0.05801048489612949 0.0 0.0 0.0 1.0
0.03794408679946052 0.05891276298554433 0.0 0.0 0.0 1.0
0.038065198878558595 0.060016204185535105 0.0 0.0 0.0 1.0
0.03813747658719477 0.06102201136505921 0.0 0.0 0.0 1.0
0.037967813992234326 0.061889689030482614 0.0 0.0 0.0 1.0
0.037984599975824845 0.06304296219889359 0.0 0.0 0.0 1.0
0.03809829605952206 0.06389250368678277 0.0 0.0 0.0 1.0
0.0381398871945995 0.06507744566087602 0.0 0.0 0.0 1.0
0.037999191280032533 0.06592681806503053 0.0 0.0 0.0 1.0
0.038098899910386334 0.06698163879164977 0.0 0.0 0.0 1.0
0.03794542150799176 0.06795111568232479 0.0 0.0 0.0 1.0
0.038137790912319156 0.06898553377884165 0.0 0.0 0.0 1.0
0.03806519107411305 0.0698818470910591 0.0 0.0 0.0 1.0
0.03789101646913179 0.07095070404009551 0.0 0.0 0.0 1.0
0.038029622351790034 0.07203623627266854 0.0 0.0 0.0 1.0
0.03806412323284951 0.07296609441331313 0.0 0.0 0.0 1.0
0.03793719038710203 0.07412064176389631 0.0 0.0 0.0 1.0
0.03792276654456014 0.07506814320174132 0.0 0.0 0.0 1.0
0.037952342569166325 0.07608746646426498 0.0 0.0 0.0 1.0
0.03813111986512187 0.0770275977441983 0.0 0.0 0.0 1.0
0.037880309452810706 0.07788748503179797 0.0 0.0 0.0 1.0
0.03814838580561328 0.07907346708149178 0.0 0.0 0.0 1.0
0.03810565927809242 0.07990990259187424 0.0 0.0 0.0 1.0
0.03810392645438122 0.08110974800520956 0.0 0.0 0.0 1.0
0.03794422132061739 0.08198087986903266 0.0 0.0 0.0 1.0
0.03786362150369334 0.08306157105001785 0.0 0.0 0.0 1.0
0.038008633757197596 0.08400423846273122 0.0 0.0 0.0 1.0
0.03800123191719675 0.08503586169434711 0.0 0.0 0.0 1.0
0.03796338917870508 0.08612588513503042 0.0 0.0 0.0 1.0
0.03801531108688804 0.08704713996833732 0.0 0.0 0.0 1.0
0.03807856543122314 0.08789792306230258 0.0 0.0 0.0 1.0
0.03793393576898089 0.08902118066245222 0.0 0.0 0.0 1.0
0.03785043341032071 0.09013859835660977 0.0 0.0 0.0 1.0
0.0380693084519815 0.09087240205212559 0.0 0.0 0.0 1.0
0.03795138723078713 0.091901412009391 0.0 0.0 0.0 1.0
0.037999315156617496 0.09310162347907455 0.0 0.0 0.0 1.0
0.03787436025879191 0.09409025763537972 0.0 0.0 0.0 1.0
0.038127263851256754 0.09501675768102533 0.0 0.0 0.0 1.0
0.03796199647048369 0.09609909325219207 0.0 0.0 0.0 1.0
0.038024778273807666 0.09707636538188935 0.0 0.0 0.0 1.0
0.038112425443783085 0.09803740544149059 0.0 0.0 0.0 1.0
0.03797904537024938 0.09914094633572446 0.0 0.0 0.0 1.0
0.03908858565368128 -7.624464058352365e-6 0.0 0.0 0.0 1.0
0.03892141735716702 0.0010134555184970562 0.0 0.0 0.0 1.0
0.039070658450707625 0.0020816894917785713 0.0 0.0 0.0 1.0
0.03885129665443105 0.003093861491408384 0.0 0.0 0.0 1.0
0.039128920494714475 0.004043015392792082 0.0 0.0 0.0 1.0
0.03908747874069494 0.00506922167350998 0.0 0.0 0.0 1.0
0.039067515488767454 0.005991751242958846 0.0 0.0 0.0 1.0
0.03898502076011419 0.0070913186477115885 0.0 0.0 0.0 1.0
0.03890954490845659 0.008119625381681818 0.0 0.0 0.0 1.0
0.038909963176233846 0.009149888225241045 0.0 0.0 0.0 1.0
0.03907316353739922 0.010147572681637714 0.0 0.0 0.0 1.0
0.03885302677288666 0.011134922716872615 0.0 0.0 0.0 1.0
0.03893222720800885 0.011994593461543381 0.0 0.0 0.0 1.0
0.03907054882424933 0.013110380748255228 0.0 0.0 0.0 1.0
0.038953518396987255 0.014055425938760174 0.0 0.0 0.0 1.0
0.038850825819684714 0.01504887000941543 0.0 0.0 0.0 1.0
0.03912609585820964 0.01610580602378642 0.0 0.0 0.0 1.0
0.03900569064190711 0.017046286601126944 0.0 0.0 0.0 1.0
0.039111122987210305 0.01811666426881929 0.0 0.0 0.0 1.0
0.039042312524651734 0.01901781060788328 0.0 0.0 0.0 1.0
0.03891613282225085 0.02006903971640082 0.0 0.0 0.0 1.0
0.03885667220136749 0.021050153834126197 0.0 0.0 0.0 1.0
0.039109783176550506 0.02213462509091565 0.0 0.0 0.0 1.0
0.03913594728621829 0.022874199294994683 0.0 0.0 0.0 1.0
0.038983025625196926 0.024114547777420475 0.0 0.0 0.0 1.0
0.038963510223990076 0.02495987490181028 0.0 0.0 0.0 1.0
0.03910150851897179 0.02598590918038706 0.0 0.0 0.0 1.0
0.03900332735851264 0.026954129342043928 0.0 0.0 0.0 1.0
0.03895160668061574 0.027882550133043287 0.0 0.0 0.0 1.0
0.039099484338067654 0.02904910015017689 0.0 0.0 0.0 1.0
0.03896526875320041 0.030063374683894792 0.0 0.0 0.0 1.0
0.03894394572969946 0.031095668030179255 0.0 0.0 0.0 1.0
0.03902674911736836 0.03207638162565195 0.0 0.0 0.0 1.0
0.03899652504235797 0.033031462276447675 0.0 0.0 0.0 1.0
0.0389641987792979 0.03406472368957222 0.0 0.0 0.0 1.0
0.03900415809446804 0.03509576271911306 0.0 0.0 0.0 1.0
0.03902018332386099 0.0360012938238962 0.0 0.0 0.0 1.0
0.0389252773348571 0.036924715920088 0.0 0.0 0.0 1.0
0.0390540284966461 0.03811709949926306 0.0 0.0 0.0 1.0
0.0390353326060233 0.03896552767275282 0.0 0.0 0.0 1.0
0.03913662089397302 0.04002701789701686 0.0 0.0 0.0 1.0
0.03897854578966385 0.04091226842449255 0.0 0.0 0.0 1.0
0.039088755032247305 0.04187763182668969 0.0 0.0 0.0 1.0
0.03895763952035869 0.04304687348251742 0.0 0.0 0.0 1.0
0.03914863371462569 0.04401085696439702 0.0 0.0 0.0 1.0
0.03906251534735192 0.04486439678809562 0.0 0.0 0.0 1.0
0.03901894337357917 0.04596377035740994 0.0 0.0 0.0 1.0
0.038992465829438674 0.04687316109759604 0.0 0.0 0.0 1.0
0.03902196024462831 0.04788400526082523 0.0 0.0 0.0 1.0
0.039013015302889864 0.04894506099891389 0.0 0.0 0.0 1.0
0.03908876653239644 0.05011305002788241 0.0 0.0 0.0 1.0
0.03904233680345731 0.051124421941832365 0.0 0.0 0.0 1.0
0.0388870975791391 0.052082290132470566 0.0 0.0 0.0 1.0
0.03904492154670947 0.05294530167143343 0.0 0.0 0.0 1.0
0.03907798911021175 0.05389560496172559 0.0 0.0 0.0 1.0
0.03904233583623812 0.05501119863348171 0.0 0.0 0.0 1.0
0.03909006081426635 0.05613029228174582 0.0 0.0 0.0 1.0
0.038855199430108726 0.0570545509088169 0.0 0.0 0.0 1.0
0.0388982699830563 0.05794892986679652 0.0 0.0 0.0 1.0
0.0390879800570929 0.058992390253829005 0.0 0.0 0.0 1.0
0.03911369265961542 0.060128681192350326 0.0 0.0 0.0 1.0
0.03908317575501811 0.061079846661366725 0.0 0.0 0.0 1.0
0.03907831584563814 0.06205032805571487 0.0 0.0 0.0 1.0
0.03906713966310509 0.06300515168626046 0.0 0.0 0.0 1.0
0.038850170635599604 0.06410900545474663 0.0 0.0 0.0 1.0
0.03889367934154515 0.06509373245974244 0.0 0.0 0.0 1.0
0.0389282434965616 0.06587338375135827 0.0 0.0 0.0 1.0
0.03897880869372778 0.06703362117057594 0.0 0.0 0.0 1.0
0.0388769474314155 0.06803505858900123 0.0 0.0 0.0 1.0
0.03908150117440282 0.06911100770978953 0.0 0.0 0.0 1.0
0.03908169529893917 0.07014387902593484 0.0 0.0 0.0 1.0
0.0390110406438319 0.07100751321322932 0.0 0.0 0.0 1.0
0.038939144702384715 0.07190735165866508 0.0 0.0 0.0 1.0
0.03914136909449754 0.07297445965196357 0.0 0.0 0.0 1.0
0.03889735902533681 0.07389783852459937 0.0 0.0 0.0 1.0
0.039009336681823686 0.07493512468907784 0.0 0.0 0.0 1.0
0.03887178955196088 0.07604564647906305 0.0 0.0 0.0 1.0
0.039028032687384334 0.0771044636112304 0.0 0.0 0.0 1.0
0.03909877608211176 0.07812847618134271 0.0 0.0 0.0 1.0
0.039031542738433345 0.07887124180179603 0.0 0.0 0.0 1.0
0.03905964096937601 0.07998056601364091 0.0 0.0 0.0 1.0
0.03893240417126586 0.08088853783382824 0.0 0.0 0.0 1.0
0.03905503953605622 0.08207121527529325 0.0 0.0 0.0 1.0
0.03903242876016862 0.08297471927649888 0.0 0.0 0.0 1.0
0.03887365955353438 0.08386049990446189 0.0 0.0 0.0 1.0
0.03908439017369146 0.08494941850645753 0.0 0.0 0.0 1.0
0.03905655228610639 0.08588629631424116 0.0 0.0 0.0 1.0
0.039142791494892 0.08708378091789017 0.0 0.0 0.0 1.0
0.03905725871914638 0.0878597185480947 0.0 0.0 0.0 1.0
0.03897097820899488 0.08906645812664962 0.0 0.0 0.0 1.0
0.03885276550606688 0.09000641889326552 0.0 0.0 0.0 1.0
0.039095078595743106 0.09090019670029531 0.0 0.0 0.0 1.0
0.03899645993549317 0.09206858376546506 0.0 0.0 0.0 1.0
0.03903054500684817 0.09294271032349037 0.0 0.0 0.0 1.0
0.039038183520238634 0.0941155070885037 0.0 0.0 0.0 1.0
0.03903284663618362 0.09490746049593989 0.0 0.0 0.0 1.0
0.039133851622548774 0.0960850430649292 0.0 0.0 0.0 1.0
0.038990743177491696 0.09706011379006638 0.0 0.0 0.0 1.0
0.03912015916548558 0.09801903723486825 0.0 0.0 0.0 1.0
0.03901520244197953 0.09890820954376359 0.0 0.0 0.0 1.0
0.04000136905287406 7.83473071918913e-5 0.0 0.0 0.0 1.0
0.03986235402236417 0.0008707254431755887 0.0 0.0 0.0 1.0
0.04003126695497606 0.0019133374477852579 0.0 0.0 0.0 1.0
0.039873661679616035 0.00301117319484042 0.0 0.0 0.0 1.0
0.04014587444841306 0.003998467574501295 0.0 0.0 0.0 1.0
0.039970111616996706 0.005124364401819524 0.0 0.0 0.0 1.0
0.04008479362063822 0.005972107527359845 0.0 0.0 0.0 1.0
0.04009487946818867 0.006963495596384345 0.0 0.0 0.0 1.0
0.040076832623253775 0.00791489441011365 0.0 0.0 0.0 1.0
0.040042333864839685 0.009049827621729302 0.0 0.0 0.0 1.0
0.0399318292818255 0.009982848432865144 0.0 0.0 0.0 1.0
0.0399640844764958 0.011046647763759687 0.0 0.0 0.0 1.0
0.039900725252710253 0.01209596647896198 0.0 0.0 0.0 1.0
0.039977743721015195 0.013110114154461018 0.0 0.0 0.0 1.0
0.040106725091008516 0.013986670912638978 0.0 0.0 0.0 1.0
0.03991177636036881 0.014906645116524826 0.0 0.0 0.0 1.0
0.040085467510740505 0.015865777264729635 0.0 0.0 0.0 1.0
0.039970353815882896 0.017047635560505814 0.0 0.0 0.0 1.0
0.04002316045784605 0.017902873957874366 0.0 0.0 0.0 1.0
0.039960397264516584 0.019044946723898348 0.0 0.0 0.0 1.0
0.03989515160514028 0.019920778085798844 0.0 0.0 0.0 1.0
0.040138061652684916 0.021061375894280115 0.0 0.0 0.0 1.0
0.04004057192424714 0.02197993467684121 0.0 0.0 0.0 1.0
0.03995477333662972 0.022986443196016365 0.0 0.0 0.0 1.0
0.039879038753535975 0.02397245550233839 0.0 0.0 0.0 1.0
0.03992580638574732 0.024898231544197343 0.0 0.0 0.0 1.0
0.04008663566477192 0.026016495177831778 0.0 0.0 0.0 1.0
0.04012946895701222 0.027052050894144877 0.0 0.0 0.0 1.0
0.0398506449373327 0.027993079256916877 0.0 0.0 0.0 1.0
0.03991716280433473 0.028915849963977055 0.0 0.0 0.0 1.0
0.03991987577808602 0.030072524364224154 0.0 0.0 0.0 1.0
0.03989954773572703 0.03097160060530874 0.0 0.0 0.0 1.0
0.04011098622905312 0.031963061720983864 0.0 0.0 0.0 1.0
0.040044238671637866 0.03295706770720643 0.0 0.0 0.0 1.0
0.04001554036134102 0.034029747054854564 0.0 0.0 0.0 1.0
0.04003075913556701 0.03489393961725847 0.0 0.0 0.0 1.0
0.040004790080508966 0.036046055571411384 0.0 0.0 0.0 1.0
0.039861054462101184 0.037005441949133695 0.0 0.0 0.0 1.0
0.03998296295230349 0.037920116282438084 0.0 0.0 0.0 1.0
0.04006516464079529 0.038882419056977424 0.0 0.0 0.0 1.0
0.03996536995626915 0.04009407265382878 0.0 0.0 0.0 1.0
0.0399866937486838 0.04114828736057358 0.0 0.0 0.0 1.0
0.039919036129751145 0.04211803863322285 0.0 0.0 0.0 1.0
0.039984901456355505 0.042903201932241695 0.0 0.0 0.0 1.0
0.03985940616346253 0.04404380576839141 0.0 0.0 0.0 1.0
0.03985107653905379 0.044953189899947676 0.0 0.0 0.0 1.0
0.04009477760370446 0.045928428652867476 0.0 0.0 0.0 1.0
0.04004805813673196 0.04712381140503384 0.0 0.0 0.0 1.0
0.0398873413706979 0.04812337811301847 0.0 0.0 0.0 1.0
0.03999292523711579 0.049080840088013965 0.0 0.0 0.0 1.0
0.039977877634892155 0.04997719033445079 0.0 0.0 0.0 1.0
0.039948513160929545 0.05100793727978943 0.0 0.0 0.0 1.0
0.03990013125372109 0.05209309186960408 0.0 0.0 0.0 1.0
0.03992422086635154 0.05285499857775116 0.0 0.0 0.0 1.0
0.040115859954086446 0.0540199560206589 0.0 0.0 0.0 1.0
0.03997959381593595 0.054919026953751934 0.0 0.0 0.0 1.0
0.03988889485082334 0.055861969272389 0.0 0.0 0.0 1.0
0.03986023892334477 0.05708505143079386 0.0 0.0 0.0 1.0
0.03993050880864267 0.05785215163889982 0.0 0.0 0.0 1.0
0.039913681654427116 0.058910057876460885 0.0 0.0 0.0 1.0
0.03998883363936778 0.05994845023114196 0.0 0.0 0.0 1.0
0.03985749814958241 0.060955465457041155 0.0 0.0 0.0 1.0
0.04001573240170976 0.06205333436400127 0.0 0.0 0.0 1.0
0.039991889089424755 0.06300711613146878 0.0 0.0 0.0 1.0
0.039945862893770556 0.06403366539037585 0.0 0.0 0.0 1.0
0.040140236287416454 0.06509223089720322 0.0 0.0 0.0 1.0
0.03990929249275655 0.06606651883556165 0.0 0.0 0.0 1.0
0.03993361946598104 0.06705940998028583 0.0 0.0 0.0 1.0
0.04010128323677026 0.06788055444789785 0.0 0.0 0.0 1.0
0.03998085795981098 0.06896061202573811 0.0 0.0 0.0 1.0
0.04000803430248077 0.06989787081248099 0.0 0.0 0.0 1.0
0.03986217824981039 0.070889297379549 0.0 0.0 0.0 1.0
0.04007906381808297 0.07206831478731178 0.0 0.0 0.0 1.0
0.03995913514163095 0.07312330777924968 0.0 0.0 0.0 1.0
0.03996426949182243 0.0740504556381342 0.0 0.0 0.0 1.0
0.03994604233489273 0.0749135398247452 0.0 0.0 0.0 1.0
0.040032234576500604 0.07601114720856758 0.0 0.0 0.0 1.0
0.03996075317955893 0.07703378131526598 0.0 0.0 0.0 1.0
0.0400869103331776 0.07791094029237063 0.0 0.0 0.0 1.0
0.04009121567097095 0.07889308688325677 0.0 0.0 0.0 1.0
0.04010478818393606 0.08005694707052469 0.0 0.0 0.0 1.0
0.040073765110025784 0.08105681569006118 0.0 0.0 0.0 1.0
0.040041120548135634 0.08205181435765575 0.0 0.0 0.0 1.0
0.03993982566255264 0.08310142726214152 0.0 0.0 0.0 1.0
0.039908818018574384 0.08392401811847208 0.0 0.0 0.0 1.0
0.040054864037234204 0.08509875375300031 0.0 0.0 0.0 1.0
0.04011282197603384 0.08590170907867917 0.0 0.0 0.0 1.0
0.03992865548674862 0.0870907281951451 0.0 0.0 0.0 1.0
0.04011769899056285 0.08811546495823921 0.0 0.0 0.0 1.0
0.04011559114280699 0.08888260441662017 0.0 0.0 0.0 1.0
0.04003591413122973 0.0900662525529667 0.0 0.0 0.0 1.0
0.03998480990419016 0.09107025368392636 0.0 0.0 0.0 1.0
0.03986093154805959 0.09207772031644369 0.0 0.0 0.0 1.0
0.04005160838868699 0.09314987272676335 0.0 0.0 0.0 1.0
0.04013503289477597 0.09403485008423129 0.0 0.0 0.0 1.0
0.04004374866828455 0.09508750497022424 0.0 0.0 0.0 1.0
0.03999919218951841 0.09588026618920639 0.0 0.0 0.0 1.0
0.040133161192278534 0.09707262300010314 0.0 0.0 0.0 1.0
0.040034287962148134 0.09789577442352018 0.0 0.0 0.0 1.0
0.04011134750872474 0.09895578616390328 0.0 0.0 0.0 1.0
0.04094139183190548 4.989959946211277e-5 0.0 0.0 0.0 1.0
0.040986725389718245 0.0010834335383189673 0.0 0.0 0.0 1.0
0.040910948473801154 0.0021056067820761607 0.0 0.0 0.0 1.0
0.04095218612528585 0.0029870701926994515 0.0 0.0 0.0 1.0
0.04088936325585523 0.003856970188473752 0.0 0.0 0.0 1.0
0.04108623909190094 0.005002661496268696 0.0 0.0 0.0 1.0
0.04097795900804564 0.005997380048310195 0.0 0.0 0.0 1.0
0.04102251377726907 0.007098580934276425 0.0 0.0 0.0 1.0
0.04102809446820057 0.00793134737614781 0.0 0.0 0.0 1.0
0.04111544638033374 0.00903279558522361 0.0 0.0 0.0 1.0
0.041008891974600545 0.009857812115299893 0.0 0.0 0.0 1.0
0.04092145845866871 0.011091246311954307 0.0 0.0 0.0 1.0
0.04112000015140757 0.012022521039356773 0.0 0.0 0.0 1.0
0.04091977253934114 0.013087606760731889 0.0 0.0 0.0 1.0
0.04100091782806404 0.013903853793924071 0.0 0.0 0.0 1.0
0.04109658714437193 0.014860747059276699 0.0 0.0 0.0 1.0
0.040891267684244 0.01602184177143166 0.0 0.0 0.0 1.0
0.041112192907906464 0.016950881395453494 0.0 0.0 0.0 1.0
0.0408930855406766 0.01790673166361919 0.0 0.0 0.0 1.0
0.040941806400749944 0.01896564956739773 0.0 0.0 0.0 1.0
0.04107369321632929 0.019907090944576475 0.0 0.0 0.0 1.0
0.041083460994746045 0.020987466542629882 0.0 0.0 0.0 1.0
0.04100972913385994 0.021917563687753567 0.0 0.0 0.0 1.0
0.0411195136068505 0.023091327731141285 0.0 0.0 0.0 1.0
0.04087057009744965 0.024127511027820365 0.0 0.0 0.0 1.0
0.04107513635883126 0.024945089524667112 0.0 0.0 0.0 1.0
0.04093671804482714 0.026122376519189493 0.0 0.0 0.0 1.0
0.040895675026358796 0.027041183369976393 0.0 0.0 0.0 1.0
0.04095819440788245 0.027894858851155634 0.0 0.0 0.0 1.0
0.04095244939250013 0.029070681155253374 0.0 0.0 0.0 1.0
0.041007029407332946 0.02997520689403899 0.0 0.0 0.0 1.0
0.040864006663446556 0.030877589521414506 0.0 0.0 0.0 1.0
0.04086058060779653 0.03194564726923083 0.0 0.0 0.0 1.0
0.041060009708967254 0.03299956664190273 0.0 0.0 0.0 1.0
0.041142182714890334 0.03388393021582959 0.0 0.0 0.0 1.0
0.04104471694347624 0.03486127836913479 0.0 0.0 0.0 1.0
0.041009938562376475 0.03594695524128314 0.0 0.0 0.0 1.0
0.04112114649216418 0.03714480245424266 0.0 0.0 0.0 1.0
0.04114586271170613 0.038075486714815976 0.0 0.0 0.0 1.0
0.040947153796289854 0.03900111762452979 0.0 0.0 0.0 1.0
0.04092055762245226 0.04007439545162108 0.0 0.0 0.0 1.0
0.04112634628452944 0.041129311491522755 0.0 0.0 0.0 1.0
0.04108639012349111 0.041988927587971764 0.0 0.0 0.0 1.0
0.04087870643228914 0.043133441468053015 0.0 0.0 0.0 1.0
0.040925046724231195 0.043904546063649026 0.0 0.0 0.0 1.0
0.041117612173035015 0.045053412577792176 0.0 0.0 0.0 1.0
0.04097353461678662 0.04595887395193308 0.0 0.0 0.0 1.0
0.040958515076689066 0.047041824693756534 0.0 0.0 0.0 1.0
0.041109954342582 0.047856245461764584 0.0 0.0 0.0 1.0
0.04097966314313547 0.048876227862798535 0.0 0.0 0.0 1.0
0.040929207360340315 0.04997196679339274 0.0 0.0 0.0 1.0
0.040976023746168946 0.05102400285740635 0.0 0.0 0.0 1.0
0.04089481783101318 0.05192452059522916 0.0 0.0 0.0 1.0
0.040990367897612776 0.05301887093450557 0.0 0.0 0.0 1.0
0.04085459690493364 0.05410133663080442 0.0 0.0 0.0 1.0
0.041113799382990354 0.054924678090322795 0.0 0.0 0.0 1.0
0.040874760757743905 0.05590062087240732 0.0 0.0 0.0 1.0
0.0409590421784402 0.05705136077523551 0.0 0.0 0.0 1.0
0.041028609970916424 0.058134373572678796 0.0 0.0 0.0 1.0
0.04086597920230754 0.058926710586301535 0.0 0.0 0.0 1.0
0.041134867771567996 0.05996491569915619 0.0 0.0 0.0 1.0
0.04088034589646178 0.061100826949088576 0.0 0.0 0.0 1.0
0.04102479391306572 0.0619901458744594 0.0 0.0 0.0 1.0
0.040965765469686645 0.06286095950804099 0.0 0.0 0.0 1.0
0.04100826916243883 0.06411309167003724 0.0 0.0 0.0 1.0
0.04107153959968766 0.06511840916818537 0.0 0.0 0.0 1.0
0.04107770912147686 0.06613176362754512 0.0 0.0 0.0 1.0
0.04098861824983441 0.06713517089755855 0.0 0.0 0.0 1.0
0.04092253163122973 0.06786846773263608 0.0 0.0 0.0 1.0
0.04097710877580468 0.06912717828009139 0.0 0.0 0.0 1.0
0.04091780156472114 0.07000854100919911 0.0 0.0 0.0 1.0
0.04107706466433185 0.07090110577786167 0.0 0.0 0.0 1.0
0.040879320094535244 0.07213223400669003 0.0 0.0 0.0 1.0
0.04098916204349361 0.0731456278642076 0.0 0.0 0.0 1.0
0.04098143791204575 0.07397510312359162 0.0 0.0 0.0 1.0
0.040885653802432115 0.07507287229335527 0.0 0.0 0.0 1.0
0.040991246725302084 0.07602689320421287 0.0 0.0 0.0 1.0
0.040911182360459215 0.07698634901815166 0.0 0.0 0.0 1.0
0.040933032494785644 0.0779066903934139 0.0 0.0 0.0 1.0
0.04103089451816349 0.07896002766060874 0.0 0.0 0.0 1.0
0.04094793829114507 0.08010472313920698 0.0 0.0 0.0 1.0
0.041132931873134486 0.08107503969168264 0.0 0.0 0.0 1.0
0.04102593732475822 0.08196148675516142 0.0 0.0 0.0 1.0
0.040852943792046896 0.08309101956724106 0.0 0.0 0.0 1.0
0.04103392686843204 0.0839129070259435 0.0 0.0 0.0 1.0
0.041132245479717396 0.08485505398784941 0.0 0.0 0.0 1.0
0.040921196442615354 0.08608084412627967 0.0 0.0 0.0 1.0
0.04111267439806954 0.08713221878648836 0.0 0.0 0.0 1.0
0.04101808890342818 0.08800242346314871 0.0 0.0 0.0 1.0
0.04102047492653751 0.08887796967619666 0.0 0.0 0.0 1.0
0.040911058109059366 0.08987473110383745 0.0 0.0 0.0 1.0
0.04093066433559866 0.09093036402403619 0.0 0.0 0.0 1.0
0.040865478895992305 0.0920458384307909 0.0 0.0 0.0 1.0
0.04090484764984337 0.09302689538141101 0.0 0.0 0.0 1.0
0.041032169817222595 0.09385416727179209 0.0 0.0 0.0 1.0
0.040871770526375785 0.09514638141461648 0.0 0.0 0.0 1.0
0.040895168088368704 0.09602405292067492 0.0 0.0 0.0 1.0
0.04095570791027609 0.09702066121010958 0.0 0.0 0.0 1.0
0.04085043898349844 0.09805402190020368 0.0 0.0 0.0 1.0
0.04109311163257573 0.09894067956289963 0.0 0.0 0.0 1.0
0.042028456897130334 -0.00014621110440055343 0.0 0.0 0.0 1.0
0.04214934611140833 0.0010990513863652373 0.0 0.0 0.0 1.0
0.04209282986984193 0.0019096229975353342 0.0 0.0 0.0 1.0
0.042006058794528775 0.0030763016824429754 0.0 0.0 0.0 1.0
0.04210746460495959 0.003853451353072227 0.0 0.0 0.0 1.0
0.042063729759690256 0.0051366777358308555 0.0 0.0 0.0 1.0
0.04188276996635755 0.0060270672039067575 0.0 0.0 0.0 1.0
0.04208281196585504 0.006971103159858653 0.0 0.0 0.0 1.0
0.04196703175294884 0.008005885038279629 0.0 0.0 0.0 1.0
0.04193215216351515 0.00896189883002261 0.0 0.0 0.0 1.0
0.041922403602258386 0.009866707693386068 0.0 0.0 0.0 1.0
0.042080674911564794 0.01091362602843303 0.0 0.0 0.0 1.0
0.04209246275696929 0.011867740514018755 0.0 0.0 0.0 1.0
0.04214987461194046 0.012962691388498324 0.0 0.0 0.0 1.0
0.04197195626142859 0.013903791043474339 0.0 0.0 0.0 1.0
0.04212798552961703 0.014909468165066553 0.0 0.0 0.0 1.0
0.041945943898574554 0.016103068742319086 0.0 0.0 0.0 1.0
0.042076864133565775 0.01698241976727552 0.0 0.0 0.0 1.0
0.0419541386683246 0.01809352655529586 0.0 0.0 0.0 1.0
0.04197315113221733 0.0188765133615354 0.0 0.0 0.0 1.0
0.04212924841851885 0.020072122310669547 0.0 0.0 0.0 1.0
0.04187463021582034 0.020966401271789663 0.0 0.0 0.0 1.0
0.0418949219857287 0.021924850196858976 0.0 0.0 0.0 1.0
0.04185531571036982 0.023046605851402342 0.0 0.0 0.0 1.0
0.041956397342474715 0.024063060407720858 0.0 0.0 0.0 1.0
0.04199761393006895 0.024891087695892256 0.0 0.0 0.0 1.0
0.041965721532535596 0.025896792933171313 0.0 0.0 0.0 1.0
0.041851462899329214 0.027012728007627586 0.0 0.0 0.0 1.0
0.042034435698916794 0.027980417130862214 0.0 0.0 0.0 1.0
0.04201285509930505 0.029046454579092336 0.0 0.0 0.0 1.0
0.04194835775754478 0.03012791223197956 0.0 0.0 0.0 1.0
0.04214363611216472 0.031053751732025948 0.0 0.0 0.0 1.0
0.042106889126618474 0.03187996739264208 0.0 0.0 0.0 1.0
0.041959545025647596 0.03302937157795885 0.0 0.0 0.0 1.0
0.04197405874001649 0.034129581902807474 0.0 0.0 0.0 1.0
0.041912931002015666 0.03496909554516078 0.0 0.0 0.0 1.0
0.04203404221813241 0.03595452088792159 0.0 0.0 0.0 1.0
0.04199001346447981 0.036870451410616484 0.0 0.0 0.0 1.0
0.0420756523898571 0.038114842462940425 0.0 0.0 0.0 1.0
0.04211875377884061 0.03888746005446562 0.0 0.0 0.0 1.0
0.041885258651638245 0.03989894505421354 0.0 0.0 0.0 1.0
0.04198341530970617 0.04111160127226996 0.0 0.0 0.0 1.0
0.04207315380099033 0.04191049568444601 0.0 0.0 0.0 1.0
0.0420588563642938 0.04293288611083052 0.0 0.0 0.0 1.0
0.04187404590293624 0.044098849632660406 0.0 0.0 0.0 1.0
0.04196193773076887 0.04510720635646145 0.0 0.0 0.0 1.0
0.04212854003090054 0.04604792073532842 0.0 0.0 0.0 1.0
0.04185218999405881 0.046868081812758346 0.0 0.0 0.0 1.0
0.04196563521952532 0.04796789379136756 0.0 0.0 0.0 1.0
0.042029205911418954 0.04910511030328405 0.0 0.0 0.0 1.0
0.04187020864085367 0.04998708108735977 0.0 0.0 0.0 1.0
0.04198165585079577 0.0508918088789789 0.0 0.0 0.0 1.0
0.042023986875016676 0.05214507779087554 0.0 0.0 0.0 1.0
0.04206151817437681 0.05296710770902477 0.0 0.0 0.0 1.0
0.04199111272025126 0.05411716853687122 0.0 0.0 0.0 1.0
0.041854569562015595 0.054999200155617475 0.0 0.0 0.0 1.0
0.04191525586196841 0.05591467527102397 0.0 0.0 0.0 1.0
0.04193470751639999 0.057024573917683764 0.0 0.0 0.0 1.0
0.04199038162728484 0.05804693941665059 0.0 0.0 0.0 1.0
0.042107230513957775 0.058902814168554134 0.0 0.0 0.0 1.0
0.04190258131789354 0.06012756090119185 0.0 0.0 0.0 1.0
0.041874450436805294 0.06112603775551278 0.0 0.0 0.0 1.0
0.04188142353154111 0.06195829396160118 0.0 0.0 0.0 1.0
0.04188383496779495 0.06288291834373172 0.0 0.0 0.0 1.0
0.041934133125726095 0.06403189182982959 0.0 0.0 0.0 1.0
0.04206647957971875 0.0651188014177886 0.0 0.0 0.0 1.0
0.041906070546024354 0.06592906342261541 0.0 0.0 0.0 1.0
0.04195386436215873 0.06706563671730917 0.0 0.0 0.0 1.0
0.04213955854011336 0.06810811633107922 0.0 0.0 0.0 1.0
0.04199882513551887 0.06890428318633332 0.0 0.0 0.0 1.0
0.04200256175218221 0.07005381786747852 0.0 0.0 0.0 1.0
0.0419594076226611 0.07091540395632613 0.0 0.0 0.0 1.0
0.04201751087872529 0.0721169023477416 0.0 0.0 0.0 1.0
0.04200963385680886 0.0730332147336665 0.0 0.0 0.0 1.0
0.04189800448479835 0.07414719998721946 0.0 0.0 0.0 1.0
0.042000366858692975 0.0749378533556641 0.0 0.0 0.0 1.0
0.04201607096970423 0.0758926398447185 0.0 0.0 0.0 1.0
0.042093401611742035 0.07695860991467421 0.0 0.0 0.0 1.0
0.04193176382663065 0.0780490574999718 0.0 0.0 0.0 1.0
0.04206578494461345 0.07898760611857408 0.0 0.0 0.0 1.0
0.04213144435032747 0.08001405454207527 0.0 0.0 0.0 1.0
0.04193767539280854 0.08114614518433691 0.0 0.0 0.0 1.0
0.04213755702771916 0.08211668983051476 0.0 0.0 0.0 1.0
0.04205207902912273 0.08313482629963372 0.0 0.0 0.0 1.0
0.04191759749200661 0.08399588095860658 0.0 0.0 0.0 1.0
0.041985412303921 0.08488207991813682 0.0 0.0 0.0 1.0
0.04202692477912253 0.08588838056510932 0.0 0.0 0.0 1.0
0.041934824991648516 0.08688023574900702 0.0 0.0 0.0 1.0
0.04202711768148588 0.08804152478176491 0.0 0.0 0.0 1.0
0.04185664242349949 0.08906781157144221 0.0 0.0 0.0 1.0
0.042085100750855614 0.09010755938568063 0.0 0.0 0.0 1.0
0.04186697124507285 0.09109912416236209 0.0 0.0 0.0 1.0
0.04197782625589468 0.09207287094532624 0.0 0.0 0.0 1.0
0.042059059601807135 0.09293732934775455 0.0 0.0 0.0 1.0
0.042013836916192544 0.09395419961403054 0.0 0.0 0.0 1.0
0.04194389239433252 0.09500198894206574 0.0 0.0 0.0 1.0
0.04185112341814501 0.09588080095134283 0.0 0.0 0.0 1.0
0.04206849565123295 0.0968634595205855 0.0 0.0 0.0 1.0
0.04214636582332602 0.09812485627860851 0.0 0.0 0.0 1.0
0.042133651509596116 0.09896135943639446 0.0 0.0 0.0 1.0
0.04303347013705755 -3.97165490932512e-5 0.0 0.0 0.0 1.0
0.043031736918435204 0.0010128149293341057 0.0 0.0 0.0 1.0
0.043055503770960395 0.002043929926802853 0.0 0.0 0.0 1.0
0.04311831582559572 0.0030063994359481243 0.0 0.0 0.0 1.0
0.04314402105044842 0.003921401479831381 0.0 0.0 0.0 1.0
0.04287222312291768 0.004982624074499817 0.0 0.0 0.0 1.0
0.04312400721974483 0.006135503869524346 0.0 0.0 0.0 1.0
0.0429818209559467 0.006954542408367256 0.0 0.0 0.0 1.0
0.04308105672983978 0.008067484553755723 0.0 0.0 0.0 1.0
0.04286732128449021 0.00896989507679292 0.0 0.0 0.0 1.0
0.04298730751804837 0.00999966067118602 0.0 0.0 0.0 1.0
0.042957166468156956 0.01104032119673398 0.0 0.0 0.0 1.0
0.042939048551841 0.012012343778490453 0.0 0.0 0.0 1.0
0.042889611769364684 0.013078061063587733 0.0 0.0 0.0 1.0
0.04305624922818255 0.013993885731070013 0.0 0.0 0.0 1.0
0.04300049978079074 0.01511918964431844 0.0 0.0 0.0 1.0
0.042906135206065656 0.016139022608116414 0.0 0.0 0.0 1.0
0.04293083138689688 0.016933002828954748 0.0 0.0 0.0 1.0
0.04293345293576432 0.017910156922501867 0.0 0.0 0.0 1.0
0.04296933545194731 0.019029570322946145 0.0 0.0 0.0 1.0
0.042978243863479614 0.01993609602086292 0.0 0.0 0.0 1.0
0.043097884732802655 0.02099297968744043 0.0 0.0 0.0 1.0
0.042937716733974 0.022122144152922327 0.0 0.0 0.0 1.0
0.04312833496122394 0.022874553283160754 0.0 0.0 0.0 1.0
0.04308352914446615 0.023923222238743196 0.0 0.0 0.0 1.0
0.04291540675044814 0.024899354215368704 0.0 0.0 0.0 1.0
0.04313762049532901 0.026059750736890507 0.0 0.0 0.0 1.0
0.04303950803174277 0.027136238339046777 0.0 0.0 0.0 1.0
0.0431162086242284 0.02805394349235099 0.0 0.0 0.0 1.0
0.043005252211363906 0.02911893550391726 0.0 0.0 0.0 1.0
0.04295046479804803 0.029997765368885636 0.0 0.0 0.0 1.0
0.04310964112049226 0.030926063317940875 0.0 0.0 0.0 1.0
0.043074507734781615 0.031912222497671325 0.0 0.0 0.0 1.0
0.043100291325306045 0.03296376953870477 0.0 0.0 0.0 1.0
0.0428732492865251 0.033962274369785585 0.0 0.0 0.0 1.0
0.04292498502115609 0.03508892869109162 0.0 0.0 0.0 1.0
0.04301927218682718 0.03608308102672153 0.0 0.0 0.0 1.0
0.042966499938806996 0.03688301102355906 0.0 0.0 0.0 1.0
0.043036919746908084 0.03792201473581171 0.0 0.0 0.0 1.0
0.043098665795678 0.039093674688652776 0.0 0.0 0.0 1.0
0.043123480342093054 0.04013565938065177 0.0 0.0 0.0 1.0
0.04298063786392019 0.04108762858948918 0.0 0.0 0.0 1.0
0.043011508411468405 0.04197774765512889 0.0 0.0 0.0 1.0
0.04287539880603498 0.04301865720683619 0.0 0.0 0.0 1.0
0.04285249785626834 0.044100822778540334 0.0 0.0 0.0 1.0
0.04313790057936717 0.04487974960351872 0.0 0.0 0.0 1.0
0.04295764095038191 0.045915002673272316 0.0 0.0 0.0 1.0
0.04309233256461146 0.046936209355304286 0.0 0.0 0.0 1.0
0.042904464771348745 0.04796020357631944 0.0 0.0 0.0 1.0
0.042894839250905176 0.04886089560552786 0.0 0.0 0.0 1.0
0.042988562966018724 0.05013852769517166 0.0 0.0 0.0 1.0
0.042908955409850236 0.051035172581002736 0.0 0.0 0.0 1.0
0.04290818055788941 0.05188390237056733 0.0 0.0 0.0 1.0
0.04313507039816271 0.052902797475824645 0.0 0.0 0.0 1.0
0.04298112751309409 0.05402144808086213 0.0 0.0 0.0 1.0
0.04291507952730434 0.054979340376014256 0.0 0.0 0.0 1.0
0.04309528931279384 0.05612102804864392 0.0 0.0 0.0 1.0
0.04296172621363184 0.056941785860533695 0.0 0.0 0.0 1.0
0.043048238963050114 0.057992686937726357 0.0 0.0 0.0 1.0
0.043108630437410304 0.05887729604630522 0.0 0.0 0.0 1.0
0.043136455117684075 0.06013622599624666 0.0 0.0 0.0 1.0
0.04285756008387555 0.06111679895329197 0.0 0.0 0.0 1.0
0.04288610393537774 0.06189661899245288 0.0 0.0 0.0 1.0
0.043054755739815875 0.06294163083037932 0.0 0.0 0.0 1.0
0.042964765750092365 0.06411575782271947 0.0 0.0 0.0 1.0
0.04307448759782589 0.06509622614196192 0.0 0.0 0.0 1.0
0.043106827492412694 0.06603910265454778 0.0 0.0 0.0 1.0
0.04308787324853523 0.06711504477358168 0.0 0.0 0.0 1.0
0.04302256750673054 0.06786993492558001 0.0 0.0 0.0 1.0
0.042861262793296794 0.06893674963152209 0.0 0.0 0.0 1.0
0.04312393107766098 0.07005818175874644 0.0 0.0 0.0 1.0
0.04288839422506323 0.07086805809007038 0.0 0.0 0.0 1.0
0.04308547788359744 0.07190002981370136 0.0 0.0 0.0 1.0
0.043018534598382174 0.07299117495231684 0.0 0.0 0.0 1.0
0.042933843519109824 0.07406019229277852 0.0 0.0 0.0 1.0
0.04295553713688194 0.07503514511698287 0.0 0.0 0.0 1.0
0.04309944885229679 0.07606618997519743 0.0 0.0 0.0 1.0
0.04290085397058499 0.07714950963413769 0.0 0.0 0.0 1.0
0.04308176763817086 0.07785308491977064 0.0 0.0 0.0 1.0
0.04294723909368109 0.07893973684981659 0.0 0.0 0.0 1.0
0.04298375808759522 0.08000561557422951 0.0 0.0 0.0 1.0
0.04314599535539769 0.08101062848716689 0.0 0.0 0.0 1.0
0.0428779331789008 0.08201250117392381 0.0 0.0 0.0 1.0
0.043050572263370446 0.08314410262366757 0.0 0.0 0.0 1.0
0.042859206199029776 0.08386194168021786 0.0 0.0 0.0 1.0
0.043026388100315414 0.08514701316183237 0.0 0.0 0.0 1.0
0.042915579756352754 0.08591559004684518 0.0 0.0 0.0 1.0
0.04308214544927761 0.08704802121017566 0.0 0.0 0.0 1.0
0.04287426554576154 0.08809143813389883 0.0 0.0 0.0 1.0
0.04309476601437801 0.0888882376369715 0.0 0.0 0.0 1.0
0.04303595353007556 0.08999192717120195 0.0 0.0 0.0 1.0
0.04304490145471249 0.09104787063257598 0.0 0.0 0.0 1.0
0.04291422920491217 0.09194193269493858 0.0 0.0 0.0 1.0
0.04305224624883061 0.09290836493607785 0.0 0.0 0.0 1.0
0.042876853620164225 0.09404126927472345 0.0 0.0 0.0 1.0
0.04294745698292298 0.09500932160719287 0.0 0.0 0.0 1.0
0.042933899282666575 0.09597097015770886 0.0 0.0 0.0 1.0
0.04295049713358034 0.09690348545066055 0.0 0.0 0.0 1.0
0.042900423505022114 0.09806727081273417 0.0 0.0 0.0 1.0
0.04314376447756541 0.09889137682626603 0.0 0.0 0.0 1.0
0.04414047452778774 4.638523708891013e-5 0.0 0.0 0.0 1.0
0.04405781745688726 0.0010919438910992245 0.0 0.0 0.0 1.0
0.04413903519688954 0.002128498013876308 0.0 0.0 0.0 1.0
0.04405172207176034 0.0029220807568501837 0.0 0.0 0.0 1.0
0.043864268272453856 0.004131579378875975 0.0 0.0 0.0 1.0
0.04385557179789004 0.004961242238989588 0.0 0.0 0.0 1.0
0.04388369120661882 0.0061053105878706125 0.0 0.0 0.0 1.0
0.04400594009065205 0.007146155946161342 0.0 0.0 0.0 1.0
0.04387153580320888 0.007911894371750747 0.0 0.0 0.0 1.0
0.044008994775862405 0.009024395410649684 0.0 0.0 0.0 1.0
0.04403239612386113 0.0099202166150936 0.0 0.0 0.0 1.0
0.044020831394317415 0.011082533772249643 0.0 0.0 0.0 1.0
0.044018887450617016 0.01190057823984242 0.0 0.0 0.0 1.0
0.04393421409539391 0.013000197445175284 0.0 0.0 0.0 1.0
0.04389574302145865 0.013917673812113665 0.0 0.0 0.0 1.0
0.043939844465907665 0.015002684816656543 0.0 0.0 0.0 1.0
0.043928283129136554 0.01604932757408701 0.0 0.0 0.0 1.0
0.04411088912990796 0.017140424843446318 0.0 0.0 0.0 1.0
0.044103398075623634 0.018094101055854662 0.0 0.0 0.0 1.0
0.044043961205679855 0.018964627171520722 0.0 0.0 0.0 1.0
0.043970110912204506 0.01992137640543029 0.0 0.0 0.0 1.0
0.04412916369601483 0.020876090305220994 0.0 0.0 0.0 1.0
0.044021513394182366 0.021888988341380804 0.0 0.0 0.0 1.0
0.04410966232955991 0.023054455542066636 0.0 0.0 0.0 1.0
0.04410494122896251 0.023940710470443785 0.0 0.0 0.0 1.0
0.044026196291765025 0.02485081859319306 0.0 0.0 0.0 1.0
0.04392704190652696 0.026113846363754578 0.0 0.0 0.0 1.0
0.043860449585832996 0.027138303457651034 0.0 0.0 0.0 1.0
0.04403291371116578 0.028082151473993736 0.0 0.0 0.0 1.0
0.04410951391656075 0.02896769232797918 0.0 0.0 0.0 1.0
0.043863472874582116 0.0299003237514678 0.0 0.0 0.0 1.0
0.044027510816873554 0.031143090434974933 0.0 0.0 0.0 1.0
0.044047086490821855 0.03190277159201534 0.0 0.0 0.0 1.0
0.043960126861097584 0.0331017302385358 0.0 0.0 0.0 1.0
0.04392866006324569 0.033989211911724236 0.0 0.0 0.0 1.0
0.04386365186093152 0.034939574093849526 0.0 0.0 0.0 1.0
0.04406623057336506 0.036055122511300414 0.0 0.0 0.0 1.0
0.04387314422175502 0.03708048541948747 0.0 0.0 0.0 1.0
0.04401627345946593 0.03807009905787394 0.0 0.0 0.0 1.0
0.04400542917845901 0.03902343661674885 0.0 0.0 0.0 1.0
0.04386298241777628 0.040111623102283014 0.0 0.0 0.0 1.0
0.04388983445678382 0.040851832981059454 0.0 0.0 0.0 1.0
0.04391151930657645 0.04205056409408442 0.0 0.0 0.0 1.0
0.04389142163062247 0.04309532708385256 0.0 0.0 0.0 1.0
0.04392901251866175 0.04388711856484803 0.0 0.0 0.0 1.0
0.04397126446435882 0.04504355565793922 0.0 0.0 0.0 1.0
0.044024319966450884 0.04604640614892836 0.0 0.0 0.0 1.0
0.04401170369921082 0.04685931474113513 0.0 0.0 0.0 1.0
0.04396836007352729 0.04789801104344003 0.0 0.0 0.0 1.0
0.043859654759514304 0.04899242468495298 0.0 0.0 0.0 1.0
0.043919505200628595 0.04997567637355534 0.0 0.0 0.0 1.0
0.04414535250160916 0.051130599819736784 0.0 0.0 0.0 1.0
0.04406894925383501 0.05187366026488376 0.0 0.0 0.0 1.0
0.04414146436950446 0.05288250200208274 0.0 0.0 0.0 1.0
0.04393612730088298 0.054023389044929614 0.0 0.0 0.0 1.0
0.04404044189545503 0.05495671441665147 0.0 0.0 0.0 1.0
0.04408404039225732 0.05597069907928129 0.0 0.0 0.0 1.0
0.04399178913133797 0.0571402749171736 0.0 0.0 0.0 1.0
0.04404537382490287 0.05811230748407318 0.0 0.0 0.0 1.0
0.0439833671111573 0.05903944367387803 0.0 0.0 0.0 1.0
0.04413675295025212 0.05990960138926517 0.0 0.0 0.0 1.0
0.04385070143675546 0.061045369133630616 0.0 0.0 0.0 1.0
0.04399066211448865 0.061992168152806844 0.0 0.0 0.0 1.0
0.04406029597393396 0.06301779020504143 0.0 0.0 0.0 1.0
0.04387785603436182 0.06411414682346392 0.0 0.0 0.0 1.0
0.0439234944686758 0.06487868690228252 0.0 0.0 0.0 1.0
0.0441049894768522 0.06605715583068819 0.0 0.0 0.0 1.0
0.043901825006192954 0.0668874962109054 0.0 0.0 0.0 1.0
0.0439989888474792 0.06795457654557241 0.0 0.0 0.0 1.0
0.0440085616827735 0.06895075017738961 0.0 0.0 0.0 1.0
0.04395960677416959 0.07010394414836532 0.0 0.0 0.0 1.0
0.043960556936920143 0.0711078800186917 0.0 0.0 0.0 1.0
0.044081781306826336 0.0719724120283295 0.0 0.0 0.0 1.0
0.04406121108809806 0.07293183987247086 0.0 0.0 0.0 1.0
0.04390664419917701 0.07388935961002636 0.0 0.0 0.0 1.0
0.04404488303855348 0.07504755015153873 0.0 0.0 0.0 1.0
0.043945732371734006 0.07595677304874837 0.0 0.0 0.0 1.0
0.044105028736274615 0.07706004185663574 0.0 0.0 0.0 1.0
0.044083179101601616 0.07808795640252884 0.0 0.0 0.0 1.0
0.04395752147293691 0.07899645516715004 0.0 0.0 0.0 1.0
0.04404725992504464 0.07992843894405977 0.0 0.0 0.0 1.0
0.04402411568017702 0.08091762612294687 0.0 0.0 0.0 1.0
0.044026653531401956 0.08197396523245135 0.0 0.0 0.0 1.0
0.0438794245502913 0.082971303324972 0.0 0.0 0.0 1.0
0.04399479762317135 0.08390568247567075 0.0 0.0 0.0 1.0
0.04394408110849659 0.08508605517590108 0.0 0.0 0.0 1.0
0.04405750121811681 0.08612607720455576 0.0 0.0 0.0 1.0
0.04398995836343229 0.08698725559666783 0.0 0.0 0.0 1.0
0.0440090675418394 0.08790030223357745 0.0 0.0 0.0 1.0
0.04397593578388636 0.08905618506651712 0.0 0.0 0.0 1.0
0.04390473064635575 0.08990100606429494 0.0 0.0 0.0 1.0
0.043937349995895277 0.0911392554450523 0.0 0.0 0.0 1.0
0.04386229944518121 0.092129631768695 0.0 0.0 0.0 1.0
0.04397039413001429 0.09290617158104798 0.0 0.0 0.0 1.0
0.044002871437394266 0.09401272948623225 0.0 0.0 0.0 1.0
0.04394169644542542 0.09512817528381197 0.0 0.0 0.0 1.0
0.044082078197780504 0.09613238351468607 0.0 0.0 0.0 1.0
0.04411897908834123 0.09705194477111895 0.0 0.0 0.0 1.0
0.04396300309554148 0.09800051260339734 0.0 0.0 0.0 1.0
0.04414361962154984 0.0990291739673008 0.0 0.0 0.0 1.0
0.045100884011586975 4.696487445242659e-6 0.0 0.0 0.0 1.0
0.045078020416328524 0.0009085794336788918 0.0 0.0 0.0 1.0
0.045016557393227304 0.0021260362531788962 0.0 0.0 0.0 1.0
0.04512545925233454 0.0029573776421488716 0.0 0.0 0.0 1.0
0.044993141766240835 0.0038805350054348154 0.0 0.0 0.0 1.0
0.0449289963703802 0.0049844240121054316 0.0 0.0 0.0 1.0
0.04503016714330983 0.006081086602594699 0.0 0.0 0.0 1.0
0.04492286781803401 0.0069874647729540745 0.0 0.0 0.0 1.0
0.045010330599687794 0.008131256997944572 0.0 0.0 0.0 1.0
0.044896355401416344 0.009074050595339243 0.0 0.0 0.0 1.0
0.045073275500228875 0.009931162829953174 0.0 0.0 0.0 1.0
0.045057406475865404 0.011044178555602609 0.0 0.0 0.0 1.0
0.04504971898045394 0.011908673478352417 0.0 0.0 0.0 1.0
0.04489560790266542 0.012862286212684827 0.0 0.0 0.0 1.0
0.044914519564860936 0.013970113502366616 0.0 0.0 0.0 1.0
0.04501123130770295 0.015064827186046275 0.0 0.0 0.0 1.0
0.04494300318634362 0.01590312183108513 0.0 0.0 0.0 1.0
0.04492764104547565 0.01714373513525129 0.0 0.0 0.0 1.0
0.045060108934173546 0.018049998421326617 0.0 0.0 0.0 1.0
0.0449378271679422 0.01896311174617052 0.0 0.0 0.0 1.0
0.04507075954358082 0.020132882969774345 0.0 0.0 0.0 1.0
0.04510927322172557 0.020925385222710896 0.0 0.0 0.0 1.0
0.04510143140691779 0.022015792635053263 0.0 0.0 0.0 1.0
0.04495457035646274 0.022955583987638056 0.0 0.0 0.0 1.0
0.0449525925083574 0.02399569182668556 0.0 0.0 0.0 1.0
0.0448519979618336 0.024912535748852226 0.0 0.0 0.0 1.0
0.04503499594674095 0.026138439276943867 0.0 0.0 0.0 1.0
0.045146906129922636 0.026933360663643637 0.0 0.0 0.0 1.0
0.04494694413036232 0.027860744851758747 0.0 0.0 0.0 1.0
0.04504533601107686 0.02909233223258168 0.0 0.0 0.0 1.0
0.04494882447792472 0.030027013966432453 0.0 0.0 0.0 1.0
0.04500615812853574 0.031119796179644273 0.0 0.0 0.0 1.0
0.045147086942914846 0.03206365552618084 0.0 0.0 0.0 1.0
0.04491274612715921 0.032872759836713936 0.0 0.0 0.0 1.0
0.044982157039443776 0.034047605888645076 0.0 0.0 0.0 1.0
0.044930606696866916 0.035075431162617174 0.0 0.0 0.0 1.0
0.04509878579314161 0.035858374276969536 0.0 0.0 0.0 1.0
0.045068224645218584 0.03702529917422369 0.0 0.0 0.0 1.0
0.04491104362488217 0.0380164410231347 0.0 0.0 0.0 1.0
0.044957789104766215 0.039041809005474264 0.0 0.0 0.0 1.0
0.045047549028387535 0.0399190608329801 0.0 0.0 0.0 1.0
0.04507836552309012 0.040909589329724036 0.0 0.0 0.0 1.0
0.045121602892466174 0.04203333278007151 0.0 0.0 0.0 1.0
0.045131053131438496 0.04289876964449471 0.0 0.0 0.0 1.0
0.04499077992277071 0.0439808935380867 0.0 0.0 0.0 1.0
0.044961466380023116 0.04499726690757046 0.0 0.0 0.0 1.0
0.045064870787814265 0.045899270831859774 0.0 0.0 0.0 1.0
0.04489301689300399 0.047048020648596034 0.0 0.0 0.0 1.0
0.04497066422818994 0.0478644143629429 0.0 0.0 0.0 1.0
0.044937451207247334 0.04914493035165811 0.0 0.0 0.0 1.0
0.04495044675407468 0.050056325214332564 0.0 0.0 0.0 1.0
0.045128688449430195 0.051122675404189764 0.0 0.0 0.0 1.0
0.04503611134271718 0.052018170234992965 0.0 0.0 0.0 1.0
0.045066667499844545 0.05314279716835487 0.0 0.0 0.0 1.0
0.04509980157625969 0.0539330497174921 0.0 0.0 0.0 1.0
0.045093233875090205 0.05494636751397955 0.0 0.0 0.0 1.0
0.04506462400804637 0.05598028158634907 0.0 0.0 0.0 1.0
0.04492555796693305 0.056874965679978844 0.0 0.0 0.0 1.0
0.04508194756829028 0.05808614746496029 0.0 0.0 0.0 1.0
0.0451347300967672 0.05908519069568363 0.0 0.0 0.0 1.0
0.045060850078470556 0.06005242893188388 0.0 0.0 0.0 1.0
0.04490734553001588 0.06104553946728065 0.0 0.0 0.0 1.0
0.04492623464911903 0.06205067364959835 0.0 0.0 0.0 1.0
0.04504186204537791 0.06312770966092791 0.0 0.0 0.0 1.0
0.04495328400560954 0.06394866120402387 0.0 0.0 0.0 1.0
0.04512820628183319 0.06506251926618457 0.0 0.0 0.0 1.0
0.045148521121607305 0.06604835148684156 0.0 0.0 0.0 1.0
0.044870098322716025 0.06700760267257111 0.0 0.0 0.0 1.0
0.045128720098318954 0.06791489853888254 0.0 0.0 0.0 1.0
0.045044790835971814 0.06902636901443865 0.0 0.0 0.0 1.0
0.0449347517006762 0.0700343398991801 0.0 0.0 0.0 1.0
0.04502399366490099 0.07088977636779703 0.0 0.0 0.0 1.0
0.04504774469550479 0.07201102242663543 0.0 0.0 0.0 1.0
0.04489170375497009 0.07288763697831868 0.0 0.0 0.0 1.0
0.04501719771579523 0.07402393357870306 0.0 0.0 0.0 1.0
0.044949506821992134 0.07492635225845205 0.0 0.0 0.0 1.0
0.044865544074526524 0.07596939196467258 0.0 0.0 0.0 1.0
0.04500338987795027 0.07685149878838236 0.0 0.0 0.0 1.0
0.04487054105901384 0.07786893168694257 0.0 0.0 0.0 1.0
0.04487758389026078 0.07908565542175626 0.0 0.0 0.0 1.0
0.04486989568242296 0.07994575524126867 0.0 0.0 0.0 1.0
0.044887694637559296 0.08103132115985047 0.0 0.0 0.0 1.0
0.045110835355067755 0.08200588673633968 0.0 0.0 0.0 1.0
0.04487777679711223 0.08311852134204059 0.0 0.0 0.0 1.0
0.04503341421689374 0.08404896089531617 0.0 0.0 0.0 1.0
0.04514727096707904 0.08492967334843783 0.0 0.0 0.0 1.0
0.045051097482969524 0.08589043315473331 0.0 0.0 0.0 1.0
0.04492078469845608 0.08687671964044781 0.0 0.0 0.0 1.0
0.04489938284195048 0.08795780591315484 0.0 0.0 0.0 1.0
0.045132965775507926 0.08886004766342702 0.0 0.0 0.0 1.0
0.045075315288082674 0.09012528708525541 0.0 0.0 0.0 1.0
0.04495627492963252 0.09113954158714938 0.0 0.0 0.0 1.0
0.044936071680403145 0.09185618003368705 0.0 0.0 0.0 1.0
0.04508921742218062 0.09309734454940112 0.0 0.0 0.0 1.0
0.04513651185252418 0.09412563500266084 0.0 0.0 0.0 1.0
0.045124903187559656 0.09491819375823198 0.0 0.0 0.0 1.0
0.044998362696013885 0.09588853821847713 0.0 0.0 0.0 1.0
0.04504898174550588 0.09711384439510916 0.0 0.0 0.0 1.0
0.04507613617518687 0.0979328519581657 0.0 0.0 0.0 1.0
0.0449043586071047 0.09909502733582613 0.0 0.0 0.0 1.0
0.04605326089552295 -8.633463062058726e-5 0.0 0.0 0.0 1.0
0.045981964097672315 0.0008535355526986849 0.0 0.0 0.0 1.0
0.046043131678752666 0.0019547569648981273 0.0 0.0 0.0 1.0
0.04614990688911906 0.0030560264529754327 0.0 0.0 0.0 1.0
0.045980605472545816 0.003908947368839951 0.0 0.0 0.0 1.0
0.04593299485352523 0.004881075943540224 0.0 0.0 0.0 1.0
0.046082491021596374 0.006072318424986822 0.0 0.0 0.0 1.0
0.0460761913718567 0.006929946210533712 0.0 0.0 0.0 1.0
0.04597106219543799 0.008149684747551948 0.0 0.0 0.0 1.0
0.04586869891214105 0.009063709764877437 0.0 0.0 0.0 1.0
0.04604357424749529 0.009988186895596171 0.0 0.0 0.0 1.0
0.04601037785589658 0.011006671571186441 0.0 0.0 0.0 1.0
0.04596804927049102 0.012042780386330575 0.0 0.0 0.0 1.0
0.04589617909700124 0.01290558768490628 0.0 0.0 0.0 1.0
0.04607826969089893 0.014035153473832822 0.0 0.0 0.0 1.0
0.04602705346759947 0.01504642668977994 0.0 0.0 0.0 1.0
0.04585855096850907 0.016057315865873528 0.0 0.0 0.0 1.0
0.04587077542402109 0.016896198440884743 0.0 0.0 0.0 1.0
0.04596376517501828 0.018019939251758006 0.0 0.0 0.0 1.0
0.045893732321889466 0.018908573753459067 0.0 0.0 0.0 1.0
0.04586143258147671 0.020067168547121882 0.0 0.0 0.0 1.0
0.04590685285355472 0.02089826999525149 0.0 0.0 0.0 1.0
0.04587083989909839 0.021881084251384426 0.0 0.0 0.0 1.0
0.04590055814615927 0.022858024703258116 0.0 0.0 0.0 1.0
0.04595654078306656 0.024098473789080737 0.0 0.0 0.0 1.0
0.045879002281587734 0.024874806157797948 0.0 0.0 0.0 1.0
0.04594189920356235 0.0260875046306058 0.0 0.0 0.0 1.0
0.04589245966170323 0.026936822114902333 0.0 0.0 0.0 1.0
0.04588205320268773 0.027851542133688293 0.0 0.0 0.0 1.0
0.046092224905811045 0.02892698145645176 0.0 0.0 0.0 1.0
0.0460643247046259 0.0299277088711524 0.0 0.0 0.0 1.0
0.046090043384860085 0.030951323662946218 0.0 0.0 0.0 1.0
0.045990977278526496 0.031975641843331105 0.0 0.0 0.0 1.0
0.0459237782943076 0.03293651807013507 0.0 0.0 0.0 1.0
0.04588376352016385 0.03399448167357586 0.0 0.0 0.0 1.0
0.04601386560124577 0.034960717157205196 0.0 0.0 0.0 1.0
0.04611556475413371 0.03610123968074032 0.0 0.0 0.0 1.0
0.04610682245727814 0.03690086501153978 0.0 0.0 0.0 1.0
0.045999055789962336 0.0380095057257294 0.0 0.0 0.0 1.0
0.04587555799911155 0.03892143883676864 0.0 0.0 0.0 1.0
0.04601660378117867 0.040050457543041665 0.0 0.0 0.0 1.0
0.04585320886955252 0.040855840257023664 0.0 0.0 0.0 1.0
0.04588190060566309 0.041957312016980074 0.0 0.0 0.0 1.0
0.04610102641364847 0.04289265916934357 0.0 0.0 0.0 1.0
0.046085302258649714 0.04388201432823473 0.0 0.0 0.0 1.0
0.0459930276730063 0.045065713589052696 0.0 0.0 0.0 1.0
0.045877717410257965 0.046050720029891926 0.0 0.0 0.0 1.0
0.04603419472781751 0.04705545966740069 0.0 0.0 0.0 1.0
0.046041659434139494 0.04809979922435326 0.0 0.0 0.0 1.0
0.045955491933975 0.04895237231993488 0.0 0.0 0.0 1.0
0.046000903259292465 0.04988871502596122 0.0 0.0 0.0 1.0
0.04608953735635283 0.05099231309759868 0.0 0.0 0.0 1.0
0.04594666376458885 0.05204856405611058 0.0 0.0 0.0 1.0
0.0459077729523849 0.05307256087069655 0.0 0.0 0.0 1.0
0.045866533316976085 0.05402757321333875 0.0 0.0 0.0 1.0
0.04593233946801924 0.05508835332108716 0.0 0.0 0.0 1.0
0.046061563689527435 0.056073905620471015 0.0 0.0 0.0 1.0
0.04607073428064195 0.05692099521329758 0.0 0.0 0.0 1.0
0.046063863669272315 0.05813317422597923 0.0 0.0 0.0 1.0
0.045860774440450405 0.05907570208824406 0.0 0.0 0.0 1.0
0.046127674389778474 0.059985954191099325 0.0 0.0 0.0 1.0
0.046108286075627405 0.06108336304504504 0.0 0.0 0.0 1.0
0.04614443979072654 0.06199194556374497 0.0 0.0 0.0 1.0
0.045922237808258916 0.06294048216251004 0.0 0.0 0.0 1.0
0.046010406415963295 0.06393846614542723 0.0 0.0 0.0 1.0
0.04609068431345999 0.06508743767660416 0.0 0.0 0.0 1.0
0.04610101408803469 0.06595317753680081 0.0 0.0 0.0 1.0
0.04602381354500596 0.06713156033177609 0.0 0.0 0.0 1.0
0.046019544819862306 0.06788408394763987 0.0 0.0 0.0 1.0
0.045945633056187776 0.06909800060706695 0.0 0.0 0.0 1.0
0.04603200972639441 0.07005730264812936 0.0 0.0 0.0 1.0
0.04589099320031269 0.07109216828116194 0.0 0.0 0.0 1.0
0.04601661954769756 0.0720334507112723 0.0 0.0 0.0 1.0
0.04610229545005297 0.07287612649018428 0.0 0.0 0.0 1.0
0.04599895442753515 0.07389674944058792 0.0 0.0 0.0 1.0
0.04588031491459287 0.07490717929282047 0.0 0.0 0.0 1.0
0.04585237487385926 0.07610616736566521 0.0 0.0 0.0 1.0
0.045999136381092195 0.07687199919177162 0.0 0.0 0.0 1.0
0.04603732730285834 0.07802025458296338 0.0 0.0 0.0 1.0
0.045880369177724305 0.07886708291520833 0.0 0.0 0.0 1.0
0.04594786365738628 0.08006914609696501 0.0 0.0 0.0 1.0
0.04605667888726745 0.0810610864701678 0.0 0.0 0.0 1.0
0.04597535633598372 0.08214095223231525 0.0 0.0 0.0 1.0
0.04588827177317147 0.08307155273374789 0.0 0.0 0.0 1.0
0.04601366130459147 0.08398611642700549 0.0 0.0 0.0 1.0
0.045855993739514433 0.08488224858764698 0.0 0.0 0.0 1.0
0.0460843825507587 0.08601167047606795 0.0 0.0 0.0 1.0
0.04603496599540031 0.0871123517009635 0.0 0.0 0.0 1.0
0.04592874926947108 0.08799393774476438 0.0 0.0 0.0 1.0
0.04611406423716193 0.08891830183242136 0.0 0.0 0.0 1.0
0.04610054523310179 0.09001711381927346 0.0 0.0 0.0 1.0
0.04605602423769719 0.09087966856723478 0.0 0.0 0.0 1.0
0.046094824344331625 0.0921454973645393 0.0 0.0 0.0 1.0
0.04607997884943059 0.09292373439122083 0.0 0.0 0.0 1.0
0.04594176340329757 0.09396002360803718 0.0 0.0 0.0 1.0
0.04611771217030111 0.09501703552926652 0.0 0.0 0.0 1.0
0.04614432000654312 0.09606216211804902 0.0 0.0 0.0 1.0
0.04590075020323187 0.09691427873818607 0.0 0.0 0.0 1.0
0.04609596915590483 0.09789470136780942 0.0 0.0 0.0 1.0
0.04594665445389747 0.09901086336085593 0.0 0.0 0.0 1.0
0.04698153613896633 -6.677824876954792e-5 0.0 0.0 0.0 1.0
0.046936548348224895 0.0008572341307786607 0.0 0.0 0.0 1.0
0.047059148721881904 0.0019735776219359114 0.0 0.0 0.0 1.0
0.04705026919015553 0.0031348879064720244 0.0 0.0 0.0 1.0
0.04705242738770999 0.0039465774655038565 0.0 0.0 0.0 1.0
0.04698955070490244 0.00511145413358078 0.0 0.0 0.0 1.0
0.04711637058747361 0.00590414442298914 0.0 0.0 0.0 1.0
0.04708436771849822 0.006885586567693189 0.0 0.0 0.0 1.0
0.047135373676589445 0.007894595320543265 0.0 0.0 0.0 1.0
0.047032141152122044 0.009075908223995533 0.0 0.0 0.0 1.0
0.04688080768745568 0.0100361111541821 0.0 0.0 0.0 1.0
0.047114860828604554 0.011032206966357753 0.0 0.0 0.0 1.0
0.04685869836702557 0.011913000101649598 0.0 0.0 0.0 1.0
0.04697768770393422 0.012917618356337087 0.0 0.0 0.0 1.0
0.04702340267644964 0.01391157967231012 0.0 0.0 0.0 1.0
0.046854367897295066 0.014889549533376345 0.0 0.0 0.0 1.0
0.046949342205665254 0.016060351333022343 0.0 0.0 0.0 1.0
0.0471128122216299 0.01706122684707207 0.0 0.0 0.0 1.0
0.046940771003905216 0.01802219534856667 0.0 0.0 0.0 1.0
0.04709910059045891 0.0190739132678144 0.0 0.0 0.0 1.0
0.047087676138530404 0.01994739666851633 0.0 0.0 0.0 1.0
0.047035476456902425 0.02100871271263618 0.0 0.0 0.0 1.0
0.047052304270462336 0.021987416516866552 0.0 0.0 0.0 1.0
0.04705049708353931 0.02285134071611586 0.0 0.0 0.0 1.0
0.04691665838714436 0.024131367966951044 0.0 0.0 0.0 1.0
0.04691026335062134 0.02495240489584543 0.0 0.0 0.0 1.0
0.04696214769774812 0.02601251473700041 0.0 0.0 0.0 1.0
0.04689195031778245 0.02699010727311674 0.0 0.0 0.0 1.0
0.04693709479474868 0.028083799893250123 0.0 0.0 0.0 1.0
0.04698537671378352 0.028889910838651375 0.0 0.0 0.0 1.0
0.04689953276608591 0.030072322392448253 0.0 0.0 0.0 1.0
0.0468896013227997 0.03104602935595802 0.0 0.0 0.0 1.0
0.04692026676724141 0.031973791852041654 0.0 0.0 0.0 1.0
0.046876125912672297 0.03287184286781488 0.0 0.0 0.0 1.0
0.04702296330660122 0.03388103507089708 0.0 0.0 0.0 1.0
0.04713583245015274 0.034858927120409486 0.0 0.0 0.0 1.0
0.04709161007924065 0.0360239730486749 0.0 0.0 0.0 1.0
0.04708057939511488 0.036930893661178396 0.0 0.0 0.0 1.0
0.04704871649430068 0.03811387268457706 0.0 0.0 0.0 1.0
0.04709929793606955 0.0389077195469294 0.0 0.0 0.0 1.0
0.0471408432284405 0.039923514414706665 0.0 0.0 0.0 1.0
0.046918637098480515 0.0410489699578103 0.0 0.0 0.0 1.0
0.04688218057446125 0.04204829663622578 0.0 0.0 0.0 1.0
0.04689468544650989 0.04311249387409925 0.0 0.0 0.0 1.0
0.046895058136353245 0.04396066800288174 0.0 0.0 0.0 1.0
0.04692903477177184 0.045113015026375845 0.0 0.0 0.0 1.0
0.0470538595259954 0.045855116234433654 0.0 0.0 0.0 1.0
0.046986520215140895 0.04693076369844614 0.0 0.0 0.0 1.0
0.04696227239525893 0.04803848349690683 0.0 0.0 0.0 1.0
0.04704938362533237 0.048863544946675455 0.0 0.0 0.0 1.0
0.04690978820077707 0.0498994963973423 0.0 0.0 0.0 1.0
0.04697606205350871 0.050951806639497096 0.0 0.0 0.0 1.0
0.046981045800732917 0.052014977997953474 0.0 0.0 0.0 1.0
0.046978315650586994 0.05295509941257239 0.0 0.0 0.0 1.0
0.046940882952374224 0.05408110854569048 0.0 0.0 0.0 1.0
0.04706910335768141 0.054930868002884874 0.0 0.0 0.0 1.0
0.04691781170583748 0.055965922715895 0.0 0.0 0.0 1.0
0.04707665772357679 0.056976590178400635 0.0 0.0 0.0 1.0
0.047098027849208496 0.05791515088128628 0.0 0.0 0.0 1.0
0.04691902226187543 0.05896034953332384 0.0 0.0 0.0 1.0
0.046865152794651595 0.05985150646747928 0.0 0.0 0.0 1.0
0.04689445900394214 0.061066502524914336 0.0 0.0 0.0 1.0
0.046850834164195325 0.062026050508127706 0.0 0.0 0.0 1.0
0.04697356584935092 0.06305393228107412 0.0 0.0 0.0 1.0
0.04702158819298453 0.06400478882242916 0.0 0.0 0.0 1.0
0.046967486565907594 0.06486679851255657 0.0 0.0 0.0 1.0
0.04703637479027357 0.06609943762606477 0.0 0.0 0.0 1.0
0.04696427518913121 0.06708397106319718 0.0 0.0 0.0 1.0
0.046897409432287304 0.06811080437112683 0.0 0.0 0.0 1.0
0.04713749673582337 0.06900207296791269 0.0 0.0 0.0 1.0
0.04697453650759524 0.07002746745015115 0.0 0.0 0.0 1.0
0.04687785885741442 0.07095777072900487 0.0 0.0 0.0 1.0
0.04689599340314065 0.07207380121577403 0.0 0.0 0.0 1.0
0.04703619159270982 0.07291701403657588 0.0 0.0 0.0 1.0
0.04701381902440499 0.07400731087300667 0.0 0.0 0.0 1.0
0.04688756159280482 0.07508255049730338 0.0 0.0 0.0 1.0
0.04699112058528069 0.07588526197884686 0.0 0.0 0.0 1.0
0.04695770247354043 0.07705652456775694 0.0 0.0 0.0 1.0
0.04703849272083314 0.07805934107707414 0.0 0.0 0.0 1.0
0.04685261093532012 0.07894827945896125 0.0 0.0 0.0 1.0
0.04688287849695827 0.0800384768132008 0.0 0.0 0.0 1.0
0.046931693750415435 0.08085335008154715 0.0 0.0 0.0 1.0
0.047125377174468575 0.0819916463796513 0.0 0.0 0.0 1.0
0.0470046490175708 0.08287904471033934 0.0 0.0 0.0 1.0
0.046925269065330136 0.0839716571410513 0.0 0.0 0.0 1.0
0.047081982557143166 0.08504987246010703 0.0 0.0 0.0 1.0
0.04706002256838949 0.08599953092351925 0.0 0.0 0.0 1.0
0.04703692780950824 0.0869332195914783 0.0 0.0 0.0 1.0
0.04689216888794678 0.08810347549240677 0.0 0.0 0.0 1.0
0.046947910509810675 0.08886036544440244 0.0 0.0 0.0 1.0
0.04693872414761009 0.09001987071681639 0.0 0.0 0.0 1.0
0.047137928923842345 0.09085663367315867 0.0 0.0 0.0 1.0
0.04695184707896718 0.09214842439474338 0.0 0.0 0.0 1.0
0.04713876038467023 0.09292839217772188 0.0 0.0 0.0 1.0
0.047116182435690566 0.09413657150306202 0.0 0.0 0.0 1.0
0.0468542093237959 0.09493523901803569 0.0 0.0 0.0 1.0
0.047053641275413755 0.09588723130500863 0.0 0.0 0.0 1.0
0.04692274612609089 0.09692216825336346 0.0 0.0 0.0 1.0
0.046998604307920855 0.09813087901975814 0.0 0.0 0.0 1.0
0.04699655772852016 0.09908400804180073 0.0 0.0 0.0 1.0
0.047911485670845064 5.686288186668276e-6 0.0 0.0 0.0 1.0
0.04804349085820649 0.0009914158521871475 0.0 0.0 0.0 1.0
0.04793409169091435 0.001950004479229857 0.0 0.0 0.0 1.0
0.04813060766032923 0.002908789142115947 0.0 0.0 0.0 1.0
0.04802929600184346 0.0038539310876938636 0.0 0.0 0.0 1.0
0.04804576446811627 0.004966630174054049 0.0 0.0 0.0 1.0
0.04810260120847966 0.005998881194222732 0.0 0.0 0.0 1.0
0.04795526215829103 0.006985124769444263 0.0 0.0 0.0 1.0
0.04813426148309209 0.007924072302181057 0.0 0.0 0.0 1.0
0.04794387593181648 0.008957883840384491 0.0 0.0 0.0 1.0
0.04810066512261658 0.009865170069596658 0.0 0.0 0.0 1.0
0.048075611806390695 0.010916044608538247 0.0 0.0 0.0 1.0
0.048142413091015135 0.011888685028164243 0.0 0.0 0.0 1.0
0.047857122869244775 0.013032824824404175 0.0 0.0 0.0 1.0
0.047981823291665227 0.014100249260691809 0.0 0.0 0.0 1.0
0.048059672327075295 0.014911993407466925 0.0 0.0 0.0 1.0
0.047918614622933516 0.01591308459586738 0.0 0.0 0.0 1.0
0.048125008589616665 0.01709065250646748 0.0 0.0 0.0 1.0
0.047851554848391764 0.018090944395016108 0.0 0.0 0.0 1.0
0.04798842202367144 0.019043748585809834 0.0 0.0 0.0 1.0
0.04809375502229167 0.020144633357169286 0.0 0.0 0.0 1.0
0.047909082502968624 0.021123305537954128 0.0 0.0 0.0 1.0
0.04814181785444616 0.021856600422550124 0.0 0.0 0.0 1.0
0.04808262975360634 0.022996571464157012 0.0 0.0 0.0 1.0
0.048000947781289625 0.02397641834589636 0.0 0.0 0.0 1.0
0.04799556519842819 0.025073807928930533 0.0 0.0 0.0 1.0
0.048077417450162106 0.026113133295186743 0.0 0.0 0.0 1.0
0.048105052486804495 0.026891648307816512 0.0 0.0 0.0 1.0
0.048063337927562205 0.02787965922812259 0.0 0.0 0.0 1.0
0.0480475556879078 0.02898361847064999 0.0 0.0 0.0 1.0
0.04787557664195462 0.030116092249014414 0.0 0.0 0.0 1.0
0.04788389647056856 0.030873914438845768 0.0 0.0 0.0 1.0
0.04811713171545476 0.031924383590760004 0.0 0.0 0.0 1.0
0.04794343768234183 0.033009686743874465 0.0 0.0 0.0 1.0
0.047928690744028474 0.034086613140741594 0.0 0.0 0.0 1.0
0.04798229746334288 0.03488093488416862 0.0 0.0 0.0 1.0
0.04807738661494607 0.0359394437070589 0.0 0.0 0.0 1.0
0.04786501095863101 0.03704847257002456 0.0 0.0 0.0 1.0
0.04808761151233054 0.03808503046926174 0.0 0.0 0.0 1.0
0.04806929976091883 0.03887204573702165 0.0 0.0 0.0 1.0
0.04801306890647496 0.039955897741452494 0.0 0.0 0.0 1.0
0.04807471064423358 0.04101085557272954 0.0 0.0 0.0 1.0
0.04790526486762971 0.041964901596261685 0.0 0.0 0.0 1.0
0.04790215248197452 0.04289368648186429 0.0 0.0 0.0 1.0
0.04796935437616674 0.044101206019477465 0.0 0.0 0.0 1.0
0.04798644907946557 0.04491575227855355 0.0 0.0 0.0 1.0
0.04810494708816082 0.04592606972740096 0.0 0.0 0.0 1.0
0.04797732978139243 0.04691445860013188 0.0 0.0 0.0 1.0
0.047876039968703515 0.04810394188111349 0.0 0.0 0.0 1.0
0.04798288369001377 0.04908032058645743 0.0 0.0 0.0 1.0
0.048099526526187576 0.050113941228435356 0.0 0.0 0.0 1.0
0.047860847424958664 0.050921006969572455 0.0 0.0 0.0 1.0
0.04788661052576361 0.051950104024263116 0.0 0.0 0.0 1.0
0.04787226492184778 0.05287017918444207 0.0 0.0 0.0 1.0
0.048072616049108334 0.05394402890788127 0.0 0.0 0.0 1.0
0.048115871178201645 0.0549186122201732 0.0 0.0 0.0 1.0
0.04794718628460286 0.0560118129257231 0.0 0.0 0.0 1.0
0.047877280459451166 0.05691013124731577 0.0 0.0 0.0 1.0
0.04798580934809198 0.057933787193472586 0.0 0.0 0.0 1.0
0.04812843790839746 0.05903989804499747 0.0 0.0 0.0 1.0
0.047862092901575205 0.06003373035120943 0.0 0.0 0.0 1.0
0.047869509803720275 0.06100866594191703 0.0 0.0 0.0 1.0
0.04785653799960693 0.06187088331797531 0.0 0.0 0.0 1.0
0.047880086367526824 0.06287721209040276 0.0 0.0 0.0 1.0
0.047964864586811984 0.06402450060679701 0.0 0.0 0.0 1.0
0.04809265980594916 0.06503146414367758 0.0 0.0 0.0 1.0
0.04798708345960471 0.06613002570477089 0.0 0.0 0.0 1.0
0.04809323000354376 0.06691167084101982 0.0 0.0 0.0 1.0
0.04807461523717023 0.06792993386323122 0.0 0.0 0.0 1.0
0.04788863646698808 0.06899937648083014 0.0 0.0 0.0 1.0
0.048050323706005885 0.07009249470548982 0.0 0.0 0.0 1.0
0.04802870430413199 0.07100279938874132 0.0 0.0 0.0 1.0
0.048044087860015856 0.07194186066293039 0.0 0.0 0.0 1.0
0.04814792874397486 0.07297306163079688 0.0 0.0 0.0 1.0
0.04789412951930881 0.07391270087032717 0.0 0.0 0.0 1.0
0.04790077852485049 0.07485277625575003 0.0 0.0 0.0 1.0
0.04792741984008461 0.0758638622308429 0.0 0.0 0.0 1.0
0.04797763692327583 0.07685719885348238 0.0 0.0 0.0 1.0
0.04808265489013217 0.07807801548403313 0.0 0.0 0.0 1.0
0.047935739786246344 0.07908866938884278 0.0 0.0 0.0 1.0
0.04809333342617439 0.07992410285112196 0.0 0.0 0.0 1.0
0.04796237518798874 0.08090401491570026 0.0 0.0 0.0 1.0
0.04812931577330884 0.08189054806973961 0.0 0.0 0.0 1.0
0.04802723965338683 0.08296793617368971 0.0 0.0 0.0 1.0
0.04804772611808452 0.08400640170981344 0.0 0.0 0.0 1.0
0.04796170645317177 0.08494390454087004 0.0 0.0 0.0 1.0
0.04792800815462842 0.08609995893095312 0.0 0.0 0.0 1.0
0.04797700453187156 0.08688721335356307 0.0 0.0 0.0 1.0
0.0480520878044102 0.08791516007945362 0.0 0.0 0.0 1.0
0.04808406728090811 0.08903500169971904 0.0 0.0 0.0 1.0
0.04785076598982606 0.0900535487183312 0.0 0.0 0.0 1.0
0.04794672803626017 0.09113111599541912 0.0 0.0 0.0 1.0
0.04796257799594897 0.09196082151163659 0.0 0.0 0.0 1.0
0.048010904323116145 0.09311865080482316 0.0 0.0 0.0 1.0
0.048009074632171835 0.0938772244502648 0.0 0.0 0.0 1.0
0.04814334503365583 0.09503051330306454 0.0 0.0 0.0 1.0
0.04799263659102063 0.09613594360130569 0.0 0.0 0.0 1.0
0.048085687933200415 0.09708492493895801 0.0 0.0 0.0 1.0
0.047860343807455755 0.0981208431599227 0.0 0.0 0.0 1.0
0.04787714753476641 0.09896138849280127 0.0 0.0 0.0 1.0
0.04894369173110758 -1.2009734691619744e-5 0.0 0.0 0.0 1.0
0.049110981250789894 0.001036205336594281 0.0 0.0 0.0 1.0
0.049026301698178135 0.0021046932464355685 0.0 0.0 0.0 1.0
0.04905795054792917 0.002885104309529836 0.0 0.0 0.0 1.0
0.04901140197683838 0.003999147955336374 0.0 0.0 0.0 1.0
0.04907860124406644 0.005097129018623844 0.0 0.0 0.0 1.0
0.04910358892005935 0.005944375249490882 0.0 0.0 0.0 1.0
0.04893047830263835 0.00691746907229452 0.0 0.0 0.0 1.0
0.04888773993958003 0.008101009059360781 0.0 0.0 0.0 1.0
0.04887343936358427 0.008907181649163206 0.0 0.0 0.0 1.0
0.0488570011834028 0.010122244053460712 0.0 0.0 0.0 1.0
0.04906637748539206 0.011059691456877779 0.0 0.0 0.0 1.0
0.048856820070228034 0.011932476995506945 0.0 0.0 0.0 1.0
0.04891099289854069 0.01298214830384136 0.0 0.0 0.0 1.0
0.04897316175475114 0.013894199107873123 0.0 0.0 0.0 1.0
0.04911210366472572 0.015149572820019287 0.0 0.0 0.0 1.0
0.04899506567848748 0.01607172322742356 0.0 0.0 0.0 1.0
0.0489499741591581 0.017009615264526812 0.0 0.0 0.0 1.0
0.049146085606026936 0.018083603332578517 0.0 0.0 0.0 1.0
0.04892284250655255 0.019054019730520923 0.0 0.0 0.0 1.0
0.04903902651530142 0.019940075230882207 0.0 0.0 0.0 1.0
0.04896863053360903 0.02101551793499721 0.0 0.0 0.0 1.0
0.04898846053578826 0.021910834093035642 0.0 0.0 0.0 1.0
0.04910073037323038 0.022865607272111614 0.0 0.0 0.0 1.0
0.04913765979329499 0.024108546307332394 0.0 0.0 0.0 1.0
0.04898797612091812 0.025104965757844086 0.0 0.0 0.0 1.0
0.04901915761007397 0.026089100669338068 0.0 0.0 0.0 1.0
0.04908852801259227 0.02705712983477368 0.0 0.0 0.0 1.0
0.04892992105874675 0.027894787261598372 0.0 0.0 0.0 1.0
0.04885032268344118 0.028912195175516894 0.0 0.0 0.0 1.0
0.04886679570330675 0.030116201275285057 0.0 0.0 0.0 1.0
0.04886778306718896 0.031067265980004685 0.0 0.0 0.0 1.0
0.048907962315703726 0.03199279878119173 0.0 0.0 0.0 1.0
0.04897993225545191 0.03294398637162686 0.0 0.0 0.0 1.0
0.049026991505873585 0.03401744340329132 0.0 0.0 0.0 1.0
0.04892394282803204 0.03485795802964878 0.0 0.0 0.0 1.0
0.04891208657546081 0.03591137082835906 0.0 0.0 0.0 1.0
0.048927002111362555 0.03699485455788461 0.0 0.0 0.0 1.0
0.04914990853416306 0.03794938214882109 0.0 0.0 0.0 1.0
0.0488984724530896 0.03904119775473268 0.0 0.0 0.0 1.0
0.049110229577703196 0.03993396558103511 0.0 0.0 0.0 1.0
0.04909385345849121 0.040974353314275236 0.0 0.0 0.0 1.0
0.048908926087094684 0.042132391903603614 0.0 0.0 0.0 1.0
0.04913485923848902 0.04287634652623178 0.0 0.0 0.0 1.0
0.04890888949754606 0.04395407999474653 0.0 0.0 0.0 1.0
0.048909479821903544 0.04498199212639832 0.0 0.0 0.0 1.0
0.04911930765560669 0.04589550504483926 0.0 0.0 0.0 1.0
0.04895064147107364 0.04701243070445551 0.0 0.0 0.0 1.0
0.049020062049124714 0.04809739750604237 0.0 0.0 0.0 1.0
0.049114445452953855 0.04913215180768073 0.0 0.0 0.0 1.0
0.04898154441303052 0.04985814351476704 0.0 0.0 0.0 1.0
0.049003217358507246 0.05098881328774687 0.0 0.0 0.0 1.0
0.048860474024949065 0.05192401396210258 0.0 0.0 0.0 1.0
0.0491213304920467 0.05313843745506058 0.0 0.0 0.0 1.0
0.048993706782943854 0.053887346389715096 0.0 0.0 0.0 1.0
0.049127172272164066 0.05513661264923735 0.0 0.0 0.0 1.0
0.04909892614430602 0.05592678703455598 0.0 0.0 0.0 1.0
0.04894350057015183 0.057007505737789524 0.0 0.0 0.0 1.0
0.048888330616470306 0.05787725600936026 0.0 0.0 0.0 1.0
0.04914718450758376 0.05892817171807055 0.0 0.0 0.0 1.0
0.049000199607713485 0.059994011917009704 0.0 0.0 0.0 1.0
0.04889270456502665 0.061024884951533874 0.0 0.0 0.0 1.0
0.04905927195881003 0.06201839700419766 0.0 0.0 0.0 1.0
0.04897842822832381 0.06289570259086633 0.0 0.0 0.0 1.0
0.048976457617593824 0.06388824954531457 0.0 0.0 0.0 1.0
0.04903479357566459 0.06485735034962388 0.0 0.0 0.0 1.0
0.048862770647996746 0.0661052559940044 0.0 0.0 0.0 1.0
0.04910400275155162 0.0671070243900403 0.0 0.0 0.0 1.0
0.04905886540483 0.06802636210020113 0.0 0.0 0.0 1.0
0.048938772671681376 0.0689764198520252 0.0 0.0 0.0 1.0
0.048857351897539876 0.070061619606091 0.0 0.0 0.0 1.0
0.04885094436718103 0.07098488081012753 0.0 0.0 0.0 1.0
0.04896039287355128 0.0719910103063277 0.0 0.0 0.0 1.0
0.04911184032997942 0.07294600118820174 0.0 0.0 0.0 1.0
0.04907686526402845 0.07404621847881601 0.0 0.0 0.0 1.0
0.04888317620895222 0.07497260577557033 0.0 0.0 0.0 1.0
0.04900945247300842 0.07602935183005556 0.0 0.0 0.0 1.0
0.04888517477117048 0.07695063680247122 0.0 0.0 0.0 1.0
0.04901678068034487 0.0779334513840585 0.0 0.0 0.0 1.0
0.04912679335084694 0.07906284504455868 0.0 0.0 0.0 1.0
0.04891190292869838 0.08014199374526015 0.0 0.0 0.0 1.0
0.049067428252143365 0.08105902990974466 0.0 0.0 0.0 1.0
0.048951068587053434 0.08205151726957884 0.0 0.0 0.0 1.0
0.048892687369614475 0.08292132270514153 0.0 0.0 0.0 1.0
0.04890118718934441 0.08407487355278556 0.0 0.0 0.0 1.0
0.048989595984864714 0.08511255227825927 0.0 0.0 0.0 1.0
0.04913370091347693 0.08603798805468695 0.0 0.0 0.0 1.0
0.04891991092531134 0.08707358857526858 0.0 0.0 0.0 1.0
0.0489023145589817 0.08813620102427751 0.0 0.0 0.0 1.0
0.048887492948174745 0.08895722857937621 0.0 0.0 0.0 1.0
0.04892925256331564 0.09013283589680861 0.0 0.0 0.0 1.0
0.048963855042964625 0.09088068614311179 0.0 0.0 0.0 1.0
0.04889719042356833 0.09195643282377072 0.0 0.0 0.0 1.0
0.049037018656464086 0.09294377917375744 0.0 0.0 0.0 1.0
0.04900240978017328 0.09411214308084878 0.0 0.0 0.0 1.0
0.048895469256362366 0.09493352202024322 0.0 0.0 0.0 1.0
0.04911796979916799 0.0960294444062957 0.0 0.0 0.0 1.0
0.04900890292948443 0.09712407361255991 0.0 0.0 0.0 1.0
0.04893351403987512 0.09806438127075243 0.0 0.0 0.0 1.0
0.0490305364737802 0.09888942774166441 0.0 0.0 0.0 1.0
0.05040199017937442 -0.0005012415461616079 0.0 0.0 0.0 1.0
0.05007278493199349 0.0034150392032032016 0.0 0.0 0.0 1.0
0.04952597216313823 0.007613134128315486 0.0 0.0 0.0 1.0
0.050560783003627034 0.01185575574371553 0.0 0.0 0.0 1.0
0.049434662998182596 0.01585337286404889 0.0 0.0 0.0 1.0
0.050283528257423514 0.019718473364041686 0.0 0.0 0.0 1.0
0.049471653192233685 0.023955341055943002 0.0 0.0 0.0 1.0
0.050369483757424664 0.02858613864218231 0.0 0.0 0.0 1.0
0.05035954341568835 0.031577417354246275 0.0 0.0 0.0 1.0
0.049909529738209585 0.035758507514791635 0.0 0.0 0.0 1.0
0.050417068817688385 0.03988179170723451 0.0 0.0 0.0 1.0
0.05015457508606664 0.043553193546021336 0.0 0.0 0.0 1.0
0.049871591583026016 0.048400729574048805 0.0 0.0 0.0 1.0
0.04973329405523247 0.052371242638857445 0.0 0.0 0.0 1.0
0.05024680721448525 0.05565554391681716 0.0 0.0 0.0 1.0
0.04955181011050041 0.05987083439730288 0.0 0.0 0.0 1.0
0.049683618552105915 0.06378934690576461 0.0 0.0 0.0 1.0
0.05017434418929044 0.06746345351116662 0.0 0.0 0.0 1.0
0.05053874656488065 0.07190092525113287 0.0 0.0 0.0 1.0
0.05053654078375052 0.0757628656063755 0.0 0.0 0.0 1.0
0.050191445825675834 0.08022368798094986 0.0 0.0 0.0 1.0
0.0496157599482809 0.08444437115092102 0.0 0.0 0.0 1.0
0.04985056500270276 0.08836912920650637 0.0 0.0 0.0 1.0
0.04970745283304255 0.09241635887581946 0.0 0.0 0.0 1.0
0.049652795063705575 0.09659941151720554 0.0 0.0 0.0 1.0
0.05341070876432118 0.00039952280887083335 0.0 0.0 0.0 1.0
0.054171051400408864 0.004552851580958203 0.0 0.0 0.0 1.0
0.05395710341849068 0.007508539047695442 0.0 0.0 0.0 1.0
0.05350797254688299 0.012442266117087248 0.0 0.0 0.0 1.0
0.05401213378073215 0.016038663313525665 0.0 0.0 0.0 1.0
0.05434128885145983 0.02002482335800784 0.0 0.0 0.0 1.0
0.05401061660322917 0.023841607624319767 0.0 0.0 0.0 1.0
0.054505835825714666 0.027926681589377157 0.0 0.0 0.0 1.0
0.05453606768503523 0.03201800262547267 0.0 0.0 0.0 1.0
0.054346667144709385 0.03552593489262711 0.0 0.0 0.0 1.0
0.05345900016237894 0.039739589105847406 0.0 0.0 0.0 1.0
0.0543679601131096 0.04362316754437843 0.0 0.0 0.0 1.0
0.05453425833870412 0.04800670689577889 0.0 0.0 0.0 1.0
0.0538580286311237 0.05169145891336735 0.0 0.0 0.0 1.0
0.05452037202325962 0.05610112949239237 0.0 0.0 0.0 1.0
0.05342437584096555 0.0604204804254086 0.0 0.0 0.0 1.0
0.054123689340359396 0.06457425298745435 0.0 0.0 0.0 1.0
0.05397514846880844 0.06740159749939004 0.0 0.0 0.0 1.0
0.05356561135186972 0.07258271536060336 0.0 0.0 0.0 1.0
0.05442050973427382 0.07611985807242 0.0 0.0 0.0 1.0
0.05438735530368296 0.0802890715110815 0.0 0.0 0.0 1.0
0.05431141788614247 0.0835557192852007 0.0 0.0 0.0 1.0
0.053856645721887204 0.08821611930005639 0.0 0.0 0.0 1.0
0.053470662891239605 0.09219194492913133 0.0 0.0 0.0 1.0
0.05379788394153254 0.09644147762006823 0.0 0.0 0.0 1.0
0.0577515119622493 0.00029579446153038124 0.0 0.0 0.0 1.0
0.058127689248113 0.0037064015885498853 0.0 0.0 0.0 1.0
0.05814102671547297 0.008161588140075188 0.0 0.0 0.0 1.0
0.05787037514954074 0.01229097162310364 0.0 0.0 0.0 1.0
0.057863738925223174 0.015907677148637476 0.0 0.0 0.0 1.0
0.05788409687142871 0.020263629183912158 0.0 0.0 0.0 1.0
0.057965517417625706 0.023959218688598627 0.0 0.0 0.0 1.0
0.05824600494795605 0.027930653011706955 0.0 0.0 0.0 1.0
0.057913915399306515 0.03193941283858709 0.0 0.0 0.0 1.0
0.058360856435116 0.03548073011015781 0.0 0.0 0.0 1.0
0.05770395921578259 0.04022654668550542 0.0 0.0 0.0 1.0
0.058305986322819026 0.04403789094175552 0.0 0.0 0.0 1.0
0.05832586235394505 0.047600537075153736 0.0 0.0 0.0 1.0
0.05756432021113141 0.05246814726292406 0.0 0.0 0.0 1.0
0.057849955488505064 0.056498769604569836 0.0 0.0 0.0 1.0
0.05803455177202131 0.05976158367209394 0.0 0.0 0.0 1.0
0.05822389230326172 0.06451429855597401 0.0 0.0 0.0 1.0
0.058071712270521075 0.06855177564583158 0.0 0.0 0.0 1.0
0.05776193077445343 0.0718805365784456 0.0 0.0 0.0 1.0
0.05854035565847687 0.07614337621660289 0.0 0.0 0.0 1.0
0.058431712677148216 0.08020896478507457 0.0 0.0 0.0 1.0
0.05797094682438039 0.08366834037662296 0.0 0.0 0.0 1.0
0.05819554230514898 0.08839232341797128 0.0 0.0 0.0 1.0
0.057754448085756076 0.09186078572241216 0.0 0.0 0.0 1.0
0.058587507126847946 0.09601993466190965 0.0 0.0 0.0 1.0
0.062453388944269266 -0.0001776343611564799 0.0 0.0 0.0 1.0
0.06145537626662495 0.003779570534574848 0.0 0.0 0.0 1.0
0.06237101084478566 0.007459607423697059 0.0 0.0 0.0 1.0
0.06157092681895504 0.01185752692498284 0.0 0.0 0.0 1.0
0.06201947641896424 0.016003056457953347 0.0 0.0 0.0 1.0
0.06183441921169284 0.019896031156996393 0.0 0.0 0.0 1.0
0.06150413069264578 0.023786291337191737 0.0 0.0 0.0 1.0
0.06144331733606755 0.027422529082716866 0.0 0.0 0.0 1.0
0.06159402973074839 0.031605135101452034 0.0 0.0 0.0 1.0
0.06188357270389767 0.03552960833208649 0.0 0.0 0.0 1.0
0.062358214929878766 0.040184792064843565 0.0 0.0 0.0 1.0
0.06217802296483112 0.04436083272202579 0.0 0.0 0.0 1.0
0.06204515365407915 0.04847713034606584 0.0 0.0 0.0 1.0
0.061837156728540746 0.052307701706687366 0.0 0.0 0.0 1.0
0.061992204954253304 0.05616850137689697 0.0 0.0 0.0 1.0
0.06185126912858288 0.05965210394807425 0.0 0.0 0.0 1.0
0.06226652740259824 0.06370041832248459 0.0 0.0 0.0 1.0
0.0622296319911002 0.06804990753421694 0.0 0.0 0.0 1.0
0.06232965658124152 0.07194929433499256 0.0 0.0 0.0 1.0
0.06236378593389715 0.07578984746641419 0.0 0.0 0.0 1.0
0.06190926955985815 0.08023930153575179 0.0 0.0 0.0 1.0
0.061599108200865046 0.08404050214059333 0.0 0.0 0.0 1.0
0.06187673773483964 0.08769855220227832 0.0 0.0 0.0 1.0
0.06223477509344277 0.09189468712335352 0.0 0.0 0.0 1.0
0.06239946139843908 0.09617861402928254 0.0 0.0 0.0 1.0
0.06640542225040369 0.0005879935226242814 0.0 0.0 0.0 1.0
0.06569299825003605 0.004129971599774892 0.0 0.0 0.0 1.0
0.0654281703739097 0.008336999559818703 0.0 0.0 0.0 1.0
0.06613183510354056 0.011898222590328036 0.0 0.0 0.0 1.0
0.06605387821114683 0.01573108706729945 0.0 0.0 0.0 1.0
0.0665880680066406 0.020378516843294208 0.0 0.0 0.0 1.0
0.066126510700233 0.023434996679532426 0.0 0.0 0.0 1.0
0.06614038397185158 0.027522148878409185 0.0 0.0 0.0 1.0
0.06637597231333209 0.03152920765769352 0.0 0.0 0.0 1.0
0.06577663863344532 0.036470478775028486 0.0 0.0 0.0 1.0
0.06654323148960695 0.039903347905212716 0.0 0.0 0.0 1.0
0.06642377520427167 0.043544525705522565 0.0 0.0 0.0 1.0
0.06600469973194764 0.04789436536565303 0.0 0.0 0.0 1.0
0.06556365832838691 0.05201310093354784 0.0 0.0 0.0 1.0
0.06612059938684359 0.05540678949040562 0.0 0.0 0.0 1.0
0.06549627721042663 0.06024685254879765 0.0 0.0 0.0 1.0
0.06593449271773985 0.06379739469464082 0.0 0.0 0.0 1.0
0.06550770811674379 0.06810396891275998 0.0 0.0 0.0 1.0
0.06582410626782083 0.07195418445364819 0.0 0.0 0.0 1.0
0.06547944974054754 0.07647379750140045 0.0 0.0 0.0 1.0
0.06579896652577126 0.0801489694788985 0.0 0.0 0.0 1.0
0.0662825537582454 0.08393188568980406 0.0 0.0 0.0 1.0
0.06563259081130081 0.08824073486645483 0.0 0.0 0.0 1.0
0.06588854228648366 0.09221226837807839 0.0 0.0 0.0 1.0
0.06610022517013839 0.09655097355420404 0.0 0.0 0.0 1.0
0.06997403079713967 0.00014989323952835511 0.0 0.0 0.0 1.0
0.06963563758206458 0.0034136772035916487 0.0 0.0 0.0 1.0
0.06960155519938926 0.007532710026121536 0.0 0.0 0.0 1.0
0.06949370088991327 0.011401888665572634 0.0 0.0 0.0 1.0
0.0703631863498216 0.015896961166834315 0.0 0.0 0.0 1.0
0.06992282154220349 0.019696510371649 0.0 0.0 0.0 1.0
0.06975649577425476 0.02367723248651469 0.0 0.0 0.0 1.0
0.07057985759009869 0.028594815106794107 0.0 0.0 0.0 1.0
0.07052003715352108 0.032016904025264775 0.0 0.0 0.0 1.0
0.0700270134680254 0.0364737018844976 0.0 0.0 0.0 1.0
0.06959573956576803 0.04056941437755364 0.0 0.0 0.0 1.0
0.06975869551028034 0.04362646952228678 0.0 0.0 0.0 1.0
0.06966667900787472 0.04740612976934338 0.0 0.0 0.0 1.0
0.0697470829884487 0.051564078761645364 0.0 0.0 0.0 1.0
0.07044892576936132 0.05576955552508761 0.0 0.0 0.0 1.0
0.0700638128823044 0.06029649917079692 0.0 0.0 0.0 1.0
0.06955335358887857 0.0640186059612296 0.0 0.0 0.0 1.0
0.070018910794498 0.06848428729095624 0.0 0.0 0.0 1.0
0.0698730570184039 0.07209737165758451 0.0 0.0 0.0 1.0
0.06995156223273669 0.0760051270583562 0.0 0.0 0.0 1.0
0.0702821173790193 0.08040269285420824 0.0 0.0 0.0 1.0
0.07007204698383579 0.0839246444428863 0.0 0.0 0.0 1.0
0.0699802300618611 0.08798072434014309 0.0 0.0 0.0 1.0
0.07048140348451115 0.09205521531825114 0.0 0.0 0.0 1.0
0.06964275063844658 0.0959621115511577 0.0 0.0 0.0 1.0
0.07410315864927564 0.0001337763901118462 0.0 0.0 0.0 1.0
0.0737663325200928 0.004129412620772237 0.0 0.0 0.0 1.0
0.07453608606468291 0.008381158677845394 0.0 0.0 0.0 1.0
0.07355241656031121 0.012423150532076571 0.0 0.0 0.0 1.0
0.07401688377459996 0.01599169798240716 0.0 0.0 0.0 1.0
0.07407151307876739 0.020543186601039175 0.0 0.0 0.0 1.0
0.07449565758380505 0.024220513326284037 0.0 0.0 0.0 1.0
0.07430245374896566 0.02784369538089926 0.0 0.0 0.0 1.0
0.07433271494665529 0.03246539162932329 0.0 0.0 0.0 1.0
0.07411958859525823 0.0359826302891555 0.0 0.0 0.0 1.0
0.0736793867895634 0.040141103227469874 0.0 0.0 0.0 1.0
0.07404271068358662 0.044474025371017384 0.0 0.0 0.0 1.0
0.07432094455180896 0.047922686477852826 0.0 0.0 0.0 1.0
0.07345807218939612 0.05172024408557211 0.0 0.0 0.0 1.0
0.07384268295852406 0.05597690480254091 0.0 0.0 0.0 1.0
0.07419225664247801 0.060210509769669567 0.0 0.0 0.0 1.0
0.07406496066617399 0.06399505858602669 0.0 0.0 0.0 1.0
0.07454486798514923 0.06819308724842518 0.0 0.0 0.0 1.0
0.07368908064910748 0.07226986176333876 0.0 0.0 0.0 1.0
0.07341733275531753 0.0757503873389818 0.0 0.0 0.0 1.0
0.07427928085133222 0.0805175490817641 0.0 0.0 0.0 1.0
0.07346860404989233 0.08398113244208018 0.0 0.0 0.0 1.0
0.07426648836968312 0.08746610567677879 0.0 0.0 0.0 1.0
0.07406034532966531 0.09142387652861678 0.0 0.0 0.0 1.0
0.0744217232584618 0.09620220958577483 0.0 0.0 0.0 1.0
0.07812700570436557 -0.00013251842681641037 0.0 0.0 0.0 1.0
0.0780978806391447 0.003593405311832222 0.0 0.0 0.0 1.0
0.07789471991067934 0.007800489213244257 0.0 0.0 0.0 1.0
0.07761652341690625 0.012101375553762958 0.0 0.0 0.0 1.0
0.07749737107105849 0.015796176526298347 0.0 0.0 0.0 1.0
0.07801593943071727 0.019485759961823598 0.0 0.0 0.0 1.0
0.0785147559144274 0.024035059004744987 0.0 0.0 0.0 1.0
0.0774317216222916 0.027420530811408904 0.0 0.0 0.0 1.0
0.07820889505815423 0.032507750364176316 0.0 0.0 0.0 1.0
0.07837372895453289 0.03550702248229263 0.0 0.0 0.0 1.0
0.07836781656637079 0.03948389868799483 0.0 0.0 0.0 1.0
0.07795624964949768 0.04375577763613637 0.0 0.0 0.0 1.0
0.07787898291193615 0.04811133330672064 0.0 0.0 0.0 1.0
0.07818795531461978 0.05191134214173697 0.0 0.0 0.0 1.0
0.07817669970859126 0.05605647965613115 0.0 0.0 0.0 1.0
0.07817459112693557 0.06042277993793262 0.0 0.0 0.0 1.0
0.07746780898650699 0.06348975425637815 0.0 0.0 0.0 1.0
0.07743546411142321 0.06827141224499525 0.0 0.0 0.0 1.0
0.07755790567299357 0.07170229882989501 0.0 0.0 0.0 1.0
0.07769483481544712 0.07584580996096872 0.0 0.0 0.0 1.0
0.077562514816147 0.080423170487996 0.0 0.0 0.0 1.0
0.0775463207986767 0.08369590989372559 0.0 0.0 0.0 1.0
0.07749337098263703 0.08776157970116708 0.0 0.0 0.0 1.0
0.07779275519128276 0.09233845659447713 0.0 0.0 0.0 1.0
0.07817124691500582 0.09624778193695001 0.0 0.0 0.0 1.0
0.08198195463225953 0.0005080697828619325 0.0 0.0 0.0 1.0
0.08240542612485069 0.004056713544958859 0.0 0.0 0.0 1.0
0.08157328797349966 0.008517314351733987 0.0 0.0 0.0 1.0
0.08236737906525167 0.012225519404887978 0.0 0.0 0.0 1.0
0.08173577532480615 0.015765860032644262 0.0 0.0 0.0 1.0
0.08247944755465675 0.02017444415003089 0.0 0.0 0.0 1.0
0.0819607906351246 0.023448773941890867 0.0 0.0 0.0 1.0
0.08189945438197008 0.02750576745651318 0.0 0.0 0.0 1.0
0.08174408740920694 0.03169165143773907 0.0 0.0 0.0 1.0
0.0818222529570366 0.03550865730152072 0.0 0.0 0.0 1.0
0.0816746241242174 0.04036262312419109 0.0 0.0 0.0 1.0
0.0819935701090185 0.044486913597227534 0.0 0.0 0.0 1.0
0.08187749058404534 0.047904809183190795 0.0 0.0 0.0 1.0
0.08158572990923402 0.0515664494556391 0.0 0.0 0.0 1.0
0.0823348569246923 0.056491969231575886 0.0 0.0 0.0 1.0
0.08203115515334922 0.06049601717197248 0.0 0.0 0.0 1.0
0.08199268426957723 0.06409556854729845 0.0 0.0 0.0 1.0
0.0824390843688608 0.06832575430901011 0.0 0.0 0.0 1.0
0.08215645220713906 0.07151112436498734 0.0 0.0 0.0 1.0
0.08240556034087723 0.07596344471043022 0.0 0.0 0.0 1.0
0.08259654456128901 0.07952259857980572 0.0 0.0 0.0 1.0
0.08168149063484612 0.08343229519308998 0.0 0.0 0.0 1.0
0.08182333969732498 0.08754312117807268 0.0 0.0 0.0 1.0
0.08204373539273896 0.0921139092892839 0.0 0.0 0.0 1.0
0.08190594384017265 0.09608436689145498 0.0 0.0 0.0 1.0
0.08555895963782618 -0.0004838952635369014 0.0 0.0 0.0 1.0
0.08544521070357239 0.0037301096771055345 0.0 0.0 0.0 1.0
0.08655130330911909 0.007833283447045822 0.0 0.0 0.0 1.0
0.0859978374026952 0.011915780806997237 0.0 0.0 0.0 1.0
0.08642808438323266 0.01612909942054854 0.0 0.0 0.0 1.0
0.08632668049922712 0.020297840581865977 0.0 0.0 0.0 1.0
0.08542707880634937 0.02415215361317775 0.0 0.0 0.0 1.0
0.08616868963703835 0.027485417735943554 0.0 0.0 0.0 1.0
0.08587325281444794 0.03146136004672349 0.0 0.0 0.0 1.0
0.08586625580399682 0.03657425047502758 0.0 0.0 0.0 1.0
0.08651705281479662 0.039800591218525076 0.0 0.0 0.0 1.0
0.0854685381343072 0.043735179661811695 0.0 0.0 0.0 1.0
0.08549977111324372 0.04831842829215363 0.0 0.0 0.0 1.0
0.08575433509101527 0.052099769196302013 0.0 0.0 0.0 1.0
0.08607538696855724 0.05594747082543372 0.0 0.0 0.0 1.0
0.08615232177438617 0.05954706516329826 0.0 0.0 0.0 1.0
0.08634007908107788 0.06347754537351684 0.0 0.0 0.0 1.0
0.08642103530658528 0.06769612885029298 0.0 0.0 0.0 1.0
0.08608233380583788 0.07245226194821122 0.0 0.0 0.0 1.0
0.08574567677890502 0.07580090250008784 0.0 0.0 0.0 1.0
0.08566261644977723 0.07951172262336126 0.0 0.0 0.0 1.0
0.08566680309145294 0.08393901965956338 0.0 0.0 0.0 1.0
0.08569693877594964 0.08844662263668131 0.0 0.0 0.0 1.0
0.08611473909335673 0.0916447272120298 0.0 0.0 0.0 1.0
0.08607016175185006 0.09634276936630969 0.0 0.0 0.0 1.0
0.09001329605614491 -0.00014488469564311436 0.0 0.0 0.0 1.0
0.09051653492650784 0.004414196693383993 0.0 0.0 0.0 1.0
0.09035253392380171 0.008428756221036005 0.0 0.0 0.0 1.0
0.08996478443027028 0.011408326328009885 0.0 0.0 0.0 1.0
0.08957988415131603 0.016176466143249878 0.0 0.0 0.0 1.0
0.08997172337024414 0.020227730225423474 0.0 0.0 0.0 1.0
0.08993411892964381 0.02385823735340413 0.0 0.0 0.0 1.0
0.08955076257648913 0.027674534714273797 0.0 0.0 0.0 1.0
0.08961308188241149 0.031856580031860045 0.0 0.0 0.0 1.0
0.0895113428042758 0.03560286225868188 0.0 0.0 0.0 1.0
0.09040050310840025 0.039654781808906414 0.0 0.0 0.0 1.0
0.08983412622721787 0.04380978697184212 0.0 0.0 0.0 1.0
0.08988682309345863 0.04820559516256175 0.0 0.0 0.0 1.0
0.08989042900746269 0.05249910438540789 0.0 0.0 0.0 1.0
0.08951694302881097 0.05554869866147733 0.0 0.0 0.0 1.0
0.08975711489964291 0.05999065247862597 0.0 0.0 0.0 1.0
0.0903741052903068 0.06445134412007619 0.0 0.0 0.0 1.0
0.08977009535370171 0.0682607875683853 0.0 0.0 0.0 1.0
0.08981557293258463 0.07187813015886284 0.0 0.0 0.0 1.0
0.090438824344353 0.07562192699012053 0.0 0.0 0.0 1.0
0.09052942048997586 0.08012809287512773 0.0 0.0 0.0 1.0
0.09028003386564652 0.08456103277005979 0.0 0.0 0.0 1.0
0.08959805791021239 0.087429321987438 0.0 0.0 0.0 1.0
0.08966802662220932 0.09239719890581735 0.0 0.0 0.0 1.0
0.08950092856107059 0.09648693933981525 0.0 0.0 0.0 1.0
0.09432373983645208 -9.07663787381899e-5 0.0 0.0 0.0 1.0
0.09396941003621984 0.003828183591766512 0.0 0.0 0.0 1.0
0.09408583085079902 0.007852147908537655 0.0 0.0 0.0 1.0
0.09389594284038207 0.011446448119416091 0.0 0.0 0.0 1.0
0.09401219867842804 0.016037743152989115 0.0 0.0 0.0 1.0
0.09380201194518474 0.019489274056942413 0.0 0.0 0.0 1.0
0.09373308125652158 0.023985961870059285 0.0 0.0 0.0 1.0
0.09394033562147477 0.027906716108394534 0.0 0.0 0.0 1.0
0.09360457857876772 0.032361716894627364 0.0 0.0 0.0 1.0
0.09434598440159223 0.035851215309209386 0.0 0.0 0.0 1.0
0.09425850770447247 0.03980990709794948 0.0 0.0 0.0 1.0
0.09392482245670751 0.043678567548465067 0.0 0.0 0.0 1.0
0.09397402026058832 0.04747706105486505 0.0 0.0 0.0 1.0
0.09345868267253508 0.052531057722906775 0.0 0.0 0.0 1.0
0.09387758641353891 0.05613071767173773 0.0 0.0 0.0 1.0
0.09452267184296531 0.05942113264827147 0.0 0.0 0.0 1.0
0.09347153220830562 0.0635652021896879 0.0 0.0 0.0 1.0
0.09424314112915952 0.06770366019912637 0.0 0.0 0.0 1.0
0.09374733427408616 0.07230302992370749 0.0 0.0 0.0 1.0
0.09423006147277592 0.07586193401323159 0.0 0.0 0.0 1.0
0.09367871537194578 0.08033130474760951 0.0 0.0 0.0 1.0
0.09386857387561862 0.08415339193645618 0.0 0.0 0.0 1.0
0.09397487579578985 0.08765008759110436 0.0 0.0 0.0 1.0
0.09451244326589281 0.09211846242214233 0.0 0.0 0.0 1.0
0.09392670316366483 0.09550773378457345 0.0 0.0 0.0 1.0
