OFF
9600 19200 0
1.25 0 0
1.249229 0 -0.01961477
1.246922 0 -0.03910862
1.243093 0 -0.05836134
1.237764 0 -0.07725425
1.23097 0 -0.09567086
1.222752 0 -0.1134976
1.21316 0 -0.1306247
1.202254 0 -0.1469463
1.190102 0 -0.162362
1.176777 0 -0.1767767
1.162362 0 -0.1901015
1.146946 0 -0.2022543
1.130625 0 -0.2131601
1.113498 0 -0.2227516
1.095671 0 -0.2309699
1.077254 0 -0.2377641
1.058361 0 -0.2430925
1.039109 0 -0.2469221
1.019615 0 -0.2492293
1 0 -0.25
0.9803852 0 -0.2492293
0.9608914 0 -0.2469221
0.9416386 0 -0.2430925
0.9227458 0 -0.2377641
0.9043291 0 -0.2309699
0.8865023 0 -0.2227516
0.8693753 0 -0.21316
0.8530536 0 -0.2022542
0.837638 0 -0.1901015
0.8232233 0 -0.1767767
0.8098985 0 -0.162362
0.7977457 0 -0.1469463
0.78684 0 -0.1306246
0.7772484 0 -0.1134976
0.7690301 0 -0.09567082
0.7622359 0 -0.07725426
0.7569075 0 -0.05836134
0.7530779 0 -0.03910861
0.7507707 0 -0.01961476
0.75 0 2.185569e-08
0.7507707 0 0.01961474
0.7530779 0 0.03910865
0.7569075 0 0.05836133
0.7622359 0 0.0772543
0.7690301 0 0.09567086
0.7772484 0 0.1134976
0.78684 0 0.1306247
0.7977458 0 0.1469463
0.8098985 0 0.162362
0.8232234 0 0.1767767
0.837638 0 0.1901015
0.8530537 0 0.2022543
0.8693753 0 0.21316
0.8865024 0 0.2227517
0.9043291 0 0.2309699
0.9227458 0 0.2377641
0.9416386 0 0.2430925
0.9608914 0 0.2469221
0.9803852 0 0.2492293
1 0 0.25
1.019615 0 0.2492293
1.039109 0 0.2469221
1.058361 0 0.2430925
1.077254 0 0.2377641
1.095671 0 0.2309699
1.113498 0 0.2227516
1.130625 0 0.21316
1.146946 0 0.2022542
1.162362 0 0.1901014
1.176777 0 0.1767766
1.190102 0 0.1623619
1.202254 0 0.1469463
1.21316 0 0.1306245
1.222752 0 0.1134976
1.23097 0 0.09567074
1.237764 0 0.07725424
1.243093 0 0.05836132
1.246922 0 0.03910859
1.249229 0 0.01961474
1.248287 0.06541995 0
1.247517 0.06537961 -0.01961477
1.245213 0.06525886 -0.03910862
1.241389 0.06505844 -0.05836134
1.236068 0.06477957 -0.07725425
1.229283 0.06442399 -0.09567086
1.221076 0.06399388 -0.1134976
1.211497 0.0634919 -0.1306247
1.200607 0.06292113 -0.1469463
1.18847 0.0622851 -0.162362
1.175164 0.06158774 -0.1767767
1.160769 0.06083333 -0.1901015
1.145374 0.06002653 -0.2022543
1.129075 0.05917232 -0.2131601
1.111972 0.05827596 -0.2227516
1.094169 0.05734298 -0.2309699
1.075778 0.05637913 -0.2377641
1.056911 0.05539035 -0.2430925
1.037685 0.05438275 -0.2469221
1.018217 0.05336252 -0.2492293
0.9986295 0.05233596 -0.25
0.9790416 0.0513094 -0.2492293
0.9595745 0.05028917 -0.2469221
0.9403481 0.04928156 -0.2430925
0.9214811 0.04829278 -0.2377641
0.9030898 0.04732893 -0.2309699
0.8852874 0.04639595 -0.2227516
0.8681839 0.04549959 -0.21316
0.8518845 0.04464538 -0.2022542
0.83649 0.04383859 -0.1901015
0.8220951 0.04308418 -0.1767767
0.8087885 0.04238681 -0.162362
0.7966524 0.04175079 -0.1469463
0.7857616 0.04118002 -0.1306246
0.7761831 0.04067804 -0.1134976
0.7679762 0.04024793 -0.09567082
0.7611912 0.03989235 -0.07725426
0.7558702 0.03961348 -0.05836134
0.7520458 0.03941305 -0.03910861
0.7497417 0.0392923 -0.01961476
0.7489721 0.03925197 2.185569e-08
0.7497417 0.0392923 0.01961474
0.7520459 0.03941306 0.03910865
0.7558702 0.03961348 0.05836133
0.7611912 0.03989235 0.0772543
0.7679762 0.04024793 0.09567086
0.7761831 0.04067804 0.1134976
0.7857616 0.04118002 0.1306247
0.7966524 0.04175079 0.1469463
0.8087885 0.04238681 0.162362
0.8220952 0.04308418 0.1767767
0.83649 0.04383859 0.1901015
0.8518846 0.04464538 0.2022543
0.8681839 0.04549959 0.21316
0.8852875 0.04639596 0.2227517
0.9030898 0.04732893 0.2309699
0.9214813 0.04829279 0.2377641
0.9403481 0.04928156 0.2430925
0.9595745 0.05028917 0.2469221
0.9790416 0.0513094 0.2492293
0.9986295 0.05233596 0.25
1.018217 0.05336252 0.2492293
1.037685 0.05438275 0.2469221
1.056911 0.05539036 0.2430925
1.075778 0.05637914 0.2377641
1.094169 0.05734299 0.2309699
1.111972 0.05827597 0.2227516
1.129075 0.05917233 0.21316
1.145375 0.06002654 0.2022542
1.160769 0.06083333 0.1901014
1.175164 0.06158774 0.1767766
1.18847 0.06228511 0.1623619
1.200607 0.06292113 0.1469463
1.211497 0.0634919 0.1306245
1.221076 0.06399388 0.1134976
1.229283 0.06442399 0.09567074
1.236068 0.06477957 0.07725424
1.241389 0.06505844 0.05836132
1.245213 0.06525886 0.03910859
1.247517 0.06537962 0.01961474
1.243152 0.1306606 0
1.242386 0.13058 -0.01961477
1.240091 0.1303388 -0.03910862
1.236283 0.1299385 -0.05836134
1.230983 0.1293816 -0.07725425
1.224226 0.1286714 -0.09567086
1.216053 0.1278124 -0.1134976
1.206514 0.1268098 -0.1306247
1.195668 0.1256698 -0.1469463
1.183582 0.1243995 -0.162362
1.17033 0.1230067 -0.1767767
1.155995 0.1214999 -0.1901015
1.140663 0.1198885 -0.2022543
1.124431 0.1181825 -0.2131601
1.107398 0.1163922 -0.2227516
1.089669 0.1145288 -0.2309699
1.071353 0.1126037 -0.2377641
1.052564 0.1106289 -0.2430925
1.033416 0.1086164 -0.2469221
1.014029 0.1065788 -0.2492293
0.9945219 0.1045285 -0.25
0.9750146 0.1024782 -0.2492293
0.9556275 0.1004405 -0.2469221
0.9364803 0.09842804 -0.2430925
0.9176909 0.0964532 -0.2377641
0.8993751 0.09452813 -0.2309699
0.881646 0.09266473 -0.2227516
0.8646128 0.09087447 -0.21316
0.8483806 0.08916838 -0.2022542
0.8330494 0.08755701 -0.1901015
0.8187136 0.08605027 -0.1767767
0.8054618 0.08465745 -0.162362
0.7933756 0.08338714 -0.1469463
0.7825296 0.08224717 -0.1306246
0.7729905 0.08124457 -0.1134976
0.7648173 0.08038554 -0.09567082
0.7580603 0.07967535 -0.07725426
0.7527611 0.07911838 -0.05836134
0.7489525 0.07871808 -0.03910861
0.7466578 0.07847691 -0.01961476
0.7458915 0.07839635 2.185569e-08
0.7466578 0.07847691 0.01961474
0.7489525 0.07871808 0.03910865
0.7527611 0.07911838 0.05836133
0.7580603 0.07967535 0.0772543
0.7648173 0.08038554 0.09567086
0.7729905 0.08124458 0.1134976
0.7825296 0.08224718 0.1306247
0.7933756 0.08338714 0.1469463
0.8054618 0.08465745 0.162362
0.8187137 0.08605027 0.1767767
0.8330494 0.08755702 0.1901015
0.8483806 0.0891684 0.2022543
0.8646128 0.09087446 0.21316
0.8816461 0.09266474 0.2227517
0.8993751 0.09452813 0.2309699
0.917691 0.0964532 0.2377641
0.9364803 0.09842804 0.2430925
0.9556275 0.1004405 0.2469221
0.9750146 0.1024782 0.2492293
0.9945219 0.1045285 0.25
1.014029 0.1065788 0.2492293
1.033416 0.1086164 0.2469221
1.052564 0.1106289 0.2430925
1.071353 0.1126037 0.2377641
1.089669 0.1145288 0.2309699
1.107398 0.1163922 0.2227516
1.124431 0.1181825 0.21316
1.140663 0.1198885 0.2022542
1.155995 0.1214999 0.1901014
1.17033 0.1230067 0.1767766
1.183582 0.1243995 0.1623619
1.195668 0.1256698 0.1469463
1.206514 0.1268098 0.1306245
1.216053 0.1278124 0.1134976
1.224227 0.1286714 0.09567074
1.230983 0.1293816 0.07725424
1.236283 0.1299385 0.05836132
1.240091 0.1303388 0.03910859
1.242386 0.13058 0.01961474
1.23461 0.1955431 0
1.233849 0.1954225 -0.01961477
1.23157 0.1950616 -0.03910862
1.227788 0.1944625 -0.05836134
1.222525 0.193629 -0.07725425
1.215815 0.1925661 -0.09567086
1.207698 0.1912805 -0.1134976
1.198224 0.1897801 -0.1306247
1.187453 0.188074 -0.1469463
1.175449 0.1861729 -0.162362
1.162289 0.1840884 -0.1767767
1.148051 0.1818335 -0.1901015
1.132825 0.1794219 -0.2022543
1.116705 0.1768687 -0.2131601
1.099789 0.1741894 -0.2227516
1.082181 0.1714007 -0.2309699
1.063991 0.1685197 -0.2377641
1.045331 0.1655642 -0.2430925
1.026315 0.1625524 -0.2469221
1.007062 0.1595029 -0.2492293
0.9876884 0.1564345 -0.25
0.9683151 0.153366 -0.2492293
0.9490612 0.1503165 -0.2469221
0.9300455 0.1473047 -0.2430925
0.9113852 0.1443492 -0.2377641
0.8931953 0.1414683 -0.2309699
0.8755881 0.1386795 -0.2227516
0.8586719 0.1360003 -0.21316
0.8425512 0.133447 -0.2022542
0.8273253 0.1310355 -0.1901015
0.8130881 0.1287805 -0.1767767
0.7999274 0.1266961 -0.162362
0.7879242 0.1247949 -0.1469463
0.7771527 0.1230889 -0.1306246
0.7676792 0.1215884 -0.1134976
0.7595621 0.1203028 -0.09567082
0.7528515 0.11924 -0.07725426
0.7475888 0.1184064 -0.05836134
0.7438063 0.1178073 -0.03910861
0.7415274 0.1174464 -0.01961476
0.7407663 0.1173259 2.185569e-08
0.7415274 0.1174464 0.01961474
0.7438063 0.1178074 0.03910865
0.7475888 0.1184064 0.05836133
0.7528515 0.11924 0.0772543
0.7595621 0.1203028 0.09567086
0.7676792 0.1215884 0.1134976
0.7771527 0.1230889 0.1306247
0.7879242 0.1247949 0.1469463
0.7999274 0.1266961 0.162362
0.8130881 0.1287805 0.1767767
0.8273253 0.1310355 0.1901015
0.8425512 0.133447 0.2022543
0.8586719 0.1360003 0.21316
0.8755882 0.1386795 0.2227517
0.8931953 0.1414683 0.2309699
0.9113853 0.1443493 0.2377641
0.9300455 0.1473047 0.2430925
0.9490612 0.1503165 0.2469221
0.9683151 0.153366 0.2492293
0.9876884 0.1564345 0.25
1.007062 0.1595029 0.2492293
1.026315 0.1625524 0.2469221
1.045331 0.1655642 0.2430925
1.063992 0.1685197 0.2377641
1.082181 0.1714007 0.2309699
1.099789 0.1741894 0.2227516
1.116705 0.1768687 0.21316
1.132826 0.179422 0.2022542
1.148052 0.1818335 0.1901014
1.162289 0.1840885 0.1767766
1.175449 0.1861729 0.1623619
1.187453 0.188074 0.1469463
1.198224 0.1897801 0.1306245
1.207698 0.1912805 0.1134976
1.215815 0.1925661 0.09567074
1.222525 0.193629 0.07725424
1.227788 0.1944625 0.05836132
1.23157 0.1950616 0.03910859
1.233849 0.1954225 0.01961474
1.222685 0.2598896 0
1.221931 0.2597294 -0.01961477
1.219674 0.2592497 -0.03910862
1.215928 0.2584535 -0.05836134
1.210716 0.2573456 -0.07725425
1.20407 0.255933 -0.09567086
1.196032 0.2542244 -0.1134976
1.18665 0.2522302 -0.1306247
1.175982 0.2499627 -0.1469463
1.164095 0.247436 -0.162362
1.151061 0.2446656 -0.1767767
1.136962 0.2416687 -0.1901015
1.121883 0.2384636 -0.2022543
1.105918 0.2350701 -0.2131601
1.089165 0.2315092 -0.2227516
1.071728 0.2278028 -0.2309699
1.053714 0.2239738 -0.2377641
1.035234 0.2200457 -0.2430925
1.016402 0.2160428 -0.2469221
0.9973338 0.2119898 -0.2492293
0.9781476 0.2079117 -0.25
0.9589615 0.2038336 -0.2492293
0.9398936 0.1997806 -0.2469221
0.9210616 0.1957777 -0.2430925
0.9025816 0.1918496 -0.2377641
0.8845674 0.1880206 -0.2309699
0.8671302 0.1843142 -0.2227516
0.8503774 0.1807533 -0.21316
0.8344124 0.1773598 -0.2022542
0.8193336 0.1741547 -0.1901015
0.805234 0.1711578 -0.1767767
0.7922003 0.1683874 -0.162362
0.7803131 0.1658607 -0.1469463
0.7696456 0.1635932 -0.1306246
0.7602636 0.161599 -0.1134976
0.752225 0.1598904 -0.09567082
0.7455792 0.1584778 -0.07725426
0.7403673 0.1573699 -0.05836134
0.7366214 0.1565737 -0.03910861
0.7343645 0.156094 -0.01961476
0.7336107 0.1559338 2.185569e-08
0.7343645 0.156094 0.01961474
0.7366214 0.1565737 0.03910865
0.7403673 0.1573699 0.05836133
0.7455792 0.1584778 0.0772543
0.752225 0.1598904 0.09567086
0.7602637 0.161599 0.1134976
0.7696456 0.1635932 0.1306247
0.7803131 0.1658607 0.1469463
0.7922003 0.1683874 0.162362
0.805234 0.1711578 0.1767767
0.8193337 0.1741547 0.1901015
0.8344125 0.1773598 0.2022543
0.8503774 0.1807533 0.21316
0.8671303 0.1843142 0.2227517
0.8845674 0.1880206 0.2309699
0.9025816 0.1918496 0.2377641
0.9210616 0.1957777 0.2430925
0.9398936 0.1997806 0.2469221
0.9589615 0.2038336 0.2492293
0.9781476 0.2079117 0.25
0.9973338 0.2119898 0.2492293
1.016402 0.2160428 0.2469221
1.035234 0.2200457 0.2430925
1.053714 0.2239738 0.2377641
1.071728 0.2278028 0.2309699
1.089165 0.2315092 0.2227516
1.105918 0.2350701 0.21316
1.121883 0.2384636 0.2022542
1.136962 0.2416687 0.1901014
1.151061 0.2446657 0.1767766
1.164095 0.247436 0.1623619
1.175982 0.2499627 0.1469463
1.18665 0.2522302 0.1306245
1.196032 0.2542244 0.1134976
1.20407 0.255933 0.09567074
1.210716 0.2573456 0.07725424
1.215928 0.2584535 0.05836132
1.219674 0.2592497 0.03910859
1.221931 0.2597294 0.01961474
1.207407 0.3235238 0
1.206663 0.3233243 -0.01961477
1.204434 0.3227272 -0.03910862
1.200735 0.321736 -0.05836134
1.195588 0.3203569 -0.07725425
1.189026 0.3185984 -0.09567086
1.181087 0.3164714 -0.1134976
1.171823 0.3139889 -0.1306247
1.161288 0.3111663 -0.1469463
1.14955 0.3080209 -0.162362
1.136679 0.3045722 -0.1767767
1.122756 0.3008414 -0.1901015
1.107865 0.2968515 -0.2022543
1.0921 0.2926272 -0.2131601
1.075556 0.2881944 -0.2227516
1.058337 0.2835805 -0.2309699
1.040548 0.2788139 -0.2377641
1.022299 0.2739241 -0.2430925
1.003702 0.2689411 -0.2469221
0.9848722 0.2638957 -0.2492293
0.9659258 0.258819 -0.25
0.9469794 0.2537424 -0.2492293
0.9281498 0.248697 -0.2469221
0.9095531 0.243714 -0.2430925
0.891304 0.2388242 -0.2377641
0.8735148 0.2340576 -0.2309699
0.8562955 0.2294437 -0.2227516
0.8397521 0.2250109 -0.21316
0.8239865 0.2207865 -0.2022542
0.8090962 0.2167967 -0.1901015
0.7951726 0.2130659 -0.1767767
0.7823018 0.2096172 -0.162362
0.7705632 0.2064718 -0.1469463
0.760029 0.2036492 -0.1306246
0.7507643 0.2011667 -0.1134976
0.742826 0.1990396 -0.09567082
0.7362633 0.1972812 -0.07725426
0.7311165 0.1959021 -0.05836134
0.7274174 0.1949109 -0.03910861
0.7251887 0.1943137 -0.01961476
0.7244444 0.1941143 2.185569e-08
0.7251887 0.1943137 0.01961474
0.7274174 0.1949109 0.03910865
0.7311165 0.1959021 0.05836133
0.7362633 0.1972812 0.0772543
0.742826 0.1990396 0.09567086
0.7507643 0.2011667 0.1134976
0.760029 0.2036492 0.1306247
0.7705632 0.2064718 0.1469463
0.7823019 0.2096172 0.162362
0.7951727 0.2130659 0.1767767
0.8090962 0.2167967 0.1901015
0.8239866 0.2207866 0.2022543
0.8397521 0.2250109 0.21316
0.8562956 0.2294437 0.2227517
0.8735148 0.2340576 0.2309699
0.891304 0.2388242 0.2377641
0.9095531 0.243714 0.2430925
0.9281498 0.248697 0.2469221
0.9469794 0.2537424 0.2492293
0.9659258 0.258819 0.25
0.9848722 0.2638957 0.2492293
1.003702 0.2689411 0.2469221
1.022299 0.2739241 0.2430925
1.040548 0.2788139 0.2377641
1.058337 0.2835805 0.2309699
1.075556 0.2881944 0.2227516
1.0921 0.2926272 0.21316
1.107865 0.2968516 0.2022542
1.122756 0.3008415 0.1901014
1.136679 0.3045722 0.1767766
1.14955 0.3080209 0.1623619
1.161288 0.3111663 0.1469463
1.171823 0.3139889 0.1306245
1.181087 0.3164714 0.1134976
1.189026 0.3185984 0.09567074
1.195588 0.3203569 0.07725424
1.200735 0.321736 0.05836132
1.204434 0.3227272 0.03910859
1.206663 0.3233244 0.01961474
1.188821 0.3862712 0
1.188088 0.3860331 -0.01961477
1.185893 0.3853201 -0.03910862
1.182251 0.3841367 -0.05836134
1.177184 0.3824902 -0.07725425
1.170722 0.3803906 -0.09567086
1.162906 0.377851 -0.1134976
1.153784 0.3748871 -0.1306247
1.143412 0.371517 -0.1469463
1.131854 0.3677616 -0.162362
1.119181 0.363644 -0.1767767
1.105472 0.3591896 -0.1901015
1.090811 0.3544259 -0.2022543
1.075288 0.3493822 -0.2131601
1.058999 0.3440897 -0.2227516
1.042045 0.3385809 -0.2309699
1.02453 0.3328899 -0.2377641
1.006562 0.3270516 -0.2430925
0.988251 0.3211022 -0.2469221
0.9697113 0.3150783 -0.2492293
0.9510565 0.309017 -0.25
0.9324018 0.3029557 -0.2492293
0.913862 0.2969318 -0.2469221
0.8955516 0.2909824 -0.2430925
0.8775834 0.2851441 -0.2377641
0.8600681 0.2794531 -0.2309699
0.8431138 0.2739443 -0.2227516
0.8268251 0.2686518 -0.21316
0.8113022 0.2636081 -0.2022542
0.7966411 0.2588444 -0.1901015
0.7829319 0.25439 -0.1767767
0.7702593 0.2502724 -0.162362
0.7587013 0.246517 -0.1469463
0.7483293 0.2431469 -0.1306246
0.7392071 0.240183 -0.1134976
0.7313911 0.2376434 -0.09567082
0.7249295 0.2355438 -0.07725426
0.7198619 0.2338973 -0.05836134
0.7162197 0.2327139 -0.03910861
0.7140254 0.2320009 -0.01961476
0.7132924 0.2317628 2.185569e-08
0.7140254 0.2320009 0.01961474
0.7162197 0.2327139 0.03910865
0.7198619 0.2338973 0.05836133
0.7249295 0.2355438 0.0772543
0.7313911 0.2376434 0.09567086
0.7392071 0.240183 0.1134976
0.7483293 0.2431469 0.1306247
0.7587013 0.246517 0.1469463
0.7702593 0.2502724 0.162362
0.7829319 0.25439 0.1767767
0.7966411 0.2588444 0.1901015
0.8113023 0.2636081 0.2022543
0.8268251 0.2686518 0.21316
0.843114 0.2739443 0.2227517
0.8600681 0.2794531 0.2309699
0.8775834 0.2851442 0.2377641
0.8955516 0.2909823 0.2430925
0.913862 0.2969318 0.2469221
0.9324018 0.3029557 0.2492293
0.9510565 0.309017 0.25
0.9697113 0.3150783 0.2492293
0.9882511 0.3211022 0.2469221
1.006562 0.3270517 0.2430925
1.02453 0.3328899 0.2377641
1.042045 0.3385809 0.2309699
1.058999 0.3440897 0.2227516
1.075288 0.3493823 0.21316
1.090811 0.3544259 0.2022542
1.105472 0.3591896 0.1901014
1.119181 0.363644 0.1767766
1.131854 0.3677616 0.1623619
1.143412 0.371517 0.1469463
1.153784 0.3748871 0.1306245
1.162906 0.377851 0.1134976
1.170722 0.3803906 0.09567074
1.177184 0.3824902 0.07725424
1.182251 0.3841367 0.05836132
1.185893 0.3853201 0.03910859
1.188088 0.3860331 0.01961474
1.166975 0.4479599 0
1.166256 0.4476838 -0.01961477
1.164102 0.4468569 -0.03910862
1.160527 0.4454845 -0.05836134
1.155552 0.443575 -0.07725425
1.149209 0.4411401 -0.09567086
1.141537 0.438195 -0.1134976
1.132582 0.4347577 -0.1306247
1.122401 0.4308494 -0.1469463
1.111055 0.4264942 -0.162362
1.098616 0.421719 -0.1767767
1.085158 0.4165533 -0.1901015
1.070767 0.4110288 -0.2022543
1.055529 0.4051796 -0.2131601
1.03954 0.3990419 -0.2227516
1.022897 0.3926533 -0.2309699
1.005703 0.3860534 -0.2377641
0.9880654 0.3792828 -0.2430925
0.9700915 0.3723832 -0.2469221
0.9518924 0.3653972 -0.2492293
0.9335804 0.3583679 -0.25
0.9152684 0.3513386 -0.2492293
0.8970693 0.3443527 -0.2469221
0.8790954 0.3374531 -0.2430925
0.8614573 0.3306825 -0.2377641
0.8442639 0.3240826 -0.2309699
0.8276212 0.317694 -0.2227516
0.8116318 0.3115562 -0.21316
0.7963942 0.3057071 -0.2022542
0.7820024 0.3001826 -0.1901015
0.7685452 0.2950169 -0.1767767
0.7561054 0.2902417 -0.162362
0.7447598 0.2858865 -0.1469463
0.7345784 0.2819782 -0.1306246
0.7256238 0.2785409 -0.1134976
0.7179514 0.2755957 -0.09567082
0.7116085 0.2731609 -0.07725426
0.706634 0.2712514 -0.05836134
0.7030588 0.269879 -0.03910861
0.7009048 0.2690521 -0.01961476
0.7001853 0.268776 2.185569e-08
0.7009048 0.2690521 0.01961474
0.7030588 0.269879 0.03910865
0.706634 0.2712514 0.05836133
0.7116085 0.2731609 0.0772543
0.7179514 0.2755958 0.09567086
0.7256238 0.2785409 0.1134976
0.7345784 0.2819782 0.1306247
0.7447598 0.2858865 0.1469463
0.7561054 0.2902417 0.162362
0.7685452 0.2950169 0.1767767
0.7820024 0.3001826 0.1901015
0.7963942 0.3057071 0.2022543
0.8116317 0.3115562 0.21316
0.8276213 0.3176941 0.2227517
0.8442639 0.3240826 0.2309699
0.8614574 0.3306825 0.2377641
0.8790954 0.3374531 0.2430925
0.8970693 0.3443527 0.2469221
0.9152684 0.3513387 0.2492293
0.9335804 0.3583679 0.25
0.9518924 0.3653973 0.2492293
0.9700915 0.3723832 0.2469221
0.9880654 0.3792828 0.2430925
1.005703 0.3860534 0.2377641
1.022897 0.3926533 0.2309699
1.03954 0.3990419 0.2227516
1.055529 0.4051796 0.21316
1.070767 0.4110288 0.2022542
1.085158 0.4165533 0.1901014
1.098616 0.4217191 0.1767766
1.111055 0.4264942 0.1623619
1.122401 0.4308494 0.1469463
1.132582 0.4347577 0.1306245
1.141537 0.438195 0.1134976
1.149209 0.4411402 0.09567074
1.155552 0.443575 0.07725424
1.160527 0.4454845 0.05836132
1.164102 0.4468569 0.03910859
1.166256 0.4476838 0.01961474
1.141932 0.5084208 0
1.141228 0.5081074 -0.01961477
1.13912 0.5071689 -0.03910862
1.135621 0.5056112 -0.05836134
1.130754 0.503444 -0.07725425
1.124547 0.5006806 -0.09567086
1.117039 0.4973379 -0.1134976
1.108277 0.4934366 -0.1306247
1.098314 0.4890009 -0.1469463
1.087212 0.4840579 -0.162362
1.075039 0.4786382 -0.1767767
1.06187 0.4727752 -0.1901015
1.047788 0.4665051 -0.2022543
1.032877 0.4598665 -0.2131601
1.017231 0.4529003 -0.2227516
1.000945 0.4456495 -0.2309699
0.9841207 0.4381588 -0.2377641
0.9668611 0.4304743 -0.2430925
0.9492729 0.4226435 -0.2469221
0.9314644 0.4147147 -0.2492293
0.9135454 0.4067366 -0.25
0.8956264 0.3987586 -0.2492293
0.8778179 0.3908297 -0.2469221
0.8602297 0.3829989 -0.2430925
0.8429701 0.3753145 -0.2377641
0.8261458 0.3678238 -0.2309699
0.8098602 0.360573 -0.2227516
0.7942139 0.3536068 -0.21316
0.7793033 0.3469682 -0.2022542
0.7652203 0.3406981 -0.1901015
0.7520519 0.3348351 -0.1767767
0.7398791 0.3294154 -0.162362
0.728777 0.3244724 -0.1469463
0.718814 0.3200366 -0.1306246
0.7100517 0.3161354 -0.1134976
0.7025439 0.3127927 -0.09567082
0.6963371 0.3100293 -0.07725426
0.6914694 0.307862 -0.05836134
0.6879709 0.3063044 -0.03910861
0.6858631 0.3053659 -0.01961476
0.6851591 0.3050525 2.185569e-08
0.6858631 0.3053659 0.01961474
0.6879709 0.3063044 0.03910865
0.6914694 0.307862 0.05836133
0.6963371 0.3100293 0.0772543
0.702544 0.3127927 0.09567086
0.7100517 0.3161354 0.1134976
0.718814 0.3200366 0.1306247
0.728777 0.3244724 0.1469463
0.7398791 0.3294154 0.162362
0.7520519 0.3348351 0.1767767
0.7652204 0.3406981 0.1901015
0.7793033 0.3469682 0.2022543
0.7942138 0.3536068 0.21316
0.8098602 0.360573 0.2227517
0.8261457 0.3678238 0.2309699
0.8429703 0.3753145 0.2377641
0.8602297 0.3829989 0.2430925
0.8778179 0.3908297 0.2469221
0.8956264 0.3987586 0.2492293
0.9135454 0.4067366 0.25
0.9314644 0.4147147 0.2492293
0.9492729 0.4226435 0.2469221
0.9668612 0.4304743 0.2430925
0.9841207 0.4381588 0.2377641
1.000945 0.4456495 0.2309699
1.017231 0.4529003 0.2227516
1.032877 0.4598665 0.21316
1.047788 0.4665051 0.2022542
1.061871 0.4727753 0.1901014
1.075039 0.4786382 0.1767766
1.087212 0.4840579 0.1623619
1.098314 0.4890009 0.1469463
1.108277 0.4934367 0.1306245
1.117039 0.4973379 0.1134976
1.124547 0.5006806 0.09567074
1.130754 0.503444 0.07725424
1.135621 0.5056112 0.05836132
1.13912 0.5071689 0.03910859
1.141228 0.5081074 0.01961474
1.113758 0.5674881 0
1.113071 0.5671383 -0.01961477
1.111016 0.5660908 -0.03910862
1.107604 0.5643522 -0.05836134
1.102856 0.5619332 -0.07725425
1.096802 0.5588486 -0.09567086
1.08948 0.5551177 -0.1134976
1.080934 0.5507631 -0.1306247
1.071216 0.545812 -0.1469463
1.060388 0.5402948 -0.162362
1.048516 0.5342455 -0.1767767
1.035672 0.5277013 -0.1901015
1.021937 0.5207027 -0.2022543
1.007394 0.5132928 -0.2131601
0.9921336 0.5055174 -0.2227516
0.9762499 0.4974242 -0.2309699
0.9598405 0.4890632 -0.2377641
0.9430069 0.480486 -0.2430925
0.9258525 0.4717455 -0.2469221
0.9084834 0.4628955 -0.2492293
0.8910065 0.4539905 -0.25
0.8735296 0.4450856 -0.2492293
0.8561605 0.4362356 -0.2469221
0.8390062 0.427495 -0.2430925
0.8221725 0.4189178 -0.2377641
0.8057631 0.4105569 -0.2309699
0.7898794 0.4024637 -0.2227516
0.7746191 0.3946882 -0.21316
0.7600764 0.3872783 -0.2022542
0.7463409 0.3802797 -0.1901015
0.7334973 0.3737356 -0.1767767
0.7216249 0.3676862 -0.162362
0.7107967 0.362169 -0.1469463
0.7010795 0.3572179 -0.1306246
0.6925334 0.3528634 -0.1134976
0.6852108 0.3491324 -0.09567082
0.6791571 0.3460479 -0.07725426
0.6744095 0.3436288 -0.05836134
0.6709973 0.3418902 -0.03910861
0.6689416 0.3408428 -0.01961476
0.6682549 0.3404929 2.185569e-08
0.6689416 0.3408428 0.01961474
0.6709974 0.3418902 0.03910865
0.6744095 0.3436288 0.05836133
0.6791571 0.3460479 0.0772543
0.6852109 0.3491324 0.09567086
0.6925334 0.3528634 0.1134976
0.7010795 0.3572179 0.1306247
0.7107967 0.362169 0.1469463
0.7216249 0.3676862 0.162362
0.7334974 0.3737356 0.1767767
0.7463409 0.3802797 0.1901015
0.7600765 0.3872783 0.2022543
0.7746191 0.3946882 0.21316
0.7898794 0.4024637 0.2227517
0.8057631 0.4105569 0.2309699
0.8221726 0.4189179 0.2377641
0.8390062 0.427495 0.2430925
0.8561605 0.4362356 0.2469221
0.8735296 0.4450856 0.2492293
0.8910065 0.4539905 0.25
0.9084834 0.4628955 0.2492293
0.9258526 0.4717455 0.2469221
0.9430069 0.480486 0.2430925
0.9598406 0.4890632 0.2377641
0.9762499 0.4974242 0.2309699
0.9921337 0.5055174 0.2227516
1.007394 0.5132929 0.21316
1.021937 0.5207028 0.2022542
1.035672 0.5277014 0.1901014
1.048516 0.5342455 0.1767766
1.060388 0.5402948 0.1623619
1.071216 0.545812 0.1469463
1.080934 0.5507632 0.1306245
1.08948 0.5551177 0.1134976
1.096802 0.5588487 0.09567074
1.102856 0.5619332 0.07725424
1.107604 0.5643522 0.05836132
1.111016 0.5660908 0.03910859
1.113071 0.5671383 0.01961474
1.082532 0.625 0
1.081864 0.6246147 -0.01961477
1.079866 0.6234611 -0.03910862
1.07655 0.6215463 -0.05836134
1.071935 0.6188821 -0.07725425
1.066051 0.615485 -0.09567086
1.058934 0.6113758 -0.1134976
1.050627 0.60658 -0.1306247
1.041183 0.6011271 -0.1469463
1.030658 0.5950508 -0.162362
1.019119 0.5883883 -0.1767767
1.006635 0.581181 -0.1901015
0.9932846 0.5734732 -0.2022543
0.9791496 0.5653123 -0.2131601
0.9643172 0.5567488 -0.2227516
0.9488788 0.5478354 -0.2309699
0.9329295 0.5386271 -0.2377641
0.9165678 0.5291806 -0.2430925
0.8998945 0.5195543 -0.2469221
0.8830123 0.5098074 -0.2492293
0.8660254 0.5 -0.25
0.8490385 0.4901926 -0.2492293
0.8321563 0.4804457 -0.2469221
0.815483 0.4708193 -0.2430925
0.7991213 0.4613729 -0.2377641
0.783172 0.4521646 -0.2309699
0.7677335 0.4432512 -0.2227516
0.7529011 0.4346877 -0.21316
0.7387661 0.4265268 -0.2022542
0.7254158 0.418819 -0.1901015
0.7129323 0.4116116 -0.1767767
0.7013927 0.4049492 -0.162362
0.6908681 0.3988729 -0.1469463
0.6814234 0.39342 -0.1306246
0.6731168 0.3886242 -0.1134976
0.6659996 0.384515 -0.09567082
0.6601156 0.3811179 -0.07725426
0.6555011 0.3784538 -0.05836134
0.6521846 0.376539 -0.03910861
0.6501864 0.3753853 -0.01961476
0.649519 0.375 2.185569e-08
0.6501864 0.3753853 0.01961474
0.6521846 0.376539 0.03910865
0.6555011 0.3784538 0.05836133
0.6601156 0.3811179 0.0772543
0.6659996 0.384515 0.09567086
0.6731168 0.3886242 0.1134976
0.6814234 0.39342 0.1306247
0.6908681 0.3988729 0.1469463
0.7013927 0.4049492 0.162362
0.7129323 0.4116117 0.1767767
0.7254158 0.418819 0.1901015
0.7387662 0.4265269 0.2022543
0.7529011 0.4346877 0.21316
0.7677336 0.4432512 0.2227517
0.783172 0.4521646 0.2309699
0.7991213 0.4613729 0.2377641
0.815483 0.4708193 0.2430925
0.8321563 0.4804457 0.2469221
0.8490385 0.4901926 0.2492293
0.8660254 0.5 0.25
0.8830123 0.5098074 0.2492293
0.8998945 0.5195543 0.2469221
0.9165678 0.5291807 0.2430925
0.9329296 0.5386271 0.2377641
0.9488788 0.5478355 0.2309699
0.9643173 0.5567488 0.2227516
0.9791497 0.5653123 0.21316
0.9932847 0.5734732 0.2022542
1.006635 0.581181 0.1901014
1.019119 0.5883884 0.1767766
1.030658 0.5950508 0.1623619
1.041183 0.6011271 0.1469463
1.050627 0.60658 0.1306245
1.058934 0.6113758 0.1134976
1.066051 0.615485 0.09567074
1.071935 0.6188821 0.07725424
1.07655 0.6215463 0.05836132
1.079866 0.6234611 0.03910859
1.081864 0.6246147 0.01961474
1.048338 0.6807988 0
1.047692 0.6803791 -0.01961477
1.045757 0.6791224 -0.03910862
1.042545 0.6770367 -0.05836134
1.038076 0.6741347 -0.07725425
1.032378 0.6704342 -0.09567086
1.025486 0.6659583 -0.1134976
1.017442 0.6607344 -0.1306247
1.008295 0.6547946 -0.1469463
0.9981031 0.6481757 -0.162362
0.986928 0.6409186 -0.1767767
0.9748388 0.6330677 -0.1901015
0.9619101 0.6246718 -0.2022543
0.9482216 0.6157823 -0.2131601
0.9338577 0.6064543 -0.2227516
0.9189069 0.5967451 -0.2309699
0.9034614 0.5867147 -0.2377641
0.8876165 0.5764249 -0.2430925
0.8714698 0.5659391 -0.2469221
0.8551209 0.5553221 -0.2492293
0.8386706 0.5446391 -0.25
0.8222202 0.5339561 -0.2492293
0.8058713 0.523339 -0.2469221
0.7897246 0.5128532 -0.2430925
0.7738796 0.5025634 -0.2377641
0.7584342 0.492533 -0.2309699
0.7434834 0.4828238 -0.2227516
0.7291195 0.4734958 -0.21316
0.715431 0.4646063 -0.2022542
0.7025023 0.4562104 -0.1901015
0.6904131 0.4483595 -0.1767767
0.679238 0.4411024 -0.162362
0.6690459 0.4344835 -0.1469463
0.6598995 0.4285437 -0.1306246
0.6518553 0.4233198 -0.1134976
0.6449629 0.4188438 -0.09567082
0.6392648 0.4151434 -0.07725426
0.634796 0.4122414 -0.05836134
0.6315843 0.4101557 -0.03910861
0.6296492 0.408899 -0.01961476
0.6290029 0.4084793 2.185569e-08
0.6296492 0.408899 0.01961474
0.6315843 0.4101557 0.03910865
0.634796 0.4122414 0.05836133
0.6392648 0.4151434 0.0772543
0.6449629 0.4188438 0.09567086
0.6518553 0.4233198 0.1134976
0.6598995 0.4285438 0.1306247
0.6690459 0.4344835 0.1469463
0.679238 0.4411024 0.162362
0.6904132 0.4483596 0.1767767
0.7025024 0.4562104 0.1901015
0.715431 0.4646064 0.2022543
0.7291195 0.4734958 0.21316
0.7434835 0.4828238 0.2227517
0.7584342 0.4925329 0.2309699
0.7738798 0.5025634 0.2377641
0.7897246 0.5128531 0.2430925
0.8058713 0.523339 0.2469221
0.8222202 0.5339561 0.2492293
0.8386706 0.5446391 0.25
0.8551209 0.5553221 0.2492293
0.8714698 0.5659391 0.2469221
0.8876165 0.576425 0.2430925
0.9034615 0.5867147 0.2377641
0.9189069 0.5967451 0.2309699
0.9338577 0.6064543 0.2227516
0.9482216 0.6157824 0.21316
0.9619101 0.6246718 0.2022542
0.9748389 0.6330678 0.1901014
0.986928 0.6409186 0.1767766
0.9981031 0.6481758 0.1623619
1.008295 0.6547946 0.1469463
1.017442 0.6607344 0.1306245
1.025486 0.6659583 0.1134976
1.032378 0.6704343 0.09567074
1.038076 0.6741347 0.07725424
1.042545 0.6770367 0.05836132
1.045757 0.6791224 0.03910859
1.047692 0.6803791 0.01961474
1.011271 0.7347316 0
1.010648 0.7342786 -0.01961477
1.008781 0.7329224 -0.03910862
1.005683 0.7306714 -0.05836134
1.001372 0.7275395 -0.07725425
0.9958755 0.7235459 -0.09567086
0.9892269 0.7187154 -0.1134976
0.9814671 0.7130775 -0.1306247
0.9726442 0.7066673 -0.1469463
0.9628123 0.6995241 -0.162362
0.9520323 0.691692 -0.1767767
0.9403706 0.6832193 -0.1901015
0.9278991 0.6741581 -0.2022543
0.9146945 0.6645645 -0.2131601
0.9008385 0.6544974 -0.2227516
0.8864164 0.6440192 -0.2309699
0.871517 0.6331941 -0.2377641
0.8562323 0.6220891 -0.2430925
0.8406565 0.6107727 -0.2469221
0.8248857 0.5993145 -0.2492293
0.809017 0.5877852 -0.25
0.7931483 0.576256 -0.2492293
0.7773774 0.5647978 -0.2469221
0.7618017 0.5534813 -0.2430925
0.746517 0.5423763 -0.2377641
0.7316176 0.5315513 -0.2309699
0.7171955 0.521073 -0.2227516
0.7033395 0.511006 -0.21316
0.6901349 0.5014123 -0.2022542
0.6776634 0.4923512 -0.1901015
0.6660017 0.4838785 -0.1767767
0.6552216 0.4760464 -0.162362
0.6453899 0.4689032 -0.1469463
0.6365669 0.4624929 -0.1306246
0.6288071 0.4568551 -0.1134976
0.6221584 0.4520245 -0.09567082
0.6166618 0.448031 -0.07725426
0.6123511 0.4448991 -0.05836134
0.6092528 0.4426481 -0.03910861
0.6073862 0.4412919 -0.01961476
0.6067628 0.4408389 2.185569e-08
0.6073862 0.4412919 0.01961474
0.6092528 0.4426481 0.03910865
0.6123511 0.4448991 0.05836133
0.6166618 0.448031 0.0772543
0.6221585 0.4520246 0.09567086
0.6288071 0.4568551 0.1134976
0.6365669 0.4624929 0.1306247
0.6453899 0.4689032 0.1469463
0.6552217 0.4760464 0.162362
0.6660017 0.4838785 0.1767767
0.6776634 0.4923513 0.1901015
0.690135 0.5014124 0.2022543
0.7033394 0.511006 0.21316
0.7171956 0.521073 0.2227517
0.7316176 0.5315513 0.2309699
0.7465171 0.5423764 0.2377641
0.7618017 0.5534813 0.2430925
0.7773775 0.5647978 0.2469221
0.7931483 0.576256 0.2492293
0.809017 0.5877852 0.25
0.8248857 0.5993145 0.2492293
0.8406566 0.6107727 0.2469221
0.8562323 0.6220892 0.2430925
0.8715171 0.6331941 0.2377641
0.8864164 0.6440192 0.2309699
0.9008386 0.6544975 0.2227516
0.9146946 0.6645645 0.21316
0.9278991 0.6741582 0.2022542
0.9403707 0.6832193 0.1901014
0.9520324 0.691692 0.1767766
0.9628124 0.6995241 0.1623619
0.9726441 0.7066673 0.1469463
0.9814671 0.7130776 0.1306245
0.9892269 0.7187154 0.1134976
0.9958756 0.723546 0.09567074
1.001372 0.7275395 0.07725424
1.005683 0.7306714 0.05836132
1.008781 0.7329224 0.03910859
1.010648 0.7342786 0.01961474
0.9714324 0.7866505 0
0.9708335 0.7861655 -0.01961477
0.9690404 0.7847135 -0.03910862
0.9660642 0.7823035 -0.05836134
0.9619234 0.7789502 -0.07725425
0.9566432 0.7746744 -0.09567086
0.9502565 0.7695025 -0.1134976
0.9428024 0.7634664 -0.1306247
0.934327 0.7566031 -0.1469463
0.9248825 0.7489551 -0.162362
0.9145272 0.7405696 -0.1767767
0.9033249 0.7314981 -0.1901015
0.8913447 0.7217967 -0.2022543
0.8786603 0.7115251 -0.2131601
0.8653501 0.7007467 -0.2227516
0.8514962 0.689528 -0.2309699
0.8371837 0.677938 -0.2377641
0.8225012 0.6660483 -0.2430925
0.807539 0.6539322 -0.2469221
0.7923895 0.6416644 -0.2492293
0.7771459 0.6293204 -0.25
0.7619024 0.6169764 -0.2492293
0.7467528 0.6047085 -0.2469221
0.7317907 0.5925924 -0.2430925
0.7171081 0.5807027 -0.2377641
0.7027957 0.5691128 -0.2309699
0.6889417 0.557894 -0.2227516
0.6756315 0.5471156 -0.21316
0.6629472 0.536844 -0.2022542
0.6509669 0.5271426 -0.1901015
0.6397647 0.5180712 -0.1767767
0.6294093 0.5096856 -0.162362
0.6199648 0.5020376 -0.1469463
0.6114895 0.4951744 -0.1306246
0.6040354 0.4891382 -0.1134976
0.5976486 0.4839663 -0.09567082
0.5923685 0.4796906 -0.07725426
0.5882276 0.4763373 -0.05836134
0.5852515 0.4739273 -0.03910861
0.5834584 0.4724753 -0.01961476
0.5828595 0.4719903 2.185569e-08
0.5834584 0.4724753 0.01961474
0.5852515 0.4739273 0.03910865
0.5882276 0.4763373 0.05836133
0.5923685 0.4796906 0.0772543
0.5976486 0.4839664 0.09567086
0.6040354 0.4891382 0.1134976
0.6114895 0.4951744 0.1306247
0.6199648 0.5020376 0.1469463
0.6294093 0.5096856 0.162362
0.6397647 0.5180712 0.1767767
0.650967 0.5271427 0.1901015
0.6629472 0.5368441 0.2022543
0.6756315 0.5471156 0.21316
0.6889418 0.5578941 0.2227517
0.7027957 0.5691127 0.2309699
0.7171082 0.5807028 0.2377641
0.7317906 0.5925924 0.2430925
0.7467528 0.6047086 0.2469221
0.7619024 0.6169764 0.2492293
0.7771459 0.6293204 0.25
0.7923895 0.6416644 0.2492293
0.807539 0.6539322 0.2469221
0.8225012 0.6660484 0.2430925
0.8371838 0.6779381 0.2377641
0.8514962 0.689528 0.2309699
0.8653502 0.7007468 0.2227516
0.8786604 0.7115251 0.21316
0.8913447 0.7217968 0.2022542
0.903325 0.7314981 0.1901014
0.9145272 0.7405696 0.1767766
0.9248825 0.7489551 0.1623619
0.934327 0.7566031 0.1469463
0.9428024 0.7634664 0.1306245
0.9502565 0.7695025 0.1134976
0.9566433 0.7746745 0.09567074
0.9619234 0.7789502 0.07725424
0.9660642 0.7823035 0.05836132
0.9690404 0.7847135 0.03910859
0.9708335 0.7861655 0.01961474
0.928931 0.8364133 0
0.9283583 0.8358976 -0.01961477
0.9266437 0.8343537 -0.03910862
0.9237977 0.8317912 -0.05836134
0.919838 0.8282259 -0.07725425
0.9147888 0.8236796 -0.09567086
0.9086815 0.8181806 -0.1134976
0.9015536 0.8117625 -0.1306247
0.893449 0.8044651 -0.1469463
0.8844178 0.7963334 -0.162362
0.8745155 0.7874173 -0.1767767
0.8638033 0.777772 -0.1901015
0.8523472 0.7674569 -0.2022543
0.8402178 0.7565355 -0.2131601
0.82749 0.7450753 -0.2227516
0.8142421 0.7331469 -0.2309699
0.8005559 0.7208238 -0.2377641
0.7865157 0.708182 -0.2430925
0.7722082 0.6952994 -0.2469221
0.7577214 0.6822554 -0.2492293
0.7431448 0.6691306 -0.25
0.7285682 0.6560057 -0.2492293
0.7140814 0.6429619 -0.2469221
0.6997739 0.6300793 -0.2430925
0.6857337 0.6174374 -0.2377641
0.6720475 0.6051143 -0.2309699
0.6587996 0.5931859 -0.2227516
0.6460718 0.5817257 -0.21316
0.6339424 0.5708043 -0.2022542
0.6224864 0.5604892 -0.1901015
0.6117741 0.550844 -0.1767767
0.6018718 0.5419279 -0.162362
0.5928406 0.5337961 -0.1469463
0.584736 0.5264987 -0.1306246
0.5776081 0.5200807 -0.1134976
0.5715007 0.5145816 -0.09567082
0.5664517 0.5100354 -0.07725426
0.5624919 0.50647 -0.05836134
0.559646 0.5039075 -0.03910861
0.5579313 0.5023636 -0.01961476
0.5573586 0.501848 2.185569e-08
0.5579313 0.5023636 0.01961474
0.559646 0.5039075 0.03910865
0.5624919 0.50647 0.05836133
0.5664517 0.5100354 0.0772543
0.5715008 0.5145816 0.09567086
0.5776081 0.5200807 0.1134976
0.584736 0.5264987 0.1306247
0.5928406 0.5337961 0.1469463
0.6018719 0.5419279 0.162362
0.6117741 0.550844 0.1767767
0.6224864 0.5604892 0.1901015
0.6339425 0.5708044 0.2022543
0.6460717 0.5817257 0.21316
0.6587997 0.5931859 0.2227517
0.6720475 0.6051143 0.2309699
0.6857338 0.6174375 0.2377641
0.6997738 0.6300793 0.2430925
0.7140814 0.6429619 0.2469221
0.7285682 0.6560058 0.2492293
0.7431448 0.6691306 0.25
0.7577214 0.6822554 0.2492293
0.7722082 0.6952994 0.2469221
0.7865158 0.708182 0.2430925
0.8005559 0.7208238 0.2377641
0.8142421 0.733147 0.2309699
0.82749 0.7450754 0.2227516
0.8402179 0.7565356 0.21316
0.8523473 0.7674569 0.2022542
0.8638033 0.7777721 0.1901014
0.8745155 0.7874174 0.1767766
0.8844178 0.7963334 0.1623619
0.893449 0.8044651 0.1469463
0.9015536 0.8117626 0.1306245
0.9086815 0.8181806 0.1134976
0.9147889 0.8236797 0.09567074
0.919838 0.8282259 0.07725424
0.9237977 0.8317912 0.05836132
0.9266437 0.8343537 0.03910859
0.9283583 0.8358976 0.01961474
0.8838835 0.8838835 0
0.8833385 0.8833385 -0.01961477
0.8817071 0.8817071 -0.03910862
0.8789991 0.8789991 -0.05836134
0.8752314 0.8752314 -0.07725425
0.8704271 0.8704271 -0.09567086
0.864616 0.864616 -0.1134976
0.8578337 0.8578337 -0.1306247
0.8501221 0.8501221 -0.1469463
0.8415288 0.8415288 -0.162362
0.8321068 0.8321068 -0.1767767
0.8219141 0.8219141 -0.1901015
0.8110135 0.8110135 -0.2022543
0.7994723 0.7994723 -0.2131601
0.7873617 0.7873617 -0.2227516
0.7747563 0.7747563 -0.2309699
0.7617338 0.7617338 -0.2377641
0.7483745 0.7483745 -0.2430925
0.7347608 0.7347608 -0.2469221
0.7209765 0.7209765 -0.2492293
0.7071068 0.7071068 -0.25
0.693237 0.693237 -0.2492293
0.6794528 0.6794528 -0.2469221
0.6658391 0.6658391 -0.2430925
0.6524798 0.6524798 -0.2377641
0.6394572 0.6394572 -0.2309699
0.6268518 0.6268518 -0.2227516
0.6147412 0.6147412 -0.21316
0.6032 0.6032 -0.2022542
0.5922995 0.5922995 -0.1901015
0.5821068 0.5821068 -0.1767767
0.5726847 0.5726847 -0.162362
0.5640914 0.5640914 -0.1469463
0.5563799 0.5563799 -0.1306246
0.5495976 0.5495976 -0.1134976
0.5437864 0.5437864 -0.09567082
0.5389822 0.5389822 -0.07725426
0.5352144 0.5352144 -0.05836134
0.5325065 0.5325065 -0.03910861
0.530875 0.530875 -0.01961476
0.5303301 0.5303301 2.185569e-08
0.530875 0.530875 0.01961474
0.5325065 0.5325065 0.03910865
0.5352144 0.5352144 0.05836133
0.5389822 0.5389822 0.0772543
0.5437864 0.5437864 0.09567086
0.5495976 0.5495976 0.1134976
0.5563799 0.5563799 0.1306247
0.5640914 0.5640914 0.1469463
0.5726848 0.5726848 0.162362
0.5821068 0.5821068 0.1767767
0.5922995 0.5922995 0.1901015
0.6032001 0.6032001 0.2022543
0.6147411 0.6147411 0.21316
0.6268519 0.6268519 0.2227517
0.6394572 0.6394572 0.2309699
0.6524798 0.6524798 0.2377641
0.6658391 0.6658391 0.2430925
0.6794528 0.6794528 0.2469221
0.693237 0.693237 0.2492293
0.7071068 0.7071068 0.25
0.7209765 0.7209765 0.2492293
0.7347608 0.7347608 0.2469221
0.7483745 0.7483745 0.2430925
0.7617338 0.7617338 0.2377641
0.7747563 0.7747563 0.2309699
0.7873617 0.7873617 0.2227516
0.7994724 0.7994724 0.21316
0.8110135 0.8110135 0.2022542
0.8219141 0.8219141 0.1901014
0.8321068 0.8321068 0.1767766
0.8415289 0.8415289 0.1623619
0.8501221 0.8501221 0.1469463
0.8578337 0.8578337 0.1306245
0.864616 0.864616 0.1134976
0.8704272 0.8704272 0.09567074
0.8752314 0.8752314 0.07725424
0.8789991 0.8789991 0.05836132
0.8817071 0.8817071 0.03910859
0.8833385 0.8833385 0.01961474
0.8364132 0.9289311 0
0.8358975 0.9283584 -0.01961477
0.8343537 0.9266437 -0.03910862
0.8317912 0.9237978 -0.05836134
0.8282258 0.9198381 -0.07725425
0.8236796 0.914789 -0.09567086
0.8181805 0.9086816 -0.1134976
0.8117625 0.9015536 -0.1306247
0.8044651 0.8934491 -0.1469463
0.7963333 0.8844178 -0.162362
0.7874172 0.8745155 -0.1767767
0.7777719 0.8638034 -0.1901015
0.7674568 0.8523473 -0.2022543
0.7565355 0.8402179 -0.2131601
0.7450753 0.82749 -0.2227516
0.7331468 0.8142422 -0.2309699
0.7208238 0.8005559 -0.2377641
0.7081819 0.7865158 -0.2430925
0.6952993 0.7722082 -0.2469221
0.6822554 0.7577215 -0.2492293
0.6691306 0.7431449 -0.25
0.6560057 0.7285683 -0.2492293
0.6429618 0.7140815 -0.2469221
0.6300792 0.6997739 -0.2430925
0.6174374 0.6857338 -0.2377641
0.6051142 0.6720476 -0.2309699
0.5931858 0.6587996 -0.2227516
0.5817256 0.6460718 -0.21316
0.5708042 0.6339424 -0.2022542
0.5604892 0.6224864 -0.1901015
0.5508439 0.6117742 -0.1767767
0.5419278 0.6018719 -0.162362
0.5337961 0.5928407 -0.1469463
0.5264987 0.584736 -0.1306246
0.5200806 0.5776081 -0.1134976
0.5145816 0.5715008 -0.09567082
0.5100353 0.5664517 -0.07725426
0.50647 0.562492 -0.05836134
0.5039074 0.559646 -0.03910861
0.5023636 0.5579314 -0.01961476
0.5018479 0.5573586 2.185569e-08
0.5023636 0.5579314 0.01961474
0.5039074 0.559646 0.03910865
0.50647 0.562492 0.05836133
0.5100353 0.5664517 0.0772543
0.5145816 0.5715008 0.09567086
0.5200806 0.5776081 0.1134976
0.5264987 0.5847361 0.1306247
0.5337961 0.5928407 0.1469463
0.5419279 0.601872 0.162362
0.5508439 0.6117742 0.1767767
0.5604892 0.6224864 0.1901015
0.5708044 0.6339425 0.2022543
0.5817256 0.6460718 0.21316
0.5931859 0.6587998 0.2227517
0.6051142 0.6720476 0.2309699
0.6174374 0.6857339 0.2377641
0.6300792 0.6997739 0.2430925
0.6429618 0.7140815 0.2469221
0.6560057 0.7285683 0.2492293
0.6691306 0.7431449 0.25
0.6822554 0.7577215 0.2492293
0.6952993 0.7722083 0.2469221
0.7081819 0.7865158 0.2430925
0.7208238 0.800556 0.2377641
0.7331469 0.8142422 0.2309699
0.7450753 0.8274901 0.2227516
0.7565355 0.8402179 0.21316
0.7674569 0.8523473 0.2022542
0.777772 0.8638034 0.1901014
0.7874173 0.8745156 0.1767766
0.7963333 0.8844179 0.1623619
0.8044651 0.8934491 0.1469463
0.8117625 0.9015537 0.1306245
0.8181805 0.9086816 0.1134976
0.8236796 0.914789 0.09567074
0.8282258 0.9198381 0.07725424
0.8317912 0.9237978 0.05836132
0.8343537 0.9266437 0.03910859
0.8358976 0.9283584 0.01961474
0.7866505 0.9714324 0
0.7861655 0.9708335 -0.01961477
0.7847135 0.9690405 -0.03910862
0.7823035 0.9660643 -0.05836134
0.7789502 0.9619234 -0.07725425
0.7746744 0.9566433 -0.09567086
0.7695025 0.9502565 -0.1134976
0.7634664 0.9428024 -0.1306247
0.7566031 0.9343271 -0.1469463
0.7489551 0.9248826 -0.162362
0.7405696 0.9145273 -0.1767767
0.7314981 0.903325 -0.1901015
0.7217967 0.8913447 -0.2022543
0.7115251 0.8786604 -0.2131601
0.7007467 0.8653502 -0.2227516
0.689528 0.8514962 -0.2309699
0.677938 0.8371838 -0.2377641
0.6660483 0.8225012 -0.2430925
0.6539322 0.8075391 -0.2469221
0.6416644 0.7923895 -0.2492293
0.6293204 0.777146 -0.25
0.6169764 0.7619025 -0.2492293
0.6047085 0.7467529 -0.2469221
0.5925924 0.7317907 -0.2430925
0.5807027 0.7171081 -0.2377641
0.5691128 0.7027957 -0.2309699
0.557894 0.6889417 -0.2227516
0.5471156 0.6756315 -0.21316
0.536844 0.6629472 -0.2022542
0.5271426 0.650967 -0.1901015
0.5180712 0.6397647 -0.1767767
0.5096856 0.6294094 -0.162362
0.5020376 0.6199649 -0.1469463
0.4951744 0.6114895 -0.1306246
0.4891382 0.6040354 -0.1134976
0.4839663 0.5976486 -0.09567082
0.4796906 0.5923685 -0.07725426
0.4763373 0.5882276 -0.05836134
0.4739273 0.5852515 -0.03910861
0.4724753 0.5834584 -0.01961476
0.4719903 0.5828595 2.185569e-08
0.4724753 0.5834584 0.01961474
0.4739273 0.5852515 0.03910865
0.4763373 0.5882276 0.05836133
0.4796906 0.5923685 0.0772543
0.4839664 0.5976487 0.09567086
0.4891382 0.6040354 0.1134976
0.4951744 0.6114895 0.1306247
0.5020376 0.6199649 0.1469463
0.5096856 0.6294094 0.162362
0.5180712 0.6397647 0.1767767
0.5271427 0.650967 0.1901015
0.5368441 0.6629473 0.2022543
0.5471156 0.6756315 0.21316
0.5578941 0.6889418 0.2227517
0.5691127 0.7027957 0.2309699
0.5807028 0.7171082 0.2377641
0.5925924 0.7317907 0.2430925
0.6047086 0.7467529 0.2469221
0.6169764 0.7619025 0.2492293
0.6293204 0.777146 0.25
0.6416644 0.7923895 0.2492293
0.6539322 0.8075391 0.2469221
0.6660484 0.8225013 0.2430925
0.6779381 0.8371838 0.2377641
0.689528 0.8514962 0.2309699
0.7007468 0.8653502 0.2227516
0.7115251 0.8786604 0.21316
0.7217968 0.8913448 0.2022542
0.7314981 0.903325 0.1901014
0.7405696 0.9145273 0.1767766
0.7489551 0.9248827 0.1623619
0.7566031 0.9343271 0.1469463
0.7634664 0.9428025 0.1306245
0.7695025 0.9502565 0.1134976
0.7746745 0.9566433 0.09567074
0.7789502 0.9619234 0.07725424
0.7823035 0.9660643 0.05836132
0.7847135 0.9690405 0.03910859
0.7861655 0.9708335 0.01961474
0.7347316 1.011271 0
0.7342786 1.010648 -0.01961477
0.7329224 1.008781 -0.03910862
0.7306714 1.005683 -0.05836134
0.7275395 1.001372 -0.07725425
0.7235459 0.9958755 -0.09567086
0.7187154 0.9892269 -0.1134976
0.7130775 0.9814671 -0.1306247
0.7066673 0.9726442 -0.1469463
0.6995241 0.9628123 -0.162362
0.691692 0.9520323 -0.1767767
0.6832193 0.9403706 -0.1901015
0.6741581 0.9278991 -0.2022543
0.6645645 0.9146945 -0.2131601
0.6544974 0.9008385 -0.2227516
0.6440192 0.8864164 -0.2309699
0.6331941 0.871517 -0.2377641
0.6220891 0.8562323 -0.2430925
0.6107727 0.8406565 -0.2469221
0.5993145 0.8248857 -0.2492293
0.5877852 0.809017 -0.25
0.576256 0.7931483 -0.2492293
0.5647978 0.7773774 -0.2469221
0.5534813 0.7618017 -0.2430925
0.5423763 0.746517 -0.2377641
0.5315513 0.7316176 -0.2309699
0.521073 0.7171955 -0.2227516
0.511006 0.7033395 -0.21316
0.5014123 0.6901349 -0.2022542
0.4923512 0.6776634 -0.1901015
0.4838785 0.6660017 -0.1767767
0.4760464 0.6552216 -0.162362
0.4689032 0.6453899 -0.1469463
0.4624929 0.6365669 -0.1306246
0.4568551 0.6288071 -0.1134976
0.4520245 0.6221584 -0.09567082
0.448031 0.6166618 -0.07725426
0.4448991 0.6123511 -0.05836134
0.4426481 0.6092528 -0.03910861
0.4412919 0.6073862 -0.01961476
0.4408389 0.6067628 2.185569e-08
0.4412919 0.6073862 0.01961474
0.4426481 0.6092528 0.03910865
0.4448991 0.6123511 0.05836133
0.448031 0.6166618 0.0772543
0.4520246 0.6221585 0.09567086
0.4568551 0.6288071 0.1134976
0.4624929 0.6365669 0.1306247
0.4689032 0.6453899 0.1469463
0.4760464 0.6552217 0.162362
0.4838785 0.6660017 0.1767767
0.4923513 0.6776634 0.1901015
0.5014124 0.690135 0.2022543
0.511006 0.7033394 0.21316
0.521073 0.7171956 0.2227517
0.5315513 0.7316176 0.2309699
0.5423764 0.7465171 0.2377641
0.5534813 0.7618017 0.2430925
0.5647978 0.7773775 0.2469221
0.576256 0.7931483 0.2492293
0.5877852 0.809017 0.25
0.5993145 0.8248857 0.2492293
0.6107727 0.8406566 0.2469221
0.6220892 0.8562323 0.2430925
0.6331941 0.8715171 0.2377641
0.6440192 0.8864164 0.2309699
0.6544975 0.9008386 0.2227516
0.6645645 0.9146946 0.21316
0.6741582 0.9278991 0.2022542
0.6832193 0.9403707 0.1901014
0.691692 0.9520324 0.1767766
0.6995241 0.9628124 0.1623619
0.7066673 0.9726441 0.1469463
0.7130776 0.9814671 0.1306245
0.7187154 0.9892269 0.1134976
0.723546 0.9958756 0.09567074
0.7275395 1.001372 0.07725424
0.7306714 1.005683 0.05836132
0.7329224 1.008781 0.03910859
0.7342786 1.010648 0.01961474
0.6807988 1.048338 0
0.680379 1.047692 -0.01961477
0.6791224 1.045757 -0.03910862
0.6770366 1.042545 -0.05836134
0.6741346 1.038076 -0.07725425
0.6704342 1.032378 -0.09567086
0.6659582 1.025486 -0.1134976
0.6607342 1.017442 -0.1306247
0.6547946 1.008295 -0.1469463
0.6481757 0.9981031 -0.162362
0.6409185 0.986928 -0.1767767
0.6330677 0.9748389 -0.1901015
0.6246717 0.9619102 -0.2022543
0.6157823 0.9482216 -0.2131601
0.6064542 0.9338577 -0.2227516
0.5967451 0.9189069 -0.2309699
0.5867147 0.9034615 -0.2377641
0.5764248 0.8876165 -0.2430925
0.5659391 0.8714699 -0.2469221
0.5553219 0.855121 -0.2492293
0.544639 0.8386706 -0.25
0.533956 0.8222203 -0.2492293
0.5233389 0.8058714 -0.2469221
0.5128531 0.7897246 -0.2430925
0.5025633 0.7738798 -0.2377641
0.4925329 0.7584342 -0.2309699
0.4828237 0.7434835 -0.2227516
0.4734957 0.7291195 -0.21316
0.4646063 0.715431 -0.2022542
0.4562103 0.7025024 -0.1901015
0.4483595 0.6904132 -0.1767767
0.4411023 0.6792381 -0.162362
0.4344834 0.6690459 -0.1469463
0.4285437 0.6598995 -0.1306246
0.4233198 0.6518553 -0.1134976
0.4188438 0.6449629 -0.09567082
0.4151434 0.6392648 -0.07725426
0.4122413 0.6347961 -0.05836134
0.4101556 0.6315843 -0.03910861
0.408899 0.6296493 -0.01961476
0.4084792 0.6290029 2.185569e-08
0.408899 0.6296493 0.01961474
0.4101556 0.6315843 0.03910865
0.4122413 0.6347961 0.05836133
0.4151434 0.6392648 0.0772543
0.4188438 0.644963 0.09567086
0.4233198 0.6518553 0.1134976
0.4285437 0.6598995 0.1306247
0.4344834 0.6690459 0.1469463
0.4411023 0.6792381 0.162362
0.4483595 0.6904132 0.1767767
0.4562103 0.7025024 0.1901015
0.4646063 0.7154311 0.2022543
0.4734957 0.7291195 0.21316
0.4828238 0.7434835 0.2227517
0.4925329 0.7584342 0.2309699
0.5025634 0.7738798 0.2377641
0.5128531 0.7897246 0.2430925
0.5233389 0.8058714 0.2469221
0.533956 0.8222203 0.2492293
0.544639 0.8386706 0.25
0.555322 0.855121 0.2492293
0.5659391 0.8714699 0.2469221
0.5764248 0.8876166 0.2430925
0.5867147 0.9034615 0.2377641
0.5967451 0.918907 0.2309699
0.6064543 0.9338578 0.2227516
0.6157823 0.9482217 0.21316
0.6246717 0.9619102 0.2022542
0.6330677 0.9748389 0.1901014
0.6409185 0.9869281 0.1767766
0.6481757 0.9981032 0.1623619
0.6547945 1.008295 0.1469463
0.6607343 1.017442 0.1306245
0.6659582 1.025486 0.1134976
0.6704342 1.032378 0.09567074
0.6741346 1.038076 0.07725424
0.6770366 1.042545 0.05836132
0.6791224 1.045757 0.03910859
0.680379 1.047692 0.01961474
0.6249999 1.082532 0
0.6246146 1.081864 -0.01961477
0.623461 1.079866 -0.03910862
0.6215462 1.07655 -0.05836134
0.6188821 1.071935 -0.07725425
0.6154849 1.066051 -0.09567086
0.6113758 1.058934 -0.1134976
0.60658 1.050627 -0.1306247
0.6011271 1.041183 -0.1469463
0.5950507 1.030658 -0.162362
0.5883883 1.019119 -0.1767767
0.581181 1.006635 -0.1901015
0.5734731 0.9932847 -0.2022543
0.5653123 0.9791497 -0.2131601
0.5567487 0.9643173 -0.2227516
0.5478354 0.9488788 -0.2309699
0.5386271 0.9329296 -0.2377641
0.5291806 0.9165679 -0.2430925
0.5195543 0.8998945 -0.2469221
0.5098073 0.8830124 -0.2492293
0.5 0.8660254 -0.25
0.4901926 0.8490385 -0.2492293
0.4804457 0.8321564 -0.2469221
0.4708193 0.815483 -0.2430925
0.4613729 0.7991213 -0.2377641
0.4521645 0.783172 -0.2309699
0.4432511 0.7677336 -0.2227516
0.4346876 0.7529011 -0.21316
0.4265268 0.7387662 -0.2022542
0.418819 0.7254158 -0.1901015
0.4116116 0.7129323 -0.1767767
0.4049492 0.7013927 -0.162362
0.3988729 0.6908681 -0.1469463
0.39342 0.6814234 -0.1306246
0.3886242 0.6731169 -0.1134976
0.384515 0.6659997 -0.09567082
0.3811179 0.6601157 -0.07725426
0.3784537 0.6555012 -0.05836134
0.3765389 0.6521846 -0.03910861
0.3753853 0.6501865 -0.01961476
0.375 0.6495191 2.185569e-08
0.3753853 0.6501865 0.01961474
0.3765389 0.6521847 0.03910865
0.3784537 0.6555012 0.05836133
0.3811179 0.6601157 0.0772543
0.384515 0.6659997 0.09567086
0.3886242 0.6731169 0.1134976
0.39342 0.6814234 0.1306247
0.3988729 0.6908681 0.1469463
0.4049492 0.7013928 0.162362
0.4116116 0.7129323 0.1767767
0.418819 0.7254158 0.1901015
0.4265268 0.7387663 0.2022543
0.4346876 0.7529011 0.21316
0.4432512 0.7677337 0.2227517
0.4521645 0.783172 0.2309699
0.4613729 0.7991214 0.2377641
0.4708193 0.815483 0.2430925
0.4804457 0.8321564 0.2469221
0.4901926 0.8490385 0.2492293
0.5 0.8660254 0.25
0.5098073 0.8830124 0.2492293
0.5195543 0.8998945 0.2469221
0.5291806 0.9165679 0.2430925
0.5386271 0.9329296 0.2377641
0.5478354 0.9488789 0.2309699
0.5567488 0.9643173 0.2227516
0.5653123 0.9791498 0.21316
0.5734732 0.9932848 0.2022542
0.581181 1.006635 0.1901014
0.5883883 1.019119 0.1767766
0.5950508 1.030658 0.1623619
0.6011271 1.041183 0.1469463
0.60658 1.050627 0.1306245
0.6113758 1.058934 0.1134976
0.615485 1.066051 0.09567074
0.6188821 1.071935 0.07725424
0.6215462 1.07655 0.05836132
0.623461 1.079866 0.03910859
0.6246147 1.081864 0.01961474
0.567488 1.113758 0
0.5671381 1.113072 -0.01961477
0.5660907 1.111016 -0.03910862
0.5643521 1.107604 -0.05836134
0.561933 1.102856 -0.07725425
0.5588486 1.096802 -0.09567086
0.5551175 1.08948 -0.1134976
0.5507631 1.080934 -0.1306247
0.5458119 1.071216 -0.1469463
0.5402947 1.060388 -0.162362
0.5342454 1.048516 -0.1767767
0.5277013 1.035672 -0.1901015
0.5207027 1.021937 -0.2022543
0.5132928 1.007394 -0.2131601
0.5055172 0.9921337 -0.2227516
0.4974241 0.9762499 -0.2309699
0.4890631 0.9598407 -0.2377641
0.4804859 0.9430069 -0.2430925
0.4717454 0.9258527 -0.2469221
0.4628953 0.9084835 -0.2492293
0.4539904 0.8910066 -0.25
0.4450855 0.8735297 -0.2492293
0.4362355 0.8561605 -0.2469221
0.4274949 0.8390062 -0.2430925
0.4189177 0.8221725 -0.2377641
0.4105568 0.8057632 -0.2309699
0.4024636 0.7898794 -0.2227516
0.3946881 0.7746192 -0.21316
0.3872782 0.7600764 -0.2022542
0.3802796 0.746341 -0.1901015
0.3737355 0.7334974 -0.1767767
0.3676862 0.7216249 -0.162362
0.3621689 0.7107967 -0.1469463
0.3572178 0.7010796 -0.1306246
0.3528633 0.6925334 -0.1134976
0.3491323 0.6852109 -0.09567082
0.3460478 0.6791572 -0.07725426
0.3436288 0.6744096 -0.05836134
0.3418902 0.6709974 -0.03910861
0.3408427 0.6689416 -0.01961476
0.3404928 0.668255 2.185569e-08
0.3408427 0.6689416 0.01961474
0.3418902 0.6709974 0.03910865
0.3436288 0.6744096 0.05836133
0.3460478 0.6791572 0.0772543
0.3491323 0.6852109 0.09567086
0.3528633 0.6925334 0.1134976
0.3572178 0.7010796 0.1306247
0.3621689 0.7107967 0.1469463
0.3676862 0.7216249 0.162362
0.3737355 0.7334974 0.1767767
0.3802797 0.746341 0.1901015
0.3872782 0.7600765 0.2022543
0.3946881 0.7746192 0.21316
0.4024636 0.7898795 0.2227517
0.4105568 0.8057632 0.2309699
0.4189178 0.8221726 0.2377641
0.4274949 0.8390062 0.2430925
0.4362355 0.8561605 0.2469221
0.4450855 0.8735297 0.2492293
0.4539904 0.8910066 0.25
0.4628954 0.9084835 0.2492293
0.4717454 0.9258527 0.2469221
0.4804859 0.9430069 0.2430925
0.4890631 0.9598407 0.2377641
0.4974241 0.97625 0.2309699
0.5055173 0.9921337 0.2227516
0.5132928 1.007394 0.21316
0.5207027 1.021937 0.2022542
0.5277013 1.035672 0.1901014
0.5342454 1.048516 0.1767766
0.5402947 1.060388 0.1623619
0.5458119 1.071216 0.1469463
0.5507631 1.080934 0.1306245
0.5551175 1.08948 0.1134976
0.5588486 1.096802 0.09567074
0.561933 1.102856 0.07725424
0.5643521 1.107604 0.05836132
0.5660907 1.111016 0.03910859
0.5671382 1.113072 0.01961474
0.5084208 1.141932 0
0.5081073 1.141228 -0.01961477
0.5071689 1.13912 -0.03910862
0.5056112 1.135622 -0.05836134
0.503444 1.130754 -0.07725425
0.5006805 1.124547 -0.09567086
0.4973378 1.117039 -0.1134976
0.4934366 1.108277 -0.1306247
0.4890008 1.098314 -0.1469463
0.4840578 1.087212 -0.162362
0.4786382 1.075039 -0.1767767
0.4727752 1.061871 -0.1901015
0.4665051 1.047788 -0.2022543
0.4598664 1.032877 -0.2131601
0.4529002 1.017231 -0.2227516
0.4456494 1.000945 -0.2309699
0.4381588 0.9841207 -0.2377641
0.4304743 0.9668612 -0.2430925
0.4226435 0.949273 -0.2469221
0.4147147 0.9314645 -0.2492293
0.4067366 0.9135455 -0.25
0.3987586 0.8956265 -0.2492293
0.3908297 0.877818 -0.2469221
0.3829989 0.8602297 -0.2430925
0.3753145 0.8429702 -0.2377641
0.3678238 0.8261458 -0.2309699
0.360573 0.8098602 -0.2227516
0.3536068 0.7942139 -0.21316
0.3469681 0.7793033 -0.2022542
0.340698 0.7652204 -0.1901015
0.3348351 0.7520519 -0.1767767
0.3294154 0.7398791 -0.162362
0.3244724 0.7287771 -0.1469463
0.3200366 0.7188141 -0.1306246
0.3161353 0.7100517 -0.1134976
0.3127927 0.702544 -0.09567082
0.3100292 0.6963372 -0.07725426
0.307862 0.6914694 -0.05836134
0.3063044 0.6879709 -0.03910861
0.3053659 0.6858631 -0.01961476
0.3050525 0.6851591 2.185569e-08
0.3053659 0.6858631 0.01961474
0.3063044 0.6879709 0.03910865
0.307862 0.6914694 0.05836133
0.3100292 0.6963372 0.0772543
0.3127927 0.702544 0.09567086
0.3161354 0.7100518 0.1134976
0.3200366 0.7188141 0.1306247
0.3244724 0.7287771 0.1469463
0.3294154 0.7398791 0.162362
0.3348351 0.7520519 0.1767767
0.3406981 0.7652204 0.1901015
0.3469682 0.7793034 0.2022543
0.3536068 0.7942139 0.21316
0.360573 0.8098603 0.2227517
0.3678237 0.8261458 0.2309699
0.3753145 0.8429703 0.2377641
0.3829989 0.8602297 0.2430925
0.3908297 0.877818 0.2469221
0.3987586 0.8956265 0.2492293
0.4067366 0.9135455 0.25
0.4147147 0.9314645 0.2492293
0.4226435 0.949273 0.2469221
0.4304743 0.9668612 0.2430925
0.4381588 0.9841208 0.2377641
0.4456495 1.000945 0.2309699
0.4529003 1.017231 0.2227516
0.4598665 1.032877 0.21316
0.4665051 1.047788 0.2022542
0.4727752 1.061871 0.1901014
0.4786382 1.075039 0.1767766
0.4840579 1.087212 0.1623619
0.4890008 1.098314 0.1469463
0.4934366 1.108277 0.1306245
0.4973378 1.117039 0.1134976
0.5006806 1.124547 0.09567074
0.503444 1.130754 0.07725424
0.5056112 1.135622 0.05836132
0.5071689 1.13912 0.03910859
0.5081073 1.141228 0.01961474
0.44796 1.166975 0
0.4476838 1.166256 -0.01961477
0.4468569 1.164102 -0.03910862
0.4454845 1.160527 -0.05836134
0.443575 1.155552 -0.07725425
0.4411402 1.149209 -0.09567086
0.438195 1.141537 -0.1134976
0.4347577 1.132582 -0.1306247
0.4308494 1.122401 -0.1469463
0.4264943 1.111055 -0.162362
0.4217191 1.098616 -0.1767767
0.4165533 1.085158 -0.1901015
0.4110288 1.070767 -0.2022543
0.4051796 1.055529 -0.2131601
0.3990419 1.03954 -0.2227516
0.3926533 1.022897 -0.2309699
0.3860534 1.005703 -0.2377641
0.3792828 0.9880654 -0.2430925
0.3723833 0.9700915 -0.2469221
0.3653973 0.9518924 -0.2492293
0.358368 0.9335804 -0.25
0.3513387 0.9152684 -0.2492293
0.3443527 0.8970693 -0.2469221
0.3374531 0.8790954 -0.2430925
0.3306825 0.8614573 -0.2377641
0.3240826 0.8442639 -0.2309699
0.3176941 0.8276212 -0.2227516
0.3115563 0.8116318 -0.21316
0.3057071 0.7963942 -0.2022542
0.3001826 0.7820024 -0.1901015
0.2950169 0.7685452 -0.1767767
0.2902417 0.7561054 -0.162362
0.2858865 0.7447598 -0.1469463
0.2819782 0.7345784 -0.1306246
0.2785409 0.7256238 -0.1134976
0.2755958 0.7179514 -0.09567082
0.2731609 0.7116085 -0.07725426
0.2712514 0.706634 -0.05836134
0.269879 0.7030588 -0.03910861
0.2690521 0.7009048 -0.01961476
0.268776 0.7001853 2.185569e-08
0.2690521 0.7009048 0.01961474
0.269879 0.7030588 0.03910865
0.2712514 0.706634 0.05836133
0.2731609 0.7116085 0.0772543
0.2755958 0.7179514 0.09567086
0.2785409 0.7256238 0.1134976
0.2819782 0.7345784 0.1306247
0.2858865 0.7447598 0.1469463
0.2902417 0.7561054 0.162362
0.2950169 0.7685452 0.1767767
0.3001826 0.7820024 0.1901015
0.3057072 0.7963942 0.2022543
0.3115563 0.8116317 0.21316
0.3176941 0.8276213 0.2227517
0.3240826 0.8442639 0.2309699
0.3306826 0.8614574 0.2377641
0.3374531 0.8790954 0.2430925
0.3443527 0.8970693 0.2469221
0.3513387 0.9152684 0.2492293
0.358368 0.9335804 0.25
0.3653973 0.9518924 0.2492293
0.3723833 0.9700915 0.2469221
0.3792828 0.9880654 0.2430925
0.3860534 1.005703 0.2377641
0.3926534 1.022897 0.2309699
0.3990419 1.03954 0.2227516
0.4051797 1.055529 0.21316
0.4110289 1.070767 0.2022542
0.4165533 1.085158 0.1901014
0.4217191 1.098616 0.1767766
0.4264943 1.111055 0.1623619
0.4308494 1.122401 0.1469463
0.4347577 1.132582 0.1306245
0.438195 1.141537 0.1134976
0.4411402 1.149209 0.09567074
0.443575 1.155552 0.07725424
0.4454845 1.160527 0.05836132
0.4468569 1.164102 0.03910859
0.4476838 1.166256 0.01961474
0.3862712 1.188821 0
0.3860331 1.188088 -0.01961477
0.3853201 1.185893 -0.03910862
0.3841367 1.182251 -0.05836134
0.3824901 1.177184 -0.07725425
0.3803906 1.170722 -0.09567086
0.377851 1.162906 -0.1134976
0.374887 1.153784 -0.1306247
0.371517 1.143412 -0.1469463
0.3677616 1.131854 -0.162362
0.363644 1.119181 -0.1767767
0.3591896 1.105472 -0.1901015
0.3544259 1.090811 -0.2022543
0.3493822 1.075288 -0.2131601
0.3440897 1.058999 -0.2227516
0.3385809 1.042045 -0.2309699
0.3328899 1.02453 -0.2377641
0.3270516 1.006562 -0.2430925
0.3211022 0.988251 -0.2469221
0.3150783 0.9697113 -0.2492293
0.309017 0.9510565 -0.25
0.3029557 0.9324018 -0.2492293
0.2969317 0.913862 -0.2469221
0.2909823 0.8955516 -0.2430925
0.2851441 0.8775834 -0.2377641
0.279453 0.8600681 -0.2309699
0.2739443 0.8431138 -0.2227516
0.2686517 0.8268251 -0.21316
0.263608 0.8113022 -0.2022542
0.2588443 0.7966411 -0.1901015
0.25439 0.7829319 -0.1767767
0.2502724 0.7702593 -0.162362
0.246517 0.7587013 -0.1469463
0.2431469 0.7483293 -0.1306246
0.2401829 0.7392071 -0.1134976
0.2376434 0.7313911 -0.09567082
0.2355438 0.7249295 -0.07725426
0.2338973 0.7198619 -0.05836134
0.2327138 0.7162197 -0.03910861
0.2320009 0.7140254 -0.01961476
0.2317627 0.7132924 2.185569e-08
0.2320009 0.7140254 0.01961474
0.2327139 0.7162197 0.03910865
0.2338973 0.7198619 0.05836133
0.2355438 0.7249295 0.0772543
0.2376434 0.7313911 0.09567086
0.2401829 0.7392071 0.1134976
0.2431469 0.7483293 0.1306247
0.246517 0.7587013 0.1469463
0.2502724 0.7702593 0.162362
0.25439 0.7829319 0.1767767
0.2588444 0.7966411 0.1901015
0.2636081 0.8113023 0.2022543
0.2686517 0.8268251 0.21316
0.2739443 0.843114 0.2227517
0.279453 0.8600681 0.2309699
0.2851441 0.8775834 0.2377641
0.2909823 0.8955516 0.2430925
0.2969317 0.913862 0.2469221
0.3029557 0.9324018 0.2492293
0.309017 0.9510565 0.25
0.3150783 0.9697113 0.2492293
0.3211022 0.9882511 0.2469221
0.3270516 1.006562 0.2430925
0.3328899 1.02453 0.2377641
0.3385809 1.042045 0.2309699
0.3440897 1.058999 0.2227516
0.3493822 1.075288 0.21316
0.3544259 1.090811 0.2022542
0.3591896 1.105472 0.1901014
0.363644 1.119181 0.1767766
0.3677616 1.131854 0.1623619
0.371517 1.143412 0.1469463
0.374887 1.153784 0.1306245
0.377851 1.162906 0.1134976
0.3803906 1.170722 0.09567074
0.3824901 1.177184 0.07725424
0.3841367 1.182251 0.05836132
0.3853201 1.185893 0.03910859
0.3860331 1.188088 0.01961474
0.3235238 1.207407 0
0.3233244 1.206663 -0.01961477
0.3227272 1.204434 -0.03910862
0.321736 1.200735 -0.05836134
0.320357 1.195588 -0.07725425
0.3185985 1.189026 -0.09567086
0.3164715 1.181087 -0.1134976
0.313989 1.171823 -0.1306247
0.3111663 1.161288 -0.1469463
0.3080209 1.14955 -0.162362
0.3045723 1.136679 -0.1767767
0.3008415 1.122756 -0.1901015
0.2968516 1.107865 -0.2022543
0.2926272 1.0921 -0.2131601
0.2881944 1.075556 -0.2227516
0.2835805 1.058337 -0.2309699
0.278814 1.040548 -0.2377641
0.2739241 1.022299 -0.2430925
0.2689411 1.003702 -0.2469221
0.2638958 0.9848722 -0.2492293
0.2588191 0.9659258 -0.25
0.2537424 0.9469794 -0.2492293
0.248697 0.9281498 -0.2469221
0.243714 0.9095531 -0.2430925
0.2388242 0.891304 -0.2377641
0.2340576 0.8735148 -0.2309699
0.2294437 0.8562955 -0.2227516
0.2250109 0.8397521 -0.21316
0.2207866 0.8239865 -0.2022542
0.2167967 0.8090962 -0.1901015
0.2130659 0.7951726 -0.1767767
0.2096172 0.7823018 -0.162362
0.2064718 0.7705632 -0.1469463
0.2036492 0.760029 -0.1306246
0.2011667 0.7507643 -0.1134976
0.1990397 0.742826 -0.09567082
0.1972812 0.7362633 -0.07725426
0.1959021 0.7311165 -0.05836134
0.1949109 0.7274174 -0.03910861
0.1943138 0.7251887 -0.01961476
0.1941143 0.7244444 2.185569e-08
0.1943138 0.7251887 0.01961474
0.1949109 0.7274174 0.03910865
0.1959021 0.7311165 0.05836133
0.1972812 0.7362633 0.0772543
0.1990397 0.742826 0.09567086
0.2011667 0.7507643 0.1134976
0.2036492 0.760029 0.1306247
0.2064718 0.7705632 0.1469463
0.2096172 0.7823019 0.162362
0.2130659 0.7951727 0.1767767
0.2167967 0.8090962 0.1901015
0.2207866 0.8239866 0.2022543
0.2250109 0.8397521 0.21316
0.2294437 0.8562956 0.2227517
0.2340576 0.8735148 0.2309699
0.2388242 0.891304 0.2377641
0.243714 0.9095531 0.2430925
0.248697 0.9281498 0.2469221
0.2537424 0.9469794 0.2492293
0.2588191 0.9659258 0.25
0.2638958 0.9848722 0.2492293
0.2689411 1.003702 0.2469221
0.2739241 1.022299 0.2430925
0.278814 1.040548 0.2377641
0.2835805 1.058337 0.2309699
0.2881944 1.075556 0.2227516
0.2926272 1.0921 0.21316
0.2968516 1.107865 0.2022542
0.3008415 1.122756 0.1901014
0.3045723 1.136679 0.1767766
0.308021 1.14955 0.1623619
0.3111663 1.161288 0.1469463
0.313989 1.171823 0.1306245
0.3164715 1.181087 0.1134976
0.3185985 1.189026 0.09567074
0.320357 1.195588 0.07725424
0.321736 1.200735 0.05836132
0.3227272 1.204434 0.03910859
0.3233244 1.206663 0.01961474
0.2598896 1.222685 0
0.2597293 1.221931 -0.01961477
0.2592496 1.219674 -0.03910862
0.2584534 1.215928 -0.05836134
0.2573456 1.210716 -0.07725425
0.255933 1.20407 -0.09567086
0.2542243 1.196032 -0.1134976
0.2522301 1.18665 -0.1306247
0.2499627 1.175982 -0.1469463
0.247436 1.164095 -0.162362
0.2446656 1.151061 -0.1767767
0.2416686 1.136962 -0.1901015
0.2384635 1.121883 -0.2022543
0.23507 1.105918 -0.2131601
0.2315091 1.089165 -0.2227516
0.2278027 1.071728 -0.2309699
0.2239737 1.053714 -0.2377641
0.2200457 1.035234 -0.2430925
0.2160428 1.016402 -0.2469221
0.2119898 0.9973338 -0.2492293
0.2079117 0.9781476 -0.25
0.2038335 0.9589615 -0.2492293
0.1997805 0.9398936 -0.2469221
0.1957777 0.9210616 -0.2430925
0.1918496 0.9025816 -0.2377641
0.1880206 0.8845674 -0.2309699
0.1843142 0.8671302 -0.2227516
0.1807533 0.8503774 -0.21316
0.1773598 0.8344124 -0.2022542
0.1741547 0.8193336 -0.1901015
0.1711577 0.805234 -0.1767767
0.1683873 0.7922003 -0.162362
0.1658606 0.7803131 -0.1469463
0.1635932 0.7696456 -0.1306246
0.161599 0.7602636 -0.1134976
0.1598903 0.752225 -0.09567082
0.1584777 0.7455792 -0.07725426
0.1573699 0.7403673 -0.05836134
0.1565737 0.7366214 -0.03910861
0.156094 0.7343645 -0.01961476
0.1559337 0.7336107 2.185569e-08
0.156094 0.7343645 0.01961474
0.1565737 0.7366214 0.03910865
0.1573699 0.7403673 0.05836133
0.1584777 0.7455792 0.0772543
0.1598903 0.752225 0.09567086
0.161599 0.7602637 0.1134976
0.1635932 0.7696456 0.1306247
0.1658606 0.7803131 0.1469463
0.1683873 0.7922003 0.162362
0.1711577 0.805234 0.1767767
0.1741547 0.8193337 0.1901015
0.1773598 0.8344125 0.2022543
0.1807533 0.8503774 0.21316
0.1843142 0.8671303 0.2227517
0.1880206 0.8845674 0.2309699
0.1918496 0.9025816 0.2377641
0.1957777 0.9210616 0.2430925
0.1997805 0.9398936 0.2469221
0.2038335 0.9589615 0.2492293
0.2079117 0.9781476 0.25
0.2119898 0.9973338 0.2492293
0.2160428 1.016402 0.2469221
0.2200457 1.035234 0.2430925
0.2239737 1.053714 0.2377641
0.2278028 1.071728 0.2309699
0.2315091 1.089165 0.2227516
0.23507 1.105918 0.21316
0.2384635 1.121883 0.2022542
0.2416686 1.136962 0.1901014
0.2446656 1.151061 0.1767766
0.247436 1.164095 0.1623619
0.2499627 1.175982 0.1469463
0.2522301 1.18665 0.1306245
0.2542243 1.196032 0.1134976
0.255933 1.20407 0.09567074
0.2573456 1.210716 0.07725424
0.2584534 1.215928 0.05836132
0.2592496 1.219674 0.03910859
0.2597293 1.221931 0.01961474
0.195543 1.23461 0
0.1954224 1.233849 -0.01961477
0.1950615 1.23157 -0.03910862
0.1944624 1.227788 -0.05836134
0.1936288 1.222525 -0.07725425
0.192566 1.215815 -0.09567086
0.1912804 1.207698 -0.1134976
0.1897799 1.198224 -0.1306247
0.1880739 1.187453 -0.1469463
0.1861728 1.175449 -0.162362
0.1840883 1.162289 -0.1767767
0.1818334 1.148051 -0.1901015
0.1794218 1.132825 -0.2022543
0.1768686 1.116705 -0.2131601
0.1741893 1.099789 -0.2227516
0.1714006 1.082181 -0.2309699
0.1685196 1.063991 -0.2377641
0.1655641 1.045331 -0.2430925
0.1625523 1.026315 -0.2469221
0.1595028 1.007062 -0.2492293
0.1564344 0.9876884 -0.25
0.1533659 0.9683151 -0.2492293
0.1503164 0.9490612 -0.2469221
0.1473047 0.9300455 -0.2430925
0.1443492 0.9113852 -0.2377641
0.1414682 0.8931953 -0.2309699
0.1386794 0.8755881 -0.2227516
0.1360002 0.8586719 -0.21316
0.1334469 0.8425512 -0.2022542
0.1310354 0.8273253 -0.1901015
0.1287804 0.8130881 -0.1767767
0.126696 0.7999274 -0.162362
0.1247949 0.7879242 -0.1469463
0.1230888 0.7771527 -0.1306246
0.1215884 0.7676792 -0.1134976
0.1203027 0.7595621 -0.09567082
0.1192399 0.7528515 -0.07725426
0.1184064 0.7475888 -0.05836134
0.1178073 0.7438063 -0.03910861
0.1174463 0.7415274 -0.01961476
0.1173258 0.7407663 2.185569e-08
0.1174463 0.7415274 0.01961474
0.1178073 0.7438063 0.03910865
0.1184064 0.7475888 0.05836133
0.1192399 0.7528515 0.0772543
0.1203027 0.7595621 0.09567086
0.1215884 0.7676792 0.1134976
0.1230888 0.7771527 0.1306247
0.1247949 0.7879242 0.1469463
0.126696 0.7999274 0.162362
0.1287804 0.8130881 0.1767767
0.1310354 0.8273253 0.1901015
0.1334469 0.8425512 0.2022543
0.1360002 0.8586719 0.21316
0.1386795 0.8755882 0.2227517
0.1414682 0.8931953 0.2309699
0.1443492 0.9113853 0.2377641
0.1473047 0.9300455 0.2430925
0.1503164 0.9490612 0.2469221
0.1533659 0.9683151 0.2492293
0.1564344 0.9876884 0.25
0.1595028 1.007062 0.2492293
0.1625523 1.026315 0.2469221
0.1655641 1.045331 0.2430925
0.1685196 1.063992 0.2377641
0.1714006 1.082181 0.2309699
0.1741893 1.099789 0.2227516
0.1768686 1.116705 0.21316
0.1794218 1.132826 0.2022542
0.1818334 1.148052 0.1901014
0.1840883 1.162289 0.1767766
0.1861728 1.175449 0.1623619
0.1880739 1.187453 0.1469463
0.1897799 1.198224 0.1306245
0.1912804 1.207698 0.1134976
0.192566 1.215815 0.09567074
0.1936288 1.222525 0.07725424
0.1944624 1.227788 0.05836132
0.1950615 1.23157 0.03910859
0.1954224 1.233849 0.01961474
0.1306605 1.243152 0
0.13058 1.242386 -0.01961477
0.1303388 1.240091 -0.03910862
0.1299385 1.236283 -0.05836134
0.1293815 1.230983 -0.07725425
0.1286713 1.224226 -0.09567086
0.1278123 1.216053 -0.1134976
0.1268097 1.206514 -0.1306247
0.1256697 1.195668 -0.1469463
0.1243994 1.183582 -0.162362
0.1230066 1.17033 -0.1767767
0.1214999 1.155995 -0.1901015
0.1198885 1.140663 -0.2022543
0.1181824 1.124431 -0.2131601
0.1163921 1.107398 -0.2227516
0.1145287 1.089669 -0.2309699
0.1126037 1.071353 -0.2377641
0.1106288 1.052564 -0.2430925
0.1086164 1.033416 -0.2469221
0.1065787 1.014029 -0.2492293
0.1045284 0.9945219 -0.25
0.1024781 0.9750146 -0.2492293
0.1004405 0.9556275 -0.2469221
0.098428 0.9364803 -0.2430925
0.09645315 0.9176909 -0.2377641
0.09452809 0.8993751 -0.2309699
0.09266469 0.881646 -0.2227516
0.09087443 0.8646128 -0.21316
0.08916835 0.8483806 -0.2022542
0.08755697 0.8330494 -0.1901015
0.08605023 0.8187136 -0.1767767
0.08465741 0.8054618 -0.162362
0.0833871 0.7933756 -0.1469463
0.08224714 0.7825296 -0.1306246
0.08124454 0.7729905 -0.1134976
0.0803855 0.7648173 -0.09567082
0.07967531 0.7580603 -0.07725426
0.07911835 0.7527611 -0.05836134
0.07871804 0.7489525 -0.03910861
0.07847687 0.7466578 -0.01961476
0.07839631 0.7458915 2.185569e-08
0.07847687 0.7466578 0.01961474
0.07871804 0.7489525 0.03910865
0.07911835 0.7527611 0.05836133
0.07967532 0.7580603 0.0772543
0.08038551 0.7648173 0.09567086
0.08124454 0.7729905 0.1134976
0.08224714 0.7825296 0.1306247
0.08338711 0.7933756 0.1469463
0.08465742 0.8054618 0.162362
0.08605023 0.8187137 0.1767767
0.08755698 0.8330494 0.1901015
0.08916835 0.8483806 0.2022543
0.09087443 0.8646128 0.21316
0.0926647 0.8816461 0.2227517
0.09452809 0.8993751 0.2309699
0.09645317 0.917691 0.2377641
0.098428 0.9364803 0.2430925
0.1004405 0.9556275 0.2469221
0.1024781 0.9750146 0.2492293
0.1045284 0.9945219 0.25
0.1065787 1.014029 0.2492293
0.1086164 1.033416 0.2469221
0.1106288 1.052564 0.2430925
0.1126037 1.071353 0.2377641
0.1145287 1.089669 0.2309699
0.1163922 1.107398 0.2227516
0.1181824 1.124431 0.21316
0.1198885 1.140663 0.2022542
0.1214999 1.155995 0.1901014
0.1230066 1.17033 0.1767766
0.1243994 1.183582 0.1623619
0.1256697 1.195668 0.1469463
0.1268097 1.206514 0.1306245
0.1278123 1.216053 0.1134976
0.1286713 1.224227 0.09567074
0.1293815 1.230983 0.07725424
0.1299385 1.236283 0.05836132
0.1303388 1.240091 0.03910859
0.13058 1.242386 0.01961474
0.06541996 1.248287 0
0.06537963 1.247517 -0.01961477
0.06525888 1.245213 -0.03910862
0.06505845 1.241389 -0.05836134
0.06477959 1.236068 -0.07725425
0.06442401 1.229283 -0.09567086
0.0639939 1.221076 -0.1134976
0.06349191 1.211497 -0.1306247
0.06292114 1.200607 -0.1469463
0.06228512 1.18847 -0.162362
0.06158775 1.175164 -0.1767767
0.06083335 1.160769 -0.1901015
0.06002655 1.145374 -0.2022543
0.05917234 1.129075 -0.2131601
0.05827598 1.111972 -0.2227516
0.057343 1.094169 -0.2309699
0.05637915 1.075778 -0.2377641
0.05539037 1.056911 -0.2430925
0.05438276 1.037685 -0.2469221
0.05336253 1.018217 -0.2492293
0.05233597 0.9986295 -0.25
0.05130941 0.9790416 -0.2492293
0.05028918 0.9595745 -0.2469221
0.04928157 0.9403481 -0.2430925
0.0482928 0.9214811 -0.2377641
0.04732895 0.9030898 -0.2309699
0.04639596 0.8852874 -0.2227516
0.0454996 0.8681839 -0.21316
0.04464539 0.8518845 -0.2022542
0.0438386 0.83649 -0.1901015
0.04308419 0.8220951 -0.1767767
0.04238683 0.8087885 -0.162362
0.0417508 0.7966524 -0.1469463
0.04118004 0.7857616 -0.1306246
0.04067805 0.7761831 -0.1134976
0.04024794 0.7679762 -0.09567082
0.03989236 0.7611912 -0.07725426
0.03961349 0.7558702 -0.05836134
0.03941306 0.7520458 -0.03910861
0.03929231 0.7497417 -0.01961476
0.03925198 0.7489721 2.185569e-08
0.03929231 0.7497417 0.01961474
0.03941306 0.7520459 0.03910865
0.03961349 0.7558702 0.05836133
0.03989236 0.7611912 0.0772543
0.04024794 0.7679762 0.09567086
0.04067805 0.7761831 0.1134976
0.04118004 0.7857616 0.1306247
0.0417508 0.7966524 0.1469463
0.04238683 0.8087885 0.162362
0.0430842 0.8220952 0.1767767
0.0438386 0.83649 0.1901015
0.0446454 0.8518846 0.2022543
0.0454996 0.8681839 0.21316
0.04639597 0.8852875 0.2227517
0.04732895 0.9030898 0.2309699
0.0482928 0.9214813 0.2377641
0.04928157 0.9403481 0.2430925
0.05028918 0.9595745 0.2469221
0.05130941 0.9790416 0.2492293
0.05233597 0.9986295 0.25
0.05336253 1.018217 0.2492293
0.05438276 1.037685 0.2469221
0.05539037 1.056911 0.2430925
0.05637915 1.075778 0.2377641
0.057343 1.094169 0.2309699
0.05827598 1.111972 0.2227516
0.05917234 1.129075 0.21316
0.06002656 1.145375 0.2022542
0.06083335 1.160769 0.1901014
0.06158776 1.175164 0.1767766
0.06228513 1.18847 0.1623619
0.06292114 1.200607 0.1469463
0.06349192 1.211497 0.1306245
0.0639939 1.221076 0.1134976
0.06442401 1.229283 0.09567074
0.06477959 1.236068 0.07725424
0.06505845 1.241389 0.05836132
0.06525888 1.245213 0.03910859
0.06537963 1.247517 0.01961474
-5.463924e-08 1.25 0
-5.460555e-08 1.249229 -0.01961477
-5.45047e-08 1.246922 -0.03910862
-5.43373e-08 1.243093 -0.05836134
-5.410439e-08 1.237764 -0.07725425
-5.38074e-08 1.23097 -0.09567086
-5.344817e-08 1.222752 -0.1134976
-5.302891e-08 1.21316 -0.1306247
-5.25522e-08 1.202254 -0.1469463
-5.202099e-08 1.190102 -0.162362
-5.143854e-08 1.176777 -0.1767767
-5.080846e-08 1.162362 -0.1901015
-5.013462e-08 1.146946 -0.2022543
-4.942117e-08 1.130625 -0.2131601
-4.867253e-08 1.113498 -0.2227516
-4.789329e-08 1.095671 -0.2309699
-4.708828e-08 1.077254 -0.2377641
-4.626244e-08 1.058361 -0.2430925
-4.542088e-08 1.039109 -0.2469221
-4.456878e-08 1.019615 -0.2492293
-4.371139e-08 1 -0.25
-4.2854e-08 0.9803852 -0.2492293
-4.200189e-08 0.9608914 -0.2469221
-4.116033e-08 0.9416386 -0.2430925
-4.03345e-08 0.9227458 -0.2377641
-3.952948e-08 0.9043291 -0.2309699
-3.875025e-08 0.8865023 -0.2227516
-3.80016e-08 0.8693753 -0.21316
-3.728816e-08 0.8530536 -0.2022542
-3.661432e-08 0.837638 -0.1901015
-3.598423e-08 0.8232233 -0.1767767
-3.540179e-08 0.8098985 -0.162362
-3.487057e-08 0.7977457 -0.1469463
-3.439387e-08 0.78684 -0.1306246
-3.39746e-08 0.7772484 -0.1134976
-3.361537e-08 0.7690301 -0.09567082
-3.331839e-08 0.7622359 -0.07725426
-3.308548e-08 0.7569075 -0.05836134
-3.291808e-08 0.7530779 -0.03910861
-3.281723e-08 0.7507707 -0.01961476
-3.278354e-08 0.75 2.185569e-08
-3.281723e-08 0.7507707 0.01961474
-3.291808e-08 0.7530779 0.03910865
-3.308548e-08 0.7569075 0.05836133
-3.331839e-08 0.7622359 0.0772543
-3.361538e-08 0.7690301 0.09567086
-3.39746e-08 0.7772484 0.1134976
-3.439387e-08 0.78684 0.1306247
-3.487057e-08 0.7977458 0.1469463
-3.540179e-08 0.8098985 0.162362
-3.598424e-08 0.8232234 0.1767767
-3.661432e-08 0.837638 0.1901015
-3.728816e-08 0.8530537 0.2022543
-3.80016e-08 0.8693753 0.21316
-3.875025e-08 0.8865024 0.2227517
-3.952948e-08 0.9043291 0.2309699
-4.03345e-08 0.9227458 0.2377641
-4.116033e-08 0.9416386 0.2430925
-4.20019e-08 0.9608914 0.2469221
-4.2854e-08 0.9803852 0.2492293
-4.371139e-08 1 0.25
-4.456878e-08 1.019615 0.2492293
-4.542088e-08 1.039109 0.2469221
-4.626244e-08 1.058361 0.2430925
-4.708828e-08 1.077254 0.2377641
-4.789329e-08 1.095671 0.2309699
-4.867253e-08 1.113498 0.2227516
-4.942117e-08 1.130625 0.21316
-5.013462e-08 1.146946 0.2022542
-5.080846e-08 1.162362 0.1901014
-5.143855e-08 1.176777 0.1767766
-5.202099e-08 1.190102 0.1623619
-5.25522e-08 1.202254 0.1469463
-5.302891e-08 1.21316 0.1306245
-5.344817e-08 1.222752 0.1134976
-5.38074e-08 1.23097 0.09567074
-5.410439e-08 1.237764 0.07725424
-5.43373e-08 1.243093 0.05836132
-5.45047e-08 1.246922 0.03910859
-5.460555e-08 1.249229 0.01961474
-0.06541993 1.248287 0
-0.06537959 1.247517 -0.01961477
-0.06525884 1.245213 -0.03910862
-0.06505841 1.241389 -0.05836134
-0.06477955 1.236068 -0.07725425
-0.06442396 1.229283 -0.09567086
-0.06399386 1.221076 -0.1134976
-0.06349187 1.211497 -0.1306247
-0.06292111 1.200607 -0.1469463
-0.06228508 1.18847 -0.162362
-0.06158771 1.175164 -0.1767767
-0.06083331 1.160769 -0.1901015
-0.06002652 1.145374 -0.2022543
-0.0591723 1.129075 -0.2131601
-0.05827595 1.111972 -0.2227516
-0.05734297 1.094169 -0.2309699
-0.05637911 1.075778 -0.2377641
-0.05539034 1.056911 -0.2430925
-0.05438273 1.037685 -0.2469221
-0.0533625 1.018217 -0.2492293
-0.05233594 0.9986295 -0.25
-0.05130938 0.9790416 -0.2492293
-0.05028915 0.9595745 -0.2469221
-0.04928154 0.9403481 -0.2430925
-0.04829277 0.9214811 -0.2377641
-0.04732892 0.9030898 -0.2309699
-0.04639594 0.8852874 -0.2227516
-0.04549957 0.8681839 -0.21316
-0.04464537 0.8518845 -0.2022542
-0.04383857 0.83649 -0.1901015
-0.04308417 0.8220951 -0.1767767
-0.0423868 0.8087885 -0.162362
-0.04175077 0.7966524 -0.1469463
-0.04118001 0.7857616 -0.1306246
-0.04067802 0.7761831 -0.1134976
-0.04024791 0.7679762 -0.09567082
-0.03989233 0.7611912 -0.07725426
-0.03961347 0.7558702 -0.05836134
-0.03941304 0.7520458 -0.03910861
-0.03929229 0.7497417 -0.01961476
-0.03925195 0.7489721 2.185569e-08
-0.03929229 0.7497417 0.01961474
-0.03941304 0.7520459 0.03910865
-0.03961347 0.7558702 0.05836133
-0.03989233 0.7611912 0.0772543
-0.04024791 0.7679762 0.09567086
-0.04067802 0.7761831 0.1134976
-0.04118001 0.7857616 0.1306247
-0.04175077 0.7966524 0.1469463
-0.0423868 0.8087885 0.162362
-0.04308417 0.8220952 0.1767767
-0.04383858 0.83649 0.1901015
-0.04464537 0.8518846 0.2022543
-0.04549957 0.8681839 0.21316
-0.04639594 0.8852875 0.2227517
-0.04732892 0.9030898 0.2309699
-0.04829277 0.9214813 0.2377641
-0.04928154 0.9403481 0.2430925
-0.05028915 0.9595745 0.2469221
-0.05130938 0.9790416 0.2492293
-0.05233594 0.9986295 0.25
-0.0533625 1.018217 0.2492293
-0.05438273 1.037685 0.2469221
-0.05539034 1.056911 0.2430925
-0.05637912 1.075778 0.2377641
-0.05734297 1.094169 0.2309699
-0.05827595 1.111972 0.2227516
-0.05917231 1.129075 0.21316
-0.06002652 1.145375 0.2022542
-0.06083331 1.160769 0.1901014
-0.06158772 1.175164 0.1767766
-0.06228508 1.18847 0.1623619
-0.06292111 1.200607 0.1469463
-0.06349187 1.211497 0.1306245
-0.06399386 1.221076 0.1134976
-0.06442397 1.229283 0.09567074
-0.06477955 1.236068 0.07725424
-0.06505841 1.241389 0.05836132
-0.06525884 1.245213 0.03910859
-0.06537959 1.247517 0.01961474
-0.1306606 1.243152 0
-0.1305801 1.242386 -0.01961477
-0.1303389 1.240091 -0.03910862
-0.1299386 1.236283 -0.05836134
-0.1293816 1.230983 -0.07725425
-0.1286714 1.224226 -0.09567086
-0.1278124 1.216053 -0.1134976
-0.1268098 1.206514 -0.1306247
-0.1256698 1.195668 -0.1469463
-0.1243995 1.183582 -0.162362
-0.1230067 1.17033 -0.1767767
-0.1215 1.155995 -0.1901015
-0.1198886 1.140663 -0.2022543
-0.1181825 1.124431 -0.2131601
-0.1163922 1.107398 -0.2227516
-0.1145288 1.089669 -0.2309699
-0.1126038 1.071353 -0.2377641
-0.1106289 1.052564 -0.2430925
-0.1086165 1.033416 -0.2469221
-0.1065788 1.014029 -0.2492293
-0.1045285 0.9945219 -0.25
-0.1024782 0.9750146 -0.2492293
-0.1004405 0.9556275 -0.2469221
-0.09842809 0.9364803 -0.2430925
-0.09645323 0.9176909 -0.2377641
-0.09452818 0.8993751 -0.2309699
-0.09266477 0.881646 -0.2227516
-0.09087451 0.8646128 -0.21316
-0.08916843 0.8483806 -0.2022542
-0.08755705 0.8330494 -0.1901015
-0.0860503 0.8187136 -0.1767767
-0.08465748 0.8054618 -0.162362
-0.08338717 0.7933756 -0.1469463
-0.08224721 0.7825296 -0.1306246
-0.08124461 0.7729905 -0.1134976
-0.08038557 0.7648173 -0.09567082
-0.07967538 0.7580603 -0.07725426
-0.07911842 0.7527611 -0.05836134
-0.07871811 0.7489525 -0.03910861
-0.07847694 0.7466578 -0.01961476
-0.07839638 0.7458915 2.185569e-08
-0.07847694 0.7466578 0.01961474
-0.07871811 0.7489525 0.03910865
-0.07911842 0.7527611 0.05836133
-0.07967538 0.7580603 0.0772543
-0.08038557 0.7648173 0.09567086
-0.08124462 0.7729905 0.1134976
-0.08224721 0.7825296 0.1306247
-0.08338717 0.7933756 0.1469463
-0.08465748 0.8054618 0.162362
-0.08605031 0.8187137 0.1767767
-0.08755706 0.8330494 0.1901015
-0.08916844 0.8483806 0.2022543
-0.09087451 0.8646128 0.21316
-0.09266478 0.8816461 0.2227517
-0.09452818 0.8993751 0.2309699
-0.09645325 0.917691 0.2377641
-0.09842809 0.9364803 0.2430925
-0.1004405 0.9556275 0.2469221
-0.1024782 0.9750146 0.2492293
-0.1045285 0.9945219 0.25
-0.1065788 1.014029 0.2492293
-0.1086165 1.033416 0.2469221
-0.1106289 1.052564 0.2430925
-0.1126038 1.071353 0.2377641
-0.1145288 1.089669 0.2309699
-0.1163923 1.107398 0.2227516
-0.1181825 1.124431 0.21316
-0.1198886 1.140663 0.2022542
-0.1215 1.155995 0.1901014
-0.1230067 1.17033 0.1767766
-0.1243995 1.183582 0.1623619
-0.1256698 1.195668 0.1469463
-0.1268098 1.206514 0.1306245
-0.1278124 1.216053 0.1134976
-0.1286715 1.224227 0.09567074
-0.1293816 1.230983 0.07725424
-0.1299386 1.236283 0.05836132
-0.1303389 1.240091 0.03910859
-0.1305801 1.242386 0.01961474
-0.1955432 1.23461 0
-0.1954226 1.233849 -0.01961477
-0.1950617 1.23157 -0.03910862
-0.1944626 1.227788 -0.05836134
-0.1936291 1.222525 -0.07725425
-0.1925662 1.215815 -0.09567086
-0.1912806 1.207698 -0.1134976
-0.1897802 1.198224 -0.1306247
-0.1880741 1.187452 -0.1469463
-0.186173 1.175449 -0.162362
-0.1840886 1.162289 -0.1767767
-0.1818336 1.148051 -0.1901015
-0.1794221 1.132825 -0.2022543
-0.1768688 1.116705 -0.2131601
-0.1741895 1.099789 -0.2227516
-0.1714008 1.082181 -0.2309699
-0.1685198 1.063991 -0.2377641
-0.1655643 1.045331 -0.2430925
-0.1625525 1.026315 -0.2469221
-0.159503 1.007062 -0.2492293
-0.1564346 0.9876883 -0.25
-0.1533661 0.968315 -0.2492293
-0.1503166 0.9490612 -0.2469221
-0.1473048 0.9300455 -0.2430925
-0.1443493 0.9113852 -0.2377641
-0.1414683 0.8931953 -0.2309699
-0.1386796 0.875588 -0.2227516
-0.1360004 0.8586718 -0.21316
-0.1334471 0.8425511 -0.2022542
-0.1310355 0.8273252 -0.1901015
-0.1287806 0.8130881 -0.1767767
-0.1266961 0.7999272 -0.162362
-0.124795 0.7879241 -0.1469463
-0.123089 0.7771526 -0.1306246
-0.1215885 0.7676791 -0.1134976
-0.1203029 0.759562 -0.09567082
-0.11924 0.7528515 -0.07725426
-0.1184065 0.7475887 -0.05836134
-0.1178074 0.7438062 -0.03910861
-0.1174465 0.7415274 -0.01961476
-0.1173259 0.7407662 2.185569e-08
-0.1174465 0.7415274 0.01961474
-0.1178074 0.7438062 0.03910865
-0.1184065 0.7475887 0.05836133
-0.11924 0.7528515 0.0772543
-0.1203029 0.7595621 0.09567086
-0.1215885 0.7676791 0.1134976
-0.123089 0.7771527 0.1306247
-0.124795 0.7879242 0.1469463
-0.1266961 0.7999273 0.162362
-0.1287806 0.8130881 0.1767767
-0.1310355 0.8273253 0.1901015
-0.1334471 0.8425512 0.2022543
-0.1360004 0.8586718 0.21316
-0.1386796 0.8755881 0.2227517
-0.1414683 0.8931953 0.2309699
-0.1443494 0.9113853 0.2377641
-0.1473048 0.9300455 0.2430925
-0.1503166 0.9490612 0.2469221
-0.1533661 0.968315 0.2492293
-0.1564346 0.9876883 0.25
-0.159503 1.007062 0.2492293
-0.1625525 1.026315 0.2469221
-0.1655643 1.045331 0.2430925
-0.1685198 1.063991 0.2377641
-0.1714008 1.082181 0.2309699
-0.1741895 1.099789 0.2227516
-0.1768688 1.116705 0.21316
-0.1794221 1.132825 0.2022542
-0.1818336 1.148051 0.1901014
-0.1840886 1.162289 0.1767766
-0.186173 1.175449 0.1623619
-0.1880741 1.187452 0.1469463
-0.1897802 1.198224 0.1306245
-0.1912806 1.207698 0.1134976
-0.1925662 1.215815 0.09567074
-0.1936291 1.222525 0.07725424
-0.1944626 1.227788 0.05836132
-0.1950617 1.23157 0.03910859
-0.1954226 1.233849 0.01961474
-0.2598897 1.222685 0
-0.2597294 1.221931 -0.01961477
-0.2592497 1.219674 -0.03910862
-0.2584535 1.215928 -0.05836134
-0.2573457 1.210716 -0.07725425
-0.2559331 1.20407 -0.09567086
-0.2542244 1.196032 -0.1134976
-0.2522302 1.18665 -0.1306247
-0.2499628 1.175982 -0.1469463
-0.2474361 1.164095 -0.162362
-0.2446657 1.151061 -0.1767767
-0.2416687 1.136962 -0.1901015
-0.2384636 1.121883 -0.2022543
-0.2350701 1.105918 -0.2131601
-0.2315092 1.089165 -0.2227516
-0.2278028 1.071728 -0.2309699
-0.2239738 1.053714 -0.2377641
-0.2200457 1.035233 -0.2430925
-0.2160429 1.016402 -0.2469221
-0.2119899 0.9973337 -0.2492293
-0.2079117 0.9781476 -0.25
-0.2038336 0.9589614 -0.2492293
-0.1997806 0.9398935 -0.2469221
-0.1957777 0.9210616 -0.2430925
-0.1918497 0.9025815 -0.2377641
-0.1880206 0.8845673 -0.2309699
-0.1843143 0.8671301 -0.2227516
-0.1807534 0.8503774 -0.21316
-0.1773599 0.8344123 -0.2022542
-0.1741548 0.8193336 -0.1901015
-0.1711578 0.8052339 -0.1767767
-0.1683874 0.7922002 -0.162362
-0.1658607 0.780313 -0.1469463
-0.1635933 0.7696456 -0.1306246
-0.1615991 0.7602636 -0.1134976
-0.1598904 0.7522249 -0.09567082
-0.1584778 0.7455792 -0.07725426
-0.15737 0.7403672 -0.05836134
-0.1565737 0.7366213 -0.03910861
-0.156094 0.7343645 -0.01961476
-0.1559338 0.7336107 2.185569e-08
-0.156094 0.7343645 0.01961474
-0.1565737 0.7366213 0.03910865
-0.15737 0.7403672 0.05836133
-0.1584778 0.7455792 0.0772543
-0.1598904 0.7522249 0.09567086
-0.1615991 0.7602636 0.1134976
-0.1635933 0.7696456 0.1306247
-0.1658607 0.7803131 0.1469463
-0.1683874 0.7922003 0.162362
-0.1711578 0.8052339 0.1767767
-0.1741548 0.8193336 0.1901015
-0.1773599 0.8344125 0.2022543
-0.1807533 0.8503773 0.21316
-0.1843143 0.8671302 0.2227517
-0.1880206 0.8845673 0.2309699
-0.1918497 0.9025816 0.2377641
-0.1957777 0.9210615 0.2430925
-0.1997806 0.9398935 0.2469221
-0.2038336 0.9589614 0.2492293
-0.2079117 0.9781476 0.25
-0.2119899 0.9973337 0.2492293
-0.2160429 1.016402 0.2469221
-0.2200458 1.035234 0.2430925
-0.2239738 1.053714 0.2377641
-0.2278028 1.071728 0.2309699
-0.2315092 1.089165 0.2227516
-0.2350702 1.105918 0.21316
-0.2384636 1.121883 0.2022542
-0.2416687 1.136962 0.1901014
-0.2446657 1.151061 0.1767766
-0.2474361 1.164095 0.1623619
-0.2499628 1.175982 0.1469463
-0.2522302 1.18665 0.1306245
-0.2542244 1.196032 0.1134976
-0.2559331 1.20407 0.09567074
-0.2573457 1.210716 0.07725424
-0.2584535 1.215928 0.05836132
-0.2592497 1.219674 0.03910859
-0.2597294 1.221931 0.01961474
-0.3235239 1.207407 0
-0.3233245 1.206663 -0.01961477
-0.3227273 1.204434 -0.03910862
-0.3217362 1.200735 -0.05836134
-0.3203571 1.195588 -0.07725425
-0.3185986 1.189026 -0.09567086
-0.3164715 1.181087 -0.1134976
-0.3139891 1.171823 -0.1306247
-0.3111664 1.161288 -0.1469463
-0.3080211 1.14955 -0.162362
-0.3045723 1.136679 -0.1767767
-0.3008416 1.122756 -0.1901015
-0.2968517 1.107865 -0.2022543
-0.2926273 1.0921 -0.2131601
-0.2881945 1.075556 -0.2227516
-0.2835806 1.058337 -0.2309699
-0.278814 1.040548 -0.2377641
-0.2739242 1.022299 -0.2430925
-0.2689412 1.003702 -0.2469221
-0.2638958 0.9848722 -0.2492293
-0.2588192 0.9659258 -0.25
-0.2537425 0.9469794 -0.2492293
-0.2486971 0.9281498 -0.2469221
-0.2437141 0.9095531 -0.2430925
-0.2388243 0.891304 -0.2377641
-0.2340577 0.8735148 -0.2309699
-0.2294438 0.8562955 -0.2227516
-0.225011 0.8397521 -0.21316
-0.2207866 0.8239865 -0.2022542
-0.2167968 0.8090962 -0.1901015
-0.213066 0.7951726 -0.1767767
-0.2096173 0.7823018 -0.162362
-0.2064719 0.7705632 -0.1469463
-0.2036493 0.760029 -0.1306246
-0.2011668 0.7507643 -0.1134976
-0.1990397 0.742826 -0.09567082
-0.1972813 0.7362633 -0.07725426
-0.1959022 0.7311165 -0.05836134
-0.194911 0.7274174 -0.03910861
-0.1943138 0.7251887 -0.01961476
-0.1941144 0.7244444 2.185569e-08
-0.1943138 0.7251887 0.01961474
-0.194911 0.7274174 0.03910865
-0.1959022 0.7311165 0.05836133
-0.1972813 0.7362633 0.0772543
-0.1990397 0.742826 0.09567086
-0.2011668 0.7507643 0.1134976
-0.2036493 0.760029 0.1306247
-0.2064719 0.7705632 0.1469463
-0.2096173 0.7823019 0.162362
-0.213066 0.7951727 0.1767767
-0.2167968 0.8090962 0.1901015
-0.2207867 0.8239866 0.2022543
-0.225011 0.8397521 0.21316
-0.2294438 0.8562956 0.2227517
-0.2340577 0.8735148 0.2309699
-0.2388243 0.891304 0.2377641
-0.2437141 0.9095531 0.2430925
-0.2486971 0.9281498 0.2469221
-0.2537425 0.9469794 0.2492293
-0.2588192 0.9659258 0.25
-0.2638958 0.9848722 0.2492293
-0.2689412 1.003702 0.2469221
-0.2739242 1.022299 0.2430925
-0.278814 1.040548 0.2377641
-0.2835806 1.058337 0.2309699
-0.2881945 1.075556 0.2227516
-0.2926273 1.0921 0.21316
-0.2968517 1.107865 0.2022542
-0.3008416 1.122756 0.1901014
-0.3045724 1.136679 0.1767766
-0.3080211 1.14955 0.1623619
-0.3111664 1.161288 0.1469463
-0.3139891 1.171823 0.1306245
-0.3164715 1.181087 0.1134976
-0.3185986 1.189026 0.09567074
-0.3203571 1.195588 0.07725424
-0.3217362 1.200735 0.05836132
-0.3227273 1.204434 0.03910859
-0.3233245 1.206663 0.01961474
-0.3862713 1.188821 0
-0.3860331 1.188088 -0.01961477
-0.3853202 1.185893 -0.03910862
-0.3841367 1.182251 -0.05836134
-0.3824902 1.177184 -0.07725425
-0.3803906 1.170722 -0.09567086
-0.3778511 1.162906 -0.1134976
-0.3748871 1.153784 -0.1306247
-0.371517 1.143412 -0.1469463
-0.3677616 1.131854 -0.162362
-0.363644 1.119181 -0.1767767
-0.3591897 1.105472 -0.1901015
-0.3544259 1.090811 -0.2022543
-0.3493823 1.075288 -0.2131601
-0.3440897 1.058999 -0.2227516
-0.338581 1.042045 -0.2309699
-0.3328899 1.02453 -0.2377641
-0.3270517 1.006561 -0.2430925
-0.3211023 0.988251 -0.2469221
-0.3150783 0.9697112 -0.2492293
-0.309017 0.9510565 -0.25
-0.3029557 0.9324017 -0.2492293
-0.2969318 0.9138619 -0.2469221
-0.2909824 0.8955516 -0.2430925
-0.2851442 0.8775833 -0.2377641
-0.2794531 0.8600681 -0.2309699
-0.2739443 0.8431138 -0.2227516
-0.2686518 0.826825 -0.21316
-0.2636081 0.8113022 -0.2022542
-0.2588444 0.7966411 -0.1901015
-0.25439 0.7829319 -0.1767767
-0.2502724 0.7702592 -0.162362
-0.246517 0.7587013 -0.1469463
-0.243147 0.7483292 -0.1306246
-0.240183 0.7392071 -0.1134976
-0.2376434 0.7313911 -0.09567082
-0.2355439 0.7249294 -0.07725426
-0.2338973 0.7198618 -0.05836134
-0.2327139 0.7162196 -0.03910861
-0.2320009 0.7140253 -0.01961476
-0.2317628 0.7132924 2.185569e-08
-0.2320009 0.7140253 0.01961474
-0.2327139 0.7162197 0.03910865
-0.2338973 0.7198618 0.05836133
-0.2355439 0.7249294 0.0772543
-0.2376434 0.7313911 0.09567086
-0.240183 0.7392071 0.1134976
-0.243147 0.7483293 0.1306247
-0.246517 0.7587013 0.1469463
-0.2502725 0.7702593 0.162362
-0.25439 0.7829319 0.1767767
-0.2588444 0.7966411 0.1901015
-0.2636081 0.8113023 0.2022543
-0.2686518 0.826825 0.21316
-0.2739443 0.8431139 0.2227517
-0.2794531 0.8600681 0.2309699
-0.2851442 0.8775834 0.2377641
-0.2909824 0.8955515 0.2430925
-0.2969318 0.913862 0.2469221
-0.3029557 0.9324017 0.2492293
-0.309017 0.9510565 0.25
-0.3150783 0.9697112 0.2492293
-0.3211023 0.988251 0.2469221
-0.3270517 1.006561 0.2430925
-0.3328899 1.02453 0.2377641
-0.338581 1.042045 0.2309699
-0.3440897 1.058999 0.2227516
-0.3493823 1.075288 0.21316
-0.354426 1.090811 0.2022542
-0.3591897 1.105472 0.1901014
-0.3636441 1.119181 0.1767766
-0.3677616 1.131854 0.1623619
-0.371517 1.143412 0.1469463
-0.3748871 1.153784 0.1306245
-0.3778511 1.162906 0.1134976
-0.3803907 1.170722 0.09567074
-0.3824902 1.177184 0.07725424
-0.3841367 1.182251 0.05836132
-0.3853202 1.185893 0.03910859
-0.3860331 1.188088 0.01961474
-0.4479599 1.166976 0
-0.4476838 1.166256 -0.01961477
-0.4468569 1.164102 -0.03910862
-0.4454845 1.160527 -0.05836134
-0.443575 1.155552 -0.07725425
-0.4411401 1.149209 -0.09567086
-0.438195 1.141537 -0.1134976
-0.4347577 1.132583 -0.1306247
-0.4308494 1.122401 -0.1469463
-0.4264942 1.111055 -0.162362
-0.421719 1.098616 -0.1767767
-0.4165533 1.085158 -0.1901015
-0.4110288 1.070767 -0.2022543
-0.4051796 1.055529 -0.2131601
-0.3990419 1.03954 -0.2227516
-0.3926533 1.022897 -0.2309699
-0.3860534 1.005703 -0.2377641
-0.3792828 0.9880655 -0.2430925
-0.3723832 0.9700915 -0.2469221
-0.3653972 0.9518924 -0.2492293
-0.3583679 0.9335805 -0.25
-0.3513386 0.9152685 -0.2492293
-0.3443527 0.8970694 -0.2469221
-0.3374531 0.8790954 -0.2430925
-0.3306825 0.8614574 -0.2377641
-0.3240826 0.844264 -0.2309699
-0.317694 0.8276213 -0.2227516
-0.3115562 0.8116318 -0.21316
-0.3057071 0.7963942 -0.2022542
-0.3001826 0.7820024 -0.1901015
-0.2950169 0.7685452 -0.1767767
-0.2902417 0.7561054 -0.162362
-0.2858865 0.7447598 -0.1469463
-0.2819782 0.7345784 -0.1306246
-0.2785409 0.7256238 -0.1134976
-0.2755957 0.7179515 -0.09567082
-0.2731609 0.7116085 -0.07725426
-0.2712514 0.706634 -0.05836134
-0.269879 0.7030588 -0.03910861
-0.2690521 0.7009048 -0.01961476
-0.268776 0.7001854 2.185569e-08
-0.2690521 0.7009048 0.01961474
-0.269879 0.7030588 0.03910865
-0.2712514 0.706634 0.05836133
-0.2731609 0.7116085 0.0772543
-0.2755958 0.7179515 0.09567086
-0.2785409 0.7256239 0.1134976
-0.2819782 0.7345784 0.1306247
-0.2858865 0.7447599 0.1469463
-0.2902417 0.7561054 0.162362
-0.2950169 0.7685452 0.1767767
-0.3001826 0.7820025 0.1901015
-0.3057071 0.7963943 0.2022543
-0.3115562 0.8116318 0.21316
-0.3176941 0.8276213 0.2227517
-0.3240826 0.844264 0.2309699
-0.3306825 0.8614575 0.2377641
-0.3374531 0.8790954 0.2430925
-0.3443527 0.8970694 0.2469221
-0.3513387 0.9152685 0.2492293
-0.3583679 0.9335805 0.25
-0.3653973 0.9518924 0.2492293
-0.3723832 0.9700915 0.2469221
-0.3792828 0.9880655 0.2430925
-0.3860534 1.005704 0.2377641
-0.3926533 1.022897 0.2309699
-0.3990419 1.03954 0.2227516
-0.4051796 1.055529 0.21316
-0.4110288 1.070767 0.2022542
-0.4165533 1.085158 0.1901014
-0.4217191 1.098616 0.1767766
-0.4264942 1.111056 0.1623619
-0.4308494 1.122401 0.1469463
-0.4347577 1.132583 0.1306245
-0.438195 1.141537 0.1134976
-0.4411402 1.149209 0.09567074
-0.443575 1.155552 0.07725424
-0.4454845 1.160527 0.05836132
-0.4468569 1.164102 0.03910859
-0.4476838 1.166256 0.01961474
-0.5084209 1.141932 0
-0.5081074 1.141228 -0.01961477
-0.507169 1.13912 -0.03910862
-0.5056114 1.135621 -0.05836134
-0.5034441 1.130754 -0.07725425
-0.5006806 1.124547 -0.09567086
-0.497338 1.117039 -0.1134976
-0.4934367 1.108277 -0.1306247
-0.4890009 1.098314 -0.1469463
-0.484058 1.087212 -0.162362
-0.4786383 1.075039 -0.1767767
-0.4727753 1.06187 -0.1901015
-0.4665052 1.047788 -0.2022543
-0.4598665 1.032877 -0.2131601
-0.4529004 1.017231 -0.2227516
-0.4456496 1.000945 -0.2309699
-0.4381588 0.9841207 -0.2377641
-0.4304744 0.9668611 -0.2430925
-0.4226436 0.9492729 -0.2469221
-0.4147148 0.9314644 -0.2492293
-0.4067367 0.9135454 -0.25
-0.3987586 0.8956264 -0.2492293
-0.3908298 0.8778179 -0.2469221
-0.382999 0.8602297 -0.2430925
-0.3753146 0.8429701 -0.2377641
-0.3678238 0.8261458 -0.2309699
-0.3605731 0.8098602 -0.2227516
-0.3536068 0.7942139 -0.21316
-0.3469682 0.7793033 -0.2022542
-0.3406981 0.7652203 -0.1901015
-0.3348351 0.7520519 -0.1767767
-0.3294154 0.7398791 -0.162362
-0.3244725 0.728777 -0.1469463
-0.3200367 0.718814 -0.1306246
-0.3161354 0.7100517 -0.1134976
-0.3127928 0.7025439 -0.09567082
-0.3100293 0.6963371 -0.07725426
-0.3078621 0.6914694 -0.05836134
-0.3063044 0.6879709 -0.03910861
-0.305366 0.6858631 -0.01961476
-0.3050525 0.6851591 2.185569e-08
-0.305366 0.6858631 0.01961474
-0.3063044 0.6879709 0.03910865
-0.3078621 0.6914694 0.05836133
-0.3100293 0.6963371 0.0772543
-0.3127928 0.702544 0.09567086
-0.3161354 0.7100517 0.1134976
-0.3200367 0.718814 0.1306247
-0.3244725 0.728777 0.1469463
-0.3294154 0.7398791 0.162362
-0.3348351 0.7520519 0.1767767
-0.3406981 0.7652204 0.1901015
-0.3469683 0.7793033 0.2022543
-0.3536068 0.7942138 0.21316
-0.3605731 0.8098602 0.2227517
-0.3678238 0.8261457 0.2309699
-0.3753146 0.8429703 0.2377641
-0.382999 0.8602297 0.2430925
-0.3908298 0.8778179 0.2469221
-0.3987586 0.8956264 0.2492293
-0.4067367 0.9135454 0.25
-0.4147148 0.9314644 0.2492293
-0.4226436 0.9492729 0.2469221
-0.4304744 0.9668612 0.2430925
-0.4381588 0.9841207 0.2377641
-0.4456496 1.000945 0.2309699
-0.4529004 1.017231 0.2227516
-0.4598666 1.032877 0.21316
-0.4665052 1.047788 0.2022542
-0.4727753 1.061871 0.1901014
-0.4786383 1.075039 0.1767766
-0.484058 1.087212 0.1623619
-0.4890009 1.098314 0.1469463
-0.4934368 1.108277 0.1306245
-0.497338 1.117039 0.1134976
-0.5006807 1.124547 0.09567074
-0.5034441 1.130754 0.07725424
-0.5056114 1.135621 0.05836132
-0.507169 1.13912 0.03910859
-0.5081074 1.141228 0.01961474
-0.5674883 1.113758 0
-0.5671384 1.113071 -0.01961477
-0.5660909 1.111016 -0.03910862
-0.5643523 1.107603 -0.05836134
-0.5619333 1.102856 -0.07725425
-0.5588487 1.096802 -0.09567086
-0.5551177 1.08948 -0.1134976
-0.5507632 1.080933 -0.1306247
-0.5458121 1.071216 -0.1469463
-0.5402949 1.060388 -0.162362
-0.5342456 1.048516 -0.1767767
-0.5277014 1.035672 -0.1901015
-0.5207028 1.021937 -0.2022543
-0.513293 1.007394 -0.2131601
-0.5055175 0.9921336 -0.2227516
-0.4974243 0.9762498 -0.2309699
-0.4890633 0.9598405 -0.2377641
-0.4804861 0.9430068 -0.2430925
-0.4717456 0.9258525 -0.2469221
-0.4628955 0.9084834 -0.2492293
-0.4539906 0.8910065 -0.25
-0.4450857 0.8735296 -0.2492293
-0.4362357 0.8561604 -0.2469221
-0.4274951 0.8390061 -0.2430925
-0.4189179 0.8221724 -0.2377641
-0.4105569 0.8057631 -0.2309699
-0.4024637 0.7898793 -0.2227516
-0.3946882 0.774619 -0.21316
-0.3872783 0.7600763 -0.2022542
-0.3802798 0.7463409 -0.1901015
-0.3737357 0.7334973 -0.1767767
-0.3676863 0.7216248 -0.162362
-0.3621691 0.7107966 -0.1469463
-0.3572179 0.7010795 -0.1306246
-0.3528635 0.6925333 -0.1134976
-0.3491324 0.6852108 -0.09567082
-0.3460479 0.6791571 -0.07725426
-0.3436289 0.6744095 -0.05836134
-0.3418903 0.6709973 -0.03910861
-0.3408428 0.6689415 -0.01961476
-0.340493 0.6682549 2.185569e-08
-0.3408428 0.6689415 0.01961474
-0.3418903 0.6709973 0.03910865
-0.3436289 0.6744095 0.05836133
-0.3460479 0.6791571 0.0772543
-0.3491324 0.6852108 0.09567086
-0.3528635 0.6925333 0.1134976
-0.357218 0.7010795 0.1306247
-0.3621691 0.7107967 0.1469463
-0.3676863 0.7216249 0.162362
-0.3737357 0.7334973 0.1767767
-0.3802798 0.7463409 0.1901015
-0.3872784 0.7600764 0.2022543
-0.3946882 0.774619 0.21316
-0.4024638 0.7898794 0.2227517
-0.4105569 0.8057631 0.2309699
-0.418918 0.8221725 0.2377641
-0.4274951 0.8390061 0.2430925
-0.4362357 0.8561604 0.2469221
-0.4450857 0.8735296 0.2492293
-0.4539906 0.8910065 0.25
-0.4628955 0.9084834 0.2492293
-0.4717456 0.9258525 0.2469221
-0.4804861 0.9430068 0.2430925
-0.4890633 0.9598405 0.2377641
-0.4974243 0.9762499 0.2309699
-0.5055175 0.9921336 0.2227516
-0.513293 1.007394 0.21316
-0.5207029 1.021937 0.2022542
-0.5277014 1.035672 0.1901014
-0.5342456 1.048516 0.1767766
-0.5402949 1.060388 0.1623619
-0.5458121 1.071216 0.1469463
-0.5507633 1.080933 0.1306245
-0.5551177 1.08948 0.1134976
-0.5588488 1.096802 0.09567074
-0.5619333 1.102856 0.07725424
-0.5643523 1.107603 0.05836132
-0.5660909 1.111016 0.03910859
-0.5671384 1.113071 0.01961474
-0.6250001 1.082532 0
-0.6246147 1.081864 -0.01961477
-0.6234611 1.079866 -0.03910862
-0.6215463 1.07655 -0.05836134
-0.6188821 1.071935 -0.07725425
-0.615485 1.066051 -0.09567086
-0.6113759 1.058934 -0.1134976
-0.6065801 1.050627 -0.1306247
-0.6011272 1.041183 -0.1469463
-0.5950508 1.030658 -0.162362
-0.5883884 1.019119 -0.1767767
-0.581181 1.006635 -0.1901015
-0.5734732 0.9932846 -0.2022543
-0.5653124 0.9791496 -0.2131601
-0.5567489 0.9643172 -0.2227516
-0.5478355 0.9488788 -0.2309699
-0.5386272 0.9329295 -0.2377641
-0.5291807 0.9165678 -0.2430925
-0.5195544 0.8998945 -0.2469221
-0.5098075 0.8830123 -0.2492293
-0.5000001 0.8660254 -0.25
-0.4901927 0.8490385 -0.2492293
-0.4804457 0.8321563 -0.2469221
-0.4708194 0.815483 -0.2430925
-0.4613729 0.7991213 -0.2377641
-0.4521646 0.783172 -0.2309699
-0.4432512 0.7677335 -0.2227516
-0.4346877 0.7529011 -0.21316
-0.4265269 0.7387661 -0.2022542
-0.418819 0.7254158 -0.1901015
-0.4116117 0.7129323 -0.1767767
-0.4049493 0.7013927 -0.162362
-0.3988729 0.6908681 -0.1469463
-0.39342 0.6814234 -0.1306246
-0.3886242 0.6731168 -0.1134976
-0.3845151 0.6659996 -0.09567082
-0.381118 0.6601156 -0.07725426
-0.3784538 0.6555011 -0.05836134
-0.376539 0.6521846 -0.03910861
-0.3753854 0.6501864 -0.01961476
-0.3750001 0.649519 2.185569e-08
-0.3753854 0.6501864 0.01961474
-0.376539 0.6521846 0.03910865
-0.3784538 0.6555011 0.05836133
-0.381118 0.6601156 0.0772543
-0.3845151 0.6659996 0.09567086
-0.3886242 0.6731168 0.1134976
-0.39342 0.6814234 0.1306247
-0.3988729 0.6908681 0.1469463
-0.4049493 0.7013927 0.162362
-0.4116117 0.7129323 0.1767767
-0.4188191 0.7254158 0.1901015
-0.4265269 0.7387662 0.2022543
-0.4346877 0.7529011 0.21316
-0.4432513 0.7677336 0.2227517
-0.4521646 0.783172 0.2309699
-0.461373 0.7991213 0.2377641
-0.4708194 0.815483 0.2430925
-0.4804457 0.8321563 0.2469221
-0.4901927 0.8490385 0.2492293
-0.5000001 0.8660254 0.25
-0.5098075 0.8830123 0.2492293
-0.5195544 0.8998945 0.2469221
-0.5291808 0.9165678 0.2430925
-0.5386272 0.9329296 0.2377641
-0.5478355 0.9488788 0.2309699
-0.5567489 0.9643173 0.2227516
-0.5653124 0.9791497 0.21316
-0.5734733 0.9932847 0.2022542
-0.5811811 1.006635 0.1901014
-0.5883884 1.019119 0.1767766
-0.5950509 1.030658 0.1623619
-0.6011272 1.041183 0.1469463
-0.6065801 1.050627 0.1306245
-0.6113759 1.058934 0.1134976
-0.6154851 1.066051 0.09567074
-0.6188821 1.071935 0.07725424
-0.6215463 1.07655 0.05836132
-0.6234611 1.079866 0.03910859
-0.6246147 1.081864 0.01961474
-0.6807988 1.048338 0
-0.6803791 1.047692 -0.01961477
-0.6791224 1.045757 -0.03910862
-0.6770367 1.042545 -0.05836134
-0.6741347 1.038076 -0.07725425
-0.6704342 1.032378 -0.09567086
-0.6659583 1.025486 -0.1134976
-0.6607344 1.017442 -0.1306247
-0.6547946 1.008295 -0.1469463
-0.6481757 0.9981031 -0.162362
-0.6409186 0.986928 -0.1767767
-0.6330677 0.9748388 -0.1901015
-0.6246718 0.9619101 -0.2022543
-0.6157823 0.9482216 -0.2131601
-0.6064543 0.9338577 -0.2227516
-0.5967451 0.9189069 -0.2309699
-0.5867147 0.9034614 -0.2377641
-0.5764249 0.8876165 -0.2430925
-0.5659391 0.8714698 -0.2469221
-0.5553221 0.8551209 -0.2492293
-0.5446391 0.8386706 -0.25
-0.5339561 0.8222202 -0.2492293
-0.523339 0.8058713 -0.2469221
-0.5128532 0.7897246 -0.2430925
-0.5025634 0.7738796 -0.2377641
-0.492533 0.7584342 -0.2309699
-0.4828238 0.7434834 -0.2227516
-0.4734958 0.7291195 -0.21316
-0.4646063 0.715431 -0.2022542
-0.4562104 0.7025023 -0.1901015
-0.4483595 0.6904131 -0.1767767
-0.4411024 0.679238 -0.162362
-0.4344835 0.6690459 -0.1469463
-0.4285437 0.6598995 -0.1306246
-0.4233198 0.6518553 -0.1134976
-0.4188438 0.6449629 -0.09567082
-0.4151434 0.6392648 -0.07725426
-0.4122414 0.634796 -0.05836134
-0.4101557 0.6315843 -0.03910861
-0.408899 0.6296492 -0.01961476
-0.4084793 0.6290029 2.185569e-08
-0.408899 0.6296492 0.01961474
-0.4101557 0.6315843 0.03910865
-0.4122414 0.634796 0.05836133
-0.4151434 0.6392648 0.0772543
-0.4188438 0.6449629 0.09567086
-0.4233198 0.6518553 0.1134976
-0.4285438 0.6598995 0.1306247
-0.4344835 0.6690459 0.1469463
-0.4411024 0.679238 0.162362
-0.4483596 0.6904132 0.1767767
-0.4562104 0.7025024 0.1901015
-0.4646064 0.715431 0.2022543
-0.4734958 0.7291195 0.21316
-0.4828238 0.7434835 0.2227517
-0.4925329 0.7584342 0.2309699
-0.5025634 0.7738798 0.2377641
-0.5128531 0.7897246 0.2430925
-0.523339 0.8058713 0.2469221
-0.5339561 0.8222202 0.2492293
-0.5446391 0.8386706 0.25
-0.5553221 0.8551209 0.2492293
-0.5659391 0.8714698 0.2469221
-0.576425 0.8876165 0.2430925
-0.5867147 0.9034615 0.2377641
-0.5967451 0.9189069 0.2309699
-0.6064543 0.9338577 0.2227516
-0.6157824 0.9482216 0.21316
-0.6246718 0.9619101 0.2022542
-0.6330678 0.9748389 0.1901014
-0.6409186 0.986928 0.1767766
-0.6481758 0.9981031 0.1623619
-0.6547946 1.008295 0.1469463
-0.6607344 1.017442 0.1306245
-0.6659583 1.025486 0.1134976
-0.6704343 1.032378 0.09567074
-0.6741347 1.038076 0.07725424
-0.6770367 1.042545 0.05836132
-0.6791224 1.045757 0.03910859
-0.6803791 1.047692 0.01961474
-0.7347318 1.011271 0
-0.7342788 1.010648 -0.01961477
-0.7329226 1.008781 -0.03910862
-0.7306716 1.005683 -0.05836134
-0.7275397 1.001372 -0.07725425
-0.7235461 0.9958754 -0.09567086
-0.7187155 0.9892267 -0.1134976
-0.7130778 0.9814669 -0.1306247
-0.7066675 0.972644 -0.1469463
-0.6995243 0.9628122 -0.162362
-0.6916922 0.9520322 -0.1767767
-0.6832194 0.9403705 -0.1901015
-0.6741583 0.9278989 -0.2022543
-0.6645647 0.9146944 -0.2131601
-0.6544977 0.9008384 -0.2227516
-0.6440194 0.8864162 -0.2309699
-0.6331943 0.8715169 -0.2377641
-0.6220894 0.8562322 -0.2430925
-0.6107729 0.8406564 -0.2469221
-0.5993147 0.8248855 -0.2492293
-0.5877854 0.8090169 -0.25
-0.5762562 0.7931482 -0.2492293
-0.5647979 0.7773773 -0.2469221
-0.5534815 0.7618015 -0.2430925
-0.5423765 0.7465169 -0.2377641
-0.5315515 0.7316175 -0.2309699
-0.5210732 0.7171954 -0.2227516
-0.5110061 0.7033393 -0.21316
-0.5014125 0.6901348 -0.2022542
-0.4923514 0.6776633 -0.1901015
-0.4838787 0.6660016 -0.1767767
-0.4760465 0.6552216 -0.162362
-0.4689033 0.6453898 -0.1469463
-0.4624931 0.6365668 -0.1306246
-0.4568552 0.6288071 -0.1134976
-0.4520247 0.6221583 -0.09567082
-0.4480311 0.6166617 -0.07725426
-0.4448992 0.6123509 -0.05836134
-0.4426482 0.6092528 -0.03910861
-0.441292 0.6073861 -0.01961476
-0.4408391 0.6067626 2.185569e-08
-0.441292 0.6073861 0.01961474
-0.4426482 0.6092528 0.03910865
-0.4448992 0.6123509 0.05836133
-0.4480311 0.6166617 0.0772543
-0.4520247 0.6221583 0.09567086
-0.4568553 0.6288071 0.1134976
-0.4624931 0.6365668 0.1306247
-0.4689033 0.6453898 0.1469463
-0.4760466 0.6552216 0.162362
-0.4838787 0.6660016 0.1767767
-0.4923514 0.6776633 0.1901015
-0.5014126 0.6901349 0.2022543
-0.5110061 0.7033393 0.21316
-0.5210732 0.7171955 0.2227517
-0.5315515 0.7316175 0.2309699
-0.5423766 0.7465169 0.2377641
-0.5534815 0.7618015 0.2430925
-0.5647979 0.7773774 0.2469221
-0.5762562 0.7931482 0.2492293
-0.5877854 0.8090169 0.25
-0.5993147 0.8248855 0.2492293
-0.6107729 0.8406564 0.2469221
-0.6220894 0.8562322 0.2430925
-0.6331944 0.8715169 0.2377641
-0.6440194 0.8864163 0.2309699
-0.6544977 0.9008384 0.2227516
-0.6645647 0.9146945 0.21316
-0.6741583 0.927899 0.2022542
-0.6832195 0.9403706 0.1901014
-0.6916922 0.9520323 0.1767766
-0.6995243 0.9628122 0.1623619
-0.7066675 0.972644 0.1469463
-0.7130778 0.981467 0.1306245
-0.7187155 0.9892267 0.1134976
-0.7235461 0.9958755 0.09567074
-0.7275397 1.001372 0.07725424
-0.7306716 1.005683 0.05836132
-0.7329226 1.008781 0.03910859
-0.7342788 1.010648 0.01961474
-0.7866507 0.9714323 0
-0.7861656 0.9708334 -0.01961477
-0.7847136 0.9690403 -0.03910862
-0.7823036 0.9660642 -0.05836134
-0.7789503 0.9619232 -0.07725425
-0.7746746 0.9566432 -0.09567086
-0.7695026 0.9502563 -0.1134976
-0.7634665 0.9428023 -0.1306247
-0.7566032 0.9343269 -0.1469463
-0.7489552 0.9248824 -0.162362
-0.7405697 0.9145271 -0.1767767
-0.7314982 0.9033248 -0.1901015
-0.7217968 0.8913445 -0.2022543
-0.7115253 0.8786603 -0.2131601
-0.7007469 0.8653501 -0.2227516
-0.6895281 0.8514961 -0.2309699
-0.6779382 0.8371837 -0.2377641
-0.6660485 0.8225011 -0.2430925
-0.6539323 0.807539 -0.2469221
-0.6416645 0.7923894 -0.2492293
-0.6293205 0.7771459 -0.25
-0.6169765 0.7619023 -0.2492293
-0.6047086 0.7467527 -0.2469221
-0.5925925 0.7317906 -0.2430925
-0.5807028 0.717108 -0.2377641
-0.5691128 0.7027956 -0.2309699
-0.5578941 0.6889417 -0.2227516
-0.5471157 0.6756315 -0.21316
-0.5368441 0.6629471 -0.2022542
-0.5271428 0.6509669 -0.1901015
-0.5180713 0.6397646 -0.1767767
-0.5096858 0.6294093 -0.162362
-0.5020378 0.6199648 -0.1469463
-0.4951745 0.6114894 -0.1306246
-0.4891383 0.6040354 -0.1134976
-0.4839664 0.5976486 -0.09567082
-0.4796907 0.5923685 -0.07725426
-0.4763374 0.5882276 -0.05836134
-0.4739274 0.5852514 -0.03910861
-0.4724753 0.5834583 -0.01961476
-0.4719904 0.5828594 2.185569e-08
-0.4724753 0.5834583 0.01961474
-0.4739274 0.5852514 0.03910865
-0.4763374 0.5882276 0.05836133
-0.4796907 0.5923685 0.0772543
-0.4839664 0.5976486 0.09567086
-0.4891383 0.6040354 0.1134976
-0.4951745 0.6114894 0.1306247
-0.5020378 0.6199648 0.1469463
-0.5096858 0.6294093 0.162362
-0.5180713 0.6397646 0.1767767
-0.5271428 0.6509669 0.1901015
-0.5368442 0.6629472 0.2022543
-0.5471157 0.6756314 0.21316
-0.5578942 0.6889417 0.2227517
-0.5691128 0.7027956 0.2309699
-0.5807029 0.7171081 0.2377641
-0.5925925 0.7317905 0.2430925
-0.6047086 0.7467527 0.2469221
-0.6169765 0.7619023 0.2492293
-0.6293205 0.7771459 0.25
-0.6416645 0.7923894 0.2492293
-0.6539324 0.807539 0.2469221
-0.6660485 0.8225012 0.2430925
-0.6779382 0.8371837 0.2377641
-0.6895282 0.8514961 0.2309699
-0.7007469 0.8653501 0.2227516
-0.7115253 0.8786603 0.21316
-0.7217969 0.8913446 0.2022542
-0.7314983 0.9033248 0.1901014
-0.7405697 0.9145272 0.1767766
-0.7489553 0.9248825 0.1623619
-0.7566032 0.9343269 0.1469463
-0.7634665 0.9428024 0.1306245
-0.7695026 0.9502563 0.1134976
-0.7746747 0.9566432 0.09567074
-0.7789503 0.9619232 0.07725424
-0.7823036 0.9660642 0.05836132
-0.7847136 0.9690403 0.03910859
-0.7861657 0.9708334 0.01961474
-0.8364134 0.928931 0
-0.8358977 0.9283583 -0.01961477
-0.8343538 0.9266437 -0.03910862
-0.8317913 0.9237977 -0.05836134
-0.828226 0.919838 -0.07725425
-0.8236797 0.9147888 -0.09567086
-0.8181806 0.9086815 -0.1134976
-0.8117626 0.9015536 -0.1306247
-0.8044652 0.893449 -0.1469463
-0.7963334 0.8844178 -0.162362
-0.7874174 0.8745155 -0.1767767
-0.7777721 0.8638033 -0.1901015
-0.7674569 0.8523472 -0.2022543
-0.7565356 0.8402178 -0.2131601
-0.7450754 0.82749 -0.2227516
-0.733147 0.8142421 -0.2309699
-0.7208239 0.8005559 -0.2377641
-0.708182 0.7865157 -0.2430925
-0.6952994 0.7722082 -0.2469221
-0.6822555 0.7577214 -0.2492293
-0.6691307 0.7431448 -0.25
-0.6560058 0.7285682 -0.2492293
-0.6429619 0.7140814 -0.2469221
-0.6300793 0.6997739 -0.2430925
-0.6174375 0.6857337 -0.2377641
-0.6051143 0.6720475 -0.2309699
-0.5931859 0.6587996 -0.2227516
-0.5817257 0.6460718 -0.21316
-0.5708044 0.6339424 -0.2022542
-0.5604893 0.6224864 -0.1901015
-0.550844 0.6117741 -0.1767767
-0.5419279 0.6018718 -0.162362
-0.5337961 0.5928406 -0.1469463
-0.5264987 0.584736 -0.1306246
-0.5200807 0.5776081 -0.1134976
-0.5145816 0.5715007 -0.09567082
-0.5100354 0.5664517 -0.07725426
-0.5064701 0.5624919 -0.05836134
-0.5039076 0.559646 -0.03910861
-0.5023637 0.5579313 -0.01961476
-0.501848 0.5573586 2.185569e-08
-0.5023637 0.5579313 0.01961474
-0.5039076 0.559646 0.03910865
-0.5064701 0.5624919 0.05836133
-0.5100354 0.5664517 0.0772543
-0.5145817 0.5715008 0.09567086
-0.5200807 0.5776081 0.1134976
-0.5264988 0.584736 0.1306247
-0.5337962 0.5928406 0.1469463
-0.5419279 0.6018719 0.162362
-0.550844 0.6117741 0.1767767
-0.5604893 0.6224864 0.1901015
-0.5708044 0.6339425 0.2022543
-0.5817257 0.6460717 0.21316
-0.593186 0.6587997 0.2227517
-0.6051143 0.6720475 0.2309699
-0.6174375 0.6857338 0.2377641
-0.6300793 0.6997738 0.2430925
-0.6429619 0.7140814 0.2469221
-0.6560059 0.7285682 0.2492293
-0.6691307 0.7431448 0.25
-0.6822556 0.7577214 0.2492293
-0.6952994 0.7722082 0.2469221
-0.708182 0.7865158 0.2430925
-0.7208239 0.8005559 0.2377641
-0.733147 0.8142421 0.2309699
-0.7450755 0.82749 0.2227516
-0.7565356 0.8402179 0.21316
-0.767457 0.8523473 0.2022542
-0.7777721 0.8638033 0.1901014
-0.7874174 0.8745155 0.1767766
-0.7963334 0.8844178 0.1623619
-0.8044652 0.893449 0.1469463
-0.8117626 0.9015536 0.1306245
-0.8181806 0.9086815 0.1134976
-0.8236797 0.9147889 0.09567074
-0.828226 0.919838 0.07725424
-0.8317913 0.9237977 0.05836132
-0.8343538 0.9266437 0.03910859
-0.8358977 0.9283583 0.01961474
-0.8838835 0.8838835 0
-0.8833385 0.8833385 -0.01961477
-0.8817071 0.8817071 -0.03910862
-0.8789991 0.8789991 -0.05836134
-0.8752314 0.8752314 -0.07725425
-0.8704271 0.8704271 -0.09567086
-0.864616 0.864616 -0.1134976
-0.8578337 0.8578337 -0.1306247
-0.8501221 0.8501221 -0.1469463
-0.8415288 0.8415288 -0.162362
-0.8321068 0.8321068 -0.1767767
-0.8219141 0.8219141 -0.1901015
-0.8110135 0.8110135 -0.2022543
-0.7994723 0.7994723 -0.2131601
-0.7873617 0.7873617 -0.2227516
-0.7747563 0.7747563 -0.2309699
-0.7617338 0.7617338 -0.2377641
-0.7483745 0.7483745 -0.2430925
-0.7347608 0.7347608 -0.2469221
-0.7209765 0.7209765 -0.2492293
-0.7071068 0.7071068 -0.25
-0.693237 0.693237 -0.2492293
-0.6794528 0.6794528 -0.2469221
-0.6658391 0.6658391 -0.2430925
-0.6524798 0.6524798 -0.2377641
-0.6394572 0.6394572 -0.2309699
-0.6268518 0.6268518 -0.2227516
-0.6147412 0.6147412 -0.21316
-0.6032 0.6032 -0.2022542
-0.5922995 0.5922995 -0.1901015
-0.5821068 0.5821068 -0.1767767
-0.5726847 0.5726847 -0.162362
-0.5640914 0.5640914 -0.1469463
-0.5563799 0.5563799 -0.1306246
-0.5495976 0.5495976 -0.1134976
-0.5437864 0.5437864 -0.09567082
-0.5389822 0.5389822 -0.07725426
-0.5352144 0.5352144 -0.05836134
-0.5325065 0.5325065 -0.03910861
-0.530875 0.530875 -0.01961476
-0.5303301 0.5303301 2.185569e-08
-0.530875 0.530875 0.01961474
-0.5325065 0.5325065 0.03910865
-0.5352144 0.5352144 0.05836133
-0.5389822 0.5389822 0.0772543
-0.5437864 0.5437864 0.09567086
-0.5495976 0.5495976 0.1134976
-0.5563799 0.5563799 0.1306247
-0.5640914 0.5640914 0.1469463
-0.5726848 0.5726848 0.162362
-0.5821068 0.5821068 0.1767767
-0.5922995 0.5922995 0.1901015
-0.6032001 0.6032001 0.2022543
-0.6147411 0.6147411 0.21316
-0.6268519 0.6268519 0.2227517
-0.6394572 0.6394572 0.2309699
-0.6524798 0.6524798 0.2377641
-0.6658391 0.6658391 0.2430925
-0.6794528 0.6794528 0.2469221
-0.693237 0.693237 0.2492293
-0.7071068 0.7071068 0.25
-0.7209765 0.7209765 0.2492293
-0.7347608 0.7347608 0.2469221
-0.7483745 0.7483745 0.2430925
-0.7617338 0.7617338 0.2377641
-0.7747563 0.7747563 0.2309699
-0.7873617 0.7873617 0.2227516
-0.7994724 0.7994724 0.21316
-0.8110135 0.8110135 0.2022542
-0.8219141 0.8219141 0.1901014
-0.8321068 0.8321068 0.1767766
-0.8415289 0.8415289 0.1623619
-0.8501221 0.8501221 0.1469463
-0.8578337 0.8578337 0.1306245
-0.864616 0.864616 0.1134976
-0.8704272 0.8704272 0.09567074
-0.8752314 0.8752314 0.07725424
-0.8789991 0.8789991 0.05836132
-0.8817071 0.8817071 0.03910859
-0.8833385 0.8833385 0.01961474
-0.928931 0.8364133 0
-0.9283583 0.8358976 -0.01961477
-0.9266437 0.8343537 -0.03910862
-0.9237977 0.8317912 -0.05836134
-0.919838 0.8282259 -0.07725425
-0.9147888 0.8236796 -0.09567086
-0.9086815 0.8181806 -0.1134976
-0.9015536 0.8117625 -0.1306247
-0.893449 0.8044651 -0.1469463
-0.8844178 0.7963334 -0.162362
-0.8745155 0.7874173 -0.1767767
-0.8638033 0.777772 -0.1901015
-0.8523472 0.7674569 -0.2022543
-0.8402178 0.7565355 -0.2131601
-0.82749 0.7450753 -0.2227516
-0.8142421 0.7331469 -0.2309699
-0.8005559 0.7208238 -0.2377641
-0.7865157 0.708182 -0.2430925
-0.7722082 0.6952994 -0.2469221
-0.7577214 0.6822554 -0.2492293
-0.7431448 0.6691306 -0.25
-0.7285682 0.6560057 -0.2492293
-0.7140814 0.6429619 -0.2469221
-0.6997739 0.6300793 -0.2430925
-0.6857337 0.6174374 -0.2377641
-0.6720475 0.6051143 -0.2309699
-0.6587996 0.5931859 -0.2227516
-0.6460718 0.5817257 -0.21316
-0.6339424 0.5708043 -0.2022542
-0.6224864 0.5604892 -0.1901015
-0.6117741 0.550844 -0.1767767
-0.6018718 0.5419279 -0.162362
-0.5928406 0.5337961 -0.1469463
-0.584736 0.5264987 -0.1306246
-0.5776081 0.5200807 -0.1134976
-0.5715007 0.5145816 -0.09567082
-0.5664517 0.5100354 -0.07725426
-0.5624919 0.50647 -0.05836134
-0.559646 0.5039075 -0.03910861
-0.5579313 0.5023636 -0.01961476
-0.5573586 0.501848 2.185569e-08
-0.5579313 0.5023636 0.01961474
-0.559646 0.5039075 0.03910865
-0.5624919 0.50647 0.05836133
-0.5664517 0.5100354 0.0772543
-0.5715008 0.5145816 0.09567086
-0.5776081 0.5200807 0.1134976
-0.584736 0.5264987 0.1306247
-0.5928406 0.5337961 0.1469463
-0.6018719 0.5419279 0.162362
-0.6117741 0.550844 0.1767767
-0.6224864 0.5604892 0.1901015
-0.6339425 0.5708044 0.2022543
-0.6460717 0.5817257 0.21316
-0.6587997 0.5931859 0.2227517
-0.6720475 0.6051143 0.2309699
-0.6857338 0.6174375 0.2377641
-0.6997738 0.6300793 0.2430925
-0.7140814 0.6429619 0.2469221
-0.7285682 0.6560058 0.2492293
-0.7431448 0.6691306 0.25
-0.7577214 0.6822554 0.2492293
-0.7722082 0.6952994 0.2469221
-0.7865158 0.708182 0.2430925
-0.8005559 0.7208238 0.2377641
-0.8142421 0.733147 0.2309699
-0.82749 0.7450754 0.2227516
-0.8402179 0.7565356 0.21316
-0.8523473 0.7674569 0.2022542
-0.8638033 0.7777721 0.1901014
-0.8745155 0.7874174 0.1767766
-0.8844178 0.7963334 0.1623619
-0.893449 0.8044651 0.1469463
-0.9015536 0.8117626 0.1306245
-0.9086815 0.8181806 0.1134976
-0.9147889 0.8236797 0.09567074
-0.919838 0.8282259 0.07725424
-0.9237977 0.8317912 0.05836132
-0.9266437 0.8343537 0.03910859
-0.9283583 0.8358976 0.01961474
-0.9714326 0.7866503 0
-0.9708337 0.7861654 -0.01961477
-0.9690406 0.7847133 -0.03910862
-0.9660644 0.7823033 -0.05836134
-0.9619235 0.77895 -0.07725425
-0.9566433 0.7746743 -0.09567086
-0.9502566 0.7695024 -0.1134976
-0.9428025 0.7634662 -0.1306247
-0.9343271 0.7566029 -0.1469463
-0.9248827 0.748955 -0.162362
-0.9145274 0.7405694 -0.1767767
-0.903325 0.7314979 -0.1901015
-0.8913448 0.7217966 -0.2022543
-0.8786604 0.711525 -0.2131601
-0.8653502 0.7007466 -0.2227516
-0.8514963 0.6895279 -0.2309699
-0.8371839 0.6779379 -0.2377641
-0.8225013 0.6660482 -0.2430925
-0.8075392 0.6539321 -0.2469221
-0.7923896 0.6416643 -0.2492293
-0.777146 0.6293203 -0.25
-0.7619025 0.6169763 -0.2492293
-0.7467529 0.6047084 -0.2469221
-0.7317908 0.5925923 -0.2430925
-0.7171082 0.5807026 -0.2377641
-0.7027958 0.5691127 -0.2309699
-0.6889418 0.5578939 -0.2227516
-0.6756316 0.5471155 -0.21316
-0.6629472 0.536844 -0.2022542
-0.6509671 0.5271426 -0.1901015
-0.6397647 0.5180711 -0.1767767
-0.6294094 0.5096855 -0.162362
-0.619965 0.5020375 -0.1469463
-0.6114895 0.4951743 -0.1306246
-0.6040355 0.4891381 -0.1134976
-0.5976487 0.4839662 -0.09567082
-0.5923686 0.4796905 -0.07725426
-0.5882277 0.4763373 -0.05836134
-0.5852515 0.4739272 -0.03910861
-0.5834584 0.4724752 -0.01961476
-0.5828595 0.4719902 2.185569e-08
-0.5834584 0.4724752 0.01961474
-0.5852515 0.4739272 0.03910865
-0.5882277 0.4763373 0.05836133
-0.5923686 0.4796905 0.0772543
-0.5976487 0.4839662 0.09567086
-0.6040355 0.4891381 0.1134976
-0.6114895 0.4951743 0.1306247
-0.619965 0.5020376 0.1469463
-0.6294094 0.5096856 0.162362
-0.6397648 0.5180711 0.1767767
-0.6509671 0.5271426 0.1901015
-0.6629474 0.536844 0.2022543
-0.6756316 0.5471155 0.21316
-0.6889418 0.5578939 0.2227517
-0.7027958 0.5691127 0.2309699
-0.7171082 0.5807027 0.2377641
-0.7317907 0.5925923 0.2430925
-0.7467529 0.6047084 0.2469221
-0.7619025 0.6169763 0.2492293
-0.777146 0.6293203 0.25
-0.7923896 0.6416643 0.2492293
-0.8075392 0.6539321 0.2469221
-0.8225014 0.6660482 0.2430925
-0.8371839 0.6779379 0.2377641
-0.8514963 0.6895279 0.2309699
-0.8653503 0.7007467 0.2227516
-0.8786605 0.711525 0.21316
-0.8913448 0.7217966 0.2022542
-0.9033251 0.731498 0.1901014
-0.9145274 0.7405695 0.1767766
-0.9248827 0.748955 0.1623619
-0.9343271 0.7566029 0.1469463
-0.9428025 0.7634662 0.1306245
-0.9502566 0.7695024 0.1134976
-0.9566434 0.7746743 0.09567074
-0.9619235 0.77895 0.07725424
-0.9660644 0.7823033 0.05836132
-0.9690406 0.7847133 0.03910859
-0.9708337 0.7861654 0.01961474
-1.011271 0.7347315 0
-1.010648 0.7342785 -0.01961477
-1.008781 0.7329223 -0.03910862
-1.005683 0.7306713 -0.05836134
-1.001372 0.7275394 -0.07725425
-0.9958756 0.7235458 -0.09567086
-0.9892269 0.7187153 -0.1134976
-0.9814672 0.7130775 -0.1306247
-0.9726442 0.7066672 -0.1469463
-0.9628124 0.699524 -0.162362
-0.9520324 0.6916919 -0.1767767
-0.9403707 0.6832192 -0.1901015
-0.9278991 0.674158 -0.2022543
-0.9146946 0.6645644 -0.2131601
-0.9008386 0.6544974 -0.2227516
-0.8864164 0.6440191 -0.2309699
-0.8715171 0.6331941 -0.2377641
-0.8562323 0.6220891 -0.2430925
-0.8406566 0.6107727 -0.2469221
-0.8248857 0.5993145 -0.2492293
-0.8090171 0.5877852 -0.25
-0.7931483 0.5762559 -0.2492293
-0.7773775 0.5647977 -0.2469221
-0.7618017 0.5534812 -0.2430925
-0.7465171 0.5423763 -0.2377641
-0.7316177 0.5315512 -0.2309699
-0.7171955 0.5210729 -0.2227516
-0.7033395 0.5110059 -0.21316
-0.6901349 0.5014123 -0.2022542
-0.6776634 0.4923512 -0.1901015
-0.6660017 0.4838785 -0.1767767
-0.6552217 0.4760463 -0.162362
-0.6453899 0.4689031 -0.1469463
-0.6365669 0.4624929 -0.1306246
-0.6288072 0.4568551 -0.1134976
-0.6221585 0.4520245 -0.09567082
-0.6166618 0.4480309 -0.07725426
-0.6123511 0.444899 -0.05836134
-0.6092529 0.4426481 -0.03910861
-0.6073863 0.4412919 -0.01961476
-0.6067628 0.4408389 2.185569e-08
-0.6073863 0.4412919 0.01961474
-0.6092529 0.4426481 0.03910865
-0.6123511 0.444899 0.05836133
-0.6166618 0.4480309 0.0772543
-0.6221585 0.4520245 0.09567086
-0.6288072 0.4568551 0.1134976
-0.6365669 0.4624929 0.1306247
-0.6453899 0.4689031 0.1469463
-0.6552217 0.4760464 0.162362
-0.6660017 0.4838785 0.1767767
-0.6776634 0.4923512 0.1901015
-0.690135 0.5014123 0.2022543
-0.7033395 0.5110059 0.21316
-0.7171956 0.521073 0.2227517
-0.7316177 0.5315512 0.2309699
-0.7465171 0.5423763 0.2377641
-0.7618017 0.5534812 0.2430925
-0.7773775 0.5647977 0.2469221
-0.7931484 0.5762559 0.2492293
-0.8090171 0.5877852 0.25
-0.8248858 0.5993145 0.2492293
-0.8406566 0.6107727 0.2469221
-0.8562324 0.6220891 0.2430925
-0.8715171 0.6331941 0.2377641
-0.8864164 0.6440191 0.2309699
-0.9008386 0.6544974 0.2227516
-0.9146947 0.6645644 0.21316
-0.9278992 0.6741581 0.2022542
-0.9403707 0.6832192 0.1901014
-0.9520324 0.6916919 0.1767766
-0.9628124 0.699524 0.1623619
-0.9726442 0.7066672 0.1469463
-0.9814672 0.7130775 0.1306245
-0.9892269 0.7187153 0.1134976
-0.9958757 0.7235459 0.09567074
-1.001372 0.7275394 0.07725424
-1.005683 0.7306713 0.05836132
-1.008781 0.7329223 0.03910859
-1.010648 0.7342785 0.01961474
-1.048338 0.6807985 0
-1.047692 0.6803788 -0.01961477
-1.045757 0.6791221 -0.03910862
-1.042545 0.6770364 -0.05836134
-1.038077 0.6741344 -0.07725425
-1.032378 0.670434 -0.09567086
-1.025486 0.665958 -0.1134976
-1.017442 0.6607341 -0.1306247
-1.008295 0.6547943 -0.1469463
-0.9981033 0.6481755 -0.162362
-0.9869282 0.6409183 -0.1767767
-0.974839 0.6330675 -0.1901015
-0.9619103 0.6246715 -0.2022543
-0.9482218 0.615782 -0.2131601
-0.9338579 0.606454 -0.2227516
-0.918907 0.5967449 -0.2309699
-0.9034616 0.5867144 -0.2377641
-0.8876166 0.5764247 -0.2430925
-0.87147 0.5659389 -0.2469221
-0.8551211 0.5553218 -0.2492293
-0.8386707 0.5446388 -0.25
-0.8222204 0.5339558 -0.2492293
-0.8058715 0.5233387 -0.2469221
-0.7897248 0.512853 -0.2430925
-0.7738798 0.5025631 -0.2377641
-0.7584344 0.4925327 -0.2309699
-0.7434835 0.4828236 -0.2227516
-0.7291197 0.4734955 -0.21316
-0.7154311 0.4646061 -0.2022542
-0.7025025 0.4562102 -0.1901015
-0.6904133 0.4483594 -0.1767767
-0.6792382 0.4411021 -0.162362
-0.669046 0.4344833 -0.1469463
-0.6598997 0.4285436 -0.1306246
-0.6518555 0.4233196 -0.1134976
-0.644963 0.4188436 -0.09567082
-0.6392649 0.4151433 -0.07725426
-0.6347962 0.4122412 -0.05836134
-0.6315844 0.4101555 -0.03910861
-0.6296494 0.4088988 -0.01961476
-0.629003 0.4084791 2.185569e-08
-0.6296494 0.4088988 0.01961474
-0.6315844 0.4101555 0.03910865
-0.6347962 0.4122412 0.05836133
-0.6392649 0.4151433 0.0772543
-0.644963 0.4188437 0.09567086
-0.6518555 0.4233196 0.1134976
-0.6598997 0.4285436 0.1306247
-0.669046 0.4344833 0.1469463
-0.6792382 0.4411022 0.162362
-0.6904133 0.4483594 0.1767767
-0.7025025 0.4562102 0.1901015
-0.7154312 0.4646062 0.2022543
-0.7291197 0.4734955 0.21316
-0.7434837 0.4828236 0.2227517
-0.7584344 0.4925327 0.2309699
-0.7738799 0.5025632 0.2377641
-0.7897248 0.512853 0.2430925
-0.8058715 0.5233387 0.2469221
-0.8222204 0.5339559 0.2492293
-0.8386707 0.5446388 0.25
-0.8551211 0.5553218 0.2492293
-0.87147 0.5659389 0.2469221
-0.8876167 0.5764247 0.2430925
-0.9034616 0.5867145 0.2377641
-0.9189071 0.5967449 0.2309699
-0.9338579 0.6064541 0.2227516
-0.9482219 0.6157821 0.21316
-0.9619104 0.6246715 0.2022542
-0.974839 0.6330675 0.1901014
-0.9869282 0.6409183 0.1767766
-0.9981033 0.6481755 0.1623619
-1.008295 0.6547943 0.1469463
-1.017442 0.6607341 0.1306245
-1.025486 0.665958 0.1134976
-1.032378 0.670434 0.09567074
-1.038077 0.6741344 0.07725424
-1.042545 0.6770364 0.05836132
-1.045757 0.6791221 0.03910859
-1.047692 0.6803788 0.01961474
-1.082532 0.6250001 0
-1.081864 0.6246147 -0.01961477
-1.079866 0.6234611 -0.03910862
-1.07655 0.6215463 -0.05836134
-1.071935 0.6188821 -0.07725425
-1.066051 0.615485 -0.09567086
-1.058934 0.6113759 -0.1134976
-1.050627 0.6065801 -0.1306247
-1.041183 0.6011272 -0.1469463
-1.030658 0.5950508 -0.162362
-1.019119 0.5883884 -0.1767767
-1.006635 0.581181 -0.1901015
-0.9932846 0.5734732 -0.2022543
-0.9791496 0.5653124 -0.2131601
-0.9643172 0.5567489 -0.2227516
-0.9488788 0.5478355 -0.2309699
-0.9329295 0.5386272 -0.2377641
-0.9165678 0.5291807 -0.2430925
-0.8998945 0.5195544 -0.2469221
-0.8830123 0.5098075 -0.2492293
-0.8660254 0.5000001 -0.25
-0.8490385 0.4901927 -0.2492293
-0.8321563 0.4804457 -0.2469221
-0.815483 0.4708194 -0.2430925
-0.7991213 0.4613729 -0.2377641
-0.783172 0.4521646 -0.2309699
-0.7677335 0.4432512 -0.2227516
-0.7529011 0.4346877 -0.21316
-0.7387661 0.4265269 -0.2022542
-0.7254158 0.418819 -0.1901015
-0.7129323 0.4116117 -0.1767767
-0.7013927 0.4049493 -0.162362
-0.6908681 0.3988729 -0.1469463
-0.6814234 0.39342 -0.1306246
-0.6731168 0.3886242 -0.1134976
-0.6659996 0.3845151 -0.09567082
-0.6601156 0.381118 -0.07725426
-0.6555011 0.3784538 -0.05836134
-0.6521846 0.376539 -0.03910861
-0.6501864 0.3753854 -0.01961476
-0.649519 0.3750001 2.185569e-08
-0.6501864 0.3753854 0.01961474
-0.6521846 0.376539 0.03910865
-0.6555011 0.3784538 0.05836133
-0.6601156 0.381118 0.0772543
-0.6659996 0.3845151 0.09567086
-0.6731168 0.3886242 0.1134976
-0.6814234 0.39342 0.1306247
-0.6908681 0.3988729 0.1469463
-0.7013927 0.4049493 0.162362
-0.7129323 0.4116117 0.1767767
-0.7254158 0.4188191 0.1901015
-0.7387662 0.4265269 0.2022543
-0.7529011 0.4346877 0.21316
-0.7677336 0.4432513 0.2227517
-0.783172 0.4521646 0.2309699
-0.7991213 0.461373 0.2377641
-0.815483 0.4708194 0.2430925
-0.8321563 0.4804457 0.2469221
-0.8490385 0.4901927 0.2492293
-0.8660254 0.5000001 0.25
-0.8830123 0.5098075 0.2492293
-0.8998945 0.5195544 0.2469221
-0.9165678 0.5291808 0.2430925
-0.9329296 0.5386272 0.2377641
-0.9488788 0.5478355 0.2309699
-0.9643173 0.5567489 0.2227516
-0.9791497 0.5653124 0.21316
-0.9932847 0.5734733 0.2022542
-1.006635 0.5811811 0.1901014
-1.019119 0.5883884 0.1767766
-1.030658 0.5950509 0.1623619
-1.041183 0.6011272 0.1469463
-1.050627 0.6065801 0.1306245
-1.058934 0.6113759 0.1134976
-1.066051 0.6154851 0.09567074
-1.071935 0.6188821 0.07725424
-1.07655 0.6215463 0.05836132
-1.079866 0.6234611 0.03910859
-1.081864 0.6246147 0.01961474
-1.113758 0.567488 0
-1.113072 0.5671381 -0.01961477
-1.111016 0.5660906 -0.03910862
-1.107604 0.564352 -0.05836134
-1.102856 0.561933 -0.07725425
-1.096802 0.5588485 -0.09567086
-1.08948 0.5551175 -0.1134976
-1.080934 0.550763 -0.1306247
-1.071216 0.5458118 -0.1469463
-1.060388 0.5402946 -0.162362
-1.048516 0.5342453 -0.1767767
-1.035672 0.5277011 -0.1901015
-1.021937 0.5207026 -0.2022543
-1.007394 0.5132927 -0.2131601
-0.9921337 0.5055172 -0.2227516
-0.9762499 0.497424 -0.2309699
-0.9598407 0.4890631 -0.2377641
-0.9430069 0.4804859 -0.2430925
-0.9258527 0.4717453 -0.2469221
-0.9084835 0.4628953 -0.2492293
-0.8910066 0.4539904 -0.25
-0.8735297 0.4450854 -0.2492293
-0.8561605 0.4362354 -0.2469221
-0.8390062 0.4274949 -0.2430925
-0.8221725 0.4189177 -0.2377641
-0.8057632 0.4105567 -0.2309699
-0.7898794 0.4024635 -0.2227516
-0.7746192 0.394688 -0.21316
-0.7600764 0.3872781 -0.2022542
-0.746341 0.3802796 -0.1901015
-0.7334974 0.3737355 -0.1767767
-0.7216249 0.3676861 -0.162362
-0.7107967 0.3621689 -0.1469463
-0.7010796 0.3572178 -0.1306246
-0.6925334 0.3528633 -0.1134976
-0.6852109 0.3491322 -0.09567082
-0.6791572 0.3460478 -0.07725426
-0.6744096 0.3436287 -0.05836134
-0.6709974 0.3418901 -0.03910861
-0.6689416 0.3408427 -0.01961476
-0.668255 0.3404928 2.185569e-08
-0.6689416 0.3408427 0.01961474
-0.6709974 0.3418901 0.03910865
-0.6744096 0.3436287 0.05836133
-0.6791572 0.3460478 0.0772543
-0.6852109 0.3491323 0.09567086
-0.6925334 0.3528633 0.1134976
-0.7010796 0.3572178 0.1306247
-0.7107967 0.3621689 0.1469463
-0.7216249 0.3676861 0.162362
-0.7334974 0.3737355 0.1767767
-0.746341 0.3802796 0.1901015
-0.7600765 0.3872782 0.2022543
-0.7746192 0.394688 0.21316
-0.7898795 0.4024636 0.2227517
-0.8057632 0.4105567 0.2309699
-0.8221726 0.4189177 0.2377641
-0.8390062 0.4274949 0.2430925
-0.8561605 0.4362354 0.2469221
-0.8735297 0.4450854 0.2492293
-0.8910066 0.4539904 0.25
-0.9084835 0.4628953 0.2492293
-0.9258527 0.4717453 0.2469221
-0.9430069 0.4804859 0.2430925
-0.9598407 0.4890631 0.2377641
-0.97625 0.497424 0.2309699
-0.9921337 0.5055172 0.2227516
-1.007394 0.5132927 0.21316
-1.021937 0.5207026 0.2022542
-1.035672 0.5277012 0.1901014
-1.048516 0.5342453 0.1767766
-1.060388 0.5402946 0.1623619
-1.071216 0.5458118 0.1469463
-1.080934 0.550763 0.1306245
-1.08948 0.5551175 0.1134976
-1.096802 0.5588485 0.09567074
-1.102856 0.561933 0.07725424
-1.107604 0.564352 0.05836132
-1.111016 0.5660906 0.03910859
-1.113072 0.5671381 0.01961474
-1.141932 0.5084207 0
-1.141228 0.5081072 -0.01961477
-1.13912 0.5071688 -0.03910862
-1.135622 0.5056112 -0.05836134
-1.130754 0.503444 -0.07725425
-1.124547 0.5006805 -0.09567086
-1.117039 0.4973378 -0.1134976
-1.108277 0.4934366 -0.1306247
-1.098314 0.4890008 -0.1469463
-1.087212 0.4840578 -0.162362
-1.075039 0.4786381 -0.1767767
-1.061871 0.4727752 -0.1901015
-1.047788 0.466505 -0.2022543
-1.032877 0.4598664 -0.2131601
-1.017231 0.4529002 -0.2227516
-1.000945 0.4456494 -0.2309699
-0.9841207 0.4381587 -0.2377641
-0.9668612 0.4304743 -0.2430925
-0.949273 0.4226435 -0.2469221
-0.9314645 0.4147146 -0.2492293
-0.9135455 0.4067366 -0.25
-0.8956265 0.3987585 -0.2492293
-0.877818 0.3908297 -0.2469221
-0.8602297 0.3829989 -0.2430925
-0.8429702 0.3753144 -0.2377641
-0.8261458 0.3678237 -0.2309699
-0.8098602 0.3605729 -0.2227516
-0.7942139 0.3536068 -0.21316
-0.7793033 0.3469681 -0.2022542
-0.7652204 0.340698 -0.1901015
-0.7520519 0.3348351 -0.1767767
-0.7398791 0.3294154 -0.162362
-0.7287771 0.3244724 -0.1469463
-0.7188141 0.3200366 -0.1306246
-0.7100517 0.3161353 -0.1134976
-0.702544 0.3127927 -0.09567082
-0.6963372 0.3100292 -0.07725426
-0.6914694 0.307862 -0.05836134
-0.6879709 0.3063043 -0.03910861
-0.6858631 0.3053659 -0.01961476
-0.6851591 0.3050524 2.185569e-08
-0.6858631 0.3053659 0.01961474
-0.6879709 0.3063043 0.03910865
-0.6914694 0.307862 0.05836133
-0.6963372 0.3100292 0.0772543
-0.702544 0.3127927 0.09567086
-0.7100518 0.3161353 0.1134976
-0.7188141 0.3200366 0.1306247
-0.7287771 0.3244724 0.1469463
-0.7398791 0.3294154 0.162362
-0.7520519 0.3348351 0.1767767
-0.7652204 0.340698 0.1901015
-0.7793034 0.3469682 0.2022543
-0.7942139 0.3536068 0.21316
-0.8098603 0.360573 0.2227517
-0.8261458 0.3678237 0.2309699
-0.8429703 0.3753145 0.2377641
-0.8602297 0.3829989 0.2430925
-0.877818 0.3908297 0.2469221
-0.8956265 0.3987585 0.2492293
-0.9135455 0.4067366 0.25
-0.9314645 0.4147146 0.2492293
-0.949273 0.4226435 0.2469221
-0.9668612 0.4304743 0.2430925
-0.9841208 0.4381587 0.2377641
-1.000945 0.4456494 0.2309699
-1.017231 0.4529002 0.2227516
-1.032877 0.4598664 0.21316
-1.047788 0.4665051 0.2022542
-1.061871 0.4727752 0.1901014
-1.075039 0.4786382 0.1767766
-1.087212 0.4840578 0.1623619
-1.098314 0.4890008 0.1469463
-1.108277 0.4934366 0.1306245
-1.117039 0.4973378 0.1134976
-1.124547 0.5006805 0.09567074
-1.130754 0.503444 0.07725424
-1.135622 0.5056112 0.05836132
-1.13912 0.5071688 0.03910859
-1.141228 0.5081073 0.01961474
-1.166976 0.4479599 0
-1.166256 0.4476837 -0.01961477
-1.164102 0.4468569 -0.03910862
-1.160527 0.4454845 -0.05836134
-1.155552 0.443575 -0.07725425
-1.149209 0.4411401 -0.09567086
-1.141537 0.438195 -0.1134976
-1.132583 0.4347576 -0.1306247
-1.122401 0.4308494 -0.1469463
-1.111055 0.4264942 -0.162362
-1.098616 0.421719 -0.1767767
-1.085158 0.4165533 -0.1901015
-1.070767 0.4110288 -0.2022543
-1.055529 0.4051796 -0.2131601
-1.03954 0.3990418 -0.2227516
-1.022897 0.3926533 -0.2309699
-1.005703 0.3860534 -0.2377641
-0.9880655 0.3792827 -0.2430925
-0.9700915 0.3723832 -0.2469221
-0.9518924 0.3653972 -0.2492293
-0.9335805 0.3583679 -0.25
-0.9152685 0.3513386 -0.2492293
-0.8970694 0.3443526 -0.2469221
-0.8790954 0.3374531 -0.2430925
-0.8614574 0.3306825 -0.2377641
-0.844264 0.3240826 -0.2309699
-0.8276213 0.317694 -0.2227516
-0.8116318 0.3115562 -0.21316
-0.7963942 0.3057071 -0.2022542
-0.7820024 0.3001826 -0.1901015
-0.7685452 0.2950168 -0.1767767
-0.7561054 0.2902416 -0.162362
-0.7447598 0.2858865 -0.1469463
-0.7345784 0.2819782 -0.1306246
-0.7256238 0.2785409 -0.1134976
-0.7179515 0.2755957 -0.09567082
-0.7116085 0.2731609 -0.07725426
-0.706634 0.2712514 -0.05836134
-0.7030588 0.269879 -0.03910861
-0.7009048 0.2690521 -0.01961476
-0.7001854 0.2687759 2.185569e-08
-0.7009048 0.2690521 0.01961474
-0.7030588 0.269879 0.03910865
-0.706634 0.2712514 0.05836133
-0.7116085 0.2731609 0.0772543
-0.7179515 0.2755957 0.09567086
-0.7256239 0.2785409 0.1134976
-0.7345784 0.2819782 0.1306247
-0.7447599 0.2858865 0.1469463
-0.7561054 0.2902417 0.162362
-0.7685452 0.2950168 0.1767767
-0.7820025 0.3001826 0.1901015
-0.7963943 0.3057071 0.2022543
-0.8116318 0.3115562 0.21316
-0.8276213 0.317694 0.2227517
-0.844264 0.3240826 0.2309699
-0.8614575 0.3306825 0.2377641
-0.8790954 0.3374531 0.2430925
-0.8970694 0.3443526 0.2469221
-0.9152685 0.3513386 0.2492293
-0.9335805 0.3583679 0.25
-0.9518924 0.3653972 0.2492293
-0.9700915 0.3723832 0.2469221
-0.9880655 0.3792828 0.2430925
-1.005704 0.3860534 0.2377641
-1.022897 0.3926533 0.2309699
-1.03954 0.3990418 0.2227516
-1.055529 0.4051796 0.21316
-1.070767 0.4110288 0.2022542
-1.085158 0.4165533 0.1901014
-1.098616 0.421719 0.1767766
-1.111056 0.4264942 0.1623619
-1.122401 0.4308493 0.1469463
-1.132583 0.4347576 0.1306245
-1.141537 0.438195 0.1134976
-1.149209 0.4411401 0.09567074
-1.155552 0.443575 0.07725424
-1.160527 0.4454845 0.05836132
-1.164102 0.4468569 0.03910859
-1.166256 0.4476837 0.01961474
-1.188821 0.386271 0
-1.188088 0.3860328 -0.01961477
-1.185894 0.3853199 -0.03910862
-1.182251 0.3841364 -0.05836134
-1.177184 0.3824899 -0.07725425
-1.170722 0.3803903 -0.09567086
-1.162906 0.3778508 -0.1134976
-1.153784 0.3748868 -0.1306247
-1.143412 0.3715168 -0.1469463
-1.131854 0.3677613 -0.162362
-1.119181 0.3636438 -0.1767767
-1.105472 0.3591894 -0.1901015
-1.090811 0.3544257 -0.2022543
-1.075288 0.349382 -0.2131601
-1.058999 0.3440894 -0.2227516
-1.042045 0.3385807 -0.2309699
-1.02453 0.3328896 -0.2377641
-1.006562 0.3270514 -0.2430925
-0.9882511 0.321102 -0.2469221
-0.9697114 0.3150781 -0.2492293
-0.9510566 0.3090168 -0.25
-0.9324018 0.3029555 -0.2492293
-0.913862 0.2969316 -0.2469221
-0.8955517 0.2909822 -0.2430925
-0.8775834 0.2851439 -0.2377641
-0.8600682 0.2794529 -0.2309699
-0.8431139 0.2739441 -0.2227516
-0.8268251 0.2686516 -0.21316
-0.8113023 0.2636079 -0.2022542
-0.7966411 0.2588442 -0.1901015
-0.7829319 0.2543898 -0.1767767
-0.7702593 0.2502722 -0.162362
-0.7587013 0.2465168 -0.1469463
-0.7483293 0.2431467 -0.1306246
-0.7392071 0.2401828 -0.1134976
-0.7313911 0.2376432 -0.09567082
-0.7249295 0.2355437 -0.07725426
-0.7198619 0.2338971 -0.05836134
-0.7162197 0.2327137 -0.03910861
-0.7140254 0.2320007 -0.01961476
-0.7132925 0.2317626 2.185569e-08
-0.7140254 0.2320007 0.01961474
-0.7162197 0.2327137 0.03910865
-0.7198619 0.2338971 0.05836133
-0.7249295 0.2355437 0.0772543
-0.7313912 0.2376432 0.09567086
-0.7392072 0.2401828 0.1134976
-0.7483293 0.2431468 0.1306247
-0.7587014 0.2465168 0.1469463
-0.7702593 0.2502722 0.162362
-0.782932 0.2543898 0.1767767
-0.7966412 0.2588442 0.1901015
-0.8113024 0.2636079 0.2022543
-0.8268251 0.2686516 0.21316
-0.843114 0.2739441 0.2227517
-0.8600681 0.2794529 0.2309699
-0.8775835 0.285144 0.2377641
-0.8955516 0.2909822 0.2430925
-0.9138621 0.2969316 0.2469221
-0.9324018 0.3029555 0.2492293
-0.9510566 0.3090168 0.25
-0.9697114 0.3150781 0.2492293
-0.9882511 0.321102 0.2469221
-1.006562 0.3270514 0.2430925
-1.02453 0.3328897 0.2377641
-1.042045 0.3385807 0.2309699
-1.058999 0.3440895 0.2227516
-1.075288 0.349382 0.21316
-1.090811 0.3544257 0.2022542
-1.105472 0.3591894 0.1901014
-1.119181 0.3636438 0.1767766
-1.131854 0.3677614 0.1623619
-1.143412 0.3715168 0.1469463
-1.153784 0.3748868 0.1306245
-1.162906 0.3778508 0.1134976
-1.170722 0.3803904 0.09567074
-1.177184 0.3824899 0.07725424
-1.182251 0.3841364 0.05836132
-1.185894 0.3853199 0.03910859
-1.188088 0.3860328 0.01961474
-1.207407 0.3235236 0
-1.206663 0.3233242 -0.01961477
-1.204434 0.322727 -0.03910862
-1.200735 0.3217359 -0.05836134
-1.195588 0.3203568 -0.07725425
-1.189026 0.3185983 -0.09567086
-1.181087 0.3164713 -0.1134976
-1.171823 0.3139888 -0.1306247
-1.161288 0.3111662 -0.1469463
-1.14955 0.3080208 -0.162362
-1.136679 0.3045721 -0.1767767
-1.122756 0.3008413 -0.1901015
-1.107865 0.2968514 -0.2022543
-1.0921 0.292627 -0.2131601
-1.075556 0.2881942 -0.2227516
-1.058337 0.2835804 -0.2309699
-1.040548 0.2788138 -0.2377641
-1.022299 0.2739239 -0.2430925
-1.003702 0.268941 -0.2469221
-0.9848723 0.2638956 -0.2492293
-0.9659259 0.2588189 -0.25
-0.9469795 0.2537422 -0.2492293
-0.9281498 0.2486969 -0.2469221
-0.9095531 0.2437139 -0.2430925
-0.891304 0.2388241 -0.2377641
-0.8735149 0.2340575 -0.2309699
-0.8562956 0.2294436 -0.2227516
-0.8397521 0.2250108 -0.21316
-0.8239866 0.2207864 -0.2022542
-0.8090962 0.2167966 -0.1901015
-0.7951727 0.2130658 -0.1767767
-0.7823019 0.209617 -0.162362
-0.7705632 0.2064717 -0.1469463
-0.7600291 0.2036491 -0.1306246
-0.7507643 0.2011666 -0.1134976
-0.742826 0.1990395 -0.09567082
-0.7362634 0.1972811 -0.07725426
-0.7311165 0.195902 -0.05836134
-0.7274175 0.1949108 -0.03910861
-0.7251888 0.1943136 -0.01961476
-0.7244444 0.1941142 2.185569e-08
-0.7251888 0.1943136 0.01961474
-0.7274175 0.1949108 0.03910865
-0.7311165 0.195902 0.05836133
-0.7362634 0.1972811 0.0772543
-0.7428261 0.1990395 0.09567086
-0.7507643 0.2011666 0.1134976
-0.7600291 0.2036491 0.1306247
-0.7705632 0.2064717 0.1469463
-0.7823019 0.2096171 0.162362
-0.7951727 0.2130658 0.1767767
-0.8090962 0.2167966 0.1901015
-0.8239866 0.2207865 0.2022543
-0.8397521 0.2250108 0.21316
-0.8562956 0.2294436 0.2227517
-0.8735149 0.2340575 0.2309699
-0.8913041 0.2388241 0.2377641
-0.9095531 0.2437139 0.2430925
-0.9281498 0.2486969 0.2469221
-0.9469795 0.2537422 0.2492293
-0.9659259 0.2588189 0.25
-0.9848723 0.2638956 0.2492293
-1.003702 0.268941 0.2469221
-1.022299 0.273924 0.2430925
-1.040548 0.2788138 0.2377641
-1.058337 0.2835804 0.2309699
-1.075556 0.2881943 0.2227516
-1.0921 0.2926271 0.21316
-1.107865 0.2968514 0.2022542
-1.122756 0.3008413 0.1901014
-1.136679 0.3045721 0.1767766
-1.14955 0.3080208 0.1623619
-1.161288 0.3111661 0.1469463
-1.171823 0.3139888 0.1306245
-1.181087 0.3164713 0.1134976
-1.189026 0.3185983 0.09567074
-1.195588 0.3203568 0.07725424
-1.200735 0.3217359 0.05836132
-1.204434 0.322727 0.03910859
-1.206663 0.3233242 0.01961474
-1.222685 0.2598895 0
-1.221931 0.2597293 -0.01961477
-1.219674 0.2592496 -0.03910862
-1.215928 0.2584534 -0.05836134
-1.210716 0.2573455 -0.07725425
-1.20407 0.2559329 -0.09567086
-1.196032 0.2542243 -0.1134976
-1.18665 0.25223 -0.1306247
-1.175982 0.2499626 -0.1469463
-1.164095 0.2474359 -0.162362
-1.151061 0.2446655 -0.1767767
-1.136962 0.2416686 -0.1901015
-1.121883 0.2384635 -0.2022543
-1.105918 0.23507 -0.2131601
-1.089165 0.2315091 -0.2227516
-1.071728 0.2278027 -0.2309699
-1.053714 0.2239737 -0.2377641
-1.035234 0.2200456 -0.2430925
-1.016402 0.2160427 -0.2469221
-0.9973338 0.2119897 -0.2492293
-0.9781476 0.2079116 -0.25
-0.9589615 0.2038335 -0.2492293
-0.9398936 0.1997805 -0.2469221
-0.9210616 0.1957776 -0.2430925
-0.9025816 0.1918496 -0.2377641
-0.8845674 0.1880205 -0.2309699
-0.8671302 0.1843141 -0.2227516
-0.8503774 0.1807532 -0.21316
-0.8344124 0.1773598 -0.2022542
-0.8193336 0.1741547 -0.1901015
-0.805234 0.1711577 -0.1767767
-0.7922003 0.1683873 -0.162362
-0.7803131 0.1658606 -0.1469463
-0.7696456 0.1635932 -0.1306246
-0.7602636 0.161599 -0.1134976
-0.752225 0.1598903 -0.09567082
-0.7455792 0.1584777 -0.07725426
-0.7403673 0.1573699 -0.05836134
-0.7366214 0.1565736 -0.03910861
-0.7343645 0.1560939 -0.01961476
-0.7336107 0.1559337 2.185569e-08
-0.7343645 0.1560939 0.01961474
-0.7366214 0.1565737 0.03910865
-0.7403673 0.1573699 0.05836133
-0.7455792 0.1584777 0.0772543
-0.752225 0.1598903 0.09567086
-0.7602637 0.161599 0.1134976
-0.7696456 0.1635932 0.1306247
-0.7803131 0.1658606 0.1469463
-0.7922003 0.1683873 0.162362
-0.805234 0.1711577 0.1767767
-0.8193337 0.1741547 0.1901015
-0.8344125 0.1773598 0.2022543
-0.8503774 0.1807532 0.21316
-0.8671303 0.1843141 0.2227517
-0.8845674 0.1880205 0.2309699
-0.9025816 0.1918496 0.2377641
-0.9210616 0.1957776 0.2430925
-0.9398936 0.1997805 0.2469221
-0.9589615 0.2038335 0.2492293
-0.9781476 0.2079116 0.25
-0.9973338 0.2119897 0.2492293
-1.016402 0.2160428 0.2469221
-1.035234 0.2200456 0.2430925
-1.053714 0.2239737 0.2377641
-1.071728 0.2278027 0.2309699
-1.089165 0.2315091 0.2227516
-1.105918 0.23507 0.21316
-1.121883 0.2384635 0.2022542
-1.136962 0.2416686 0.1901014
-1.151061 0.2446655 0.1767766
-1.164095 0.2474359 0.1623619
-1.175982 0.2499626 0.1469463
-1.18665 0.2522301 0.1306245
-1.196032 0.2542243 0.1134976
-1.20407 0.2559329 0.09567074
-1.210716 0.2573455 0.07725424
-1.215928 0.2584534 0.05836132
-1.219674 0.2592496 0.03910859
-1.221931 0.2597293 0.01961474
-1.23461 0.1955431 0
-1.233849 0.1954225 -0.01961477
-1.23157 0.1950616 -0.03910862
-1.227788 0.1944625 -0.05836134
-1.222525 0.193629 -0.07725425
-1.215815 0.1925661 -0.09567086
-1.207698 0.1912805 -0.1134976
-1.198224 0.18978 -0.1306247
-1.187453 0.188074 -0.1469463
-1.175449 0.1861729 -0.162362
-1.162289 0.1840884 -0.1767767
-1.148051 0.1818335 -0.1901015
-1.132825 0.1794219 -0.2022543
-1.116705 0.1768686 -0.2131601
-1.099789 0.1741894 -0.2227516
-1.082181 0.1714007 -0.2309699
-1.063991 0.1685197 -0.2377641
-1.045331 0.1655642 -0.2430925
-1.026315 0.1625524 -0.2469221
-1.007062 0.1595029 -0.2492293
-0.9876884 0.1564344 -0.25
-0.9683151 0.153366 -0.2492293
-0.9490612 0.1503165 -0.2469221
-0.9300455 0.1473047 -0.2430925
-0.9113852 0.1443492 -0.2377641
-0.8931953 0.1414682 -0.2309699
-0.8755881 0.1386795 -0.2227516
-0.8586719 0.1360002 -0.21316
-0.8425512 0.133447 -0.2022542
-0.8273253 0.1310354 -0.1901015
-0.8130881 0.1287805 -0.1767767
-0.7999274 0.126696 -0.162362
-0.7879242 0.1247949 -0.1469463
-0.7771527 0.1230889 -0.1306246
-0.7676792 0.1215884 -0.1134976
-0.7595621 0.1203028 -0.09567082
-0.7528515 0.1192399 -0.07725426
-0.7475888 0.1184064 -0.05836134
-0.7438063 0.1178073 -0.03910861
-0.7415274 0.1174464 -0.01961476
-0.7407663 0.1173258 2.185569e-08
-0.7415274 0.1174464 0.01961474
-0.7438063 0.1178073 0.03910865
-0.7475888 0.1184064 0.05836133
-0.7528515 0.1192399 0.0772543
-0.7595621 0.1203028 0.09567086
-0.7676792 0.1215884 0.1134976
-0.7771527 0.1230889 0.1306247
-0.7879242 0.1247949 0.1469463
-0.7999274 0.126696 0.162362
-0.8130881 0.1287805 0.1767767
-0.8273253 0.1310354 0.1901015
-0.8425512 0.133447 0.2022543
-0.8586719 0.1360002 0.21316
-0.8755882 0.1386795 0.2227517
-0.8931953 0.1414682 0.2309699
-0.9113853 0.1443492 0.2377641
-0.9300455 0.1473047 0.2430925
-0.9490612 0.1503165 0.2469221
-0.9683151 0.153366 0.2492293
-0.9876884 0.1564344 0.25
-1.007062 0.1595029 0.2492293
-1.026315 0.1625524 0.2469221
-1.045331 0.1655642 0.2430925
-1.063992 0.1685197 0.2377641
-1.082181 0.1714007 0.2309699
-1.099789 0.1741894 0.2227516
-1.116705 0.1768686 0.21316
-1.132826 0.1794219 0.2022542
-1.148052 0.1818335 0.1901014
-1.162289 0.1840884 0.1767766
-1.175449 0.1861729 0.1623619
-1.187453 0.188074 0.1469463
-1.198224 0.18978 0.1306245
-1.207698 0.1912805 0.1134976
-1.215815 0.1925661 0.09567074
-1.222525 0.193629 0.07725424
-1.227788 0.1944625 0.05836132
-1.23157 0.1950616 0.03910859
-1.233849 0.1954225 0.01961474
-1.243152 0.1306606 0
-1.242386 0.1305801 -0.01961477
-1.240091 0.1303389 -0.03910862
-1.236283 0.1299386 -0.05836134
-1.230983 0.1293816 -0.07725425
-1.224226 0.1286714 -0.09567086
-1.216053 0.1278124 -0.1134976
-1.206514 0.1268098 -0.1306247
-1.195668 0.1256698 -0.1469463
-1.183582 0.1243995 -0.162362
-1.17033 0.1230067 -0.1767767
-1.155995 0.1214999 -0.1901015
-1.140663 0.1198886 -0.2022543
-1.124431 0.1181825 -0.2131601
-1.107398 0.1163922 -0.2227516
-1.089669 0.1145288 -0.2309699
-1.071353 0.1126038 -0.2377641
-1.052564 0.1106289 -0.2430925
-1.033416 0.1086165 -0.2469221
-1.014029 0.1065788 -0.2492293
-0.9945219 0.1045285 -0.25
-0.9750146 0.1024782 -0.2492293
-0.9556275 0.1004405 -0.2469221
-0.9364803 0.09842807 -0.2430925
-0.9176909 0.09645322 -0.2377641
-0.8993751 0.09452816 -0.2309699
-0.881646 0.09266476 -0.2227516
-0.8646128 0.09087449 -0.21316
-0.8483806 0.08916841 -0.2022542
-0.8330494 0.08755704 -0.1901015
-0.8187136 0.08605029 -0.1767767
-0.8054618 0.08465747 -0.162362
-0.7933756 0.08338716 -0.1469463
-0.7825296 0.0822472 -0.1306246
-0.7729905 0.0812446 -0.1134976
-0.7648173 0.08038556 -0.09567082
-0.7580603 0.07967537 -0.07725426
-0.7527611 0.0791184 -0.05836134
-0.7489525 0.0787181 -0.03910861
-0.7466578 0.07847693 -0.01961476
-0.7458915 0.07839637 2.185569e-08
-0.7466578 0.07847693 0.01961474
-0.7489525 0.0787181 0.03910865
-0.7527611 0.0791184 0.05836133
-0.7580603 0.07967537 0.0772543
-0.7648173 0.08038556 0.09567086
-0.7729905 0.0812446 0.1134976
-0.7825296 0.0822472 0.1306247
-0.7933756 0.08338717 0.1469463
-0.8054618 0.08465748 0.162362
-0.8187137 0.08605029 0.1767767
-0.8330494 0.08755704 0.1901015
-0.8483806 0.08916842 0.2022543
-0.8646128 0.09087449 0.21316
-0.8816461 0.09266476 0.2227517
-0.8993751 0.09452816 0.2309699
-0.917691 0.09645323 0.2377641
-0.9364803 0.09842807 0.2430925
-0.9556275 0.1004405 0.2469221
-0.9750146 0.1024782 0.2492293
-0.9945219 0.1045285 0.25
-1.014029 0.1065788 0.2492293
-1.033416 0.1086165 0.2469221
-1.052564 0.1106289 0.2430925
-1.071353 0.1126038 0.2377641
-1.089669 0.1145288 0.2309699
-1.107398 0.1163922 0.2227516
-1.124431 0.1181825 0.21316
-1.140663 0.1198886 0.2022542
-1.155995 0.1215 0.1901014
-1.17033 0.1230067 0.1767766
-1.183582 0.1243995 0.1623619
-1.195668 0.1256698 0.1469463
-1.206514 0.1268098 0.1306245
-1.216053 0.1278124 0.1134976
-1.224227 0.1286714 0.09567074
-1.230983 0.1293816 0.07725424
-1.236283 0.1299386 0.05836132
-1.240091 0.1303389 0.03910859
-1.242386 0.1305801 0.01961474
-1.248287 0.06541976 0
-1.247517 0.06537943 -0.01961477
-1.245213 0.06525867 -0.03910862
-1.241389 0.06505825 -0.05836134
-1.236068 0.06477939 -0.07725425
-1.229283 0.06442381 -0.09567086
-1.221076 0.0639937 -0.1134976
-1.211498 0.06349172 -0.1306247
-1.200607 0.06292095 -0.1469463
-1.188471 0.06228492 -0.162362
-1.175164 0.06158756 -0.1767767
-1.160769 0.06083316 -0.1901015
-1.145375 0.06002636 -0.2022543
-1.129075 0.05917215 -0.2131601
-1.111972 0.0582758 -0.2227516
-1.094169 0.05734282 -0.2309699
-1.075778 0.05637897 -0.2377641
-1.056911 0.0553902 -0.2430925
-1.037685 0.05438259 -0.2469221
-1.018217 0.05336237 -0.2492293
-0.9986296 0.05233581 -0.25
-0.9790416 0.05130925 -0.2492293
-0.9595745 0.05028903 -0.2469221
-0.9403482 0.04928142 -0.2430925
-0.9214812 0.04829264 -0.2377641
-0.9030898 0.0473288 -0.2309699
-0.8852875 0.04639582 -0.2227516
-0.8681839 0.04549946 -0.21316
-0.8518846 0.04464525 -0.2022542
-0.83649 0.04383846 -0.1901015
-0.8220952 0.04308406 -0.1767767
-0.8087886 0.0423867 -0.162362
-0.7966525 0.04175067 -0.1469463
-0.7857617 0.04117991 -0.1306246
-0.7761832 0.04067792 -0.1134976
-0.7679762 0.04024781 -0.09567082
-0.7611913 0.03989223 -0.07725426
-0.7558702 0.03961337 -0.05836134
-0.7520459 0.03941294 -0.03910861
-0.7497418 0.03929219 -0.01961476
-0.7489722 0.03925186 2.185569e-08
-0.7497418 0.03929219 0.01961474
-0.7520459 0.03941294 0.03910865
-0.7558702 0.03961337 0.05836133
-0.7611913 0.03989223 0.0772543
-0.7679762 0.04024781 0.09567086
-0.7761832 0.04067792 0.1134976
-0.7857617 0.04117991 0.1306247
-0.7966525 0.04175067 0.1469463
-0.8087886 0.0423867 0.162362
-0.8220952 0.04308406 0.1767767
-0.8364901 0.04383846 0.1901015
-0.8518847 0.04464526 0.2022543
-0.8681839 0.04549946 0.21316
-0.8852875 0.04639582 0.2227517
-0.9030898 0.0473288 0.2309699
-0.9214813 0.04829265 0.2377641
-0.9403482 0.04928142 0.2430925
-0.9595745 0.05028903 0.2469221
-0.9790417 0.05130925 0.2492293
-0.9986296 0.05233581 0.25
-1.018217 0.05336237 0.2492293
-1.037685 0.05438259 0.2469221
-1.056911 0.0553902 0.2430925
-1.075778 0.05637898 0.2377641
-1.094169 0.05734282 0.2309699
-1.111972 0.0582758 0.2227516
-1.129075 0.05917216 0.21316
-1.145375 0.06002637 0.2022542
-1.160769 0.06083316 0.1901014
-1.175164 0.06158756 0.1767766
-1.188471 0.06228493 0.1623619
-1.200607 0.06292095 0.1469463
-1.211498 0.06349172 0.1306245
-1.221076 0.0639937 0.1134976
-1.229283 0.06442381 0.09567074
-1.236068 0.06477939 0.07725424
-1.241389 0.06505825 0.05836132
-1.245213 0.06525867 0.03910859
-1.247517 0.06537943 0.01961474
-1.25 -1.092785e-07 0
-1.249229 -1.092111e-07 -0.01961477
-1.246922 -1.090094e-07 -0.03910862
-1.243093 -1.086746e-07 -0.05836134
-1.237764 -1.082088e-07 -0.07725425
-1.23097 -1.076148e-07 -0.09567086
-1.222752 -1.068963e-07 -0.1134976
-1.21316 -1.060578e-07 -0.1306247
-1.202254 -1.051044e-07 -0.1469463
-1.190102 -1.04042e-07 -0.162362
-1.176777 -1.028771e-07 -0.1767767
-1.162362 -1.016169e-07 -0.1901015
-1.146946 -1.002692e-07 -0.2022543
-1.130625 -9.884234e-08 -0.2131601
-1.113498 -9.734505e-08 -0.2227516
-1.095671 -9.578659e-08 -0.2309699
-1.077254 -9.417656e-08 -0.2377641
-1.058361 -9.252489e-08 -0.2430925
-1.039109 -9.084176e-08 -0.2469221
-1.019615 -8.913756e-08 -0.2492293
-1 -8.742278e-08 -0.25
-0.9803852 -8.5708e-08 -0.2492293
-0.9608914 -8.400379e-08 -0.2469221
-0.9416386 -8.232067e-08 -0.2430925
-0.9227458 -8.0669e-08 -0.2377641
-0.9043291 -7.905896e-08 -0.2309699
-0.8865023 -7.750049e-08 -0.2227516
-0.8693753 -7.60032e-08 -0.21316
-0.8530536 -7.457632e-08 -0.2022542
-0.837638 -7.322864e-08 -0.1901015
-0.8232233 -7.196846e-08 -0.1767767
-0.8098985 -7.080357e-08 -0.162362
-0.7977457 -6.974115e-08 -0.1469463
-0.78684 -6.878773e-08 -0.1306246
-0.7772484 -6.794921e-08 -0.1134976
-0.7690301 -6.723074e-08 -0.09567082
-0.7622359 -6.663678e-08 -0.07725426
-0.7569075 -6.617095e-08 -0.05836134
-0.7530779 -6.583616e-08 -0.03910861
-0.7507707 -6.563445e-08 -0.01961476
-0.75 -6.556708e-08 2.185569e-08
-0.7507707 -6.563445e-08 0.01961474
-0.7530779 -6.583616e-08 0.03910865
-0.7569075 -6.617095e-08 0.05836133
-0.7622359 -6.663678e-08 0.0772543
-0.7690301 -6.723075e-08 0.09567086
-0.7772484 -6.794921e-08 0.1134976
-0.78684 -6.878773e-08 0.1306247
-0.7977458 -6.974115e-08 0.1469463
-0.8098985 -7.080358e-08 0.162362
-0.8232234 -7.196847e-08 0.1767767
-0.837638 -7.322864e-08 0.1901015
-0.8530537 -7.457633e-08 0.2022543
-0.8693753 -7.60032e-08 0.21316
-0.8865024 -7.75005e-08 0.2227517
-0.9043291 -7.905896e-08 0.2309699
-0.9227458 -8.0669e-08 0.2377641
-0.9416386 -8.232067e-08 0.2430925
-0.9608914 -8.400379e-08 0.2469221
-0.9803852 -8.5708e-08 0.2492293
-1 -8.742278e-08 0.25
-1.019615 -8.913756e-08 0.2492293
-1.039109 -9.084176e-08 0.2469221
-1.058361 -9.252489e-08 0.2430925
-1.077254 -9.417656e-08 0.2377641
-1.095671 -9.578659e-08 0.2309699
-1.113498 -9.734506e-08 0.2227516
-1.130625 -9.884235e-08 0.21316
-1.146946 -1.002692e-07 0.2022542
-1.162362 -1.016169e-07 0.1901014
-1.176777 -1.028771e-07 0.1767766
-1.190102 -1.04042e-07 0.1623619
-1.202254 -1.051044e-07 0.1469463
-1.21316 -1.060578e-07 0.1306245
-1.222752 -1.068963e-07 0.1134976
-1.23097 -1.076148e-07 0.09567074
-1.237764 -1.082088e-07 0.07725424
-1.243093 -1.086746e-07 0.05836132
-1.246922 -1.090094e-07 0.03910859
-1.249229 -1.092111e-07 0.01961474
-1.248287 -0.06542028 0
-1.247517 -0.06537995 -0.01961477
-1.245213 -0.0652592 -0.03910862
-1.241389 -0.06505877 -0.05836134
-1.236068 -0.0647799 -0.07725425
-1.229283 -0.06442431 -0.09567086
-1.221076 -0.0639942 -0.1134976
-1.211497 -0.06349222 -0.1306247
-1.200607 -0.06292145 -0.1469463
-1.18847 -0.06228542 -0.162362
-1.175164 -0.06158805 -0.1767767
-1.160769 -0.06083364 -0.1901015
-1.145374 -0.06002684 -0.2022543
-1.129075 -0.05917262 -0.2131601
-1.111972 -0.05827626 -0.2227516
-1.094169 -0.05734327 -0.2309699
-1.075778 -0.05637942 -0.2377641
-1.056911 -0.05539063 -0.2430925
-1.037685 -0.05438302 -0.2469221
-1.018217 -0.05336279 -0.2492293
-0.9986295 -0.05233622 -0.25
-0.9790416 -0.05130966 -0.2492293
-0.9595745 -0.05028943 -0.2469221
-0.9403481 -0.04928181 -0.2430925
-0.9214811 -0.04829303 -0.2377641
-0.9030898 -0.04732917 -0.2309699
-0.8852874 -0.04639618 -0.2227516
-0.8681839 -0.04549982 -0.21316
-0.8518845 -0.04464561 -0.2022542
-0.83649 -0.04383881 -0.1901015
-0.8220951 -0.0430844 -0.1767767
-0.8087885 -0.04238703 -0.162362
-0.7966524 -0.041751 -0.1469463
-0.7857616 -0.04118023 -0.1306246
-0.7761831 -0.04067824 -0.1134976
-0.7679762 -0.04024813 -0.09567082
-0.7611912 -0.03989255 -0.07725426
-0.7558702 -0.03961368 -0.05836134
-0.7520458 -0.03941325 -0.03910861
-0.7497417 -0.0392925 -0.01961476
-0.7489721 -0.03925217 2.185569e-08
-0.7497417 -0.0392925 0.01961474
-0.7520459 -0.03941325 0.03910865
-0.7558702 -0.03961368 0.05836133
-0.7611912 -0.03989255 0.0772543
-0.7679762 -0.04024813 0.09567086
-0.7761831 -0.04067824 0.1134976
-0.7857616 -0.04118023 0.1306247
-0.7966524 -0.041751 0.1469463
-0.8087885 -0.04238703 0.162362
-0.8220952 -0.0430844 0.1767767
-0.83649 -0.04383881 0.1901015
-0.8518846 -0.04464561 0.2022543
-0.8681839 -0.04549982 0.21316
-0.8852875 -0.04639619 0.2227517
-0.9030898 -0.04732917 0.2309699
-0.9214813 -0.04829303 0.2377641
-0.9403481 -0.04928181 0.2430925
-0.9595745 -0.05028943 0.2469221
-0.9790416 -0.05130966 0.2492293
-0.9986295 -0.05233622 0.25
-1.018217 -0.05336279 0.2492293
-1.037685 -0.05438302 0.2469221
-1.056911 -0.05539064 0.2430925
-1.075778 -0.05637942 0.2377641
-1.094169 -0.05734328 0.2309699
-1.111972 -0.05827626 0.2227516
-1.129075 -0.05917263 0.21316
-1.145375 -0.06002684 0.2022542
-1.160769 -0.06083364 0.1901014
-1.175164 -0.06158805 0.1767766
-1.18847 -0.06228542 0.1623619
-1.200607 -0.06292145 0.1469463
-1.211497 -0.06349222 0.1306245
-1.221076 -0.0639942 0.1134976
-1.229283 -0.06442432 0.09567074
-1.236068 -0.0647799 0.07725424
-1.241389 -0.06505877 0.05836132
-1.245213 -0.0652592 0.03910859
-1.247517 -0.06537995 0.01961474
-1.243152 -0.1306605 0
-1.242386 -0.13058 -0.01961477
-1.240091 -0.1303388 -0.03910862
-1.236283 -0.1299385 -0.05836134
-1.230983 -0.1293816 -0.07725425
-1.224226 -0.1286713 -0.09567086
-1.216053 -0.1278123 -0.1134976
-1.206514 -0.1268097 -0.1306247
-1.195668 -0.1256697 -0.1469463
-1.183582 -0.1243994 -0.162362
-1.17033 -0.1230066 -0.1767767
-1.155995 -0.1214999 -0.1901015
-1.140663 -0.1198885 -0.2022543
-1.124431 -0.1181824 -0.2131601
-1.107398 -0.1163922 -0.2227516
-1.089669 -0.1145288 -0.2309699
-1.071353 -0.1126037 -0.2377641
-1.052564 -0.1106289 -0.2430925
-1.033416 -0.1086164 -0.2469221
-1.014029 -0.1065787 -0.2492293
-0.9945219 -0.1045284 -0.25
-0.9750146 -0.1024781 -0.2492293
-0.9556275 -0.1004405 -0.2469221
-0.9364803 -0.09842801 -0.2430925
-0.9176909 -0.09645317 -0.2377641
-0.8993751 -0.09452811 -0.2309699
-0.881646 -0.0926647 -0.2227516
-0.8646128 -0.09087444 -0.21316
-0.8483806 -0.08916836 -0.2022542
-0.8330494 -0.08755699 -0.1901015
-0.8187136 -0.08605024 -0.1767767
-0.8054618 -0.08465742 -0.162362
-0.7933756 -0.08338711 -0.1469463
-0.7825296 -0.08224715 -0.1306246
-0.7729905 -0.08124456 -0.1134976
-0.7648173 -0.08038551 -0.09567082
-0.7580603 -0.07967532 -0.07725426
-0.7527611 -0.07911836 -0.05836134
-0.7489525 -0.07871805 -0.03910861
-0.7466578 -0.07847688 -0.01961476
-0.7458915 -0.07839633 2.185569e-08
-0.7466578 -0.07847688 0.01961474
-0.7489525 -0.07871806 0.03910865
-0.7527611 -0.07911836 0.05836133
-0.7580603 -0.07967532 0.0772543
-0.7648173 -0.08038551 0.09567086
-0.7729905 -0.08124456 0.1134976
-0.7825296 -0.08224715 0.1306247
-0.7933756 -0.08338711 0.1469463
-0.8054618 -0.08465742 0.162362
-0.8187137 -0.08605024 0.1767767
-0.8330494 -0.08755699 0.1901015
-0.8483806 -0.08916837 0.2022543
-0.8646128 -0.09087444 0.21316
-0.8816461 -0.09266471 0.2227517
-0.8993751 -0.09452811 0.2309699
-0.917691 -0.09645317 0.2377641
-0.9364803 -0.09842801 0.2430925
-0.9556275 -0.1004405 0.2469221
-0.9750146 -0.1024781 0.2492293
-0.9945219 -0.1045284 0.25
-1.014029 -0.1065787 0.2492293
-1.033416 -0.1086164 0.2469221
-1.052564 -0.1106289 0.2430925
-1.071353 -0.1126037 0.2377641
-1.089669 -0.1145288 0.2309699
-1.107398 -0.1163922 0.2227516
-1.124431 -0.1181824 0.21316
-1.140663 -0.1198885 0.2022542
-1.155995 -0.1214999 0.1901014
-1.17033 -0.1230066 0.1767766
-1.183582 -0.1243995 0.1623619
-1.195668 -0.1256697 0.1469463
-1.206514 -0.1268097 0.1306245
-1.216053 -0.1278123 0.1134976
-1.224227 -0.1286714 0.09567074
-1.230983 -0.1293816 0.07725424
-1.236283 -0.1299385 0.05836132
-1.240091 -0.1303388 0.03910859
-1.242386 -0.13058 0.01961474
-1.23461 -0.1955433 0
-1.233849 -0.1954227 -0.01961477
-1.23157 -0.1950618 -0.03910862
-1.227788 -0.1944627 -0.05836134
-1.222525 -0.1936291 -0.07725425
-1.215815 -0.1925663 -0.09567086
-1.207698 -0.1912807 -0.1134976
-1.198224 -0.1897802 -0.1306247
-1.187452 -0.1880742 -0.1469463
-1.175449 -0.1861731 -0.162362
-1.162289 -0.1840886 -0.1767767
-1.148051 -0.1818337 -0.1901015
-1.132825 -0.1794221 -0.2022543
-1.116705 -0.1768688 -0.2131601
-1.099789 -0.1741896 -0.2227516
-1.082181 -0.1714008 -0.2309699
-1.063991 -0.1685199 -0.2377641
-1.045331 -0.1655643 -0.2430925
-1.026315 -0.1625526 -0.2469221
-1.007062 -0.159503 -0.2492293
-0.9876883 -0.1564346 -0.25
-0.968315 -0.1533662 -0.2492293
-0.9490612 -0.1503167 -0.2469221
-0.9300455 -0.1473049 -0.2430925
-0.9113852 -0.1443494 -0.2377641
-0.8931953 -0.1414684 -0.2309699
-0.875588 -0.1386797 -0.2227516
-0.8586718 -0.1360004 -0.21316
-0.8425511 -0.1334471 -0.2022542
-0.8273252 -0.1310356 -0.1901015
-0.8130881 -0.1287806 -0.1767767
-0.7999272 -0.1266962 -0.162362
-0.7879241 -0.124795 -0.1469463
-0.7771526 -0.123089 -0.1306246
-0.7676791 -0.1215885 -0.1134976
-0.759562 -0.1203029 -0.09567082
-0.7528515 -0.1192401 -0.07725426
-0.7475887 -0.1184065 -0.05836134
-0.7438062 -0.1178074 -0.03910861
-0.7415274 -0.1174465 -0.01961476
-0.7407662 -0.117326 2.185569e-08
-0.7415274 -0.1174465 0.01961474
-0.7438062 -0.1178074 0.03910865
-0.7475887 -0.1184065 0.05836133
-0.7528515 -0.1192401 0.0772543
-0.7595621 -0.1203029 0.09567086
-0.7676791 -0.1215885 0.1134976
-0.7771527 -0.123089 0.1306247
-0.7879242 -0.124795 0.1469463
-0.7999273 -0.1266962 0.162362
-0.8130881 -0.1287806 0.1767767
-0.8273253 -0.1310356 0.1901015
-0.8425512 -0.1334471 0.2022543
-0.8586718 -0.1360004 0.21316
-0.8755881 -0.1386797 0.2227517
-0.8931953 -0.1414684 0.2309699
-0.9113853 -0.1443494 0.2377641
-0.9300455 -0.1473049 0.2430925
-0.9490612 -0.1503167 0.2469221
-0.968315 -0.1533662 0.2492293
-0.9876883 -0.1564346 0.25
-1.007062 -0.159503 0.2492293
-1.026315 -0.1625526 0.2469221
-1.045331 -0.1655643 0.2430925
-1.063991 -0.1685199 0.2377641
-1.082181 -0.1714008 0.2309699
-1.099789 -0.1741896 0.2227516
-1.116705 -0.1768688 0.21316
-1.132825 -0.1794221 0.2022542
-1.148051 -0.1818337 0.1901014
-1.162289 -0.1840886 0.1767766
-1.175449 -0.1861731 0.1623619
-1.187452 -0.1880742 0.1469463
-1.198224 -0.1897802 0.1306245
-1.207698 -0.1912807 0.1134976
-1.215815 -0.1925663 0.09567074
-1.222525 -0.1936291 0.07725424
-1.227788 -0.1944627 0.05836132
-1.23157 -0.1950618 0.03910859
-1.233849 -0.1954227 0.01961474
-1.222685 -0.2598897 0
-1.221931 -0.2597295 -0.01961477
-1.219674 -0.2592498 -0.03910862
-1.215928 -0.2584536 -0.05836134
-1.210716 -0.2573458 -0.07725425
-1.20407 -0.2559332 -0.09567086
-1.196032 -0.2542245 -0.1134976
-1.18665 -0.2522303 -0.1306247
-1.175982 -0.2499628 -0.1469463
-1.164095 -0.2474361 -0.162362
-1.151061 -0.2446657 -0.1767767
-1.136962 -0.2416688 -0.1901015
-1.121883 -0.2384637 -0.2022543
-1.105918 -0.2350702 -0.2131601
-1.089165 -0.2315093 -0.2227516
-1.071728 -0.2278029 -0.2309699
-1.053714 -0.2239739 -0.2377641
-1.035233 -0.2200458 -0.2430925
-1.016402 -0.2160429 -0.2469221
-0.9973337 -0.2119899 -0.2492293
-0.9781476 -0.2079118 -0.25
-0.9589614 -0.2038336 -0.2492293
-0.9398935 -0.1997806 -0.2469221
-0.9210616 -0.1957778 -0.2430925
-0.9025815 -0.1918497 -0.2377641
-0.8845673 -0.1880207 -0.2309699
-0.8671301 -0.1843143 -0.2227516
-0.8503774 -0.1807534 -0.21316
-0.8344123 -0.1773599 -0.2022542
-0.8193336 -0.1741548 -0.1901015
-0.8052339 -0.1711578 -0.1767767
-0.7922002 -0.1683874 -0.162362
-0.780313 -0.1658607 -0.1469463
-0.7696456 -0.1635933 -0.1306246
-0.7602636 -0.1615991 -0.1134976
-0.7522249 -0.1598904 -0.09567082
-0.7455792 -0.1584778 -0.07725426
-0.7403672 -0.15737 -0.05836134
-0.7366213 -0.1565738 -0.03910861
-0.7343645 -0.1560941 -0.01961476
-0.7336107 -0.1559338 2.185569e-08
-0.7343645 -0.1560941 0.01961474
-0.7366213 -0.1565738 0.03910865
-0.7403672 -0.15737 0.05836133
-0.7455792 -0.1584778 0.0772543
-0.7522249 -0.1598904 0.09567086
-0.7602636 -0.1615991 0.1134976
-0.7696456 -0.1635933 0.1306247
-0.7803131 -0.1658607 0.1469463
-0.7922003 -0.1683874 0.162362
-0.8052339 -0.1711578 0.1767767
-0.8193336 -0.1741548 0.1901015
-0.8344125 -0.1773599 0.2022543
-0.8503773 -0.1807534 0.21316
-0.8671302 -0.1843143 0.2227517
-0.8845673 -0.1880207 0.2309699
-0.9025816 -0.1918497 0.2377641
-0.9210615 -0.1957778 0.2430925
-0.9398935 -0.1997806 0.2469221
-0.9589614 -0.2038336 0.2492293
-0.9781476 -0.2079118 0.25
-0.9973337 -0.2119899 0.2492293
-1.016402 -0.2160429 0.2469221
-1.035234 -0.2200458 0.2430925
-1.053714 -0.2239739 0.2377641
-1.071728 -0.2278029 0.2309699
-1.089165 -0.2315093 0.2227516
-1.105918 -0.2350702 0.21316
-1.121883 -0.2384637 0.2022542
-1.136962 -0.2416688 0.1901014
-1.151061 -0.2446658 0.1767766
-1.164095 -0.2474361 0.1623619
-1.175982 -0.2499628 0.1469463
-1.18665 -0.2522303 0.1306245
-1.196032 -0.2542245 0.1134976
-1.20407 -0.2559332 0.09567074
-1.210716 -0.2573458 0.07725424
-1.215928 -0.2584536 0.05836132
-1.219674 -0.2592498 0.03910859
-1.221931 -0.2597295 0.01961474
-1.207407 -0.3235238 0
-1.206663 -0.3233244 -0.01961477
-1.204434 -0.3227272 -0.03910862
-1.200735 -0.321736 -0.05836134
-1.195588 -0.320357 -0.07725425
-1.189026 -0.3185985 -0.09567086
-1.181087 -0.3164715 -0.1134976
-1.171823 -0.313989 -0.1306247
-1.161288 -0.3111663 -0.1469463
-1.14955 -0.3080209 -0.162362
-1.136679 -0.3045723 -0.1767767
-1.122756 -0.3008415 -0.1901015
-1.107865 -0.2968516 -0.2022543
-1.0921 -0.2926272 -0.2131601
-1.075556 -0.2881944 -0.2227516
-1.058337 -0.2835805 -0.2309699
-1.040548 -0.278814 -0.2377641
-1.022299 -0.2739241 -0.2430925
-1.003702 -0.2689411 -0.2469221
-0.9848722 -0.2638958 -0.2492293
-0.9659258 -0.2588191 -0.25
-0.9469794 -0.2537424 -0.2492293
-0.9281498 -0.248697 -0.2469221
-0.9095531 -0.243714 -0.2430925
-0.891304 -0.2388242 -0.2377641
-0.8735148 -0.2340576 -0.2309699
-0.8562955 -0.2294437 -0.2227516
-0.8397521 -0.2250109 -0.21316
-0.8239865 -0.2207866 -0.2022542
-0.8090962 -0.2167967 -0.1901015
-0.7951726 -0.2130659 -0.1767767
-0.7823018 -0.2096172 -0.162362
-0.7705632 -0.2064718 -0.1469463
-0.760029 -0.2036492 -0.1306246
-0.7507643 -0.2011667 -0.1134976
-0.742826 -0.1990397 -0.09567082
-0.7362633 -0.1972812 -0.07725426
-0.7311165 -0.1959021 -0.05836134
-0.7274174 -0.1949109 -0.03910861
-0.7251887 -0.1943138 -0.01961476
-0.7244444 -0.1941143 2.185569e-08
-0.7251887 -0.1943138 0.01961474
-0.7274174 -0.1949109 0.03910865
-0.7311165 -0.1959021 0.05836133
-0.7362633 -0.1972812 0.0772543
-0.742826 -0.1990397 0.09567086
-0.7507643 -0.2011667 0.1134976
-0.760029 -0.2036492 0.1306247
-0.7705632 -0.2064718 0.1469463
-0.7823019 -0.2096172 0.162362
-0.7951727 -0.2130659 0.1767767
-0.8090962 -0.2167967 0.1901015
-0.8239866 -0.2207866 0.2022543
-0.8397521 -0.2250109 0.21316
-0.8562956 -0.2294437 0.2227517
-0.8735148 -0.2340576 0.2309699
-0.891304 -0.2388242 0.2377641
-0.9095531 -0.243714 0.2430925
-0.9281498 -0.248697 0.2469221
-0.9469794 -0.2537424 0.2492293
-0.9659258 -0.2588191 0.25
-0.9848722 -0.2638958 0.2492293
-1.003702 -0.2689411 0.2469221
-1.022299 -0.2739241 0.2430925
-1.040548 -0.278814 0.2377641
-1.058337 -0.2835805 0.2309699
-1.075556 -0.2881944 0.2227516
-1.0921 -0.2926272 0.21316
-1.107865 -0.2968516 0.2022542
-1.122756 -0.3008415 0.1901014
-1.136679 -0.3045723 0.1767766
-1.14955 -0.308021 0.1623619
-1.161288 -0.3111663 0.1469463
-1.171823 -0.313989 0.1306245
-1.181087 -0.3164715 0.1134976
-1.189026 -0.3185985 0.09567074
-1.195588 -0.320357 0.07725424
-1.200735 -0.321736 0.05836132
-1.204434 -0.3227272 0.03910859
-1.206663 -0.3233244 0.01961474
-1.18882 -0.3862715 0
-1.188088 -0.3860334 -0.01961477
-1.185893 -0.3853204 -0.03910862
-1.182251 -0.384137 -0.05836134
-1.177184 -0.3824904 -0.07725425
-1.170722 -0.3803909 -0.09567086
-1.162906 -0.3778513 -0.1134976
-1.153784 -0.3748873 -0.1306247
-1.143412 -0.3715172 -0.1469463
-1.131854 -0.3677619 -0.162362
-1.119181 -0.3636442 -0.1767767
-1.105472 -0.3591899 -0.1901015
-1.090811 -0.3544261 -0.2022543
-1.075288 -0.3493825 -0.2131601
-1.058999 -0.3440899 -0.2227516
-1.042045 -0.3385811 -0.2309699
-1.02453 -0.3328901 -0.2377641
-1.006561 -0.3270519 -0.2430925
-0.9882509 -0.3211024 -0.2469221
-0.9697112 -0.3150785 -0.2492293
-0.9510564 -0.3090172 -0.25
-0.9324017 -0.3029559 -0.2492293
-0.9138619 -0.296932 -0.2469221
-0.8955515 -0.2909825 -0.2430925
-0.8775833 -0.2851443 -0.2377641
-0.860068 -0.2794533 -0.2309699
-0.8431138 -0.2739445 -0.2227516
-0.826825 -0.2686519 -0.21316
-0.8113021 -0.2636082 -0.2022542
-0.796641 -0.2588446 -0.1901015
-0.7829318 -0.2543902 -0.1767767
-0.7702591 -0.2502726 -0.162362
-0.7587012 -0.2465172 -0.1469463
-0.7483292 -0.2431471 -0.1306246
-0.739207 -0.2401831 -0.1134976
-0.731391 -0.2376435 -0.09567082
-0.7249293 -0.235544 -0.07725426
-0.7198617 -0.2338974 -0.05836134
-0.7162195 -0.232714 -0.03910861
-0.7140253 -0.2320011 -0.01961476
-0.7132923 -0.2317629 2.185569e-08
-0.7140253 -0.2320011 0.01961474
-0.7162196 -0.232714 0.03910865
-0.7198617 -0.2338974 0.05836133
-0.7249293 -0.235544 0.0772543
-0.7313911 -0.2376435 0.09567086
-0.739207 -0.2401831 0.1134976
-0.7483292 -0.2431471 0.1306247
-0.7587012 -0.2465172 0.1469463
-0.7702592 -0.2502726 0.162362
-0.7829318 -0.2543902 0.1767767
-0.796641 -0.2588446 0.1901015
-0.8113022 -0.2636083 0.2022543
-0.826825 -0.2686519 0.21316
-0.8431138 -0.2739445 0.2227517
-0.860068 -0.2794532 0.2309699
-0.8775834 -0.2851444 0.2377641
-0.8955514 -0.2909825 0.2430925
-0.9138619 -0.296932 0.2469221
-0.9324017 -0.3029559 0.2492293
-0.9510564 -0.3090172 0.25
-0.9697112 -0.3150785 0.2492293
-0.9882509 -0.3211024 0.2469221
-1.006561 -0.3270519 0.2430925
-1.02453 -0.3328901 0.2377641
-1.042045 -0.3385812 0.2309699
-1.058999 -0.34409 0.2227516
-1.075288 -0.3493825 0.21316
-1.090811 -0.3544262 0.2022542
-1.105472 -0.3591899 0.1901014
-1.119181 -0.3636443 0.1767766
-1.131854 -0.3677619 0.1623619
-1.143412 -0.3715172 0.1469463
-1.153784 -0.3748873 0.1306245
-1.162906 -0.3778513 0.1134976
-1.170722 -0.3803909 0.09567074
-1.177184 -0.3824904 0.07725424
-1.182251 -0.384137 0.05836132
-1.185893 -0.3853204 0.03910859
-1.188088 -0.3860334 0.01961474
-1.166976 -0.4479598 0
-1.166256 -0.4476836 -0.01961477
-1.164102 -0.4468568 -0.03910862
-1.160527 -0.4454844 -0.05836134
-1.155552 -0.4435749 -0.07725425
-1.149209 -0.4411401 -0.09567086
-1.141537 -0.4381949 -0.1134976
-1.132583 -0.4347576 -0.1306247
-1.122401 -0.4308493 -0.1469463
-1.111055 -0.4264941 -0.162362
-1.098616 -0.421719 -0.1767767
-1.085158 -0.4165532 -0.1901015
-1.070767 -0.4110287 -0.2022543
-1.055529 -0.4051795 -0.2131601
-1.03954 -0.3990417 -0.2227516
-1.022897 -0.3926532 -0.2309699
-1.005703 -0.3860533 -0.2377641
-0.9880655 -0.3792827 -0.2430925
-0.9700915 -0.3723831 -0.2469221
-0.9518924 -0.3653972 -0.2492293
-0.9335805 -0.3583679 -0.25
-0.9152685 -0.3513385 -0.2492293
-0.8970694 -0.3443526 -0.2469221
-0.8790954 -0.337453 -0.2430925
-0.8614574 -0.3306824 -0.2377641
-0.844264 -0.3240825 -0.2309699
-0.8276213 -0.3176939 -0.2227516
-0.8116318 -0.3115562 -0.21316
-0.7963942 -0.305707 -0.2022542
-0.7820024 -0.3001825 -0.1901015
-0.7685452 -0.2950168 -0.1767767
-0.7561054 -0.2902416 -0.162362
-0.7447598 -0.2858864 -0.1469463
-0.7345784 -0.2819781 -0.1306246
-0.7256238 -0.2785408 -0.1134976
-0.7179515 -0.2755957 -0.09567082
-0.7116085 -0.2731608 -0.07725426
-0.706634 -0.2712513 -0.05836134
-0.7030588 -0.2698789 -0.03910861
-0.7009048 -0.2690521 -0.01961476
-0.7001854 -0.2687759 2.185569e-08
-0.7009048 -0.2690521 0.01961474
-0.7030588 -0.2698789 0.03910865
-0.706634 -0.2712513 0.05836133
-0.7116085 -0.2731608 0.0772543
-0.7179515 -0.2755957 0.09567086
-0.7256239 -0.2785408 0.1134976
-0.7345784 -0.2819782 0.1306247
-0.7447599 -0.2858864 0.1469463
-0.7561054 -0.2902416 0.162362
-0.7685452 -0.2950168 0.1767767
-0.7820025 -0.3001826 0.1901015
-0.7963943 -0.305707 0.2022543
-0.8116318 -0.3115562 0.21316
-0.8276213 -0.317694 0.2227517
-0.844264 -0.3240825 0.2309699
-0.8614575 -0.3306825 0.2377641
-0.8790954 -0.337453 0.2430925
-0.8970694 -0.3443526 0.2469221
-0.9152685 -0.3513386 0.2492293
-0.9335805 -0.3583679 0.25
-0.9518924 -0.3653972 0.2492293
-0.9700915 -0.3723831 0.2469221
-0.9880655 -0.3792827 0.2430925
-1.005704 -0.3860533 0.2377641
-1.022897 -0.3926532 0.2309699
-1.03954 -0.3990418 0.2227516
-1.055529 -0.4051796 0.21316
-1.070767 -0.4110287 0.2022542
-1.085158 -0.4165532 0.1901014
-1.098616 -0.421719 0.1767766
-1.111056 -0.4264942 0.1623619
-1.122401 -0.4308493 0.1469463
-1.132583 -0.4347576 0.1306245
-1.141537 -0.4381949 0.1134976
-1.149209 -0.4411401 0.09567074
-1.155552 -0.4435749 0.07725424
-1.160527 -0.4454844 0.05836132
-1.164102 -0.4468568 0.03910859
-1.166256 -0.4476836 0.01961474
-1.141932 -0.5084209 0
-1.141228 -0.5081074 -0.01961477
-1.13912 -0.507169 -0.03910862
-1.135621 -0.5056114 -0.05836134
-1.130754 -0.5034441 -0.07725425
-1.124547 -0.5006807 -0.09567086
-1.117039 -0.497338 -0.1134976
-1.108277 -0.4934368 -0.1306247
-1.098314 -0.489001 -0.1469463
-1.087212 -0.484058 -0.162362
-1.075039 -0.4786383 -0.1767767
-1.06187 -0.4727753 -0.1901015
-1.047788 -0.4665052 -0.2022543
-1.032877 -0.4598666 -0.2131601
-1.017231 -0.4529004 -0.2227516
-1.000945 -0.4456496 -0.2309699
-0.9841207 -0.4381589 -0.2377641
-0.9668611 -0.4304744 -0.2430925
-0.9492729 -0.4226436 -0.2469221
-0.9314644 -0.4147148 -0.2492293
-0.9135454 -0.4067367 -0.25
-0.8956264 -0.3987587 -0.2492293
-0.8778179 -0.3908298 -0.2469221
-0.8602297 -0.382999 -0.2430925
-0.8429701 -0.3753146 -0.2377641
-0.8261458 -0.3678239 -0.2309699
-0.8098602 -0.3605731 -0.2227516
-0.7942139 -0.3536069 -0.21316
-0.7793033 -0.3469683 -0.2022542
-0.7652203 -0.3406981 -0.1901015
-0.7520519 -0.3348352 -0.1767767
-0.7398791 -0.3294155 -0.162362
-0.728777 -0.3244725 -0.1469463
-0.718814 -0.3200367 -0.1306246
-0.7100517 -0.3161355 -0.1134976
-0.7025439 -0.3127928 -0.09567082
-0.6963371 -0.3100293 -0.07725426
-0.6914694 -0.3078621 -0.05836134
-0.6879709 -0.3063045 -0.03910861
-0.6858631 -0.305366 -0.01961476
-0.6851591 -0.3050525 2.185569e-08
-0.6858631 -0.305366 0.01961474
-0.6879709 -0.3063045 0.03910865
-0.6914694 -0.3078621 0.05836133
-0.6963371 -0.3100293 0.0772543
-0.702544 -0.3127928 0.09567086
-0.7100517 -0.3161355 0.1134976
-0.718814 -0.3200367 0.1306247
-0.728777 -0.3244725 0.1469463
-0.7398791 -0.3294155 0.162362
-0.7520519 -0.3348352 0.1767767
-0.7652204 -0.3406982 0.1901015
-0.7793033 -0.3469683 0.2022543
-0.7942138 -0.3536069 0.21316
-0.8098602 -0.3605731 0.2227517
-0.8261457 -0.3678239 0.2309699
-0.8429703 -0.3753146 0.2377641
-0.8602297 -0.382999 0.2430925
-0.8778179 -0.3908298 0.2469221
-0.8956264 -0.3987587 0.2492293
-0.9135454 -0.4067367 0.25
-0.9314644 -0.4147148 0.2492293
-0.9492729 -0.4226437 0.2469221
-0.9668612 -0.4304744 0.2430925
-0.9841207 -0.4381589 0.2377641
-1.000945 -0.4456496 0.2309699
-1.017231 -0.4529004 0.2227516
-1.032877 -0.4598666 0.21316
-1.047788 -0.4665052 0.2022542
-1.061871 -0.4727753 0.1901014
-1.075039 -0.4786383 0.1767766
-1.087212 -0.484058 0.1623619
-1.098314 -0.489001 0.1469463
-1.108277 -0.4934368 0.1306245
-1.117039 -0.497338 0.1134976
-1.124547 -0.5006807 0.09567074
-1.130754 -0.5034441 0.07725424
-1.135621 -0.5056114 0.05836132
-1.13912 -0.507169 0.03910859
-1.141228 -0.5081075 0.01961474
-1.113758 -0.5674882 0
-1.113071 -0.5671383 -0.01961477
-1.111016 -0.5660908 -0.03910862
-1.107604 -0.5643522 -0.05836134
-1.102856 -0.5619332 -0.07725425
-1.096802 -0.5588487 -0.09567086
-1.08948 -0.5551177 -0.1134976
-1.080934 -0.5507632 -0.1306247
-1.071216 -0.5458121 -0.1469463
-1.060388 -0.5402948 -0.162362
-1.048516 -0.5342455 -0.1767767
-1.035672 -0.5277014 -0.1901015
-1.021937 -0.5207028 -0.2022543
-1.007394 -0.5132929 -0.2131601
-0.9921336 -0.5055174 -0.2227516
-0.9762499 -0.4974242 -0.2309699
-0.9598405 -0.4890632 -0.2377641
-0.9430069 -0.480486 -0.2430925
-0.9258525 -0.4717455 -0.2469221
-0.9084834 -0.4628955 -0.2492293
-0.8910065 -0.4539905 -0.25
-0.8735296 -0.4450856 -0.2492293
-0.8561605 -0.4362356 -0.2469221
-0.8390062 -0.4274951 -0.2430925
-0.8221725 -0.4189178 -0.2377641
-0.8057631 -0.4105569 -0.2309699
-0.7898794 -0.4024637 -0.2227516
-0.7746191 -0.3946882 -0.21316
-0.7600764 -0.3872783 -0.2022542
-0.7463409 -0.3802797 -0.1901015
-0.7334973 -0.3737356 -0.1767767
-0.7216249 -0.3676863 -0.162362
-0.7107967 -0.362169 -0.1469463
-0.7010795 -0.3572179 -0.1306246
-0.6925334 -0.3528634 -0.1134976
-0.6852108 -0.3491324 -0.09567082
-0.6791571 -0.3460479 -0.07725426
-0.6744095 -0.3436289 -0.05836134
-0.6709973 -0.3418902 -0.03910861
-0.6689416 -0.3408428 -0.01961476
-0.6682549 -0.3404929 2.185569e-08
-0.6689416 -0.3408428 0.01961474
-0.6709974 -0.3418903 0.03910865
-0.6744095 -0.3436289 0.05836133
-0.6791571 -0.3460479 0.0772543
-0.6852109 -0.3491324 0.09567086
-0.6925334 -0.3528634 0.1134976
-0.7010795 -0.3572179 0.1306247
-0.7107967 -0.362169 0.1469463
-0.7216249 -0.3676863 0.162362
-0.7334974 -0.3737356 0.1767767
-0.7463409 -0.3802797 0.1901015
-0.7600765 -0.3872783 0.2022543
-0.7746191 -0.3946882 0.21316
-0.7898794 -0.4024637 0.2227517
-0.8057631 -0.4105569 0.2309699
-0.8221726 -0.4189179 0.2377641
-0.8390062 -0.427495 0.2430925
-0.8561605 -0.4362356 0.2469221
-0.8735296 -0.4450856 0.2492293
-0.8910065 -0.4539905 0.25
-0.9084834 -0.4628955 0.2492293
-0.9258526 -0.4717455 0.2469221
-0.9430069 -0.4804861 0.2430925
-0.9598406 -0.4890633 0.2377641
-0.9762499 -0.4974242 0.2309699
-0.9921337 -0.5055174 0.2227516
-1.007394 -0.5132929 0.21316
-1.021937 -0.5207028 0.2022542
-1.035672 -0.5277014 0.1901014
-1.048516 -0.5342455 0.1767766
-1.060388 -0.5402949 0.1623619
-1.071216 -0.5458121 0.1469463
-1.080934 -0.5507632 0.1306245
-1.08948 -0.5551177 0.1134976
-1.096802 -0.5588487 0.09567074
-1.102856 -0.5619332 0.07725424
-1.107604 -0.5643522 0.05836132
-1.111016 -0.5660908 0.03910859
-1.113071 -0.5671383 0.01961474
-1.082532 -0.6250002 0
-1.081864 -0.6246149 -0.01961477
-1.079866 -0.6234612 -0.03910862
-1.07655 -0.6215464 -0.05836134
-1.071935 -0.6188823 -0.07725425
-1.066051 -0.6154852 -0.09567086
-1.058934 -0.611376 -0.1134976
-1.050627 -0.6065803 -0.1306247
-1.041183 -0.6011273 -0.1469463
-1.030658 -0.5950509 -0.162362
-1.019118 -0.5883886 -0.1767767
-1.006635 -0.5811812 -0.1901015
-0.9932845 -0.5734733 -0.2022543
-0.9791495 -0.5653125 -0.2131601
-0.9643171 -0.556749 -0.2227516
-0.9488786 -0.5478356 -0.2309699
-0.9329294 -0.5386273 -0.2377641
-0.9165677 -0.5291808 -0.2430925
-0.8998943 -0.5195545 -0.2469221
-0.8830122 -0.5098076 -0.2492293
-0.8660253 -0.5000002 -0.25
-0.8490384 -0.4901928 -0.2492293
-0.8321562 -0.4804459 -0.2469221
-0.8154829 -0.4708195 -0.2430925
-0.7991211 -0.461373 -0.2377641
-0.7831719 -0.4521647 -0.2309699
-0.7677335 -0.4432513 -0.2227516
-0.752901 -0.4346878 -0.21316
-0.738766 -0.426527 -0.2022542
-0.7254156 -0.4188191 -0.1901015
-0.7129322 -0.4116118 -0.1767767
-0.7013925 -0.4049494 -0.162362
-0.690868 -0.398873 -0.1469463
-0.6814233 -0.3934201 -0.1306246
-0.6731167 -0.3886243 -0.1134976
-0.6659995 -0.3845152 -0.09567082
-0.6601155 -0.3811181 -0.07725426
-0.655501 -0.3784539 -0.05836134
-0.6521845 -0.3765391 -0.03910861
-0.6501864 -0.3753855 -0.01961476
-0.649519 -0.3750001 2.185569e-08
-0.6501864 -0.3753855 0.01961474
-0.6521845 -0.3765391 0.03910865
-0.655501 -0.3784539 0.05836133
-0.6601155 -0.3811181 0.0772543
-0.6659995 -0.3845152 0.09567086
-0.6731167 -0.3886243 0.1134976
-0.6814233 -0.3934201 0.1306247
-0.690868 -0.398873 0.1469463
-0.7013926 -0.4049494 0.162362
-0.7129322 -0.4116118 0.1767767
-0.7254157 -0.4188192 0.1901015
-0.7387661 -0.426527 0.2022543
-0.752901 -0.4346878 0.21316
-0.7677335 -0.4432514 0.2227517
-0.7831718 -0.4521647 0.2309699
-0.7991212 -0.4613731 0.2377641
-0.8154829 -0.4708195 0.2430925
-0.8321562 -0.4804459 0.2469221
-0.8490384 -0.4901928 0.2492293
-0.8660253 -0.5000002 0.25
-0.8830122 -0.5098076 0.2492293
-0.8998944 -0.5195545 0.2469221
-0.9165677 -0.5291809 0.2430925
-0.9329294 -0.5386273 0.2377641
-0.9488787 -0.5478356 0.2309699
-0.9643171 -0.556749 0.2227516
-0.9791496 -0.5653126 0.21316
-0.9932845 -0.5734734 0.2022542
-1.006635 -0.5811812 0.1901014
-1.019118 -0.5883886 0.1767766
-1.030658 -0.595051 0.1623619
-1.041183 -0.6011273 0.1469463
-1.050627 -0.6065803 0.1306245
-1.058934 -0.611376 0.1134976
-1.066051 -0.6154852 0.09567074
-1.071935 -0.6188823 0.07725424
-1.07655 -0.6215464 0.05836132
-1.079866 -0.6234612 0.03910859
-1.081864 -0.6246149 0.01961474
-1.048338 -0.6807989 0
-1.047692 -0.6803792 -0.01961477
-1.045757 -0.6791226 -0.03910862
-1.042545 -0.6770369 -0.05836134
-1.038076 -0.6741349 -0.07725425
-1.032378 -0.6704344 -0.09567086
-1.025486 -0.6659584 -0.1134976
-1.017442 -0.6607345 -0.1306247
-1.008295 -0.6547948 -0.1469463
-0.998103 -0.6481759 -0.162362
-0.9869279 -0.6409187 -0.1767767
-0.9748387 -0.6330679 -0.1901015
-0.96191 -0.6246719 -0.2022543
-0.9482215 -0.6157824 -0.2131601
-0.9338576 -0.6064544 -0.2227516
-0.9189068 -0.5967453 -0.2309699
-0.9034613 -0.5867149 -0.2377641
-0.8876164 -0.576425 -0.2430925
-0.8714697 -0.5659392 -0.2469221
-0.8551208 -0.5553222 -0.2492293
-0.8386705 -0.5446392 -0.25
-0.8222201 -0.5339562 -0.2492293
-0.8058712 -0.5233391 -0.2469221
-0.7897245 -0.5128533 -0.2430925
-0.7738796 -0.5025635 -0.2377641
-0.7584342 -0.4925331 -0.2309699
-0.7434834 -0.4828239 -0.2227516
-0.7291194 -0.4734959 -0.21316
-0.7154309 -0.4646064 -0.2022542
-0.7025023 -0.4562105 -0.1901015
-0.6904131 -0.4483597 -0.1767767
-0.679238 -0.4411024 -0.162362
-0.6690458 -0.4344836 -0.1469463
-0.6598995 -0.4285439 -0.1306246
-0.6518552 -0.4233199 -0.1134976
-0.6449628 -0.4188439 -0.09567082
-0.6392648 -0.4151435 -0.07725426
-0.634796 -0.4122415 -0.05836134
-0.6315842 -0.4101557 -0.03910861
-0.6296492 -0.4088991 -0.01961476
-0.6290029 -0.4084794 2.185569e-08
-0.6296492 -0.4088991 0.01961474
-0.6315842 -0.4101557 0.03910865
-0.634796 -0.4122415 0.05836133
-0.6392648 -0.4151435 0.0772543
-0.6449629 -0.4188439 0.09567086
-0.6518553 -0.4233199 0.1134976
-0.6598995 -0.4285439 0.1306247
-0.6690458 -0.4344836 0.1469463
-0.679238 -0.4411024 0.162362
-0.6904131 -0.4483597 0.1767767
-0.7025023 -0.4562105 0.1901015
-0.715431 -0.4646065 0.2022543
-0.7291194 -0.4734958 0.21316
-0.7434834 -0.482824 0.2227517
-0.7584341 -0.4925331 0.2309699
-0.7738797 -0.5025635 0.2377641
-0.7897245 -0.5128533 0.2430925
-0.8058712 -0.5233391 0.2469221
-0.8222201 -0.5339562 0.2492293
-0.8386705 -0.5446392 0.25
-0.8551208 -0.5553222 0.2492293
-0.8714697 -0.5659392 0.2469221
-0.8876165 -0.5764251 0.2430925
-0.9034614 -0.5867149 0.2377641
-0.9189069 -0.5967453 0.2309699
-0.9338576 -0.6064544 0.2227516
-0.9482216 -0.6157825 0.21316
-0.9619101 -0.6246719 0.2022542
-0.9748387 -0.6330679 0.1901014
-0.9869279 -0.6409187 0.1767766
-0.998103 -0.6481759 0.1623619
-1.008295 -0.6547948 0.1469463
-1.017442 -0.6607345 0.1306245
-1.025486 -0.6659584 0.1134976
-1.032378 -0.6704345 0.09567074
-1.038076 -0.6741349 0.07725424
-1.042545 -0.6770369 0.05836132
-1.045757 -0.6791226 0.03910859
-1.047692 -0.6803792 0.01961474
-1.011271 -0.7347317 0
-1.010648 -0.7342787 -0.01961477
-1.008781 -0.7329226 -0.03910862
-1.005683 -0.7306716 -0.05836134
-1.001372 -0.7275397 -0.07725425
-0.9958755 -0.7235461 -0.09567086
-0.9892268 -0.7187155 -0.1134976
-0.981467 -0.7130777 -0.1306247
-0.9726441 -0.7066674 -0.1469463
-0.9628123 -0.6995242 -0.162362
-0.9520323 -0.6916921 -0.1767767
-0.9403706 -0.6832194 -0.1901015
-0.927899 -0.6741583 -0.2022543
-0.9146945 -0.6645646 -0.2131601
-0.9008384 -0.6544976 -0.2227516
-0.8864163 -0.6440193 -0.2309699
-0.8715169 -0.6331943 -0.2377641
-0.8562322 -0.6220893 -0.2430925
-0.8406565 -0.6107728 -0.2469221
-0.8248856 -0.5993146 -0.2492293
-0.8090169 -0.5877854 -0.25
-0.7931482 -0.5762561 -0.2492293
-0.7773774 -0.5647979 -0.2469221
-0.7618016 -0.5534814 -0.2430925
-0.7465169 -0.5423765 -0.2377641
-0.7316176 -0.5315514 -0.2309699
-0.7171954 -0.5210731 -0.2227516
-0.7033394 -0.5110061 -0.21316
-0.6901349 -0.5014125 -0.2022542
-0.6776633 -0.4923514 -0.1901015
-0.6660016 -0.4838786 -0.1767767
-0.6552216 -0.4760465 -0.162362
-0.6453898 -0.4689033 -0.1469463
-0.6365669 -0.462493 -0.1306246
-0.6288071 -0.4568552 -0.1134976
-0.6221584 -0.4520246 -0.09567082
-0.6166617 -0.4480311 -0.07725426
-0.612351 -0.4448991 -0.05836134
-0.6092528 -0.4426482 -0.03910861
-0.6073862 -0.441292 -0.01961476
-0.6067627 -0.440839 2.185569e-08
-0.6073862 -0.441292 0.01961474
-0.6092528 -0.4426482 0.03910865
-0.612351 -0.4448991 0.05836133
-0.6166618 -0.4480311 0.0772543
-0.6221584 -0.4520246 0.09567086
-0.6288071 -0.4568552 0.1134976
-0.6365669 -0.462493 0.1306247
-0.6453899 -0.4689033 0.1469463
-0.6552216 -0.4760465 0.162362
-0.6660016 -0.4838786 0.1767767
-0.6776633 -0.4923514 0.1901015
-0.6901349 -0.5014125 0.2022543
-0.7033393 -0.5110061 0.21316
-0.7171955 -0.5210732 0.2227517
-0.7316176 -0.5315514 0.2309699
-0.746517 -0.5423765 0.2377641
-0.7618016 -0.5534814 0.2430925
-0.7773774 -0.5647979 0.2469221
-0.7931483 -0.5762561 0.2492293
-0.8090169 -0.5877854 0.25
-0.8248856 -0.5993146 0.2492293
-0.8406565 -0.6107728 0.2469221
-0.8562323 -0.6220893 0.2430925
-0.8715169 -0.6331943 0.2377641
-0.8864163 -0.6440193 0.2309699
-0.9008385 -0.6544976 0.2227516
-0.9146945 -0.6645647 0.21316
-0.9278991 -0.6741583 0.2022542
-0.9403706 -0.6832194 0.1901014
-0.9520323 -0.6916922 0.1767766
-0.9628123 -0.6995243 0.1623619
-0.972644 -0.7066674 0.1469463
-0.9814671 -0.7130778 0.1306245
-0.9892268 -0.7187155 0.1134976
-0.9958755 -0.7235461 0.09567074
-1.001372 -0.7275397 0.07725424
-1.005683 -0.7306716 0.05836132
-1.008781 -0.7329226 0.03910859
-1.010648 -0.7342787 0.01961474
-0.9714324 -0.7866505 0
-0.9708335 -0.7861655 -0.01961477
-0.9690404 -0.7847136 -0.03910862
-0.9660642 -0.7823035 -0.05836134
-0.9619234 -0.7789503 -0.07725425
-0.9566432 -0.7746745 -0.09567086
-0.9502565 -0.7695026 -0.1134976
-0.9428024 -0.7634664 -0.1306247
-0.934327 -0.7566032 -0.1469463
-0.9248825 -0.7489552 -0.162362
-0.9145272 -0.7405697 -0.1767767
-0.9033249 -0.7314982 -0.1901015
-0.8913447 -0.7217968 -0.2022543
-0.8786603 -0.7115252 -0.2131601
-0.8653501 -0.7007468 -0.2227516
-0.8514962 -0.689528 -0.2309699
-0.8371837 -0.6779381 -0.2377641
-0.8225012 -0.6660484 -0.2430925
-0.807539 -0.6539323 -0.2469221
-0.7923895 -0.6416644 -0.2492293
-0.7771459 -0.6293204 -0.25
-0.7619024 -0.6169764 -0.2492293
-0.7467528 -0.6047086 -0.2469221
-0.7317907 -0.5925925 -0.2430925
-0.7171081 -0.5807028 -0.2377641
-0.7027957 -0.5691128 -0.2309699
-0.6889417 -0.5578941 -0.2227516
-0.6756315 -0.5471157 -0.21316
-0.6629472 -0.5368441 -0.2022542
-0.6509669 -0.5271427 -0.1901015
-0.6397647 -0.5180712 -0.1767767
-0.6294093 -0.5096857 -0.162362
-0.6199648 -0.5020377 -0.1469463
-0.6114895 -0.4951745 -0.1306246
-0.6040354 -0.4891383 -0.1134976
-0.5976486 -0.4839664 -0.09567082
-0.5923685 -0.4796906 -0.07725426
-0.5882276 -0.4763374 -0.05836134
-0.5852515 -0.4739273 -0.03910861
-0.5834584 -0.4724753 -0.01961476
-0.5828595 -0.4719903 2.185569e-08
-0.5834584 -0.4724753 0.01961474
-0.5852515 -0.4739273 0.03910865
-0.5882276 -0.4763374 0.05836133
-0.5923685 -0.4796906 0.0772543
-0.5976486 -0.4839664 0.09567086
-0.6040354 -0.4891383 0.1134976
-0.6114895 -0.4951745 0.1306247
-0.6199648 -0.5020377 0.1469463
-0.6294093 -0.5096857 0.162362
-0.6397647 -0.5180713 0.1767767
-0.650967 -0.5271428 0.1901015
-0.6629472 -0.5368441 0.2022543
-0.6756315 -0.5471157 0.21316
-0.6889418 -0.5578941 0.2227517
-0.7027957 -0.5691128 0.2309699
-0.7171082 -0.5807028 0.2377641
-0.7317906 -0.5925924 0.2430925
-0.7467528 -0.6047086 0.2469221
-0.7619024 -0.6169764 0.2492293
-0.7771459 -0.6293204 0.25
-0.7923895 -0.6416644 0.2492293
-0.807539 -0.6539323 0.2469221
-0.8225012 -0.6660485 0.2430925
-0.8371838 -0.6779382 0.2377641
-0.8514962 -0.6895281 0.2309699
-0.8653502 -0.7007468 0.2227516
-0.8786604 -0.7115252 0.21316
-0.8913447 -0.7217968 0.2022542
-0.903325 -0.7314982 0.1901014
-0.9145272 -0.7405697 0.1767766
-0.9248825 -0.7489552 0.1623619
-0.934327 -0.7566032 0.1469463
-0.9428024 -0.7634665 0.1306245
-0.9502565 -0.7695026 0.1134976
-0.9566433 -0.7746745 0.09567074
-0.9619234 -0.7789503 0.07725424
-0.9660642 -0.7823035 0.05836132
-0.9690404 -0.7847136 0.03910859
-0.9708335 -0.7861656 0.01961474
-0.928931 -0.8364133 0
-0.9283583 -0.8358976 -0.01961477
-0.9266437 -0.8343537 -0.03910862
-0.9237977 -0.8317912 -0.05836134
-0.919838 -0.8282259 -0.07725425
-0.9147888 -0.8236796 -0.09567086
-0.9086815 -0.8181806 -0.1134976
-0.9015536 -0.8117625 -0.1306247
-0.893449 -0.8044651 -0.1469463
-0.8844178 -0.7963334 -0.162362
-0.8745155 -0.7874173 -0.1767767
-0.8638033 -0.777772 -0.1901015
-0.8523472 -0.7674569 -0.2022543
-0.8402178 -0.7565355 -0.2131601
-0.82749 -0.7450753 -0.2227516
-0.8142421 -0.7331469 -0.2309699
-0.8005559 -0.7208238 -0.2377641
-0.7865157 -0.708182 -0.2430925
-0.7722082 -0.6952994 -0.2469221
-0.7577214 -0.6822554 -0.2492293
-0.7431448 -0.6691306 -0.25
-0.7285682 -0.6560057 -0.2492293
-0.7140814 -0.6429619 -0.2469221
-0.6997739 -0.6300793 -0.2430925
-0.6857337 -0.6174374 -0.2377641
-0.6720475 -0.6051143 -0.2309699
-0.6587996 -0.5931859 -0.2227516
-0.6460718 -0.5817257 -0.21316
-0.6339424 -0.5708043 -0.2022542
-0.6224864 -0.5604892 -0.1901015
-0.6117741 -0.550844 -0.1767767
-0.6018718 -0.5419279 -0.162362
-0.5928406 -0.5337961 -0.1469463
-0.584736 -0.5264987 -0.1306246
-0.5776081 -0.5200807 -0.1134976
-0.5715007 -0.5145816 -0.09567082
-0.5664517 -0.5100354 -0.07725426
-0.5624919 -0.50647 -0.05836134
-0.559646 -0.5039075 -0.03910861
-0.5579313 -0.5023636 -0.01961476
-0.5573586 -0.501848 2.185569e-08
-0.5579313 -0.5023636 0.01961474
-0.559646 -0.5039075 0.03910865
-0.5624919 -0.50647 0.05836133
-0.5664517 -0.5100354 0.0772543
-0.5715008 -0.5145816 0.09567086
-0.5776081 -0.5200807 0.1134976
-0.584736 -0.5264987 0.1306247
-0.5928406 -0.5337961 0.1469463
-0.6018719 -0.5419279 0.162362
-0.6117741 -0.550844 0.1767767
-0.6224864 -0.5604892 0.1901015
-0.6339425 -0.5708044 0.2022543
-0.6460717 -0.5817257 0.21316
-0.6587997 -0.5931859 0.2227517
-0.6720475 -0.6051143 0.2309699
-0.6857338 -0.6174375 0.2377641
-0.6997738 -0.6300793 0.2430925
-0.7140814 -0.6429619 0.2469221
-0.7285682 -0.6560058 0.2492293
-0.7431448 -0.6691306 0.25
-0.7577214 -0.6822554 0.2492293
-0.7722082 -0.6952994 0.2469221
-0.7865158 -0.708182 0.2430925
-0.8005559 -0.7208238 0.2377641
-0.8142421 -0.733147 0.2309699
-0.82749 -0.7450754 0.2227516
-0.8402179 -0.7565356 0.21316
-0.8523473 -0.7674569 0.2022542
-0.8638033 -0.7777721 0.1901014
-0.8745155 -0.7874174 0.1767766
-0.8844178 -0.7963334 0.1623619
-0.893449 -0.8044651 0.1469463
-0.9015536 -0.8117626 0.1306245
-0.9086815 -0.8181806 0.1134976
-0.9147889 -0.8236797 0.09567074
-0.919838 -0.8282259 0.07725424
-0.9237977 -0.8317912 0.05836132
-0.9266437 -0.8343537 0.03910859
-0.9283583 -0.8358976 0.01961474
-0.8838833 -0.8838836 0
-0.8833383 -0.8833387 -0.01961477
-0.8817069 -0.8817072 -0.03910862
-0.8789989 -0.8789992 -0.05836134
-0.8752313 -0.8752316 -0.07725425
-0.870427 -0.8704273 -0.09567086
-0.8646158 -0.8646161 -0.1134976
-0.8578335 -0.8578338 -0.1306247
-0.850122 -0.8501223 -0.1469463
-0.8415287 -0.841529 -0.162362
-0.8321066 -0.8321069 -0.1767767
-0.8219139 -0.8219142 -0.1901015
-0.8110133 -0.8110136 -0.2022543
-0.7994722 -0.7994725 -0.2131601
-0.7873616 -0.7873619 -0.2227516
-0.7747561 -0.7747564 -0.2309699
-0.7617337 -0.7617339 -0.2377641
-0.7483743 -0.7483746 -0.2430925
-0.7347606 -0.7347609 -0.2469221
-0.7209764 -0.7209767 -0.2492293
-0.7071066 -0.7071069 -0.25
-0.6932369 -0.6932371 -0.2492293
-0.6794527 -0.6794529 -0.2469221
-0.665839 -0.6658392 -0.2430925
-0.6524796 -0.6524799 -0.2377641
-0.6394571 -0.6394573 -0.2309699
-0.6268517 -0.6268519 -0.2227516
-0.6147411 -0.6147413 -0.21316
-0.6031999 -0.6032001 -0.2022542
-0.5922994 -0.5922996 -0.1901015
-0.5821066 -0.5821069 -0.1767767
-0.5726846 -0.5726848 -0.162362
-0.5640913 -0.5640915 -0.1469463
-0.5563798 -0.5563799 -0.1306246
-0.5495975 -0.5495977 -0.1134976
-0.5437863 -0.5437865 -0.09567082
-0.538982 -0.5389823 -0.07725426
-0.5352144 -0.5352145 -0.05836134
-0.5325064 -0.5325066 -0.03910861
-0.5308749 -0.5308751 -0.01961476
-0.53033 -0.5303302 2.185569e-08
-0.5308749 -0.5308751 0.01961474
-0.5325064 -0.5325066 0.03910865
-0.5352144 -0.5352145 0.05836133
-0.538982 -0.5389823 0.0772543
-0.5437863 -0.5437865 0.09567086
-0.5495975 -0.5495977 0.1134976
-0.5563798 -0.55638 0.1306247
-0.5640913 -0.5640915 0.1469463
-0.5726846 -0.5726848 0.162362
-0.5821067 -0.5821069 0.1767767
-0.5922994 -0.5922996 0.1901015
-0.6032 -0.6032002 0.2022543
-0.6147411 -0.6147413 0.21316
-0.6268518 -0.626852 0.2227517
-0.6394571 -0.6394573 0.2309699
-0.6524797 -0.6524799 0.2377641
-0.665839 -0.6658392 0.2430925
-0.6794527 -0.6794529 0.2469221
-0.6932369 -0.6932371 0.2492293
-0.7071066 -0.7071069 0.25
-0.7209764 -0.7209767 0.2492293
-0.7347606 -0.7347609 0.2469221
-0.7483743 -0.7483746 0.2430925
-0.7617337 -0.7617339 0.2377641
-0.7747562 -0.7747564 0.2309699
-0.7873616 -0.7873619 0.2227516
-0.7994722 -0.7994725 0.21316
-0.8110134 -0.8110137 0.2022542
-0.821914 -0.8219142 0.1901014
-0.8321066 -0.8321069 0.1767766
-0.8415287 -0.841529 0.1623619
-0.850122 -0.8501223 0.1469463
-0.8578336 -0.8578339 0.1306245
-0.8646158 -0.8646161 0.1134976
-0.870427 -0.8704273 0.09567074
-0.8752313 -0.8752316 0.07725424
-0.8789989 -0.8789992 0.05836132
-0.8817069 -0.8817072 0.03910859
-0.8833384 -0.8833387 0.01961474
-0.8364131 -0.9289311 0
-0.8358974 -0.9283584 -0.01961477
-0.8343536 -0.9266437 -0.03910862
-0.8317911 -0.9237978 -0.05836134
-0.8282257 -0.9198381 -0.07725425
-0.8236795 -0.914789 -0.09567086
-0.8181804 -0.9086816 -0.1134976
-0.8117624 -0.9015536 -0.1306247
-0.804465 -0.8934491 -0.1469463
-0.7963332 -0.8844178 -0.162362
-0.7874172 -0.8745155 -0.1767767
-0.7777719 -0.8638034 -0.1901015
-0.7674568 -0.8523473 -0.2022543
-0.7565354 -0.8402179 -0.2131601
-0.7450752 -0.82749 -0.2227516
-0.7331468 -0.8142422 -0.2309699
-0.7208236 -0.8005559 -0.2377641
-0.7081819 -0.7865158 -0.2430925
-0.6952993 -0.7722082 -0.2469221
-0.6822553 -0.7577215 -0.2492293
-0.6691305 -0.7431449 -0.25
-0.6560056 -0.7285683 -0.2492293
-0.6429617 -0.7140815 -0.2469221
-0.6300792 -0.6997739 -0.2430925
-0.6174373 -0.6857338 -0.2377641
-0.6051142 -0.6720476 -0.2309699
-0.5931858 -0.6587996 -0.2227516
-0.5817255 -0.6460718 -0.21316
-0.5708042 -0.6339424 -0.2022542
-0.5604891 -0.6224864 -0.1901015
-0.5508438 -0.6117742 -0.1767767
-0.5419278 -0.6018719 -0.162362
-0.533796 -0.5928407 -0.1469463
-0.5264986 -0.584736 -0.1306246
-0.5200806 -0.5776081 -0.1134976
-0.5145815 -0.5715008 -0.09567082
-0.5100353 -0.5664517 -0.07725426
-0.5064699 -0.562492 -0.05836134
-0.5039074 -0.559646 -0.03910861
-0.5023636 -0.5579314 -0.01961476
-0.5018479 -0.5573586 2.185569e-08
-0.5023636 -0.5579314 0.01961474
-0.5039074 -0.559646 0.03910865
-0.5064699 -0.562492 0.05836133
-0.5100353 -0.5664517 0.0772543
-0.5145815 -0.5715008 0.09567086
-0.5200806 -0.5776081 0.1134976
-0.5264986 -0.5847361 0.1306247
-0.533796 -0.5928407 0.1469463
-0.5419278 -0.601872 0.162362
-0.5508438 -0.6117742 0.1767767
-0.5604892 -0.6224864 0.1901015
-0.5708043 -0.6339425 0.2022543
-0.5817255 -0.6460718 0.21316
-0.5931858 -0.6587998 0.2227517
-0.6051142 -0.6720476 0.2309699
-0.6174374 -0.6857339 0.2377641
-0.6300792 -0.6997739 0.2430925
-0.6429617 -0.7140815 0.2469221
-0.6560057 -0.7285683 0.2492293
-0.6691305 -0.7431449 0.25
-0.6822553 -0.7577215 0.2492293
-0.6952993 -0.7722083 0.2469221
-0.7081819 -0.7865158 0.2430925
-0.7208237 -0.800556 0.2377641
-0.7331468 -0.8142422 0.2309699
-0.7450752 -0.8274901 0.2227516
-0.7565355 -0.8402179 0.21316
-0.7674568 -0.8523473 0.2022542
-0.7777719 -0.8638034 0.1901014
-0.7874172 -0.8745156 0.1767766
-0.7963333 -0.8844179 0.1623619
-0.804465 -0.8934491 0.1469463
-0.8117625 -0.9015537 0.1306245
-0.8181804 -0.9086816 0.1134976
-0.8236796 -0.914789 0.09567074
-0.8282257 -0.9198381 0.07725424
-0.8317911 -0.9237978 0.05836132
-0.8343536 -0.9266437 0.03910859
-0.8358974 -0.9283584 0.01961474
-0.7866504 -0.9714324 0
-0.7861654 -0.9708335 -0.01961477
-0.7847134 -0.9690405 -0.03910862
-0.7823033 -0.9660643 -0.05836134
-0.7789501 -0.9619234 -0.07725425
-0.7746744 -0.9566433 -0.09567086
-0.7695025 -0.9502565 -0.1134976
-0.7634662 -0.9428024 -0.1306247
-0.756603 -0.9343271 -0.1469463
-0.7489551 -0.9248826 -0.162362
-0.7405695 -0.9145273 -0.1767767
-0.731498 -0.903325 -0.1901015
-0.7217966 -0.8913447 -0.2022543
-0.7115251 -0.8786604 -0.2131601
-0.7007467 -0.8653502 -0.2227516
-0.6895279 -0.8514962 -0.2309699
-0.677938 -0.8371838 -0.2377641
-0.6660483 -0.8225012 -0.2430925
-0.6539322 -0.8075391 -0.2469221
-0.6416643 -0.7923895 -0.2492293
-0.6293203 -0.777146 -0.25
-0.6169763 -0.7619025 -0.2492293
-0.6047084 -0.7467529 -0.2469221
-0.5925924 -0.7317907 -0.2430925
-0.5807027 -0.7171081 -0.2377641
-0.5691127 -0.7027957 -0.2309699
-0.5578939 -0.6889417 -0.2227516
-0.5471156 -0.6756315 -0.21316
-0.536844 -0.6629472 -0.2022542
-0.5271426 -0.650967 -0.1901015
-0.5180712 -0.6397647 -0.1767767
-0.5096856 -0.6294094 -0.162362
-0.5020376 -0.6199649 -0.1469463
-0.4951743 -0.6114895 -0.1306246
-0.4891382 -0.6040354 -0.1134976
-0.4839663 -0.5976486 -0.09567082
-0.4796906 -0.5923685 -0.07725426
-0.4763373 -0.5882276 -0.05836134
-0.4739272 -0.5852515 -0.03910861
-0.4724752 -0.5834584 -0.01961476
-0.4719902 -0.5828595 2.185569e-08
-0.4724752 -0.5834584 0.01961474
-0.4739273 -0.5852515 0.03910865
-0.4763373 -0.5882276 0.05836133
-0.4796906 -0.5923685 0.0772543
-0.4839663 -0.5976487 0.09567086
-0.4891382 -0.6040354 0.1134976
-0.4951744 -0.6114895 0.1306247
-0.5020376 -0.6199649 0.1469463
-0.5096856 -0.6294094 0.162362
-0.5180712 -0.6397647 0.1767767
-0.5271426 -0.650967 0.1901015
-0.5368441 -0.6629473 0.2022543
-0.5471156 -0.6756315 0.21316
-0.557894 -0.6889418 0.2227517
-0.5691127 -0.7027957 0.2309699
-0.5807027 -0.7171082 0.2377641
-0.5925924 -0.7317907 0.2430925
-0.6047085 -0.7467529 0.2469221
-0.6169763 -0.7619025 0.2492293
-0.6293203 -0.777146 0.25
-0.6416643 -0.7923895 0.2492293
-0.6539322 -0.8075391 0.2469221
-0.6660483 -0.8225013 0.2430925
-0.677938 -0.8371838 0.2377641
-0.689528 -0.8514962 0.2309699
-0.7007467 -0.8653502 0.2227516
-0.7115251 -0.8786604 0.21316
-0.7217966 -0.8913448 0.2022542
-0.7314981 -0.903325 0.1901014
-0.7405695 -0.9145273 0.1767766
-0.7489551 -0.9248827 0.1623619
-0.756603 -0.9343271 0.1469463
-0.7634663 -0.9428025 0.1306245
-0.7695025 -0.9502565 0.1134976
-0.7746744 -0.9566433 0.09567074
-0.7789501 -0.9619234 0.07725424
-0.7823033 -0.9660643 0.05836132
-0.7847134 -0.9690405 0.03910859
-0.7861654 -0.9708335 0.01961474
-0.7347313 -1.011271 0
-0.7342783 -1.010648 -0.01961477
-0.7329222 -1.008781 -0.03910862
-0.7306712 -1.005683 -0.05836134
-0.7275393 -1.001372 -0.07725425
-0.7235457 -0.9958757 -0.09567086
-0.7187151 -0.989227 -0.1134976
-0.7130774 -0.9814672 -0.1306247
-0.7066671 -0.9726443 -0.1469463
-0.6995239 -0.9628125 -0.162362
-0.6916918 -0.9520325 -0.1767767
-0.683219 -0.9403708 -0.1901015
-0.6741579 -0.9278992 -0.2022543
-0.6645643 -0.9146947 -0.2131601
-0.6544973 -0.9008386 -0.2227516
-0.6440189 -0.8864165 -0.2309699
-0.633194 -0.8715171 -0.2377641
-0.622089 -0.8562324 -0.2430925
-0.6107726 -0.8406566 -0.2469221
-0.5993143 -0.8248858 -0.2492293
-0.5877851 -0.8090171 -0.25
-0.5762558 -0.7931484 -0.2492293
-0.5647976 -0.7773775 -0.2469221
-0.5534812 -0.7618018 -0.2430925
-0.5423762 -0.7465171 -0.2377641
-0.5315511 -0.7316177 -0.2309699
-0.5210729 -0.7171956 -0.2227516
-0.5110058 -0.7033395 -0.21316
-0.5014122 -0.690135 -0.2022542
-0.4923511 -0.6776634 -0.1901015
-0.4838784 -0.6660017 -0.1767767
-0.4760462 -0.6552218 -0.162362
-0.468903 -0.64539 -0.1469463
-0.4624928 -0.636567 -0.1306246
-0.456855 -0.6288072 -0.1134976
-0.4520244 -0.6221585 -0.09567082
-0.4480309 -0.6166619 -0.07725426
-0.4448989 -0.6123512 -0.05836134
-0.4426479 -0.6092529 -0.03910861
-0.4412918 -0.6073864 -0.01961476
-0.4408388 -0.6067628 2.185569e-08
-0.4412918 -0.6073864 0.01961474
-0.442648 -0.6092529 0.03910865
-0.4448989 -0.6123512 0.05836133
-0.4480309 -0.6166619 0.0772543
-0.4520244 -0.6221585 0.09567086
-0.456855 -0.6288072 0.1134976
-0.4624928 -0.636567 0.1306247
-0.468903 -0.64539 0.1469463
-0.4760463 -0.6552218 0.162362
-0.4838784 -0.6660018 0.1767767
-0.4923511 -0.6776635 0.1901015
-0.5014123 -0.6901351 0.2022543
-0.5110058 -0.7033395 0.21316
-0.5210729 -0.7171956 0.2227517
-0.5315511 -0.7316177 0.2309699
-0.5423762 -0.7465172 0.2377641
-0.5534811 -0.7618018 0.2430925
-0.5647976 -0.7773775 0.2469221
-0.5762558 -0.7931485 0.2492293
-0.5877851 -0.8090171 0.25
-0.5993143 -0.8248858 0.2492293
-0.6107726 -0.8406567 0.2469221
-0.622089 -0.8562325 0.2430925
-0.633194 -0.8715172 0.2377641
-0.644019 -0.8864165 0.2309699
-0.6544973 -0.9008387 0.2227516
-0.6645643 -0.9146947 0.21316
-0.674158 -0.9278992 0.2022542
-0.6832191 -0.9403708 0.1901014
-0.6916918 -0.9520326 0.1767766
-0.6995239 -0.9628125 0.1623619
-0.7066671 -0.9726443 0.1469463
-0.7130774 -0.9814673 0.1306245
-0.7187151 -0.989227 0.1134976
-0.7235457 -0.9958758 0.09567074
-0.7275393 -1.001372 0.07725424
-0.7306712 -1.005683 0.05836132
-0.7329222 -1.008781 0.03910859
-0.7342783 -1.010648 0.01961474
-0.6807989 -1.048338 0
-0.6803792 -1.047692 -0.01961477
-0.6791226 -1.045757 -0.03910862
-0.6770368 -1.042545 -0.05836134
-0.6741347 -1.038076 -0.07725425
-0.6704344 -1.032378 -0.09567086
-0.6659583 -1.025486 -0.1134976
-0.6607344 -1.017442 -0.1306247
-0.6547947 -1.008295 -0.1469463
-0.6481758 -0.9981031 -0.162362
-0.6409186 -0.986928 -0.1767767
-0.6330678 -0.9748388 -0.1901015
-0.6246718 -0.9619101 -0.2022543
-0.6157824 -0.9482216 -0.2131601
-0.6064544 -0.9338577 -0.2227516
-0.5967452 -0.9189069 -0.2309699
-0.5867148 -0.9034614 -0.2377641
-0.576425 -0.8876165 -0.2430925
-0.5659392 -0.8714698 -0.2469221
-0.5553221 -0.8551209 -0.2492293
-0.5446391 -0.8386706 -0.25
-0.5339561 -0.8222202 -0.2492293
-0.523339 -0.8058713 -0.2469221
-0.5128533 -0.7897246 -0.2430925
-0.5025634 -0.7738796 -0.2377641
-0.492533 -0.7584342 -0.2309699
-0.4828238 -0.7434834 -0.2227516
-0.4734958 -0.7291195 -0.21316
-0.4646064 -0.715431 -0.2022542
-0.4562104 -0.7025023 -0.1901015
-0.4483596 -0.6904131 -0.1767767
-0.4411024 -0.679238 -0.162362
-0.4344835 -0.6690459 -0.1469463
-0.4285438 -0.6598995 -0.1306246
-0.4233198 -0.6518553 -0.1134976
-0.4188439 -0.6449629 -0.09567082
-0.4151435 -0.6392648 -0.07725426
-0.4122415 -0.634796 -0.05836134
-0.4101557 -0.6315843 -0.03910861
-0.4088991 -0.6296492 -0.01961476
-0.4084793 -0.6290029 2.185569e-08
-0.4088991 -0.6296492 0.01961474
-0.4101557 -0.6315843 0.03910865
-0.4122415 -0.634796 0.05836133
-0.4151435 -0.6392648 0.0772543
-0.4188439 -0.6449629 0.09567086
-0.4233199 -0.6518553 0.1134976
-0.4285438 -0.6598995 0.1306247
-0.4344835 -0.6690459 0.1469463
-0.4411024 -0.679238 0.162362
-0.4483596 -0.6904132 0.1767767
-0.4562104 -0.7025024 0.1901015
-0.4646064 -0.715431 0.2022543
-0.4734958 -0.7291195 0.21316
-0.4828239 -0.7434835 0.2227517
-0.492533 -0.7584342 0.2309699
-0.5025635 -0.7738798 0.2377641
-0.5128532 -0.7897246 0.2430925
-0.523339 -0.8058713 0.2469221
-0.5339561 -0.8222202 0.2492293
-0.5446391 -0.8386706 0.25
-0.5553221 -0.8551209 0.2492293
-0.5659392 -0.8714698 0.2469221
-0.576425 -0.8876165 0.2430925
-0.5867148 -0.9034615 0.2377641
-0.5967453 -0.9189069 0.2309699
-0.6064544 -0.9338577 0.2227516
-0.6157824 -0.9482216 0.21316
-0.6246719 -0.9619101 0.2022542
-0.6330678 -0.9748389 0.1901014
-0.6409186 -0.986928 0.1767766
-0.6481758 -0.9981031 0.1623619
-0.6547947 -1.008295 0.1469463
-0.6607344 -1.017442 0.1306245
-0.6659583 -1.025486 0.1134976
-0.6704344 -1.032378 0.09567074
-0.6741347 -1.038076 0.07725424
-0.6770368 -1.042545 0.05836132
-0.6791226 -1.045757 0.03910859
-0.6803792 -1.047692 0.01961474
-0.6249999 -1.082532 0
-0.6246145 -1.081864 -0.01961477
-0.6234609 -1.079866 -0.03910862
-0.6215461 -1.07655 -0.05836134
-0.6188819 -1.071935 -0.07725425
-0.6154848 -1.066051 -0.09567086
-0.6113757 -1.058934 -0.1134976
-0.6065799 -1.050627 -0.1306247
-0.601127 -1.041183 -0.1469463
-0.5950506 -1.030658 -0.162362
-0.5883883 -1.019119 -0.1767767
-0.5811809 -1.006635 -0.1901015
-0.573473 -0.9932847 -0.2022543
-0.5653122 -0.9791497 -0.2131601
-0.5567487 -0.9643173 -0.2227516
-0.5478354 -0.9488788 -0.2309699
-0.538627 -0.9329296 -0.2377641
-0.5291806 -0.9165679 -0.2430925
-0.5195542 -0.8998945 -0.2469221
-0.5098073 -0.8830124 -0.2492293
-0.4999999 -0.8660254 -0.25
-0.4901925 -0.8490385 -0.2492293
-0.4804456 -0.8321564 -0.2469221
-0.4708192 -0.815483 -0.2430925
-0.4613728 -0.7991213 -0.2377641
-0.4521645 -0.783172 -0.2309699
-0.4432511 -0.7677336 -0.2227516
-0.4346876 -0.7529011 -0.21316
-0.4265268 -0.7387662 -0.2022542
-0.4188189 -0.7254158 -0.1901015
-0.4116116 -0.7129323 -0.1767767
-0.4049492 -0.7013927 -0.162362
-0.3988728 -0.6908681 -0.1469463
-0.3934199 -0.6814234 -0.1306246
-0.3886241 -0.6731169 -0.1134976
-0.384515 -0.6659997 -0.09567082
-0.3811179 -0.6601157 -0.07725426
-0.3784537 -0.6555012 -0.05836134
-0.3765389 -0.6521846 -0.03910861
-0.3753853 -0.6501865 -0.01961476
-0.3749999 -0.6495191 2.185569e-08
-0.3753853 -0.6501865 0.01961474
-0.3765389 -0.6521847 0.03910865
-0.3784537 -0.6555012 0.05836133
-0.3811179 -0.6601157 0.0772543
-0.384515 -0.6659997 0.09567086
-0.3886241 -0.6731169 0.1134976
-0.3934199 -0.6814234 0.1306247
-0.3988728 -0.6908681 0.1469463
-0.4049492 -0.7013928 0.162362
-0.4116116 -0.7129323 0.1767767
-0.418819 -0.7254158 0.1901015
-0.4265268 -0.7387663 0.2022543
-0.4346876 -0.7529011 0.21316
-0.4432511 -0.7677337 0.2227517
-0.4521645 -0.783172 0.2309699
-0.4613729 -0.7991214 0.2377641
-0.4708192 -0.815483 0.2430925
-0.4804456 -0.8321564 0.2469221
-0.4901925 -0.8490385 0.2492293
-0.4999999 -0.8660254 0.25
-0.5098073 -0.8830124 0.2492293
-0.5195542 -0.8998945 0.2469221
-0.5291806 -0.9165679 0.2430925
-0.538627 -0.9329296 0.2377641
-0.5478354 -0.9488789 0.2309699
-0.5567487 -0.9643173 0.2227516
-0.5653123 -0.9791498 0.21316
-0.5734731 -0.9932848 0.2022542
-0.5811809 -1.006635 0.1901014
-0.5883883 -1.019119 0.1767766
-0.5950507 -1.030658 0.1623619
-0.601127 -1.041183 0.1469463
-0.60658 -1.050627 0.1306245
-0.6113757 -1.058934 0.1134976
-0.6154848 -1.066051 0.09567074
-0.6188819 -1.071935 0.07725424
-0.6215461 -1.07655 0.05836132
-0.6234609 -1.079866 0.03910859
-0.6246145 -1.081864 0.01961474
-0.5674878 -1.113758 0
-0.5671379 -1.113072 -0.01961477
-0.5660905 -1.111016 -0.03910862
-0.5643518 -1.107604 -0.05836134
-0.5619328 -1.102856 -0.07725425
-0.5588483 -1.096802 -0.09567086
-0.5551173 -1.08948 -0.1134976
-0.5507628 -1.080934 -0.1306247
-0.5458117 -1.071217 -0.1469463
-0.5402944 -1.060388 -0.162362
-0.5342451 -1.048516 -0.1767767
-0.527701 -1.035672 -0.1901015
-0.5207024 -1.021937 -0.2022543
-0.5132926 -1.007394 -0.2131601
-0.505517 -0.9921338 -0.2227516
-0.4974239 -0.97625 -0.2309699
-0.4890629 -0.9598407 -0.2377641
-0.4804857 -0.943007 -0.2430925
-0.4717452 -0.9258527 -0.2469221
-0.4628951 -0.9084836 -0.2492293
-0.4539902 -0.8910066 -0.25
-0.4450853 -0.8735297 -0.2492293
-0.4362353 -0.8561606 -0.2469221
-0.4274947 -0.8390063 -0.2430925
-0.4189175 -0.8221726 -0.2377641
-0.4105566 -0.8057632 -0.2309699
-0.4024634 -0.7898795 -0.2227516
-0.3946879 -0.7746192 -0.21316
-0.387278 -0.7600765 -0.2022542
-0.3802795 -0.746341 -0.1901015
-0.3737353 -0.7334974 -0.1767767
-0.367686 -0.721625 -0.162362
-0.3621688 -0.7107968 -0.1469463
-0.3572176 -0.7010796 -0.1306246
-0.3528631 -0.6925334 -0.1134976
-0.3491322 -0.6852109 -0.09567082
-0.3460476 -0.6791573 -0.07725426
-0.3436286 -0.6744096 -0.05836134
-0.34189 -0.6709974 -0.03910861
-0.3408425 -0.6689416 -0.01961476
-0.3404927 -0.668255 2.185569e-08
-0.3408425 -0.6689416 0.01961474
-0.34189 -0.6709974 0.03910865
-0.3436286 -0.6744096 0.05836133
-0.3460476 -0.6791573 0.0772543
-0.3491322 -0.6852109 0.09567086
-0.3528632 -0.6925335 0.1134976
-0.3572176 -0.7010796 0.1306247
-0.3621688 -0.7107968 0.1469463
-0.367686 -0.721625 0.162362
-0.3737353 -0.7334975 0.1767767
-0.3802795 -0.746341 0.1901015
-0.3872781 -0.7600765 0.2022543
-0.3946879 -0.7746192 0.21316
-0.4024634 -0.7898796 0.2227517
-0.4105566 -0.8057632 0.2309699
-0.4189176 -0.8221727 0.2377641
-0.4274947 -0.8390063 0.2430925
-0.4362353 -0.8561606 0.2469221
-0.4450853 -0.8735297 0.2492293
-0.4539902 -0.8910066 0.25
-0.4628952 -0.9084836 0.2492293
-0.4717452 -0.9258527 0.2469221
-0.4804857 -0.943007 0.2430925
-0.4890629 -0.9598407 0.2377641
-0.4974239 -0.9762501 0.2309699
-0.5055171 -0.9921339 0.2227516
-0.5132926 -1.007394 0.21316
-0.5207024 -1.021937 0.2022542
-0.527701 -1.035672 0.1901014
-0.5342451 -1.048516 0.1767766
-0.5402945 -1.060388 0.1623619
-0.5458117 -1.071217 0.1469463
-0.5507628 -1.080934 0.1306245
-0.5551173 -1.08948 0.1134976
-0.5588483 -1.096802 0.09567074
-0.5619328 -1.102856 0.07725424
-0.5643518 -1.107604 0.05836132
-0.5660905 -1.111016 0.03910859
-0.5671379 -1.113072 0.01961474
-0.5084208 -1.141932 0
-0.5081074 -1.141228 -0.01961477
-0.5071689 -1.13912 -0.03910862
-0.5056112 -1.135621 -0.05836134
-0.503444 -1.130754 -0.07725425
-0.5006806 -1.124547 -0.09567086
-0.4973379 -1.117039 -0.1134976
-0.4934366 -1.108277 -0.1306247
-0.4890009 -1.098314 -0.1469463
-0.4840579 -1.087212 -0.162362
-0.4786382 -1.075039 -0.1767767
-0.4727752 -1.06187 -0.1901015
-0.4665051 -1.047788 -0.2022543
-0.4598665 -1.032877 -0.2131601
-0.4529003 -1.017231 -0.2227516
-0.4456495 -1.000945 -0.2309699
-0.4381588 -0.9841207 -0.2377641
-0.4304743 -0.9668611 -0.2430925
-0.4226435 -0.9492729 -0.2469221
-0.4147147 -0.9314644 -0.2492293
-0.4067366 -0.9135454 -0.25
-0.3987586 -0.8956264 -0.2492293
-0.3908297 -0.8778179 -0.2469221
-0.3829989 -0.8602297 -0.2430925
-0.3753145 -0.8429701 -0.2377641
-0.3678238 -0.8261458 -0.2309699
-0.360573 -0.8098602 -0.2227516
-0.3536068 -0.7942139 -0.21316
-0.3469682 -0.7793033 -0.2022542
-0.3406981 -0.7652203 -0.1901015
-0.3348351 -0.7520519 -0.1767767
-0.3294154 -0.7398791 -0.162362
-0.3244724 -0.728777 -0.1469463
-0.3200366 -0.718814 -0.1306246
-0.3161354 -0.7100517 -0.1134976
-0.3127927 -0.7025439 -0.09567082
-0.3100293 -0.6963371 -0.07725426
-0.307862 -0.6914694 -0.05836134
-0.3063044 -0.6879709 -0.03910861
-0.3053659 -0.6858631 -0.01961476
-0.3050525 -0.6851591 2.185569e-08
-0.3053659 -0.6858631 0.01961474
-0.3063044 -0.6879709 0.03910865
-0.307862 -0.6914694 0.05836133
-0.3100293 -0.6963371 0.0772543
-0.3127927 -0.702544 0.09567086
-0.3161354 -0.7100517 0.1134976
-0.3200366 -0.718814 0.1306247
-0.3244724 -0.728777 0.1469463
-0.3294154 -0.7398791 0.162362
-0.3348351 -0.7520519 0.1767767
-0.3406981 -0.7652204 0.1901015
-0.3469682 -0.7793033 0.2022543
-0.3536068 -0.7942138 0.21316
-0.360573 -0.8098602 0.2227517
-0.3678238 -0.8261457 0.2309699
-0.3753145 -0.8429703 0.2377641
-0.3829989 -0.8602297 0.2430925
-0.3908297 -0.8778179 0.2469221
-0.3987586 -0.8956264 0.2492293
-0.4067366 -0.9135454 0.25
-0.4147147 -0.9314644 0.2492293
-0.4226435 -0.9492729 0.2469221
-0.4304743 -0.9668612 0.2430925
-0.4381588 -0.9841207 0.2377641
-0.4456495 -1.000945 0.2309699
-0.4529003 -1.017231 0.2227516
-0.4598665 -1.032877 0.21316
-0.4665051 -1.047788 0.2022542
-0.4727753 -1.061871 0.1901014
-0.4786382 -1.075039 0.1767766
-0.4840579 -1.087212 0.1623619
-0.4890009 -1.098314 0.1469463
-0.4934367 -1.108277 0.1306245
-0.4973379 -1.117039 0.1134976
-0.5006806 -1.124547 0.09567074
-0.503444 -1.130754 0.07725424
-0.5056112 -1.135621 0.05836132
-0.5071689 -1.13912 0.03910859
-0.5081074 -1.141228 0.01961474
-0.4479597 -1.166976 0
-0.4476835 -1.166256 -0.01961477
-0.4468567 -1.164102 -0.03910862
-0.4454843 -1.160527 -0.05836134
-0.4435748 -1.155553 -0.07725425
-0.4411399 -1.149209 -0.09567086
-0.4381948 -1.141537 -0.1134976
-0.4347575 -1.132583 -0.1306247
-0.4308492 -1.122401 -0.1469463
-0.426494 -1.111056 -0.162362
-0.4217188 -1.098616 -0.1767767
-0.4165531 -1.085159 -0.1901015
-0.4110286 -1.070767 -0.2022543
-0.4051794 -1.055529 -0.2131601
-0.3990417 -1.03954 -0.2227516
-0.3926531 -1.022897 -0.2309699
-0.3860532 -1.005704 -0.2377641
-0.3792826 -0.9880655 -0.2430925
-0.372383 -0.9700916 -0.2469221
-0.3653971 -0.9518925 -0.2492293
-0.3583678 -0.9335805 -0.25
-0.3513384 -0.9152685 -0.2492293
-0.3443525 -0.8970695 -0.2469221
-0.3374529 -0.8790955 -0.2430925
-0.3306823 -0.8614575 -0.2377641
-0.3240824 -0.844264 -0.2309699
-0.3176939 -0.8276213 -0.2227516
-0.3115561 -0.8116319 -0.21316
-0.3057069 -0.7963942 -0.2022542
-0.3001825 -0.7820025 -0.1901015
-0.2950167 -0.7685453 -0.1767767
-0.2902415 -0.7561054 -0.162362
-0.2858863 -0.7447599 -0.1469463
-0.2819781 -0.7345784 -0.1306246
-0.2785408 -0.7256239 -0.1134976
-0.2755956 -0.7179515 -0.09567082
-0.2731608 -0.7116086 -0.07725426
-0.2712513 -0.7066341 -0.05836134
-0.2698789 -0.7030588 -0.03910861
-0.269052 -0.7009048 -0.01961476
-0.2687758 -0.7001854 2.185569e-08
-0.269052 -0.7009048 0.01961474
-0.2698789 -0.7030589 0.03910865
-0.2712513 -0.7066341 0.05836133
-0.2731608 -0.7116086 0.0772543
-0.2755956 -0.7179515 0.09567086
-0.2785408 -0.725624 0.1134976
-0.2819781 -0.7345785 0.1306247
-0.2858864 -0.7447599 0.1469463
-0.2902415 -0.7561055 0.162362
-0.2950167 -0.7685453 0.1767767
-0.3001825 -0.7820026 0.1901015
-0.305707 -0.7963943 0.2022543
-0.3115561 -0.8116319 0.21316
-0.3176939 -0.8276214 0.2227517
-0.3240824 -0.844264 0.2309699
-0.3306824 -0.8614575 0.2377641
-0.3374529 -0.8790955 0.2430925
-0.3443525 -0.8970695 0.2469221
-0.3513385 -0.9152685 0.2492293
-0.3583678 -0.9335805 0.25
-0.3653971 -0.9518925 0.2492293
-0.3723831 -0.9700916 0.2469221
-0.3792826 -0.9880655 0.2430925
-0.3860532 -1.005704 0.2377641
-0.3926531 -1.022897 0.2309699
-0.3990417 -1.03954 0.2227516
-0.4051794 -1.055529 0.21316
-0.4110286 -1.070767 0.2022542
-0.4165531 -1.085159 0.1901014
-0.4217189 -1.098616 0.1767766
-0.426494 -1.111056 0.1623619
-0.4308492 -1.122401 0.1469463
-0.4347575 -1.132583 0.1306245
-0.4381948 -1.141537 0.1134976
-0.4411399 -1.149209 0.09567074
-0.4435748 -1.155553 0.07725424
-0.4454843 -1.160527 0.05836132
-0.4468567 -1.164102 0.03910859
-0.4476835 -1.166256 0.01961474
-0.3862708 -1.188821 0
-0.3860326 -1.188088 -0.01961477
-0.3853197 -1.185894 -0.03910862
-0.3841363 -1.182251 -0.05836134
-0.3824897 -1.177184 -0.07725425
-0.3803902 -1.170722 -0.09567086
-0.3778506 -1.162906 -0.1134976
-0.3748866 -1.153784 -0.1306247
-0.3715166 -1.143412 -0.1469463
-0.3677612 -1.131854 -0.162362
-0.3636436 -1.119181 -0.1767767
-0.3591892 -1.105472 -0.1901015
-0.3544255 -1.090811 -0.2022543
-0.3493818 -1.075288 -0.2131601
-0.3440893 -1.058999 -0.2227516
-0.3385805 -1.042045 -0.2309699
-0.3328895 -1.02453 -0.2377641
-0.3270513 -1.006562 -0.2430925
-0.3211019 -0.9882511 -0.2469221
-0.3150779 -0.9697114 -0.2492293
-0.3090166 -0.9510566 -0.25
-0.3029554 -0.9324018 -0.2492293
-0.2969314 -0.913862 -0.2469221
-0.290982 -0.8955517 -0.2430925
-0.2851438 -0.8775834 -0.2377641
-0.2794527 -0.8600682 -0.2309699
-0.273944 -0.8431139 -0.2227516
-0.2686515 -0.8268251 -0.21316
-0.2636078 -0.8113023 -0.2022542
-0.2588441 -0.7966411 -0.1901015
-0.2543897 -0.7829319 -0.1767767
-0.2502721 -0.7702593 -0.162362
-0.2465167 -0.7587013 -0.1469463
-0.2431466 -0.7483293 -0.1306246
-0.2401827 -0.7392071 -0.1134976
-0.2376431 -0.7313911 -0.09567082
-0.2355436 -0.7249295 -0.07725426
-0.233897 -0.7198619 -0.05836134
-0.2327136 -0.7162197 -0.03910861
-0.2320006 -0.7140254 -0.01961476
-0.2317625 -0.7132925 2.185569e-08
-0.2320006 -0.7140254 0.01961474
-0.2327136 -0.7162197 0.03910865
-0.233897 -0.7198619 0.05836133
-0.2355436 -0.7249295 0.0772543
-0.2376431 -0.7313912 0.09567086
-0.2401827 -0.7392072 0.1134976
-0.2431466 -0.7483293 0.1306247
-0.2465167 -0.7587014 0.1469463
-0.2502721 -0.7702593 0.162362
-0.2543897 -0.782932 0.1767767
-0.2588441 -0.7966412 0.1901015
-0.2636078 -0.8113024 0.2022543
-0.2686515 -0.8268251 0.21316
-0.273944 -0.843114 0.2227517
-0.2794527 -0.8600681 0.2309699
-0.2851438 -0.8775835 0.2377641
-0.290982 -0.8955516 0.2430925
-0.2969314 -0.9138621 0.2469221
-0.3029554 -0.9324018 0.2492293
-0.3090166 -0.9510566 0.25
-0.3150779 -0.9697114 0.2492293
-0.3211019 -0.9882511 0.2469221
-0.3270513 -1.006562 0.2430925
-0.3328895 -1.02453 0.2377641
-0.3385805 -1.042045 0.2309699
-0.3440893 -1.058999 0.2227516
-0.3493819 -1.075288 0.21316
-0.3544255 -1.090811 0.2022542
-0.3591892 -1.105472 0.1901014
-0.3636436 -1.119181 0.1767766
-0.3677612 -1.131854 0.1623619
-0.3715166 -1.143412 0.1469463
-0.3748867 -1.153784 0.1306245
-0.3778506 -1.162906 0.1134976
-0.3803902 -1.170722 0.09567074
-0.3824897 -1.177184 0.07725424
-0.3841363 -1.182251 0.05836132
-0.3853197 -1.185894 0.03910859
-0.3860327 -1.188088 0.01961474
-0.3235237 -1.207407 0
-0.3233243 -1.206663 -0.01961477
-0.3227271 -1.204434 -0.03910862
-0.3217359 -1.200735 -0.05836134
-0.3203568 -1.195588 -0.07725425
-0.3185984 -1.189026 -0.09567086
-0.3164713 -1.181087 -0.1134976
-0.3139889 -1.171823 -0.1306247
-0.3111662 -1.161288 -0.1469463
-0.3080209 -1.14955 -0.162362
-0.3045721 -1.136679 -0.1767767
-0.3008414 -1.122756 -0.1901015
-0.2968515 -1.107865 -0.2022543
-0.2926271 -1.0921 -0.2131601
-0.2881943 -1.075556 -0.2227516
-0.2835804 -1.058337 -0.2309699
-0.2788138 -1.040548 -0.2377641
-0.273924 -1.022299 -0.2430925
-0.268941 -1.003702 -0.2469221
-0.2638957 -0.9848723 -0.2492293
-0.258819 -0.9659259 -0.25
-0.2537423 -0.9469795 -0.2492293
-0.2486969 -0.9281498 -0.2469221
-0.243714 -0.9095531 -0.2430925
-0.2388241 -0.891304 -0.2377641
-0.2340575 -0.8735149 -0.2309699
-0.2294436 -0.8562956 -0.2227516
-0.2250108 -0.8397521 -0.21316
-0.2207865 -0.8239866 -0.2022542
-0.2167966 -0.8090962 -0.1901015
-0.2130658 -0.7951727 -0.1767767
-0.2096171 -0.7823019 -0.162362
-0.2064717 -0.7705632 -0.1469463
-0.2036491 -0.7600291 -0.1306246
-0.2011666 -0.7507643 -0.1134976
-0.1990396 -0.742826 -0.09567082
-0.1972811 -0.7362634 -0.07725426
-0.195902 -0.7311165 -0.05836134
-0.1949109 -0.7274175 -0.03910861
-0.1943137 -0.7251888 -0.01961476
-0.1941142 -0.7244444 2.185569e-08
-0.1943137 -0.7251888 0.01961474
-0.1949109 -0.7274175 0.03910865
-0.195902 -0.7311165 0.05836133
-0.1972811 -0.7362634 0.0772543
-0.1990396 -0.7428261 0.09567086
-0.2011666 -0.7507643 0.1134976
-0.2036491 -0.7600291 0.1306247
-0.2064717 -0.7705632 0.1469463
-0.2096171 -0.7823019 0.162362
-0.2130658 -0.7951727 0.1767767
-0.2167966 -0.8090962 0.1901015
-0.2207865 -0.8239866 0.2022543
-0.2250108 -0.8397521 0.21316
-0.2294437 -0.8562956 0.2227517
-0.2340575 -0.8735149 0.2309699
-0.2388241 -0.8913041 0.2377641
-0.243714 -0.9095531 0.2430925
-0.2486969 -0.9281498 0.2469221
-0.2537423 -0.9469795 0.2492293
-0.258819 -0.9659259 0.25
-0.2638957 -0.9848723 0.2492293
-0.268941 -1.003702 0.2469221
-0.273924 -1.022299 0.2430925
-0.2788139 -1.040548 0.2377641
-0.2835804 -1.058337 0.2309699
-0.2881943 -1.075556 0.2227516
-0.2926271 -1.0921 0.21316
-0.2968515 -1.107865 0.2022542
-0.3008414 -1.122756 0.1901014
-0.3045722 -1.136679 0.1767766
-0.3080209 -1.14955 0.1623619
-0.3111662 -1.161288 0.1469463
-0.3139889 -1.171823 0.1306245
-0.3164713 -1.181087 0.1134976
-0.3185984 -1.189026 0.09567074
-0.3203568 -1.195588 0.07725424
-0.3217359 -1.200735 0.05836132
-0.3227271 -1.204434 0.03910859
-0.3233243 -1.206663 0.01961474
-0.2598893 -1.222685 0
-0.2597291 -1.221931 -0.01961477
-0.2592494 -1.219674 -0.03910862
-0.2584532 -1.215928 -0.05836134
-0.2573453 -1.210716 -0.07725425
-0.2559327 -1.20407 -0.09567086
-0.2542241 -1.196032 -0.1134976
-0.2522299 -1.18665 -0.1306247
-0.2499624 -1.175982 -0.1469463
-0.2474357 -1.164095 -0.162362
-0.2446653 -1.151061 -0.1767767
-0.2416684 -1.136962 -0.1901015
-0.2384633 -1.121883 -0.2022543
-0.2350698 -1.105918 -0.2131601
-0.2315089 -1.089165 -0.2227516
-0.2278025 -1.071728 -0.2309699
-0.2239735 -1.053714 -0.2377641
-0.2200454 -1.035234 -0.2430925
-0.2160426 -1.016402 -0.2469221
-0.2119896 -0.9973338 -0.2492293
-0.2079114 -0.9781476 -0.25
-0.2038333 -0.9589615 -0.2492293
-0.1997803 -0.9398936 -0.2469221
-0.1957775 -0.9210616 -0.2430925
-0.1918494 -0.9025816 -0.2377641
-0.1880204 -0.8845674 -0.2309699
-0.184314 -0.8671302 -0.2227516
-0.1807531 -0.8503774 -0.21316
-0.1773596 -0.8344124 -0.2022542
-0.1741545 -0.8193336 -0.1901015
-0.1711576 -0.805234 -0.1767767
-0.1683872 -0.7922003 -0.162362
-0.1658605 -0.7803131 -0.1469463
-0.163593 -0.7696456 -0.1306246
-0.1615988 -0.7602636 -0.1134976
-0.1598902 -0.752225 -0.09567082
-0.1584776 -0.7455792 -0.07725426
-0.1573697 -0.7403673 -0.05836134
-0.1565735 -0.7366214 -0.03910861
-0.1560938 -0.7343645 -0.01961476
-0.1559336 -0.7336107 2.185569e-08
-0.1560938 -0.7343645 0.01961474
-0.1565735 -0.7366214 0.03910865
-0.1573697 -0.7403673 0.05836133
-0.1584776 -0.7455792 0.0772543
-0.1598902 -0.752225 0.09567086
-0.1615988 -0.7602637 0.1134976
-0.163593 -0.7696456 0.1306247
-0.1658605 -0.7803131 0.1469463
-0.1683872 -0.7922003 0.162362
-0.1711576 -0.805234 0.1767767
-0.1741545 -0.8193337 0.1901015
-0.1773596 -0.8344125 0.2022543
-0.1807531 -0.8503774 0.21316
-0.184314 -0.8671303 0.2227517
-0.1880204 -0.8845674 0.2309699
-0.1918494 -0.9025816 0.2377641
-0.1957774 -0.9210616 0.2430925
-0.1997803 -0.9398936 0.2469221
-0.2038333 -0.9589615 0.2492293
-0.2079114 -0.9781476 0.25
-0.2119896 -0.9973338 0.2492293
-0.2160426 -1.016402 0.2469221
-0.2200454 -1.035234 0.2430925
-0.2239735 -1.053714 0.2377641
-0.2278025 -1.071728 0.2309699
-0.2315089 -1.089165 0.2227516
-0.2350698 -1.105918 0.21316
-0.2384633 -1.121883 0.2022542
-0.2416684 -1.136962 0.1901014
-0.2446654 -1.151061 0.1767766
-0.2474357 -1.164095 0.1623619
-0.2499624 -1.175982 0.1469463
-0.2522299 -1.18665 0.1306245
-0.2542241 -1.196032 0.1134976
-0.2559327 -1.20407 0.09567074
-0.2573453 -1.210716 0.07725424
-0.2584532 -1.215928 0.05836132
-0.2592494 -1.219674 0.03910859
-0.2597291 -1.221931 0.01961474
-0.1955426 -1.234611 0
-0.195422 -1.233849 -0.01961477
-0.1950611 -1.23157 -0.03910862
-0.194462 -1.227788 -0.05836134
-0.1936284 -1.222525 -0.07725425
-0.1925656 -1.215815 -0.09567086
-0.19128 -1.207698 -0.1134976
-0.1897795 -1.198224 -0.1306247
-0.1880735 -1.187453 -0.1469463
-0.1861724 -1.175449 -0.162362
-0.1840879 -1.162289 -0.1767767
-0.181833 -1.148052 -0.1901015
-0.1794215 -1.132826 -0.2022543
-0.1768682 -1.116705 -0.2131601
-0.1741889 -1.099789 -0.2227516
-0.1714002 -1.082181 -0.2309699
-0.1685192 -1.063992 -0.2377641
-0.1655637 -1.045331 -0.2430925
-0.162552 -1.026316 -0.2469221
-0.1595025 -1.007062 -0.2492293
-0.156434 -0.9876884 -0.25
-0.1533656 -0.9683151 -0.2492293
-0.1503161 -0.9490613 -0.2469221
-0.1473043 -0.9300456 -0.2430925
-0.1443488 -0.9113853 -0.2377641
-0.1414679 -0.8931954 -0.2309699
-0.1386791 -0.8755881 -0.2227516
-0.1359999 -0.858672 -0.21316
-0.1334466 -0.8425512 -0.2022542
-0.1310351 -0.8273253 -0.1901015
-0.1287802 -0.8130881 -0.1767767
-0.1266957 -0.7999274 -0.162362
-0.1247946 -0.7879242 -0.1469463
-0.1230886 -0.7771527 -0.1306246
-0.1215881 -0.7676792 -0.1134976
-0.1203025 -0.7595621 -0.09567082
-0.1192396 -0.7528515 -0.07725426
-0.1184061 -0.7475888 -0.05836134
-0.117807 -0.7438064 -0.03910861
-0.1174461 -0.7415275 -0.01961476
-0.1173255 -0.7407663 2.185569e-08
-0.1174461 -0.7415275 0.01961474
-0.117807 -0.7438064 0.03910865
-0.1184061 -0.7475888 0.05836133
-0.1192396 -0.7528516 0.0772543
-0.1203025 -0.7595621 0.09567086
-0.1215881 -0.7676792 0.1134976
-0.1230886 -0.7771527 0.1306247
-0.1247946 -0.7879243 0.1469463
-0.1266957 -0.7999274 0.162362
-0.1287802 -0.8130882 0.1767767
-0.1310351 -0.8273253 0.1901015
-0.1334466 -0.8425513 0.2022543
-0.1359999 -0.8586719 0.21316
-0.1386792 -0.8755882 0.2227517
-0.1414679 -0.8931954 0.2309699
-0.1443489 -0.9113854 0.2377641
-0.1473043 -0.9300456 0.2430925
-0.1503161 -0.9490613 0.2469221
-0.1533656 -0.9683151 0.2492293
-0.156434 -0.9876884 0.25
-0.1595025 -1.007062 0.2492293
-0.162552 -1.026316 0.2469221
-0.1655637 -1.045331 0.2430925
-0.1685192 -1.063992 0.2377641
-0.1714002 -1.082181 0.2309699
-0.1741889 -1.099789 0.2227516
-0.1768682 -1.116705 0.21316
-0.1794215 -1.132826 0.2022542
-0.181833 -1.148052 0.1901014
-0.1840879 -1.162289 0.1767766
-0.1861724 -1.175449 0.1623619
-0.1880735 -1.187453 0.1469463
-0.1897795 -1.198224 0.1306245
-0.19128 -1.207698 0.1134976
-0.1925656 -1.215815 0.09567074
-0.1936284 -1.222525 0.07725424
-0.194462 -1.227788 0.05836132
-0.1950611 -1.23157 0.03910859
-0.195422 -1.233849 0.01961474
-0.1306604 -1.243152 0
-0.1305799 -1.242386 -0.01961477
-0.1303387 -1.240091 -0.03910862
-0.1299384 -1.236283 -0.05836134
-0.1293814 -1.230983 -0.07725425
-0.1286712 -1.224226 -0.09567086
-0.1278122 -1.216053 -0.1134976
-0.1268096 -1.206514 -0.1306247
-0.1256696 -1.195668 -0.1469463
-0.1243993 -1.183582 -0.162362
-0.1230065 -1.17033 -0.1767767
-0.1214998 -1.155995 -0.1901015
-0.1198884 -1.140663 -0.2022543
-0.1181823 -1.124431 -0.2131601
-0.1163921 -1.107398 -0.2227516
-0.1145287 -1.089669 -0.2309699
-0.1126036 -1.071353 -0.2377641
-0.1106288 -1.052564 -0.2430925
-0.1086163 -1.033416 -0.2469221
-0.1065786 -1.014029 -0.2492293
-0.1045283 -0.9945219 -0.25
-0.102478 -0.9750146 -0.2492293
-0.1004404 -0.9556275 -0.2469221
-0.09842792 -0.9364803 -0.2430925
-0.09645308 -0.9176909 -0.2377641
-0.09452802 -0.8993751 -0.2309699
-0.09266461 -0.881646 -0.2227516
-0.09087436 -0.8646128 -0.21316
-0.08916828 -0.8483806 -0.2022542
-0.08755691 -0.8330494 -0.1901015
-0.08605017 -0.8187136 -0.1767767
-0.08465734 -0.8054618 -0.162362
-0.08338703 -0.7933756 -0.1469463
-0.08224707 -0.7825296 -0.1306246
-0.08124448 -0.7729905 -0.1134976
-0.08038544 -0.7648173 -0.09567082
-0.07967525 -0.7580603 -0.07725426
-0.07911828 -0.7527611 -0.05836134
-0.07871798 -0.7489525 -0.03910861
-0.07847681 -0.7466578 -0.01961476
-0.07839625 -0.7458915 2.185569e-08
-0.07847681 -0.7466578 0.01961474
-0.07871798 -0.7489525 0.03910865
-0.07911828 -0.7527611 0.05836133
-0.07967525 -0.7580603 0.0772543
-0.08038544 -0.7648173 0.09567086
-0.08124448 -0.7729905 0.1134976
-0.08224707 -0.7825296 0.1306247
-0.08338704 -0.7933756 0.1469463
-0.08465735 -0.8054618 0.162362
-0.08605017 -0.8187137 0.1767767
-0.08755691 -0.8330494 0.1901015
-0.08916829 -0.8483806 0.2022543
-0.09087436 -0.8646128 0.21316
-0.09266463 -0.8816461 0.2227517
-0.09452802 -0.8993751 0.2309699
-0.09645309 -0.917691 0.2377641
-0.09842792 -0.9364803 0.2430925
-0.1004404 -0.9556275 0.2469221
-0.102478 -0.9750146 0.2492293
-0.1045283 -0.9945219 0.25
-0.1065786 -1.014029 0.2492293
-0.1086163 -1.033416 0.2469221
-0.1106288 -1.052564 0.2430925
-0.1126036 -1.071353 0.2377641
-0.1145287 -1.089669 0.2309699
-0.1163921 -1.107398 0.2227516
-0.1181823 -1.124431 0.21316
-0.1198884 -1.140663 0.2022542
-0.1214998 -1.155995 0.1901014
-0.1230065 -1.17033 0.1767766
-0.1243993 -1.183582 0.1623619
-0.1256696 -1.195668 0.1469463
-0.1268096 -1.206514 0.1306245
-0.1278122 -1.216053 0.1134976
-0.1286712 -1.224227 0.09567074
-0.1293814 -1.230983 0.07725424
-0.1299384 -1.236283 0.05836132
-0.1303387 -1.240091 0.03910859
-0.1305799 -1.242386 0.01961474
-0.06542015 -1.248287 0
-0.06537982 -1.247517 -0.01961477
-0.06525907 -1.245213 -0.03910862
-0.06505864 -1.241389 -0.05836134
-0.06477977 -1.236068 -0.07725425
-0.06442419 -1.229283 -0.09567086
-0.06399408 -1.221076 -0.1134976
-0.06349209 -1.211497 -0.1306247
-0.06292133 -1.200607 -0.1469463
-0.0622853 -1.18847 -0.162362
-0.06158793 -1.175164 -0.1767767
-0.06083352 -1.160769 -0.1901015
-0.06002672 -1.145374 -0.2022543
-0.05917251 -1.129075 -0.2131601
-0.05827615 -1.111972 -0.2227516
-0.05734316 -1.094169 -0.2309699
-0.05637931 -1.075778 -0.2377641
-0.05539053 -1.056911 -0.2430925
-0.05438292 -1.037685 -0.2469221
-0.05336268 -1.018217 -0.2492293
-0.05233612 -0.9986295 -0.25
-0.05130956 -0.9790416 -0.2492293
-0.05028933 -0.9595745 -0.2469221
-0.04928172 -0.9403481 -0.2430925
-0.04829293 -0.9214811 -0.2377641
-0.04732908 -0.9030898 -0.2309699
-0.0463961 -0.8852874 -0.2227516
-0.04549973 -0.8681839 -0.21316
-0.04464552 -0.8518845 -0.2022542
-0.04383872 -0.83649 -0.1901015
-0.04308432 -0.8220951 -0.1767767
-0.04238695 -0.8087885 -0.162362
-0.04175092 -0.7966524 -0.1469463
-0.04118015 -0.7857616 -0.1306246
-0.04067817 -0.7761831 -0.1134976
-0.04024805 -0.7679762 -0.09567082
-0.03989247 -0.7611912 -0.07725426
-0.0396136 -0.7558702 -0.05836134
-0.03941318 -0.7520458 -0.03910861
-0.03929242 -0.7497417 -0.01961476
-0.03925209 -0.7489721 2.185569e-08
-0.03929242 -0.7497417 0.01961474
-0.03941318 -0.7520459 0.03910865
-0.0396136 -0.7558702 0.05836133
-0.03989247 -0.7611912 0.0772543
-0.04024806 -0.7679762 0.09567086
-0.04067817 -0.7761831 0.1134976
-0.04118015 -0.7857616 0.1306247
-0.04175092 -0.7966524 0.1469463
-0.04238695 -0.8087885 0.162362
-0.04308432 -0.8220952 0.1767767
-0.04383872 -0.83649 0.1901015
-0.04464553 -0.8518846 0.2022543
-0.04549973 -0.8681839 0.21316
-0.0463961 -0.8852875 0.2227517
-0.04732908 -0.9030898 0.2309699
-0.04829294 -0.9214813 0.2377641
-0.04928172 -0.9403481 0.2430925
-0.05028933 -0.9595745 0.2469221
-0.05130956 -0.9790416 0.2492293
-0.05233612 -0.9986295 0.25
-0.05336269 -1.018217 0.2492293
-0.05438292 -1.037685 0.2469221
-0.05539053 -1.056911 0.2430925
-0.05637931 -1.075778 0.2377641
-0.05734317 -1.094169 0.2309699
-0.05827615 -1.111972 0.2227516
-0.05917251 -1.129075 0.21316
-0.06002673 -1.145375 0.2022542
-0.06083352 -1.160769 0.1901014
-0.06158793 -1.175164 0.1767766
-0.0622853 -1.18847 0.1623619
-0.06292132 -1.200607 0.1469463
-0.0634921 -1.211497 0.1306245
-0.06399408 -1.221076 0.1134976
-0.06442419 -1.229283 0.09567074
-0.06477977 -1.236068 0.07725424
-0.06505864 -1.241389 0.05836132
-0.06525907 -1.245213 0.03910859
-0.06537982 -1.247517 0.01961474
1.49061e-08 -1.25 0
1.489691e-08 -1.249229 -0.01961477
1.48694e-08 -1.246922 -0.03910862
1.482373e-08 -1.243093 -0.05836134
1.476019e-08 -1.237764 -0.07725425
1.467917e-08 -1.23097 -0.09567086
1.458117e-08 -1.222752 -0.1134976
1.446679e-08 -1.21316 -0.1306247
1.433674e-08 -1.202254 -0.1469463
1.419182e-08 -1.190102 -0.162362
1.403292e-08 -1.176777 -0.1767767
1.386103e-08 -1.162362 -0.1901015
1.36772e-08 -1.146946 -0.2022543
1.348256e-08 -1.130625 -0.2131601
1.327833e-08 -1.113498 -0.2227516
1.306574e-08 -1.095671 -0.2309699
1.284613e-08 -1.077254 -0.2377641
1.262083e-08 -1.058361 -0.2430925
1.239125e-08 -1.039109 -0.2469221
1.215878e-08 -1.019615 -0.2492293
1.192488e-08 -1 -0.25
1.169098e-08 -0.9803852 -0.2492293
1.145852e-08 -0.9608914 -0.2469221
1.122893e-08 -0.9416386 -0.2430925
1.100363e-08 -0.9227458 -0.2377641
1.078402e-08 -0.9043291 -0.2309699
1.057143e-08 -0.8865023 -0.2227516
1.03672e-08 -0.8693753 -0.21316
1.017256e-08 -0.8530536 -0.2022542
9.988733e-09 -0.837638 -0.1901015
9.81684e-09 -0.8232233 -0.1767767
9.657943e-09 -0.8098985 -0.162362
9.513022e-09 -0.7977457 -0.1469463
9.382973e-09 -0.78684 -0.1306246
9.268594e-09 -0.7772484 -0.1134976
9.170592e-09 -0.7690301 -0.09567082
9.089572e-09 -0.7622359 -0.07725426
9.026031e-09 -0.7569075 -0.05836134
8.980364e-09 -0.7530779 -0.03910861
8.952851e-09 -0.7507707 -0.01961476
8.94366e-09 -0.75 2.185569e-08
8.952851e-09 -0.7507707 0.01961474
8.980365e-09 -0.7530779 0.03910865
9.026031e-09 -0.7569075 0.05836133
9.089572e-09 -0.7622359 0.0772543
9.170592e-09 -0.7690301 0.09567086
9.268594e-09 -0.7772484 0.1134976
9.382973e-09 -0.78684 0.1306247
9.513023e-09 -0.7977458 0.1469463
9.657944e-09 -0.8098985 0.162362
9.81684e-09 -0.8232234 0.1767767
9.988733e-09 -0.837638 0.1901015
1.017256e-08 -0.8530537 0.2022543
1.03672e-08 -0.8693753 0.21316
1.057144e-08 -0.8865024 0.2227517
1.078402e-08 -0.9043291 0.2309699
1.100363e-08 -0.9227458 0.2377641
1.122893e-08 -0.9416386 0.2430925
1.145852e-08 -0.9608914 0.2469221
1.169098e-08 -0.9803852 0.2492293
1.192488e-08 -1 0.25
1.215878e-08 -1.019615 0.2492293
1.239125e-08 -1.039109 0.2469221
1.262083e-08 -1.058361 0.2430925
1.284613e-08 -1.077254 0.2377641
1.306574e-08 -1.095671 0.2309699
1.327833e-08 -1.113498 0.2227516
1.348256e-08 -1.130625 0.21316
1.36772e-08 -1.146946 0.2022542
1.386103e-08 -1.162362 0.1901014
1.403292e-08 -1.176777 0.1767766
1.419182e-08 -1.190102 0.1623619
1.433674e-08 -1.202254 0.1469463
1.446679e-08 -1.21316 0.1306245
1.458117e-08 -1.222752 0.1134976
1.467917e-08 -1.23097 0.09567074
1.476019e-08 -1.237764 0.07725424
1.482373e-08 -1.243093 0.05836132
1.48694e-08 -1.246922 0.03910859
1.489691e-08 -1.249229 0.01961474
0.06542019 -1.248287 0
0.06537985 -1.247517 -0.01961477
0.0652591 -1.245213 -0.03910862
0.06505867 -1.241389 -0.05836134
0.06477981 -1.236068 -0.07725425
0.06442422 -1.229283 -0.09567086
0.06399411 -1.221076 -0.1134976
0.06349213 -1.211497 -0.1306247
0.06292136 -1.200607 -0.1469463
0.06228533 -1.18847 -0.162362
0.06158796 -1.175164 -0.1767767
0.06083355 -1.160769 -0.1901015
0.06002675 -1.145374 -0.2022543
0.05917254 -1.129075 -0.2131601
0.05827618 -1.111972 -0.2227516
0.05734319 -1.094169 -0.2309699
0.05637934 -1.075778 -0.2377641
0.05539056 -1.056911 -0.2430925
0.05438294 -1.037685 -0.2469221
0.05336271 -1.018217 -0.2492293
0.05233615 -0.9986295 -0.25
0.05130959 -0.9790416 -0.2492293
0.05028935 -0.9595745 -0.2469221
0.04928174 -0.9403481 -0.2430925
0.04829296 -0.9214811 -0.2377641
0.04732911 -0.9030898 -0.2309699
0.04639612 -0.8852874 -0.2227516
0.04549976 -0.8681839 -0.21316
0.04464554 -0.8518845 -0.2022542
0.04383875 -0.83649 -0.1901015
0.04308434 -0.8220951 -0.1767767
0.04238697 -0.8087885 -0.162362
0.04175094 -0.7966524 -0.1469463
0.04118017 -0.7857616 -0.1306246
0.04067818 -0.7761831 -0.1134976
0.04024807 -0.7679762 -0.09567082
0.03989249 -0.7611912 -0.07725426
0.03961363 -0.7558702 -0.05836134
0.0394132 -0.7520458 -0.03910861
0.03929245 -0.7497417 -0.01961476
0.03925211 -0.7489721 2.185569e-08
0.03929245 -0.7497417 0.01961474
0.0394132 -0.7520459 0.03910865
0.03961363 -0.7558702 0.05836133
0.03989249 -0.7611912 0.0772543
0.04024807 -0.7679762 0.09567086
0.04067819 -0.7761831 0.1134976
0.04118017 -0.7857616 0.1306247
0.04175094 -0.7966524 0.1469463
0.04238697 -0.8087885 0.162362
0.04308434 -0.8220952 0.1767767
0.04383875 -0.83649 0.1901015
0.04464555 -0.8518846 0.2022543
0.04549976 -0.8681839 0.21316
0.04639613 -0.8852875 0.2227517
0.0473291 -0.9030898 0.2309699
0.04829296 -0.9214813 0.2377641
0.04928174 -0.9403481 0.2430925
0.05028936 -0.9595745 0.2469221
0.05130959 -0.9790416 0.2492293
0.05233615 -0.9986295 0.25
0.05336271 -1.018217 0.2492293
0.05438294 -1.037685 0.2469221
0.05539056 -1.056911 0.2430925
0.05637934 -1.075778 0.2377641
0.0573432 -1.094169 0.2309699
0.05827618 -1.111972 0.2227516
0.05917254 -1.129075 0.21316
0.06002676 -1.145375 0.2022542
0.06083355 -1.160769 0.1901014
0.06158796 -1.175164 0.1767766
0.06228533 -1.18847 0.1623619
0.06292136 -1.200607 0.1469463
0.06349213 -1.211497 0.1306245
0.06399411 -1.221076 0.1134976
0.06442422 -1.229283 0.09567074
0.06477981 -1.236068 0.07725424
0.06505867 -1.241389 0.05836132
0.0652591 -1.245213 0.03910859
0.06537985 -1.247517 0.01961474
0.1306604 -1.243152 0
0.1305799 -1.242386 -0.01961477
0.1303387 -1.240091 -0.03910862
0.1299384 -1.236283 -0.05836134
0.1293814 -1.230983 -0.07725425
0.1286713 -1.224226 -0.09567086
0.1278122 -1.216053 -0.1134976
0.1268096 -1.206514 -0.1306247
0.1256697 -1.195668 -0.1469463
0.1243994 -1.183582 -0.162362
0.1230065 -1.17033 -0.1767767
0.1214998 -1.155995 -0.1901015
0.1198884 -1.140663 -0.2022543
0.1181823 -1.124431 -0.2131601
0.1163921 -1.107398 -0.2227516
0.1145287 -1.089669 -0.2309699
0.1126036 -1.071353 -0.2377641
0.1106288 -1.052564 -0.2430925
0.1086163 -1.033416 -0.2469221
0.1065787 -1.014029 -0.2492293
0.1045284 -0.9945219 -0.25
0.1024781 -0.9750146 -0.2492293
0.1004404 -0.9556275 -0.2469221
0.09842794 -0.9364803 -0.2430925
0.0964531 -0.9176909 -0.2377641
0.09452804 -0.8993751 -0.2309699
0.09266464 -0.881646 -0.2227516
0.09087437 -0.8646128 -0.21316
0.0891683 -0.8483806 -0.2022542
0.08755693 -0.8330494 -0.1901015
0.08605018 -0.8187136 -0.1767767
0.08465736 -0.8054618 -0.162362
0.08338705 -0.7933756 -0.1469463
0.08224709 -0.7825296 -0.1306246
0.0812445 -0.7729905 -0.1134976
0.08038545 -0.7648173 -0.09567082
0.07967526 -0.7580603 -0.07725426
0.0791183 -0.7527611 -0.05836134
0.078718 -0.7489525 -0.03910861
0.07847682 -0.7466578 -0.01961476
0.07839627 -0.7458915 2.185569e-08
0.07847682 -0.7466578 0.01961474
0.078718 -0.7489525 0.03910865
0.0791183 -0.7527611 0.05836133
0.07967527 -0.7580603 0.0772543
0.08038546 -0.7648173 0.09567086
0.0812445 -0.7729905 0.1134976
0.08224709 -0.7825296 0.1306247
0.08338705 -0.7933756 0.1469463
0.08465736 -0.8054618 0.162362
0.08605018 -0.8187137 0.1767767
0.08755693 -0.8330494 0.1901015
0.08916831 -0.8483806 0.2022543
0.09087437 -0.8646128 0.21316
0.09266464 -0.8816461 0.2227517
0.09452803 -0.8993751 0.2309699
0.09645311 -0.917691 0.2377641
0.09842794 -0.9364803 0.2430925
0.1004404 -0.9556275 0.2469221
0.1024781 -0.9750146 0.2492293
0.1045284 -0.9945219 0.25
0.1065787 -1.014029 0.2492293
0.1086163 -1.033416 0.2469221
0.1106288 -1.052564 0.2430925
0.1126036 -1.071353 0.2377641
0.1145287 -1.089669 0.2309699
0.1163921 -1.107398 0.2227516
0.1181823 -1.124431 0.21316
0.1198884 -1.140663 0.2022542
0.1214998 -1.155995 0.1901014
0.1230065 -1.17033 0.1767766
0.1243994 -1.183582 0.1623619
0.1256697 -1.195668 0.1469463
0.1268096 -1.206514 0.1306245
0.1278122 -1.216053 0.1134976
0.1286713 -1.224227 0.09567074
0.1293814 -1.230983 0.07725424
0.1299384 -1.236283 0.05836132
0.1303387 -1.240091 0.03910859
0.1305799 -1.242386 0.01961474
0.1955432 -1.23461 0
0.1954226 -1.233849 -0.01961477
0.1950617 -1.23157 -0.03910862
0.1944626 -1.227788 -0.05836134
0.1936291 -1.222525 -0.07725425
0.1925662 -1.215815 -0.09567086
0.1912806 -1.207698 -0.1134976
0.1897801 -1.198224 -0.1306247
0.1880741 -1.187452 -0.1469463
0.186173 -1.175449 -0.162362
0.1840885 -1.162289 -0.1767767
0.1818336 -1.148051 -0.1901015
0.179422 -1.132825 -0.2022543
0.1768687 -1.116705 -0.2131601
0.1741895 -1.099789 -0.2227516
0.1714008 -1.082181 -0.2309699
0.1685198 -1.063991 -0.2377641
0.1655643 -1.045331 -0.2430925
0.1625525 -1.026315 -0.2469221
0.159503 -1.007062 -0.2492293
0.1564345 -0.9876883 -0.25
0.1533661 -0.968315 -0.2492293
0.1503166 -0.9490612 -0.2469221
0.1473048 -0.9300455 -0.2430925
0.1443493 -0.9113852 -0.2377641
0.1414683 -0.8931953 -0.2309699
0.1386796 -0.875588 -0.2227516
0.1360003 -0.8586718 -0.21316
0.1334471 -0.8425511 -0.2022542
0.1310355 -0.8273252 -0.1901015
0.1287806 -0.8130881 -0.1767767
0.1266961 -0.7999272 -0.162362
0.124795 -0.7879241 -0.1469463
0.1230889 -0.7771526 -0.1306246
0.1215885 -0.7676791 -0.1134976
0.1203029 -0.759562 -0.09567082
0.11924 -0.7528515 -0.07725426
0.1184065 -0.7475887 -0.05836134
0.1178074 -0.7438062 -0.03910861
0.1174465 -0.7415274 -0.01961476
0.1173259 -0.7407662 2.185569e-08
0.1174465 -0.7415274 0.01961474
0.1178074 -0.7438062 0.03910865
0.1184065 -0.7475887 0.05836133
0.11924 -0.7528515 0.0772543
0.1203029 -0.7595621 0.09567086
0.1215885 -0.7676791 0.1134976
0.1230889 -0.7771527 0.1306247
0.124795 -0.7879242 0.1469463
0.1266961 -0.7999273 0.162362
0.1287806 -0.8130881 0.1767767
0.1310355 -0.8273253 0.1901015
0.1334471 -0.8425512 0.2022543
0.1360003 -0.8586718 0.21316
0.1386796 -0.8755881 0.2227517
0.1414683 -0.8931953 0.2309699
0.1443493 -0.9113853 0.2377641
0.1473048 -0.9300455 0.2430925
0.1503166 -0.9490612 0.2469221
0.1533661 -0.968315 0.2492293
0.1564345 -0.9876883 0.25
0.159503 -1.007062 0.2492293
0.1625525 -1.026315 0.2469221
0.1655643 -1.045331 0.2430925
0.1685198 -1.063991 0.2377641
0.1714008 -1.082181 0.2309699
0.1741895 -1.099789 0.2227516
0.1768688 -1.116705 0.21316
0.179422 -1.132825 0.2022542
0.1818336 -1.148051 0.1901014
0.1840885 -1.162289 0.1767766
0.186173 -1.175449 0.1623619
0.1880741 -1.187452 0.1469463
0.1897801 -1.198224 0.1306245
0.1912806 -1.207698 0.1134976
0.1925662 -1.215815 0.09567074
0.1936291 -1.222525 0.07725424
0.1944626 -1.227788 0.05836132
0.1950617 -1.23157 0.03910859
0.1954226 -1.233849 0.01961474
0.2598899 -1.222685 0
0.2597297 -1.221931 -0.01961477
0.25925 -1.219674 -0.03910862
0.2584538 -1.215928 -0.05836134
0.2573459 -1.210716 -0.07725425
0.2559333 -1.20407 -0.09567086
0.2542247 -1.196032 -0.1134976
0.2522305 -1.18665 -0.1306247
0.249963 -1.175982 -0.1469463
0.2474363 -1.164095 -0.162362
0.2446659 -1.151061 -0.1767767
0.2416689 -1.136962 -0.1901015
0.2384638 -1.121883 -0.2022543
0.2350704 -1.105918 -0.2131601
0.2315094 -1.089165 -0.2227516
0.2278031 -1.071728 -0.2309699
0.223974 -1.053714 -0.2377641
0.220046 -1.035233 -0.2430925
0.2160431 -1.016402 -0.2469221
0.2119901 -0.9973337 -0.2492293
0.2079119 -0.9781476 -0.25
0.2038338 -0.9589614 -0.2492293
0.1997808 -0.9398935 -0.2469221
0.1957779 -0.9210616 -0.2430925
0.1918499 -0.9025815 -0.2377641
0.1880208 -0.8845673 -0.2309699
0.1843144 -0.8671301 -0.2227516
0.1807535 -0.8503774 -0.21316
0.17736 -0.8344123 -0.2022542
0.1741549 -0.8193336 -0.1901015
0.171158 -0.8052339 -0.1767767
0.1683876 -0.7922002 -0.162362
0.1658609 -0.780313 -0.1469463
0.1635934 -0.7696456 -0.1306246
0.1615992 -0.7602636 -0.1134976
0.1598905 -0.7522249 -0.09567082
0.1584779 -0.7455792 -0.07725426
0.1573701 -0.7403672 -0.05836134
0.1565739 -0.7366213 -0.03910861
0.1560942 -0.7343645 -0.01961476
0.1559339 -0.7336107 2.185569e-08
0.1560942 -0.7343645 0.01961474
0.1565739 -0.7366213 0.03910865
0.1573701 -0.7403672 0.05836133
0.1584779 -0.7455792 0.0772543
0.1598905 -0.7522249 0.09567086
0.1615992 -0.7602636 0.1134976
0.1635934 -0.7696456 0.1306247
0.1658609 -0.7803131 0.1469463
0.1683876 -0.7922003 0.162362
0.171158 -0.8052339 0.1767767
0.1741549 -0.8193336 0.1901015
0.1773601 -0.8344125 0.2022543
0.1807535 -0.8503773 0.21316
0.1843144 -0.8671302 0.2227517
0.1880208 -0.8845673 0.2309699
0.1918499 -0.9025816 0.2377641
0.1957779 -0.9210615 0.2430925
0.1997808 -0.9398935 0.2469221
0.2038338 -0.9589614 0.2492293
0.2079119 -0.9781476 0.25
0.2119901 -0.9973337 0.2492293
0.2160431 -1.016402 0.2469221
0.220046 -1.035234 0.2430925
0.223974 -1.053714 0.2377641
0.2278031 -1.071728 0.2309699
0.2315095 -1.089165 0.2227516
0.2350704 -1.105918 0.21316
0.2384638 -1.121883 0.2022542
0.241669 -1.136962 0.1901014
0.2446659 -1.151061 0.1767766
0.2474363 -1.164095 0.1623619
0.249963 -1.175982 0.1469463
0.2522305 -1.18665 0.1306245
0.2542247 -1.196032 0.1134976
0.2559333 -1.20407 0.09567074
0.2573459 -1.210716 0.07725424
0.2584538 -1.215928 0.05836132
0.25925 -1.219674 0.03910859
0.2597297 -1.221931 0.01961474
0.3235243 -1.207407 0
0.3233249 -1.206663 -0.01961477
0.3227277 -1.204434 -0.03910862
0.3217365 -1.200735 -0.05836134
0.3203574 -1.195588 -0.07725425
0.318599 -1.189025 -0.09567086
0.3164719 -1.181087 -0.1134976
0.3139894 -1.171822 -0.1306247
0.3111668 -1.161288 -0.1469463
0.3080214 -1.14955 -0.162362
0.3045727 -1.136679 -0.1767767
0.3008419 -1.122755 -0.1901015
0.296852 -1.107865 -0.2022543
0.2926277 -1.092099 -0.2131601
0.2881948 -1.075556 -0.2227516
0.2835809 -1.058337 -0.2309699
0.2788144 -1.040548 -0.2377641
0.2739245 -1.022298 -0.2430925
0.2689415 -1.003702 -0.2469221
0.2638961 -0.9848721 -0.2492293
0.2588195 -0.9659257 -0.25
0.2537428 -0.9469793 -0.2492293
0.2486974 -0.9281496 -0.2469221
0.2437144 -0.909553 -0.2430925
0.2388246 -0.8913038 -0.2377641
0.234058 -0.8735147 -0.2309699
0.2294441 -0.8562954 -0.2227516
0.2250113 -0.839752 -0.21316
0.2207869 -0.8239864 -0.2022542
0.216797 -0.809096 -0.1901015
0.2130662 -0.7951726 -0.1767767
0.2096175 -0.7823018 -0.162362
0.2064721 -0.7705631 -0.1469463
0.2036495 -0.760029 -0.1306246
0.201167 -0.7507641 -0.1134976
0.19904 -0.7428259 -0.09567082
0.1972815 -0.7362632 -0.07725426
0.1959024 -0.7311164 -0.05836134
0.1949112 -0.7274173 -0.03910861
0.1943141 -0.7251887 -0.01961476
0.1941146 -0.7244443 2.185569e-08
0.1943141 -0.7251887 0.01961474
0.1949112 -0.7274173 0.03910865
0.1959024 -0.7311164 0.05836133
0.1972815 -0.7362632 0.0772543
0.19904 -0.742826 0.09567086
0.201167 -0.7507641 0.1134976
0.2036495 -0.760029 0.1306247
0.2064721 -0.7705631 0.1469463
0.2096175 -0.7823018 0.162362
0.2130662 -0.7951726 0.1767767
0.216797 -0.8090961 0.1901015
0.2207869 -0.8239865 0.2022543
0.2250113 -0.839752 0.21316
0.2294441 -0.8562955 0.2227517
0.234058 -0.8735147 0.2309699
0.2388246 -0.8913039 0.2377641
0.2437144 -0.9095529 0.2430925
0.2486974 -0.9281496 0.2469221
0.2537428 -0.9469793 0.2492293
0.2588195 -0.9659257 0.25
0.2638961 -0.9848721 0.2492293
0.2689415 -1.003702 0.2469221
0.2739245 -1.022298 0.2430925
0.2788144 -1.040548 0.2377641
0.283581 -1.058337 0.2309699
0.2881949 -1.075556 0.2227516
0.2926277 -1.092099 0.21316
0.2968521 -1.107865 0.2022542
0.3008419 -1.122755 0.1901014
0.3045727 -1.136679 0.1767766
0.3080214 -1.14955 0.1623619
0.3111668 -1.161288 0.1469463
0.3139894 -1.171823 0.1306245
0.3164719 -1.181087 0.1134976
0.318599 -1.189026 0.09567074
0.3203574 -1.195588 0.07725424
0.3217365 -1.200735 0.05836132
0.3227277 -1.204434 0.03910859
0.3233249 -1.206663 0.01961474
0.3862714 -1.188821 0
0.3860332 -1.188088 -0.01961477
0.3853203 -1.185893 -0.03910862
0.3841369 -1.182251 -0.05836134
0.3824903 -1.177184 -0.07725425
0.3803908 -1.170722 -0.09567086
0.3778512 -1.162906 -0.1134976
0.3748872 -1.153784 -0.1306247
0.3715172 -1.143412 -0.1469463
0.3677617 -1.131854 -0.162362
0.3636442 -1.119181 -0.1767767
0.3591897 -1.105472 -0.1901015
0.3544261 -1.090811 -0.2022543
0.3493824 -1.075288 -0.2131601
0.3440898 -1.058999 -0.2227516
0.3385811 -1.042045 -0.2309699
0.33289 -1.02453 -0.2377641
0.3270518 -1.006561 -0.2430925
0.3211024 -0.988251 -0.2469221
0.3150784 -0.9697112 -0.2492293
0.3090171 -0.9510565 -0.25
0.3029558 -0.9324017 -0.2492293
0.2969319 -0.9138619 -0.2469221
0.2909825 -0.8955516 -0.2430925
0.2851442 -0.8775833 -0.2377641
0.2794532 -0.8600681 -0.2309699
0.2739444 -0.8431138 -0.2227516
0.2686519 -0.826825 -0.21316
0.2636082 -0.8113022 -0.2022542
0.2588445 -0.7966411 -0.1901015
0.2543901 -0.7829319 -0.1767767
0.2502725 -0.7702592 -0.162362
0.2465171 -0.7587013 -0.1469463
0.243147 -0.7483292 -0.1306246
0.2401831 -0.7392071 -0.1134976
0.2376435 -0.7313911 -0.09567082
0.2355439 -0.7249294 -0.07725426
0.2338974 -0.7198618 -0.05836134
0.232714 -0.7162196 -0.03910861
0.232001 -0.7140253 -0.01961476
0.2317628 -0.7132924 2.185569e-08
0.232001 -0.7140253 0.01961474
0.232714 -0.7162197 0.03910865
0.2338974 -0.7198618 0.05836133
0.2355439 -0.7249294 0.0772543
0.2376435 -0.7313911 0.09567086
0.2401831 -0.7392071 0.1134976
0.243147 -0.7483293 0.1306247
0.2465171 -0.7587013 0.1469463
0.2502725 -0.7702593 0.162362
0.2543901 -0.7829319 0.1767767
0.2588445 -0.7966411 0.1901015
0.2636082 -0.8113023 0.2022543
0.2686518 -0.826825 0.21316
0.2739444 -0.8431139 0.2227517
0.2794532 -0.8600681 0.2309699
0.2851443 -0.8775834 0.2377641
0.2909825 -0.8955515 0.2430925
0.2969319 -0.913862 0.2469221
0.3029558 -0.9324017 0.2492293
0.3090171 -0.9510565 0.25
0.3150784 -0.9697112 0.2492293
0.3211024 -0.988251 0.2469221
0.3270518 -1.006561 0.2430925
0.33289 -1.02453 0.2377641
0.3385811 -1.042045 0.2309699
0.3440898 -1.058999 0.2227516
0.3493824 -1.075288 0.21316
0.3544261 -1.090811 0.2022542
0.3591898 -1.105472 0.1901014
0.3636442 -1.119181 0.1767766
0.3677618 -1.131854 0.1623619
0.3715172 -1.143412 0.1469463
0.3748872 -1.153784 0.1306245
0.3778512 -1.162906 0.1134976
0.3803908 -1.170722 0.09567074
0.3824903 -1.177184 0.07725424
0.3841369 -1.182251 0.05836132
0.3853203 -1.185893 0.03910859
0.3860333 -1.188088 0.01961474
0.4479603 -1.166975 0
0.4476841 -1.166256 -0.01961477
0.4468573 -1.164102 -0.03910862
0.4454849 -1.160527 -0.05836134
0.4435754 -1.155552 -0.07725425
0.4411405 -1.149209 -0.09567086
0.4381953 -1.141537 -0.1134976
0.434758 -1.132582 -0.1306247
0.4308497 -1.122401 -0.1469463
0.4264946 -1.111055 -0.162362
0.4217194 -1.098616 -0.1767767
0.4165536 -1.085158 -0.1901015
0.4110291 -1.070767 -0.2022543
0.40518 -1.055529 -0.2131601
0.3990422 -1.039539 -0.2227516
0.3926536 -1.022897 -0.2309699
0.3860537 -1.005703 -0.2377641
0.3792831 -0.9880653 -0.2430925
0.3723835 -0.9700914 -0.2469221
0.3653976 -0.9518923 -0.2492293
0.3583682 -0.9335803 -0.25
0.3513389 -0.9152684 -0.2492293
0.344353 -0.8970693 -0.2469221
0.3374534 -0.8790953 -0.2430925
0.3306828 -0.8614573 -0.2377641
0.3240829 -0.8442639 -0.2309699
0.3176943 -0.8276212 -0.2227516
0.3115565 -0.8116317 -0.21316
0.3057073 -0.7963941 -0.2022542
0.3001828 -0.7820023 -0.1901015
0.2950171 -0.7685451 -0.1767767
0.2902419 -0.7561053 -0.162362
0.2858867 -0.7447597 -0.1469463
0.2819785 -0.7345783 -0.1306246
0.2785411 -0.7256238 -0.1134976
0.275596 -0.7179514 -0.09567082
0.2731611 -0.7116084 -0.07725426
0.2712516 -0.706634 -0.05836134
0.2698792 -0.7030587 -0.03910861
0.2690524 -0.7009047 -0.01961476
0.2687762 -0.7001852 2.185569e-08
0.2690524 -0.7009047 0.01961474
0.2698792 -0.7030587 0.03910865
0.2712516 -0.706634 0.05836133
0.2731611 -0.7116084 0.0772543
0.275596 -0.7179514 0.09567086
0.2785411 -0.7256238 0.1134976
0.2819785 -0.7345783 0.1306247
0.2858868 -0.7447598 0.1469463
0.2902419 -0.7561053 0.162362
0.2950171 -0.7685452 0.1767767
0.3001829 -0.7820024 0.1901015
0.3057074 -0.7963942 0.2022543
0.3115565 -0.8116317 0.21316
0.3176943 -0.8276212 0.2227517
0.3240829 -0.8442639 0.2309699
0.3306828 -0.8614573 0.2377641
0.3374534 -0.8790953 0.2430925
0.344353 -0.8970693 0.2469221
0.3513389 -0.9152684 0.2492293
0.3583682 -0.9335803 0.25
0.3653976 -0.9518923 0.2492293
0.3723835 -0.9700914 0.2469221
0.3792831 -0.9880654 0.2430925
0.3860537 -1.005703 0.2377641
0.3926537 -1.022897 0.2309699
0.3990422 -1.03954 0.2227516
0.40518 -1.055529 0.21316
0.4110292 -1.070767 0.2022542
0.4165536 -1.085158 0.1901014
0.4217194 -1.098616 0.1767766
0.4264946 -1.111055 0.1623619
0.4308497 -1.122401 0.1469463
0.4347581 -1.132582 0.1306245
0.4381953 -1.141537 0.1134976
0.4411405 -1.149209 0.09567074
0.4435754 -1.155552 0.07725424
0.4454849 -1.160527 0.05836132
0.4468573 -1.164102 0.03910859
0.4476841 -1.166256 0.01961474
0.5084214 -1.141932 0
0.5081079 -1.141227 -0.01961477
0.5071695 -1.13912 -0.03910862
0.5056118 -1.135621 -0.05836134
0.5034446 -1.130754 -0.07725425
0.5006811 -1.124547 -0.09567086
0.4973384 -1.117039 -0.1134976
0.4934372 -1.108277 -0.1306247
0.4890014 -1.098314 -0.1469463
0.4840584 -1.087212 -0.162362
0.4786387 -1.075039 -0.1767767
0.4727758 -1.06187 -0.1901015
0.4665056 -1.047787 -0.2022543
0.459867 -1.032877 -0.2131601
0.4529008 -1.017231 -0.2227516
0.44565 -1.000945 -0.2309699
0.4381593 -0.9841205 -0.2377641
0.4304748 -0.9668609 -0.2430925
0.422644 -0.9492728 -0.2469221
0.4147151 -0.9314643 -0.2492293
0.4067371 -0.9135453 -0.25
0.398759 -0.8956262 -0.2492293
0.3908302 -0.8778177 -0.2469221
0.3829994 -0.8602295 -0.2430925
0.3753149 -0.84297 -0.2377641
0.3678242 -0.8261456 -0.2309699
0.3605734 -0.80986 -0.2227516
0.3536072 -0.7942137 -0.21316
0.3469686 -0.7793031 -0.2022542
0.3406984 -0.7652202 -0.1901015
0.3348355 -0.7520517 -0.1767767
0.3294157 -0.7398789 -0.162362
0.3244728 -0.7287768 -0.1469463
0.320037 -0.7188139 -0.1306246
0.3161357 -0.7100515 -0.1134976
0.3127931 -0.7025438 -0.09567082
0.3100296 -0.696337 -0.07725426
0.3078624 -0.6914693 -0.05836134
0.3063047 -0.6879708 -0.03910861
0.3053663 -0.685863 -0.01961476
0.3050528 -0.685159 2.185569e-08
0.3053663 -0.685863 0.01961474
0.3063047 -0.6879708 0.03910865
0.3078624 -0.6914693 0.05836133
0.3100296 -0.696337 0.0772543
0.3127931 -0.7025439 0.09567086
0.3161357 -0.7100515 0.1134976
0.320037 -0.7188139 0.1306247
0.3244728 -0.7287769 0.1469463
0.3294158 -0.739879 0.162362
0.3348355 -0.7520518 0.1767767
0.3406985 -0.7652202 0.1901015
0.3469686 -0.7793032 0.2022543
0.3536072 -0.7942137 0.21316
0.3605734 -0.8098601 0.2227517
0.3678242 -0.8261455 0.2309699
0.375315 -0.8429701 0.2377641
0.3829994 -0.8602295 0.2430925
0.3908302 -0.8778177 0.2469221
0.398759 -0.8956262 0.2492293
0.4067371 -0.9135453 0.25
0.4147151 -0.9314643 0.2492293
0.422644 -0.9492728 0.2469221
0.4304748 -0.966861 0.2430925
0.4381593 -0.9841205 0.2377641
0.44565 -1.000945 0.2309699
0.4529008 -1.017231 0.2227516
0.459867 -1.032877 0.21316
0.4665056 -1.047787 0.2022542
0.4727758 -1.06187 0.1901014
0.4786388 -1.075039 0.1767766
0.4840584 -1.087212 0.1623619
0.4890014 -1.098314 0.1469463
0.4934372 -1.108277 0.1306245
0.4973384 -1.117039 0.1134976
0.5006812 -1.124547 0.09567074
0.5034446 -1.130754 0.07725424
0.5056118 -1.135621 0.05836132
0.5071695 -1.13912 0.03910859
0.5081079 -1.141227 0.01961474
0.5674878 -1.113758 0
0.567138 -1.113072 -0.01961477
0.5660905 -1.111016 -0.03910862
0.5643519 -1.107604 -0.05836134
0.5619329 -1.102856 -0.07725425
0.5588483 -1.096802 -0.09567086
0.5551173 -1.08948 -0.1134976
0.5507628 -1.080934 -0.1306247
0.5458117 -1.071217 -0.1469463
0.5402945 -1.060388 -0.162362
0.5342451 -1.048516 -0.1767767
0.527701 -1.035672 -0.1901015
0.5207024 -1.021937 -0.2022543
0.5132926 -1.007394 -0.2131601
0.5055171 -0.9921338 -0.2227516
0.4974239 -0.97625 -0.2309699
0.4890629 -0.9598407 -0.2377641
0.4804857 -0.943007 -0.2430925
0.4717452 -0.9258527 -0.2469221
0.4628952 -0.9084836 -0.2492293
0.4539903 -0.8910066 -0.25
0.4450853 -0.8735297 -0.2492293
0.4362353 -0.8561606 -0.2469221
0.4274948 -0.8390063 -0.2430925
0.4189176 -0.8221726 -0.2377641
0.4105566 -0.8057632 -0.2309699
0.4024634 -0.7898795 -0.2227516
0.3946879 -0.7746192 -0.21316
0.387278 -0.7600765 -0.2022542
0.3802795 -0.746341 -0.1901015
0.3737354 -0.7334974 -0.1767767
0.367686 -0.721625 -0.162362
0.3621688 -0.7107968 -0.1469463
0.3572177 -0.7010796 -0.1306246
0.3528632 -0.6925334 -0.1134976
0.3491322 -0.6852109 -0.09567082
0.3460476 -0.6791573 -0.07725426
0.3436286 -0.6744096 -0.05836134
0.34189 -0.6709974 -0.03910861
0.3408425 -0.6689416 -0.01961476
0.3404927 -0.668255 2.185569e-08
0.3408425 -0.6689416 0.01961474
0.34189 -0.6709974 0.03910865
0.3436286 -0.6744096 0.05836133
0.3460477 -0.6791573 0.0772543
0.3491322 -0.6852109 0.09567086
0.3528632 -0.6925335 0.1134976
0.3572177 -0.7010796 0.1306247
0.3621688 -0.7107968 0.1469463
0.367686 -0.721625 0.162362
0.3737354 -0.7334975 0.1767767
0.3802795 -0.746341 0.1901015
0.3872781 -0.7600765 0.2022543
0.3946879 -0.7746192 0.21316
0.4024635 -0.7898796 0.2227517
0.4105566 -0.8057632 0.2309699
0.4189176 -0.8221727 0.2377641
0.4274948 -0.8390063 0.2430925
0.4362353 -0.8561606 0.2469221
0.4450853 -0.8735297 0.2492293
0.4539903 -0.8910066 0.25
0.4628952 -0.9084836 0.2492293
0.4717452 -0.9258527 0.2469221
0.4804857 -0.943007 0.2430925
0.4890629 -0.9598407 0.2377641
0.4974239 -0.9762501 0.2309699
0.5055171 -0.9921339 0.2227516
0.5132926 -1.007394 0.21316
0.5207025 -1.021937 0.2022542
0.527701 -1.035672 0.1901014
0.5342452 -1.048516 0.1767766
0.5402945 -1.060388 0.1623619
0.5458117 -1.071217 0.1469463
0.5507628 -1.080934 0.1306245
0.5551173 -1.08948 0.1134976
0.5588484 -1.096802 0.09567074
0.5619329 -1.102856 0.07725424
0.5643519 -1.107604 0.05836132
0.5660905 -1.111016 0.03910859
0.567138 -1.113072 0.01961474
0.6249999 -1.082532 0
0.6246145 -1.081864 -0.01961477
0.6234609 -1.079866 -0.03910862
0.6215461 -1.07655 -0.05836134
0.6188819 -1.071935 -0.07725425
0.6154848 -1.066051 -0.09567086
0.6113757 -1.058934 -0.1134976
0.6065799 -1.050627 -0.1306247
0.601127 -1.041183 -0.1469463
0.5950506 -1.030658 -0.162362
0.5883883 -1.019119 -0.1767767
0.5811809 -1.006635 -0.1901015
0.573473 -0.9932847 -0.2022543
0.5653122 -0.9791497 -0.2131601
0.5567487 -0.9643173 -0.2227516
0.5478354 -0.9488788 -0.2309699
0.538627 -0.9329296 -0.2377641
0.5291806 -0.9165679 -0.2430925
0.5195542 -0.8998945 -0.2469221
0.5098073 -0.8830124 -0.2492293
0.4999999 -0.8660254 -0.25
0.4901925 -0.8490385 -0.2492293
0.4804456 -0.8321564 -0.2469221
0.4708192 -0.815483 -0.2430925
0.4613728 -0.7991213 -0.2377641
0.4521645 -0.783172 -0.2309699
0.4432511 -0.7677336 -0.2227516
0.4346876 -0.7529011 -0.21316
0.4265268 -0.7387662 -0.2022542
0.4188189 -0.7254158 -0.1901015
0.4116116 -0.7129323 -0.1767767
0.4049492 -0.7013927 -0.162362
0.3988728 -0.6908681 -0.1469463
0.3934199 -0.6814234 -0.1306246
0.3886241 -0.6731169 -0.1134976
0.384515 -0.6659997 -0.09567082
0.3811179 -0.6601157 -0.07725426
0.3784537 -0.6555012 -0.05836134
0.3765389 -0.6521846 -0.03910861
0.3753853 -0.6501865 -0.01961476
0.3749999 -0.6495191 2.185569e-08
0.3753853 -0.6501865 0.01961474
0.3765389 -0.6521847 0.03910865
0.3784537 -0.6555012 0.05836133
0.3811179 -0.6601157 0.0772543
0.384515 -0.6659997 0.09567086
0.3886241 -0.6731169 0.1134976
0.3934199 -0.6814234 0.1306247
0.3988728 -0.6908681 0.1469463
0.4049492 -0.7013928 0.162362
0.4116116 -0.7129323 0.1767767
0.418819 -0.7254158 0.1901015
0.4265268 -0.7387663 0.2022543
0.4346876 -0.7529011 0.21316
0.4432511 -0.7677337 0.2227517
0.4521645 -0.783172 0.2309699
0.4613729 -0.7991214 0.2377641
0.4708192 -0.815483 0.2430925
0.4804456 -0.8321564 0.2469221
0.4901925 -0.8490385 0.2492293
0.4999999 -0.8660254 0.25
0.5098073 -0.8830124 0.2492293
0.5195542 -0.8998945 0.2469221
0.5291806 -0.9165679 0.2430925
0.538627 -0.9329296 0.2377641
0.5478354 -0.9488789 0.2309699
0.5567487 -0.9643173 0.2227516
0.5653123 -0.9791498 0.21316
0.5734731 -0.9932848 0.2022542
0.5811809 -1.006635 0.1901014
0.5883883 -1.019119 0.1767766
0.5950507 -1.030658 0.1623619
0.601127 -1.041183 0.1469463
0.60658 -1.050627 0.1306245
0.6113757 -1.058934 0.1134976
0.6154848 -1.066051 0.09567074
0.6188819 -1.071935 0.07725424
0.6215461 -1.07655 0.05836132
0.6234609 -1.079866 0.03910859
0.6246145 -1.081864 0.01961474
0.6807989 -1.048338 0
0.6803792 -1.047692 -0.01961477
0.6791226 -1.045757 -0.03910862
0.6770368 -1.042545 -0.05836134
0.6741347 -1.038076 -0.07725425
0.6704344 -1.032378 -0.09567086
0.6659583 -1.025486 -0.1134976
0.6607344 -1.017442 -0.1306247
0.6547947 -1.008295 -0.1469463
0.6481758 -0.998103 -0.162362
0.6409186 -0.9869279 -0.1767767
0.6330678 -0.9748387 -0.1901015
0.6246718 -0.96191 -0.2022543
0.6157824 -0.9482215 -0.2131601
0.6064544 -0.9338576 -0.2227516
0.5967452 -0.9189068 -0.2309699
0.5867148 -0.9034613 -0.2377641
0.576425 -0.8876164 -0.2430925
0.5659392 -0.8714697 -0.2469221
0.5553221 -0.8551208 -0.2492293
0.5446391 -0.8386705 -0.25
0.5339561 -0.8222201 -0.2492293
0.523339 -0.8058712 -0.2469221
0.5128533 -0.7897245 -0.2430925
0.5025634 -0.7738796 -0.2377641
0.492533 -0.7584342 -0.2309699
0.4828238 -0.7434834 -0.2227516
0.4734958 -0.7291194 -0.21316
0.4646064 -0.7154309 -0.2022542
0.4562104 -0.7025023 -0.1901015
0.4483596 -0.6904131 -0.1767767
0.4411024 -0.679238 -0.162362
0.4344835 -0.6690458 -0.1469463
0.4285438 -0.6598995 -0.1306246
0.4233198 -0.6518552 -0.1134976
0.4188439 -0.6449628 -0.09567082
0.4151435 -0.6392648 -0.07725426
0.4122415 -0.634796 -0.05836134
0.4101557 -0.6315842 -0.03910861
0.4088991 -0.6296492 -0.01961476
0.4084793 -0.6290029 2.185569e-08
0.4088991 -0.6296492 0.01961474
0.4101557 -0.6315842 0.03910865
0.4122415 -0.634796 0.05836133
0.4151435 -0.6392648 0.0772543
0.4188439 -0.6449629 0.09567086
0.4233199 -0.6518553 0.1134976
0.4285438 -0.6598995 0.1306247
0.4344835 -0.6690458 0.1469463
0.4411024 -0.679238 0.162362
0.4483596 -0.6904131 0.1767767
0.4562104 -0.7025023 0.1901015
0.4646064 -0.715431 0.2022543
0.4734958 -0.7291194 0.21316
0.4828239 -0.7434834 0.2227517
0.492533 -0.7584341 0.2309699
0.5025635 -0.7738797 0.2377641
0.5128532 -0.7897245 0.2430925
0.523339 -0.8058712 0.2469221
0.5339561 -0.8222201 0.2492293
0.5446391 -0.8386705 0.25
0.5553221 -0.8551208 0.2492293
0.5659392 -0.8714697 0.2469221
0.576425 -0.8876165 0.2430925
0.5867148 -0.9034614 0.2377641
0.5967453 -0.9189069 0.2309699
0.6064544 -0.9338576 0.2227516
0.6157824 -0.9482216 0.21316
0.6246719 -0.9619101 0.2022542
0.6330678 -0.9748387 0.1901014
0.6409186 -0.9869279 0.1767766
0.6481758 -0.998103 0.1623619
0.6547947 -1.008295 0.1469463
0.6607344 -1.017442 0.1306245
0.6659583 -1.025486 0.1134976
0.6704344 -1.032378 0.09567074
0.6741347 -1.038076 0.07725424
0.6770368 -1.042545 0.05836132
0.6791226 -1.045757 0.03910859
0.6803792 -1.047692 0.01961474
0.7347319 -1.011271 0
0.7342789 -1.010648 -0.01961477
0.7329227 -1.008781 -0.03910862
0.7306717 -1.005683 -0.05836134
0.7275398 -1.001372 -0.07725425
0.7235462 -0.9958754 -0.09567086
0.7187157 -0.9892266 -0.1134976
0.7130778 -0.9814669 -0.1306247
0.7066676 -0.9726439 -0.1469463
0.6995244 -0.9628121 -0.162362
0.6916922 -0.9520321 -0.1767767
0.6832195 -0.9403704 -0.1901015
0.6741584 -0.9278989 -0.2022543
0.6645647 -0.9146943 -0.2131601
0.6544977 -0.9008383 -0.2227516
0.6440194 -0.8864161 -0.2309699
0.6331944 -0.8715168 -0.2377641
0.6220894 -0.8562321 -0.2430925
0.610773 -0.8406563 -0.2469221
0.5993147 -0.8248855 -0.2492293
0.5877855 -0.8090168 -0.25
0.5762562 -0.7931481 -0.2492293
0.564798 -0.7773772 -0.2469221
0.5534815 -0.7618015 -0.2430925
0.5423766 -0.7465168 -0.2377641
0.5315515 -0.7316175 -0.2309699
0.5210732 -0.7171953 -0.2227516
0.5110062 -0.7033393 -0.21316
0.5014126 -0.6901348 -0.2022542
0.4923514 -0.6776632 -0.1901015
0.4838787 -0.6660015 -0.1767767
0.4760466 -0.6552215 -0.162362
0.4689034 -0.6453897 -0.1469463
0.4624931 -0.6365668 -0.1306246
0.4568553 -0.628807 -0.1134976
0.4520247 -0.6221583 -0.09567082
0.4480312 -0.6166617 -0.07725426
0.4448993 -0.6123509 -0.05836134
0.4426483 -0.6092527 -0.03910861
0.4412921 -0.6073861 -0.01961476
0.4408391 -0.6067626 2.185569e-08
0.4412921 -0.6073861 0.01961474
0.4426483 -0.6092527 0.03910865
0.4448993 -0.6123509 0.05836133
0.4480312 -0.6166617 0.0772543
0.4520248 -0.6221583 0.09567086
0.4568553 -0.628807 0.1134976
0.4624931 -0.6365668 0.1306247
0.4689034 -0.6453897 0.1469463
0.4760466 -0.6552215 0.162362
0.4838787 -0.6660016 0.1767767
0.4923515 -0.6776633 0.1901015
0.5014126 -0.6901348 0.2022543
0.5110062 -0.7033393 0.21316
0.5210733 -0.7171954 0.2227517
0.5315515 -0.7316175 0.2309699
0.5423766 -0.7465169 0.2377641
0.5534815 -0.7618015 0.2430925
0.564798 -0.7773773 0.2469221
0.5762562 -0.7931482 0.2492293
0.5877855 -0.8090168 0.25
0.5993147 -0.8248855 0.2492293
0.610773 -0.8406563 0.2469221
0.6220894 -0.8562322 0.2430925
0.6331944 -0.8715168 0.2377641
0.6440194 -0.8864162 0.2309699
0.6544977 -0.9008384 0.2227516
0.6645648 -0.9146944 0.21316
0.6741585 -0.9278989 0.2022542
0.6832196 -0.9403704 0.1901014
0.6916923 -0.9520322 0.1767766
0.6995244 -0.9628122 0.1623619
0.7066676 -0.9726439 0.1469463
0.7130779 -0.9814669 0.1306245
0.7187157 -0.9892266 0.1134976
0.7235463 -0.9958754 0.09567074
0.7275398 -1.001372 0.07725424
0.7306717 -1.005683 0.05836132
0.7329227 -1.008781 0.03910859
0.7342789 -1.010648 0.01961474
0.7866505 -0.9714324 0
0.7861655 -0.9708335 -0.01961477
0.7847135 -0.9690405 -0.03910862
0.7823035 -0.9660643 -0.05836134
0.7789502 -0.9619234 -0.07725425
0.7746744 -0.9566433 -0.09567086
0.7695025 -0.9502565 -0.1134976
0.7634664 -0.9428024 -0.1306247
0.7566031 -0.9343271 -0.1469463
0.7489551 -0.9248826 -0.162362
0.7405696 -0.9145273 -0.1767767
0.7314981 -0.903325 -0.1901015
0.7217967 -0.8913447 -0.2022543
0.7115251 -0.8786604 -0.2131601
0.7007467 -0.8653502 -0.2227516
0.689528 -0.8514962 -0.2309699
0.677938 -0.8371838 -0.2377641
0.6660483 -0.8225012 -0.2430925
0.6539322 -0.8075391 -0.2469221
0.6416644 -0.7923895 -0.2492293
0.6293204 -0.777146 -0.25
0.6169764 -0.7619025 -0.2492293
0.6047085 -0.7467529 -0.2469221
0.5925924 -0.7317907 -0.2430925
0.5807027 -0.7171081 -0.2377641
0.5691128 -0.7027957 -0.2309699
0.557894 -0.6889417 -0.2227516
0.5471156 -0.6756315 -0.21316
0.536844 -0.6629472 -0.2022542
0.5271426 -0.650967 -0.1901015
0.5180712 -0.6397647 -0.1767767
0.5096856 -0.6294094 -0.162362
0.5020376 -0.6199649 -0.1469463
0.4951744 -0.6114895 -0.1306246
0.4891382 -0.6040354 -0.1134976
0.4839663 -0.5976486 -0.09567082
0.4796906 -0.5923685 -0.07725426
0.4763373 -0.5882276 -0.05836134
0.4739273 -0.5852515 -0.03910861
0.4724753 -0.5834584 -0.01961476
0.4719903 -0.5828595 2.185569e-08
0.4724753 -0.5834584 0.01961474
0.4739273 -0.5852515 0.03910865
0.4763373 -0.5882276 0.05836133
0.4796906 -0.5923685 0.0772543
0.4839664 -0.5976487 0.09567086
0.4891382 -0.6040354 0.1134976
0.4951744 -0.6114895 0.1306247
0.5020376 -0.6199649 0.1469463
0.5096856 -0.6294094 0.162362
0.5180712 -0.6397647 0.1767767
0.5271427 -0.650967 0.1901015
0.5368441 -0.6629473 0.2022543
0.5471156 -0.6756315 0.21316
0.5578941 -0.6889418 0.2227517
0.5691127 -0.7027957 0.2309699
0.5807028 -0.7171082 0.2377641
0.5925924 -0.7317907 0.2430925
0.6047086 -0.7467529 0.2469221
0.6169764 -0.7619025 0.2492293
0.6293204 -0.777146 0.25
0.6416644 -0.7923895 0.2492293
0.6539322 -0.8075391 0.2469221
0.6660484 -0.8225013 0.2430925
0.6779381 -0.8371838 0.2377641
0.689528 -0.8514962 0.2309699
0.7007468 -0.8653502 0.2227516
0.7115251 -0.8786604 0.21316
0.7217968 -0.8913448 0.2022542
0.7314981 -0.903325 0.1901014
0.7405696 -0.9145273 0.1767766
0.7489551 -0.9248827 0.1623619
0.7566031 -0.9343271 0.1469463
0.7634664 -0.9428025 0.1306245
0.7695025 -0.9502565 0.1134976
0.7746745 -0.9566433 0.09567074
0.7789502 -0.9619234 0.07725424
0.7823035 -0.9660643 0.05836132
0.7847135 -0.9690405 0.03910859
0.7861655 -0.9708335 0.01961474
0.8364134 -0.9289309 0
0.8358977 -0.9283582 -0.01961477
0.8343539 -0.9266436 -0.03910862
0.8317914 -0.9237977 -0.05836134
0.828226 -0.919838 -0.07725425
0.8236798 -0.9147888 -0.09567086
0.8181807 -0.9086815 -0.1134976
0.8117627 -0.9015535 -0.1306247
0.8044653 -0.8934489 -0.1469463
0.7963335 -0.8844177 -0.162362
0.7874175 -0.8745154 -0.1767767
0.7777721 -0.8638032 -0.1901015
0.767457 -0.8523471 -0.2022543
0.7565357 -0.8402178 -0.2131601
0.7450755 -0.8274899 -0.2227516
0.733147 -0.8142421 -0.2309699
0.7208239 -0.8005558 -0.2377641
0.7081821 -0.7865157 -0.2430925
0.6952995 -0.7722081 -0.2469221
0.6822556 -0.7577214 -0.2492293
0.6691307 -0.7431448 -0.25
0.6560059 -0.7285681 -0.2492293
0.642962 -0.7140813 -0.2469221
0.6300794 -0.6997738 -0.2430925
0.6174375 -0.6857337 -0.2377641
0.6051144 -0.6720474 -0.2309699
0.593186 -0.6587996 -0.2227516
0.5817258 -0.6460717 -0.21316
0.5708044 -0.6339424 -0.2022542
0.5604894 -0.6224863 -0.1901015
0.550844 -0.6117741 -0.1767767
0.541928 -0.6018718 -0.162362
0.5337962 -0.5928406 -0.1469463
0.5264988 -0.584736 -0.1306246
0.5200807 -0.577608 -0.1134976
0.5145817 -0.5715007 -0.09567082
0.5100355 -0.5664516 -0.07725426
0.5064701 -0.5624918 -0.05836134
0.5039076 -0.5596459 -0.03910861
0.5023637 -0.5579313 -0.01961476
0.501848 -0.5573586 2.185569e-08
0.5023637 -0.5579313 0.01961474
0.5039076 -0.5596459 0.03910865
0.5064701 -0.5624918 0.05836133
0.5100355 -0.5664516 0.0772543
0.5145817 -0.5715007 0.09567086
0.5200808 -0.577608 0.1134976
0.5264988 -0.584736 0.1306247
0.5337962 -0.5928406 0.1469463
0.541928 -0.6018718 0.162362
0.5508441 -0.6117741 0.1767767
0.5604894 -0.6224863 0.1901015
0.5708045 -0.6339424 0.2022543
0.5817258 -0.6460717 0.21316
0.593186 -0.6587996 0.2227517
0.6051144 -0.6720474 0.2309699
0.6174376 -0.6857337 0.2377641
0.6300794 -0.6997738 0.2430925
0.642962 -0.7140814 0.2469221
0.6560059 -0.7285681 0.2492293
0.6691307 -0.7431448 0.25
0.6822556 -0.7577214 0.2492293
0.6952995 -0.7722082 0.2469221
0.7081821 -0.7865157 0.2430925
0.7208239 -0.8005559 0.2377641
0.7331471 -0.8142421 0.2309699
0.7450755 -0.82749 0.2227516
0.7565358 -0.8402178 0.21316
0.7674571 -0.8523472 0.2022542
0.7777722 -0.8638033 0.1901014
0.7874175 -0.8745155 0.1767766
0.7963336 -0.8844177 0.1623619
0.8044653 -0.8934489 0.1469463
0.8117627 -0.9015536 0.1306245
0.8181807 -0.9086815 0.1134976
0.8236798 -0.9147888 0.09567074
0.828226 -0.919838 0.07725424
0.8317914 -0.9237977 0.05836132
0.8343539 -0.9266436 0.03910859
0.8358977 -0.9283582 0.01961474
0.8838838 -0.8838832 0
0.8833388 -0.8833382 -0.01961477
0.8817074 -0.8817068 -0.03910862
0.8789994 -0.8789988 -0.05836134
0.8752317 -0.8752311 -0.07725425
0.8704274 -0.8704268 -0.09567086
0.8646163 -0.8646157 -0.1134976
0.857834 -0.8578334 -0.1306247
0.8501224 -0.8501219 -0.1469463
0.8415291 -0.8415285 -0.162362
0.8321071 -0.8321065 -0.1767767
0.8219143 -0.8219138 -0.1901015
0.8110138 -0.8110132 -0.2022543
0.7994726 -0.799472 -0.2131601
0.787362 -0.7873614 -0.2227516
0.7747566 -0.774756 -0.2309699
0.761734 -0.7617335 -0.2377641
0.7483747 -0.7483742 -0.2430925
0.734761 -0.7347605 -0.2469221
0.7209768 -0.7209762 -0.2492293
0.707107 -0.7071065 -0.25
0.6932372 -0.6932368 -0.2492293
0.679453 -0.6794525 -0.2469221
0.6658393 -0.6658388 -0.2430925
0.65248 -0.6524795 -0.2377641
0.6394575 -0.639457 -0.2309699
0.626852 -0.6268516 -0.2227516
0.6147414 -0.614741 -0.21316
0.6032002 -0.6031998 -0.2022542
0.5922997 -0.5922993 -0.1901015
0.5821069 -0.5821066 -0.1767767
0.5726849 -0.5726845 -0.162362
0.5640916 -0.5640912 -0.1469463
0.55638 -0.5563797 -0.1306246
0.5495977 -0.5495974 -0.1134976
0.5437866 -0.5437862 -0.09567082
0.5389823 -0.538982 -0.07725426
0.5352146 -0.5352142 -0.05836134
0.5325066 -0.5325063 -0.03910861
0.5308752 -0.5308748 -0.01961476
0.5303302 -0.5303299 2.185569e-08
0.5308752 -0.5308748 0.01961474
0.5325067 -0.5325063 0.03910865
0.5352146 -0.5352142 0.05836133
0.5389823 -0.538982 0.0772543
0.5437866 -0.5437862 0.09567086
0.5495977 -0.5495974 0.1134976
0.55638 -0.5563797 0.1306247
0.5640916 -0.5640912 0.1469463
0.5726849 -0.5726845 0.162362
0.582107 -0.5821066 0.1767767
0.5922997 -0.5922993 0.1901015
0.6032003 -0.6031998 0.2022543
0.6147414 -0.614741 0.21316
0.6268521 -0.6268517 0.2227517
0.6394575 -0.639457 0.2309699
0.6524801 -0.6524796 0.2377641
0.6658393 -0.6658388 0.2430925
0.679453 -0.6794525 0.2469221
0.6932372 -0.6932368 0.2492293
0.707107 -0.7071065 0.25
0.7209768 -0.7209763 0.2492293
0.734761 -0.7347605 0.2469221
0.7483748 -0.7483742 0.2430925
0.7617341 -0.7617335 0.2377641
0.7747566 -0.7747561 0.2309699
0.787362 -0.7873615 0.2227516
0.7994726 -0.7994721 0.21316
0.8110138 -0.8110133 0.2022542
0.8219144 -0.8219138 0.1901014
0.8321071 -0.8321065 0.1767766
0.8415291 -0.8415286 0.1623619
0.8501224 -0.8501219 0.1469463
0.857834 -0.8578334 0.1306245
0.8646163 -0.8646157 0.1134976
0.8704275 -0.8704269 0.09567074
0.8752317 -0.8752311 0.07725424
0.8789994 -0.8789988 0.05836132
0.8817074 -0.8817068 0.03910859
0.8833388 -0.8833382 0.01961474
0.9289311 -0.8364132 0
0.9283584 -0.8358975 -0.01961477
0.9266437 -0.8343537 -0.03910862
0.9237978 -0.8317912 -0.05836134
0.9198381 -0.8282258 -0.07725425
0.914789 -0.8236796 -0.09567086
0.9086816 -0.8181805 -0.1134976
0.9015536 -0.8117625 -0.1306247
0.8934491 -0.8044651 -0.1469463
0.8844178 -0.7963333 -0.162362
0.8745155 -0.7874172 -0.1767767
0.8638034 -0.7777719 -0.1901015
0.8523473 -0.7674568 -0.2022543
0.8402179 -0.7565355 -0.2131601
0.82749 -0.7450753 -0.2227516
0.8142422 -0.7331468 -0.2309699
0.8005559 -0.7208238 -0.2377641
0.7865158 -0.7081819 -0.2430925
0.7722082 -0.6952993 -0.2469221
0.7577215 -0.6822554 -0.2492293
0.7431449 -0.6691306 -0.25
0.7285683 -0.6560057 -0.2492293
0.7140815 -0.6429618 -0.2469221
0.6997739 -0.6300792 -0.2430925
0.6857338 -0.6174374 -0.2377641
0.6720476 -0.6051142 -0.2309699
0.6587996 -0.5931858 -0.2227516
0.6460718 -0.5817256 -0.21316
0.6339424 -0.5708042 -0.2022542
0.6224864 -0.5604892 -0.1901015
0.6117742 -0.5508439 -0.1767767
0.6018719 -0.5419278 -0.162362
0.5928407 -0.5337961 -0.1469463
0.584736 -0.5264987 -0.1306246
0.5776081 -0.5200806 -0.1134976
0.5715008 -0.5145816 -0.09567082
0.5664517 -0.5100353 -0.07725426
0.562492 -0.50647 -0.05836134
0.559646 -0.5039074 -0.03910861
0.5579314 -0.5023636 -0.01961476
0.5573586 -0.5018479 2.185569e-08
0.5579314 -0.5023636 0.01961474
0.559646 -0.5039074 0.03910865
0.562492 -0.50647 0.05836133
0.5664517 -0.5100353 0.0772543
0.5715008 -0.5145816 0.09567086
0.5776081 -0.5200806 0.1134976
0.5847361 -0.5264987 0.1306247
0.5928407 -0.5337961 0.1469463
0.601872 -0.5419279 0.162362
0.6117742 -0.5508439 0.1767767
0.6224864 -0.5604892 0.1901015
0.6339425 -0.5708044 0.2022543
0.6460718 -0.5817256 0.21316
0.6587998 -0.5931859 0.2227517
0.6720476 -0.6051142 0.2309699
0.6857339 -0.6174374 0.2377641
0.6997739 -0.6300792 0.2430925
0.7140815 -0.6429618 0.2469221
0.7285683 -0.6560057 0.2492293
0.7431449 -0.6691306 0.25
0.7577215 -0.6822554 0.2492293
0.7722083 -0.6952993 0.2469221
0.7865158 -0.7081819 0.2430925
0.800556 -0.7208238 0.2377641
0.8142422 -0.7331469 0.2309699
0.8274901 -0.7450753 0.2227516
0.8402179 -0.7565355 0.21316
0.8523473 -0.7674569 0.2022542
0.8638034 -0.777772 0.1901014
0.8745156 -0.7874173 0.1767766
0.8844179 -0.7963333 0.1623619
0.8934491 -0.8044651 0.1469463
0.9015537 -0.8117625 0.1306245
0.9086816 -0.8181805 0.1134976
0.914789 -0.8236796 0.09567074
0.9198381 -0.8282258 0.07725424
0.9237978 -0.8317912 0.05836132
0.9266437 -0.8343537 0.03910859
0.9283584 -0.8358976 0.01961474
0.9714326 -0.7866502 0
0.9708337 -0.7861652 -0.01961477
0.9690406 -0.7847133 -0.03910862
0.9660645 -0.7823032 -0.05836134
0.9619236 -0.77895 -0.07725425
0.9566435 -0.7746742 -0.09567086
0.9502566 -0.7695023 -0.1134976
0.9428026 -0.7634661 -0.1306247
0.9343272 -0.7566029 -0.1469463
0.9248827 -0.7489549 -0.162362
0.9145274 -0.7405694 -0.1767767
0.9033251 -0.7314979 -0.1901015
0.8913448 -0.7217965 -0.2022543
0.8786605 -0.7115249 -0.2131601
0.8653503 -0.7007465 -0.2227516
0.8514963 -0.6895278 -0.2309699
0.837184 -0.6779379 -0.2377641
0.8225014 -0.6660482 -0.2430925
0.8075392 -0.653932 -0.2469221
0.7923896 -0.6416641 -0.2492293
0.7771461 -0.6293202 -0.25
0.7619026 -0.6169762 -0.2492293
0.746753 -0.6047084 -0.2469221
0.7317908 -0.5925922 -0.2430925
0.7171082 -0.5807025 -0.2377641
0.7027959 -0.5691126 -0.2309699
0.6889418 -0.5578938 -0.2227516
0.6756316 -0.5471154 -0.21316
0.6629473 -0.5368439 -0.2022542
0.6509671 -0.5271425 -0.1901015
0.6397648 -0.5180711 -0.1767767
0.6294094 -0.5096855 -0.162362
0.619965 -0.5020375 -0.1469463
0.6114896 -0.4951743 -0.1306246
0.6040355 -0.4891381 -0.1134976
0.5976487 -0.4839662 -0.09567082
0.5923687 -0.4796904 -0.07725426
0.5882277 -0.4763372 -0.05836134
0.5852516 -0.4739271 -0.03910861
0.5834585 -0.4724751 -0.01961476
0.5828596 -0.4719902 2.185569e-08
0.5834585 -0.4724751 0.01961474
0.5852516 -0.4739271 0.03910865
0.5882277 -0.4763372 0.05836133
0.5923687 -0.4796904 0.0772543
0.5976487 -0.4839662 0.09567086
0.6040356 -0.4891381 0.1134976
0.6114896 -0.4951743 0.1306247
0.619965 -0.5020375 0.1469463
0.6294095 -0.5096855 0.162362
0.6397648 -0.5180711 0.1767767
0.6509671 -0.5271425 0.1901015
0.6629474 -0.536844 0.2022543
0.6756316 -0.5471154 0.21316
0.6889419 -0.5578939 0.2227517
0.7027959 -0.5691126 0.2309699
0.7171083 -0.5807026 0.2377641
0.7317908 -0.5925922 0.2430925
0.746753 -0.6047084 0.2469221
0.7619026 -0.6169762 0.2492293
0.7771461 -0.6293202 0.25
0.7923896 -0.6416642 0.2492293
0.8075392 -0.653932 0.2469221
0.8225014 -0.6660482 0.2430925
0.837184 -0.6779379 0.2377641
0.8514963 -0.6895278 0.2309699
0.8653504 -0.7007466 0.2227516
0.8786606 -0.711525 0.21316
0.8913449 -0.7217965 0.2022542
0.9033251 -0.7314979 0.1901014
0.9145275 -0.7405694 0.1767766
0.9248828 -0.748955 0.1623619
0.9343272 -0.7566029 0.1469463
0.9428027 -0.7634662 0.1306245
0.9502566 -0.7695023 0.1134976
0.9566435 -0.7746742 0.09567074
0.9619236 -0.77895 0.07725424
0.9660645 -0.7823032 0.05836132
0.9690406 -0.7847133 0.03910859
0.9708337 -0.7861652 0.01961474
1.011272 -0.7347312 0
1.010648 -0.7342782 -0.01961477
1.008781 -0.732922 -0.03910862
1.005683 -0.730671 -0.05836134
1.001373 -0.7275391 -0.07725425
0.9958758 -0.7235456 -0.09567086
0.9892272 -0.718715 -0.1134976
0.9814674 -0.7130772 -0.1306247
0.9726444 -0.7066669 -0.1469463
0.9628126 -0.6995237 -0.162362
0.9520326 -0.6916916 -0.1767767
0.9403709 -0.6832189 -0.1901015
0.9278994 -0.6741578 -0.2022543
0.9146948 -0.6645641 -0.2131601
0.9008387 -0.6544971 -0.2227516
0.8864166 -0.6440188 -0.2309699
0.8715172 -0.6331939 -0.2377641
0.8562326 -0.6220888 -0.2430925
0.8406568 -0.6107724 -0.2469221
0.8248859 -0.5993142 -0.2492293
0.8090172 -0.5877849 -0.25
0.7931485 -0.5762557 -0.2492293
0.7773777 -0.5647975 -0.2469221
0.7618019 -0.553481 -0.2430925
0.7465172 -0.542376 -0.2377641
0.7316179 -0.5315511 -0.2309699
0.7171957 -0.5210727 -0.2227516
0.7033396 -0.5110058 -0.21316
0.6901351 -0.5014121 -0.2022542
0.6776636 -0.492351 -0.1901015
0.6660019 -0.4838783 -0.1767767
0.6552218 -0.4760461 -0.162362
0.64539 -0.4689029 -0.1469463
0.6365671 -0.4624927 -0.1306246
0.6288073 -0.4568549 -0.1134976
0.6221586 -0.4520243 -0.09567082
0.616662 -0.4480308 -0.07725426
0.6123512 -0.4448988 -0.05836134
0.609253 -0.4426479 -0.03910861
0.6073864 -0.4412917 -0.01961476
0.6067629 -0.4408387 2.185569e-08
0.6073864 -0.4412917 0.01961474
0.609253 -0.4426479 0.03910865
0.6123512 -0.4448988 0.05836133
0.616662 -0.4480308 0.0772543
0.6221586 -0.4520243 0.09567086
0.6288073 -0.4568549 0.1134976
0.6365671 -0.4624927 0.1306247
0.6453901 -0.4689029 0.1469463
0.6552219 -0.4760461 0.162362
0.6660019 -0.4838783 0.1767767
0.6776636 -0.492351 0.1901015
0.6901352 -0.5014122 0.2022543
0.7033396 -0.5110057 0.21316
0.7171957 -0.5210728 0.2227517
0.7316178 -0.531551 0.2309699
0.7465173 -0.5423761 0.2377641
0.7618019 -0.553481 0.2430925
0.7773777 -0.5647975 0.2469221
0.7931485 -0.5762557 0.2492293
0.8090172 -0.5877849 0.25
0.824886 -0.5993142 0.2492293
0.8406568 -0.6107724 0.2469221
0.8562326 -0.6220889 0.2430925
0.8715173 -0.6331939 0.2377641
0.8864167 -0.6440189 0.2309699
0.9008388 -0.6544971 0.2227516
0.9146949 -0.6645642 0.21316
0.9278994 -0.6741578 0.2022542
0.9403709 -0.683219 0.1901014
0.9520327 -0.6916916 0.1767766
0.9628127 -0.6995238 0.1623619
0.9726444 -0.7066669 0.1469463
0.9814674 -0.7130772 0.1306245
0.9892272 -0.718715 0.1134976
0.9958759 -0.7235456 0.09567074
1.001373 -0.7275391 0.07725424
1.005683 -0.730671 0.05836132
1.008781 -0.732922 0.03910859
1.010648 -0.7342782 0.01961474
1.048338 -0.6807986 0
1.047692 -0.6803789 -0.01961477
1.045757 -0.6791223 -0.03910862
1.042545 -0.6770365 -0.05836134
1.038076 -0.6741346 -0.07725425
1.032378 -0.6704341 -0.09567086
1.025486 -0.6659582 -0.1134976
1.017442 -0.6607342 -0.1306247
1.008295 -0.6547945 -0.1469463
0.9981031 -0.6481756 -0.162362
0.986928 -0.6409184 -0.1767767
0.9748389 -0.6330676 -0.1901015
0.9619102 -0.6246716 -0.2022543
0.9482216 -0.6157822 -0.2131601
0.9338577 -0.6064541 -0.2227516
0.9189069 -0.596745 -0.2309699
0.9034615 -0.5867146 -0.2377641
0.8876165 -0.5764248 -0.2430925
0.8714699 -0.565939 -0.2469221
0.855121 -0.5553219 -0.2492293
0.8386706 -0.5446389 -0.25
0.8222203 -0.5339559 -0.2492293
0.8058714 -0.5233389 -0.2469221
0.7897246 -0.5128531 -0.2430925
0.7738798 -0.5025632 -0.2377641
0.7584342 -0.4925328 -0.2309699
0.7434835 -0.4828237 -0.2227516
0.7291195 -0.4734957 -0.21316
0.715431 -0.4646062 -0.2022542
0.7025024 -0.4562103 -0.1901015
0.6904132 -0.4483595 -0.1767767
0.6792381 -0.4411023 -0.162362
0.6690459 -0.4344834 -0.1469463
0.6598995 -0.4285437 -0.1306246
0.6518553 -0.4233197 -0.1134976
0.6449629 -0.4188437 -0.09567082
0.6392648 -0.4151433 -0.07725426
0.6347961 -0.4122413 -0.05836134
0.6315843 -0.4101555 -0.03910861
0.6296493 -0.4088989 -0.01961476
0.6290029 -0.4084792 2.185569e-08
0.6296493 -0.4088989 0.01961474
0.6315843 -0.4101555 0.03910865
0.6347961 -0.4122413 0.05836133
0.6392648 -0.4151433 0.0772543
0.644963 -0.4188437 0.09567086
0.6518553 -0.4233197 0.1134976
0.6598995 -0.4285437 0.1306247
0.6690459 -0.4344834 0.1469463
0.6792381 -0.4411023 0.162362
0.6904132 -0.4483595 0.1767767
0.7025024 -0.4562103 0.1901015
0.7154311 -0.4646063 0.2022543
0.7291195 -0.4734957 0.21316
0.7434835 -0.4828237 0.2227517
0.7584342 -0.4925328 0.2309699
0.7738798 -0.5025633 0.2377641
0.7897246 -0.5128531 0.2430925
0.8058714 -0.5233389 0.2469221
0.8222203 -0.5339559 0.2492293
0.8386706 -0.5446389 0.25
0.855121 -0.5553219 0.2492293
0.8714699 -0.565939 0.2469221
0.8876166 -0.5764248 0.2430925
0.9034615 -0.5867146 0.2377641
0.918907 -0.596745 0.2309699
0.9338578 -0.6064542 0.2227516
0.9482217 -0.6157822 0.21316
0.9619102 -0.6246716 0.2022542
0.9748389 -0.6330676 0.1901014
0.9869281 -0.6409184 0.1767766
0.9981032 -0.6481757 0.1623619
1.008295 -0.6547945 0.1469463
1.017442 -0.6607342 0.1306245
1.025486 -0.6659582 0.1134976
1.032378 -0.6704341 0.09567074
1.038076 -0.6741346 0.07725424
1.042545 -0.6770365 0.05836132
1.045757 -0.6791223 0.03910859
1.047692 -0.6803789 0.01961474
1.082532 -0.6249997 0
1.081865 -0.6246144 -0.01961477
1.079866 -0.6234608 -0.03910862
1.07655 -0.6215459 -0.05836134
1.071935 -0.6188818 -0.07725425
1.066051 -0.6154847 -0.09567086
1.058934 -0.6113755 -0.1134976
1.050628 -0.6065797 -0.1306247
1.041183 -0.6011268 -0.1469463
1.030658 -0.5950505 -0.162362
1.019119 -0.5883881 -0.1767767
1.006635 -0.5811808 -0.1901015
0.9932848 -0.5734729 -0.2022543
0.9791498 -0.565312 -0.2131601
0.9643174 -0.5567485 -0.2227516
0.948879 -0.5478352 -0.2309699
0.9329297 -0.5386268 -0.2377641
0.916568 -0.5291804 -0.2430925
0.8998947 -0.5195541 -0.2469221
0.8830125 -0.5098072 -0.2492293
0.8660256 -0.4999998 -0.25
0.8490387 -0.4901924 -0.2492293
0.8321565 -0.4804454 -0.2469221
0.8154832 -0.4708191 -0.2430925
0.7991214 -0.4613726 -0.2377641
0.7831721 -0.4521644 -0.2309699
0.7677337 -0.443251 -0.2227516
0.7529013 -0.4346875 -0.21316
0.7387663 -0.4265266 -0.2022542
0.7254159 -0.4188188 -0.1901015
0.7129325 -0.4116115 -0.1767767
0.7013928 -0.4049491 -0.162362
0.6908682 -0.3988727 -0.1469463
0.6814235 -0.3934198 -0.1306246
0.6731169 -0.388624 -0.1134976
0.6659997 -0.3845149 -0.09567082
0.6601158 -0.3811178 -0.07725426
0.6555012 -0.3784536 -0.05836134
0.6521847 -0.3765388 -0.03910861
0.6501866 -0.3753852 -0.01961476
0.6495192 -0.3749998 2.185569e-08
0.6501866 -0.3753852 0.01961474
0.6521847 -0.3765388 0.03910865
0.6555012 -0.3784536 0.05836133
0.6601158 -0.3811178 0.0772543
0.6659998 -0.3845149 0.09567086
0.6731169 -0.388624 0.1134976
0.6814235 -0.3934198 0.1306247
0.6908683 -0.3988727 0.1469463
0.7013928 -0.4049491 0.162362
0.7129325 -0.4116115 0.1767767
0.7254159 -0.4188188 0.1901015
0.7387663 -0.4265267 0.2022543
0.7529013 -0.4346874 0.21316
0.7677338 -0.443251 0.2227517
0.7831721 -0.4521644 0.2309699
0.7991215 -0.4613727 0.2377641
0.8154832 -0.4708191 0.2430925
0.8321565 -0.4804454 0.2469221
0.8490387 -0.4901924 0.2492293
0.8660256 -0.4999998 0.25
0.8830125 -0.5098072 0.2492293
0.8998947 -0.5195541 0.2469221
0.916568 -0.5291804 0.2430925
0.9329298 -0.5386269 0.2377641
0.948879 -0.5478352 0.2309699
0.9643174 -0.5567486 0.2227516
0.9791499 -0.5653121 0.21316
0.9932849 -0.5734729 0.2022542
1.006635 -0.5811808 0.1901014
1.019119 -0.5883881 0.1767766
1.030658 -0.5950505 0.1623619
1.041183 -0.6011268 0.1469463
1.050628 -0.6065798 0.1306245
1.058934 -0.6113755 0.1134976
1.066051 -0.6154847 0.09567074
1.071935 -0.6188818 0.07725424
1.07655 -0.6215459 0.05836132
1.079866 -0.6234608 0.03910859
1.081865 -0.6246144 0.01961474
1.113758 -0.5674881 0
1.113071 -0.5671383 -0.01961477
1.111016 -0.5660908 -0.03910862
1.107604 -0.5643522 -0.05836134
1.102856 -0.5619332 -0.07725425
1.096802 -0.5588486 -0.09567086
1.08948 -0.5551177 -0.1134976
1.080934 -0.5507631 -0.1306247
1.071216 -0.545812 -0.1469463
1.060388 -0.5402948 -0.162362
1.048516 -0.5342455 -0.1767767
1.035672 -0.5277013 -0.1901015
1.021937 -0.5207027 -0.2022543
1.007394 -0.5132928 -0.2131601
0.9921336 -0.5055174 -0.2227516
0.9762499 -0.4974242 -0.2309699
0.9598405 -0.4890632 -0.2377641
0.9430069 -0.480486 -0.2430925
0.9258525 -0.4717455 -0.2469221
0.9084834 -0.4628955 -0.2492293
0.8910065 -0.4539905 -0.25
0.8735296 -0.4450856 -0.2492293
0.8561605 -0.4362356 -0.2469221
0.8390062 -0.427495 -0.2430925
0.8221725 -0.4189178 -0.2377641
0.8057631 -0.4105569 -0.2309699
0.7898794 -0.4024637 -0.2227516
0.7746191 -0.3946882 -0.21316
0.7600764 -0.3872783 -0.2022542
0.7463409 -0.3802797 -0.1901015
0.7334973 -0.3737356 -0.1767767
0.7216249 -0.3676862 -0.162362
0.7107967 -0.362169 -0.1469463
0.7010795 -0.3572179 -0.1306246
0.6925334 -0.3528634 -0.1134976
0.6852108 -0.3491324 -0.09567082
0.6791571 -0.3460479 -0.07725426
0.6744095 -0.3436288 -0.05836134
0.6709973 -0.3418902 -0.03910861
0.6689416 -0.3408428 -0.01961476
0.6682549 -0.3404929 2.185569e-08
0.6689416 -0.3408428 0.01961474
0.6709974 -0.3418902 0.03910865
0.6744095 -0.3436288 0.05836133
0.6791571 -0.3460479 0.0772543
0.6852109 -0.3491324 0.09567086
0.6925334 -0.3528634 0.1134976
0.7010795 -0.3572179 0.1306247
0.7107967 -0.362169 0.1469463
0.7216249 -0.3676862 0.162362
0.7334974 -0.3737356 0.1767767
0.7463409 -0.3802797 0.1901015
0.7600765 -0.3872783 0.2022543
0.7746191 -0.3946882 0.21316
0.7898794 -0.4024637 0.2227517
0.8057631 -0.4105569 0.2309699
0.8221726 -0.4189179 0.2377641
0.8390062 -0.427495 0.2430925
0.8561605 -0.4362356 0.2469221
0.8735296 -0.4450856 0.2492293
0.8910065 -0.4539905 0.25
0.9084834 -0.4628955 0.2492293
0.9258526 -0.4717455 0.2469221
0.9430069 -0.480486 0.2430925
0.9598406 -0.4890632 0.2377641
0.9762499 -0.4974242 0.2309699
0.9921337 -0.5055174 0.2227516
1.007394 -0.5132929 0.21316
1.021937 -0.5207028 0.2022542
1.035672 -0.5277014 0.1901014
1.048516 -0.5342455 0.1767766
1.060388 -0.5402948 0.1623619
1.071216 -0.545812 0.1469463
1.080934 -0.5507632 0.1306245
1.08948 -0.5551177 0.1134976
1.096802 -0.5588487 0.09567074
1.102856 -0.5619332 0.07725424
1.107604 -0.5643522 0.05836132
1.111016 -0.5660908 0.03910859
1.113071 -0.5671383 0.01961474
1.141932 -0.5084206 0
1.141228 -0.5081072 -0.01961477
1.13912 -0.5071687 -0.03910862
1.135622 -0.5056111 -0.05836134
1.130754 -0.5034438 -0.07725425
1.124547 -0.5006804 -0.09567086
1.117039 -0.4973377 -0.1134976
1.108277 -0.4934365 -0.1306247
1.098314 -0.4890007 -0.1469463
1.087212 -0.4840577 -0.162362
1.075039 -0.478638 -0.1767767
1.061871 -0.472775 -0.1901015
1.047788 -0.4665049 -0.2022543
1.032877 -0.4598663 -0.2131601
1.017231 -0.4529001 -0.2227516
1.000945 -0.4456493 -0.2309699
0.9841208 -0.4381586 -0.2377641
0.9668612 -0.4304742 -0.2430925
0.949273 -0.4226434 -0.2469221
0.9314646 -0.4147145 -0.2492293
0.9135455 -0.4067365 -0.25
0.8956265 -0.3987584 -0.2492293
0.877818 -0.3908296 -0.2469221
0.8602298 -0.3829988 -0.2430925
0.8429703 -0.3753144 -0.2377641
0.8261458 -0.3678237 -0.2309699
0.8098603 -0.3605728 -0.2227516
0.794214 -0.3536067 -0.21316
0.7793034 -0.3469681 -0.2022542
0.7652205 -0.3406979 -0.1901015
0.752052 -0.334835 -0.1767767
0.7398791 -0.3294153 -0.162362
0.7287771 -0.3244723 -0.1469463
0.7188141 -0.3200365 -0.1306246
0.7100518 -0.3161353 -0.1134976
0.702544 -0.3127926 -0.09567082
0.6963372 -0.3100291 -0.07725426
0.6914695 -0.3078619 -0.05836134
0.687971 -0.3063043 -0.03910861
0.6858632 -0.3053658 -0.01961476
0.6851591 -0.3050524 2.185569e-08
0.6858632 -0.3053658 0.01961474
0.687971 -0.3063043 0.03910865
0.6914695 -0.3078619 0.05836133
0.6963372 -0.3100291 0.0772543
0.702544 -0.3127926 0.09567086
0.7100518 -0.3161353 0.1134976
0.7188141 -0.3200365 0.1306247
0.7287771 -0.3244723 0.1469463
0.7398792 -0.3294153 0.162362
0.752052 -0.334835 0.1767767
0.7652205 -0.3406979 0.1901015
0.7793034 -0.3469681 0.2022543
0.794214 -0.3536067 0.21316
0.8098603 -0.3605729 0.2227517
0.8261458 -0.3678237 0.2309699
0.8429704 -0.3753144 0.2377641
0.8602298 -0.3829988 0.2430925
0.877818 -0.3908296 0.2469221
0.8956265 -0.3987584 0.2492293
0.9135455 -0.4067365 0.25
0.9314646 -0.4147145 0.2492293
0.949273 -0.4226434 0.2469221
0.9668613 -0.4304742 0.2430925
0.9841208 -0.4381586 0.2377641
1.000945 -0.4456493 0.2309699
1.017231 -0.4529001 0.2227516
1.032877 -0.4598663 0.21316
1.047788 -0.4665049 0.2022542
1.061871 -0.4727751 0.1901014
1.075039 -0.4786381 0.1767766
1.087212 -0.4840577 0.1623619
1.098314 -0.4890007 0.1469463
1.108277 -0.4934365 0.1306245
1.117039 -0.4973377 0.1134976
1.124547 -0.5006804 0.09567074
1.130754 -0.5034438 0.07725424
1.135622 -0.5056111 0.05836132
1.13912 -0.5071687 0.03910859
1.141228 -0.5081072 0.01961474
1.166975 -0.4479601 0
1.166256 -0.4476839 -0.01961477
1.164102 -0.4468571 -0.03910862
1.160527 -0.4454846 -0.05836134
1.155552 -0.4435751 -0.07725425
1.149209 -0.4411403 -0.09567086
1.141537 -0.4381951 -0.1134976
1.132582 -0.4347578 -0.1306247
1.122401 -0.4308496 -0.1469463
1.111055 -0.4264944 -0.162362
1.098616 -0.4217192 -0.1767767
1.085158 -0.4165534 -0.1901015
1.070767 -0.4110289 -0.2022543
1.055529 -0.4051798 -0.2131601
1.03954 -0.399042 -0.2227516
1.022897 -0.3926535 -0.2309699
1.005703 -0.3860535 -0.2377641
0.9880654 -0.3792829 -0.2430925
0.9700915 -0.3723834 -0.2469221
0.9518924 -0.3653974 -0.2492293
0.9335804 -0.3583681 -0.25
0.9152684 -0.3513387 -0.2492293
0.8970693 -0.3443528 -0.2469221
0.8790954 -0.3374532 -0.2430925
0.8614573 -0.3306826 -0.2377641
0.8442639 -0.3240827 -0.2309699
0.8276212 -0.3176941 -0.2227516
0.8116318 -0.3115564 -0.21316
0.7963942 -0.3057072 -0.2022542
0.7820024 -0.3001827 -0.1901015
0.7685452 -0.2950169 -0.1767767
0.7561054 -0.2902418 -0.162362
0.7447598 -0.2858866 -0.1469463
0.7345784 -0.2819783 -0.1306246
0.7256238 -0.278541 -0.1134976
0.7179514 -0.2755958 -0.09567082
0.7116085 -0.273161 -0.07725426
0.706634 -0.2712515 -0.05836134
0.7030588 -0.2698791 -0.03910861
0.7009048 -0.2690522 -0.01961476
0.7001853 -0.2687761 2.185569e-08
0.7009048 -0.2690522 0.01961474
0.7030588 -0.2698791 0.03910865
0.706634 -0.2712515 0.05836133
0.7116085 -0.273161 0.0772543
0.7179514 -0.2755958 0.09567086
0.7256238 -0.278541 0.1134976
0.7345784 -0.2819783 0.1306247
0.7447598 -0.2858866 0.1469463
0.7561054 -0.2902418 0.162362
0.7685452 -0.2950169 0.1767767
0.7820024 -0.3001827 0.1901015
0.7963942 -0.3057072 0.2022543
0.8116317 -0.3115563 0.21316
0.8276213 -0.3176942 0.2227517
0.8442639 -0.3240827 0.2309699
0.8614574 -0.3306826 0.2377641
0.8790954 -0.3374532 0.2430925
0.8970693 -0.3443528 0.2469221
0.9152684 -0.3513387 0.2492293
0.9335804 -0.3583681 0.25
0.9518924 -0.3653974 0.2492293
0.9700915 -0.3723834 0.2469221
0.9880654 -0.3792829 0.2430925
1.005703 -0.3860535 0.2377641
1.022897 -0.3926535 0.2309699
1.03954 -0.399042 0.2227516
1.055529 -0.4051798 0.21316
1.070767 -0.411029 0.2022542
1.085158 -0.4165534 0.1901014
1.098616 -0.4217192 0.1767766
1.111055 -0.4264944 0.1623619
1.122401 -0.4308495 0.1469463
1.132582 -0.4347578 0.1306245
1.141537 -0.4381951 0.1134976
1.149209 -0.4411403 0.09567074
1.155552 -0.4435751 0.07725424
1.160527 -0.4454846 0.05836132
1.164102 -0.4468571 0.03910859
1.166256 -0.4476839 0.01961474
1.188821 -0.3862712 0
1.188088 -0.386033 -0.01961477
1.185893 -0.3853201 -0.03910862
1.182251 -0.3841366 -0.05836134
1.177184 -0.3824901 -0.07725425
1.170722 -0.3803906 -0.09567086
1.162906 -0.377851 -0.1134976
1.153784 -0.374887 -0.1306247
1.143412 -0.3715169 -0.1469463
1.131854 -0.3677615 -0.162362
1.119181 -0.3636439 -0.1767767
1.105472 -0.3591896 -0.1901015
1.090811 -0.3544258 -0.2022543
1.075288 -0.3493822 -0.2131601
1.058999 -0.3440896 -0.2227516
1.042045 -0.3385808 -0.2309699
1.02453 -0.3328898 -0.2377641
1.006562 -0.3270516 -0.2430925
0.988251 -0.3211022 -0.2469221
0.9697113 -0.3150782 -0.2492293
0.9510565 -0.3090169 -0.25
0.9324018 -0.3029556 -0.2492293
0.913862 -0.2969317 -0.2469221
0.8955516 -0.2909823 -0.2430925
0.8775834 -0.2851441 -0.2377641
0.8600681 -0.279453 -0.2309699
0.8431138 -0.2739443 -0.2227516
0.8268251 -0.2686517 -0.21316
0.8113022 -0.263608 -0.2022542
0.7966411 -0.2588443 -0.1901015
0.7829319 -0.2543899 -0.1767767
0.7702593 -0.2502724 -0.162362
0.7587013 -0.2465169 -0.1469463
0.7483293 -0.2431469 -0.1306246
0.7392071 -0.2401829 -0.1134976
0.7313911 -0.2376433 -0.09567082
0.7249295 -0.2355438 -0.07725426
0.7198619 -0.2338972 -0.05836134
0.7162197 -0.2327138 -0.03910861
0.7140254 -0.2320009 -0.01961476
0.7132924 -0.2317627 2.185569e-08
0.7140254 -0.2320009 0.01961474
0.7162197 -0.2327138 0.03910865
0.7198619 -0.2338972 0.05836133
0.7249295 -0.2355438 0.0772543
0.7313911 -0.2376433 0.09567086
0.7392071 -0.2401829 0.1134976
0.7483293 -0.2431469 0.1306247
0.7587013 -0.246517 0.1469463
0.7702593 -0.2502724 0.162362
0.7829319 -0.25439 0.1767767
0.7966411 -0.2588443 0.1901015
0.8113023 -0.2636081 0.2022543
0.8268251 -0.2686517 0.21316
0.843114 -0.2739443 0.2227517
0.8600681 -0.279453 0.2309699
0.8775834 -0.2851441 0.2377641
0.8955516 -0.2909823 0.2430925
0.913862 -0.2969317 0.2469221
0.9324018 -0.3029557 0.2492293
0.9510565 -0.3090169 0.25
0.9697113 -0.3150783 0.2492293
0.9882511 -0.3211022 0.2469221
1.006562 -0.3270516 0.2430925
1.02453 -0.3328898 0.2377641
1.042045 -0.3385809 0.2309699
1.058999 -0.3440897 0.2227516
1.075288 -0.3493822 0.21316
1.090811 -0.3544258 0.2022542
1.105472 -0.3591896 0.1901014
1.119181 -0.3636439 0.1767766
1.131854 -0.3677616 0.1623619
1.143412 -0.3715169 0.1469463
1.153784 -0.374887 0.1306245
1.162906 -0.377851 0.1134976
1.170722 -0.3803906 0.09567074
1.177184 -0.3824901 0.07725424
1.182251 -0.3841366 0.05836132
1.185893 -0.3853201 0.03910859
1.188088 -0.386033 0.01961474
1.207407 -0.3235236 0
1.206663 -0.3233241 -0.01961477
1.204434 -0.3227269 -0.03910862
1.200735 -0.3217357 -0.05836134
1.195588 -0.3203567 -0.07725425
1.189026 -0.3185982 -0.09567086
1.181087 -0.3164712 -0.1134976
1.171823 -0.3139887 -0.1306247
1.161288 -0.311166 -0.1469463
1.14955 -0.3080207 -0.162362
1.136679 -0.304572 -0.1767767
1.122756 -0.3008412 -0.1901015
1.107865 -0.2968513 -0.2022543
1.0921 -0.2926269 -0.2131601
1.075556 -0.2881941 -0.2227516
1.058337 -0.2835802 -0.2309699
1.040548 -0.2788137 -0.2377641
1.022299 -0.2739238 -0.2430925
1.003702 -0.2689409 -0.2469221
0.9848723 -0.2638955 -0.2492293
0.9659259 -0.2588188 -0.25
0.9469795 -0.2537422 -0.2492293
0.9281498 -0.2486968 -0.2469221
0.9095531 -0.2437138 -0.2430925
0.891304 -0.238824 -0.2377641
0.8735149 -0.2340574 -0.2309699
0.8562956 -0.2294435 -0.2227516
0.8397521 -0.2250107 -0.21316
0.8239866 -0.2207863 -0.2022542
0.8090962 -0.2167965 -0.1901015
0.7951727 -0.2130657 -0.1767767
0.7823019 -0.209617 -0.162362
0.7705632 -0.2064716 -0.1469463
0.7600291 -0.203649 -0.1306246
0.7507643 -0.2011665 -0.1134976
0.742826 -0.1990395 -0.09567082
0.7362634 -0.197281 -0.07725426
0.7311165 -0.1959019 -0.05836134
0.7274175 -0.1949107 -0.03910861
0.7251888 -0.1943136 -0.01961476
0.7244444 -0.1941141 2.185569e-08
0.7251888 -0.1943136 0.01961474
0.7274175 -0.1949107 0.03910865
0.7311165 -0.1959019 0.05836133
0.7362634 -0.197281 0.0772543
0.7428261 -0.1990395 0.09567086
0.7507643 -0.2011665 0.1134976
0.7600291 -0.203649 0.1306247
0.7705632 -0.2064716 0.1469463
0.7823019 -0.209617 0.162362
0.7951727 -0.2130657 0.1767767
0.8090962 -0.2167965 0.1901015
0.8239866 -0.2207864 0.2022543
0.8397521 -0.2250107 0.21316
0.8562956 -0.2294435 0.2227517
0.8735149 -0.2340574 0.2309699
0.8913041 -0.238824 0.2377641
0.9095531 -0.2437138 0.2430925
0.9281498 -0.2486968 0.2469221
0.9469795 -0.2537422 0.2492293
0.9659259 -0.2588188 0.25
0.9848723 -0.2638955 0.2492293
1.003702 -0.2689409 0.2469221
1.022299 -0.2739238 0.2430925
1.040548 -0.2788137 0.2377641
1.058337 -0.2835803 0.2309699
1.075556 -0.2881942 0.2227516
1.0921 -0.292627 0.21316
1.107865 -0.2968513 0.2022542
1.122756 -0.3008412 0.1901014
1.136679 -0.304572 0.1767766
1.14955 -0.3080207 0.1623619
1.161288 -0.311166 0.1469463
1.171823 -0.3139887 0.1306245
1.181087 -0.3164712 0.1134976
1.189026 -0.3185982 0.09567074
1.195588 -0.3203567 0.07725424
1.200735 -0.3217357 0.05836132
1.204434 -0.3227269 0.03910859
1.206663 -0.3233241 0.01961474
1.222685 -0.2598897 0
1.221931 -0.2597295 -0.01961477
1.219674 -0.2592498 -0.03910862
1.215928 -0.2584535 -0.05836134
1.210716 -0.2573457 -0.07725425
1.20407 -0.2559331 -0.09567086
1.196032 -0.2542244 -0.1134976
1.18665 -0.2522302 -0.1306247
1.175982 -0.2499628 -0.1469463
1.164095 -0.2474361 -0.162362
1.151061 -0.2446657 -0.1767767
1.136962 -0.2416687 -0.1901015
1.121883 -0.2384636 -0.2022543
1.105918 -0.2350702 -0.2131601
1.089165 -0.2315093 -0.2227516
1.071728 -0.2278029 -0.2309699
1.053714 -0.2239738 -0.2377641
1.035233 -0.2200458 -0.2430925
1.016402 -0.2160429 -0.2469221
0.9973337 -0.2119899 -0.2492293
0.9781476 -0.2079118 -0.25
0.9589614 -0.2038336 -0.2492293
0.9398935 -0.1997806 -0.2469221
0.9210616 -0.1957777 -0.2430925
0.9025815 -0.1918497 -0.2377641
0.8845673 -0.1880207 -0.2309699
0.8671301 -0.1843143 -0.2227516
0.8503774 -0.1807534 -0.21316
0.8344123 -0.1773599 -0.2022542
0.8193336 -0.1741548 -0.1901015
0.8052339 -0.1711578 -0.1767767
0.7922002 -0.1683874 -0.162362
0.780313 -0.1658607 -0.1469463
0.7696456 -0.1635933 -0.1306246
0.7602636 -0.1615991 -0.1134976
0.7522249 -0.1598904 -0.09567082
0.7455792 -0.1584778 -0.07725426
0.7403672 -0.15737 -0.05836134
0.7366213 -0.1565738 -0.03910861
0.7343645 -0.156094 -0.01961476
0.7336107 -0.1559338 2.185569e-08
0.7343645 -0.156094 0.01961474
0.7366213 -0.1565738 0.03910865
0.7403672 -0.15737 0.05836133
0.7455792 -0.1584778 0.0772543
0.7522249 -0.1598904 0.09567086
0.7602636 -0.1615991 0.1134976
0.7696456 -0.1635933 0.1306247
0.7803131 -0.1658607 0.1469463
0.7922003 -0.1683874 0.162362
0.8052339 -0.1711578 0.1767767
0.8193336 -0.1741548 0.1901015
0.8344125 -0.1773599 0.2022543
0.8503773 -0.1807534 0.21316
0.8671302 -0.1843143 0.2227517
0.8845673 -0.1880207 0.2309699
0.9025816 -0.1918497 0.2377641
0.9210615 -0.1957777 0.2430925
0.9398935 -0.1997806 0.2469221
0.9589614 -0.2038336 0.2492293
0.9781476 -0.2079118 0.25
0.9973337 -0.2119899 0.2492293
1.016402 -0.2160429 0.2469221
1.035234 -0.2200458 0.2430925
1.053714 -0.2239738 0.2377641
1.071728 -0.2278029 0.2309699
1.089165 -0.2315093 0.2227516
1.105918 -0.2350702 0.21316
1.121883 -0.2384636 0.2022542
1.136962 -0.2416687 0.1901014
1.151061 -0.2446657 0.1767766
1.164095 -0.2474361 0.1623619
1.175982 -0.2499628 0.1469463
1.18665 -0.2522303 0.1306245
1.196032 -0.2542244 0.1134976
1.20407 -0.2559331 0.09567074
1.210716 -0.2573457 0.07725424
1.215928 -0.2584535 0.05836132
1.219674 -0.2592498 0.03910859
1.221931 -0.2597295 0.01961474
1.23461 -0.1955429 0
1.233849 -0.1954224 -0.01961477
1.23157 -0.1950615 -0.03910862
1.227788 -0.1944624 -0.05836134
1.222525 -0.1936288 -0.07725425
1.215815 -0.192566 -0.09567086
1.207698 -0.1912804 -0.1134976
1.198224 -0.1897799 -0.1306247
1.187453 -0.1880739 -0.1469463
1.175449 -0.1861728 -0.162362
1.162289 -0.1840883 -0.1767767
1.148051 -0.1818334 -0.1901015
1.132825 -0.1794218 -0.2022543
1.116705 -0.1768685 -0.2131601
1.099789 -0.1741893 -0.2227516
1.082181 -0.1714006 -0.2309699
1.063991 -0.1685196 -0.2377641
1.045331 -0.1655641 -0.2430925
1.026315 -0.1625523 -0.2469221
1.007062 -0.1595028 -0.2492293
0.9876884 -0.1564344 -0.25
0.9683151 -0.1533659 -0.2492293
0.9490612 -0.1503164 -0.2469221
0.9300455 -0.1473046 -0.2430925
0.9113852 -0.1443491 -0.2377641
0.8931953 -0.1414681 -0.2309699
0.8755881 -0.1386794 -0.2227516
0.8586719 -0.1360002 -0.21316
0.8425512 -0.1334469 -0.2022542
0.8273253 -0.1310354 -0.1901015
0.8130881 -0.1287804 -0.1767767
0.7999274 -0.1266959 -0.162362
0.7879242 -0.1247948 -0.1469463
0.7771527 -0.1230888 -0.1306246
0.7676792 -0.1215883 -0.1134976
0.7595621 -0.1203027 -0.09567082
0.7528515 -0.1192399 -0.07725426
0.7475888 -0.1184063 -0.05836134
0.7438063 -0.1178073 -0.03910861
0.7415274 -0.1174463 -0.01961476
0.7407663 -0.1173258 2.185569e-08
0.7415274 -0.1174463 0.01961474
0.7438063 -0.1178073 0.03910865
0.7475888 -0.1184063 0.05836133
0.7528515 -0.1192399 0.0772543
0.7595621 -0.1203027 0.09567086
0.7676792 -0.1215883 0.1134976
0.7771527 -0.1230888 0.1306247
0.7879242 -0.1247948 0.1469463
0.7999274 -0.126696 0.162362
0.8130881 -0.1287804 0.1767767
0.8273253 -0.1310354 0.1901015
0.8425512 -0.1334469 0.2022543
0.8586719 -0.1360002 0.21316
0.8755882 -0.1386794 0.2227517
0.8931953 -0.1414681 0.2309699
0.9113853 -0.1443492 0.2377641
0.9300455 -0.1473046 0.2430925
0.9490612 -0.1503164 0.2469221
0.9683151 -0.1533659 0.2492293
0.9876884 -0.1564344 0.25
1.007062 -0.1595028 0.2492293
1.026315 -0.1625523 0.2469221
1.045331 -0.1655641 0.2430925
1.063992 -0.1685196 0.2377641
1.082181 -0.1714006 0.2309699
1.099789 -0.1741893 0.2227516
1.116705 -0.1768685 0.21316
1.132826 -0.1794218 0.2022542
1.148052 -0.1818334 0.1901014
1.162289 -0.1840883 0.1767766
1.175449 -0.1861728 0.1623619
1.187453 -0.1880739 0.1469463
1.198224 -0.1897799 0.1306245
1.207698 -0.1912804 0.1134976
1.215815 -0.192566 0.09567074
1.222525 -0.1936288 0.07725424
1.227788 -0.1944624 0.05836132
1.23157 -0.1950615 0.03910859
1.233849 -0.1954224 0.01961474
1.243152 -0.1306602 0
1.242386 -0.1305797 -0.01961477
1.240091 -0.1303385 -0.03910862
1.236283 -0.1299382 -0.05836134
1.230983 -0.1293812 -0.07725425
1.224226 -0.128671 -0.09567086
1.216053 -0.127812 -0.1134976
1.206514 -0.1268094 -0.1306247
1.195668 -0.1256694 -0.1469463
1.183582 -0.1243991 -0.162362
1.17033 -0.1230063 -0.1767767
1.155995 -0.1214996 -0.1901015
1.140663 -0.1198882 -0.2022543
1.124431 -0.1181821 -0.2131601
1.107398 -0.1163919 -0.2227516
1.089669 -0.1145285 -0.2309699
1.071353 -0.1126034 -0.2377641
1.052564 -0.1106286 -0.2430925
1.033416 -0.1086161 -0.2469221
1.014029 -0.1065785 -0.2492293
0.9945219 -0.1045282 -0.25
0.9750146 -0.1024779 -0.2492293
0.9556275 -0.1004402 -0.2469221
0.9364803 -0.09842777 -0.2430925
0.9176909 -0.09645293 -0.2377641
0.8993751 -0.09452787 -0.2309699
0.881646 -0.09266447 -0.2227516
0.8646128 -0.09087422 -0.21316
0.8483806 -0.08916814 -0.2022542
0.8330494 -0.08755677 -0.1901015
0.8187136 -0.08605003 -0.1767767
0.8054618 -0.08465721 -0.162362
0.7933756 -0.08338691 -0.1469463
0.7825296 -0.08224694 -0.1306246
0.7729905 -0.08124435 -0.1134976
0.7648173 -0.08038531 -0.09567082
0.7580603 -0.07967512 -0.07725426
0.7527611 -0.07911816 -0.05836134
0.7489525 -0.07871786 -0.03910861
0.7466578 -0.07847668 -0.01961476
0.7458915 -0.07839613 2.185569e-08
0.7466578 -0.07847668 0.01961474
0.7489525 -0.07871786 0.03910865
0.7527611 -0.07911816 0.05836133
0.7580603 -0.07967512 0.0772543
0.7648173 -0.08038531 0.09567086
0.7729905 -0.08124435 0.1134976
0.7825296 -0.08224694 0.1306247
0.7933756 -0.08338691 0.1469463
0.8054618 -0.08465721 0.162362
0.8187137 -0.08605003 0.1767767
0.8330494 -0.08755677 0.1901015
0.8483806 -0.08916815 0.2022543
0.8646128 -0.09087422 0.21316
0.8816461 -0.09266448 0.2227517
0.8993751 -0.09452787 0.2309699
0.917691 -0.09645294 0.2377641
0.9364803 -0.09842777 0.2430925
0.9556275 -0.1004402 0.2469221
0.9750146 -0.1024779 0.2492293
0.9945219 -0.1045282 0.25
1.014029 -0.1065785 0.2492293
1.033416 -0.1086161 0.2469221
1.052564 -0.1106286 0.2430925
1.071353 -0.1126034 0.2377641
1.089669 -0.1145285 0.2309699
1.107398 -0.1163919 0.2227516
1.124431 -0.1181821 0.21316
1.140663 -0.1198882 0.2022542
1.155995 -0.1214996 0.1901014
1.17033 -0.1230063 0.1767766
1.183582 -0.1243991 0.1623619
1.195668 -0.1256694 0.1469463
1.206514 -0.1268094 0.1306245
1.216053 -0.127812 0.1134976
1.224227 -0.128671 0.09567074
1.230983 -0.1293812 0.07725424
1.236283 -0.1299382 0.05836132
1.240091 -0.1303385 0.03910859
1.242386 -0.1305797 0.01961474
1.248287 -0.06541936 0
1.247517 -0.06537902 -0.01961477
1.245213 -0.06525827 -0.03910862
1.241389 -0.06505785 -0.05836134
1.236068 -0.06477898 -0.07725425
1.229283 -0.0644234 -0.09567086
1.221076 -0.0639933 -0.1134976
1.211498 -0.06349132 -0.1306247
1.200607 -0.06292056 -0.1469463
1.188471 -0.06228454 -0.162362
1.175164 -0.06158718 -0.1767767
1.160769 -0.06083278 -0.1901015
1.145375 -0.06002599 -0.2022543
1.129075 -0.05917179 -0.2131601
1.111972 -0.05827544 -0.2227516
1.094169 -0.05734247 -0.2309699
1.075778 -0.05637863 -0.2377641
1.056911 -0.05538986 -0.2430925
1.037685 -0.05438225 -0.2469221
1.018217 -0.05336203 -0.2492293
0.9986296 -0.05233549 -0.25
0.9790416 -0.05130894 -0.2492293
0.9595745 -0.05028871 -0.2469221
0.9403482 -0.04928112 -0.2430925
0.9214812 -0.04829235 -0.2377641
0.9030898 -0.0473285 -0.2309699
0.8852875 -0.04639553 -0.2227516
0.8681839 -0.04549918 -0.21316
0.8518846 -0.04464498 -0.2022542
0.83649 -0.04383819 -0.1901015
0.8220952 -0.04308379 -0.1767767
0.8087886 -0.04238643 -0.162362
0.7966525 -0.04175041 -0.1469463
0.7857617 -0.04117965 -0.1306246
0.7761832 -0.04067767 -0.1134976
0.7679762 -0.04024756 -0.09567082
0.7611913 -0.03989198 -0.07725426
0.7558702 -0.03961312 -0.05836134
0.7520459 -0.0394127 -0.03910861
0.7497418 -0.03929195 -0.01961476
0.7489722 -0.03925161 2.185569e-08
0.7497418 -0.03929195 0.01961474
0.7520459 -0.0394127 0.03910865
0.7558702 -0.03961312 0.05836133
0.7611913 -0.03989199 0.0772543
0.7679762 -0.04024757 0.09567086
0.7761832 -0.04067767 0.1134976
0.7857617 -0.04117965 0.1306247
0.7966525 -0.04175041 0.1469463
0.8087886 -0.04238643 0.162362
0.8220952 -0.04308379 0.1767767
0.8364901 -0.04383819 0.1901015
0.8518847 -0.04464498 0.2022543
0.8681839 -0.04549918 0.21316
0.8852875 -0.04639554 0.2227517
0.9030898 -0.0473285 0.2309699
0.9214813 -0.04829235 0.2377641
0.9403482 -0.04928112 0.2430925
0.9595745 -0.05028872 0.2469221
0.9790417 -0.05130894 0.2492293
0.9986296 -0.05233549 0.25
1.018217 -0.05336203 0.2492293
1.037685 -0.05438225 0.2469221
1.056911 -0.05538986 0.2430925
1.075778 -0.05637863 0.2377641
1.094169 -0.05734247 0.2309699
1.111972 -0.05827544 0.2227516
1.129075 -0.05917179 0.21316
1.145375 -0.060026 0.2022542
1.160769 -0.06083278 0.1901014
1.175164 -0.06158718 0.1767766
1.188471 -0.06228454 0.1623619
1.200607 -0.06292056 0.1469463
1.211498 -0.06349132 0.1306245
1.221076 -0.0639933 0.1134976
1.229283 -0.06442341 0.09567074
1.236068 -0.06477898 0.07725424
1.241389 -0.06505785 0.05836132
1.245213 -0.06525827 0.03910859
1.247517 -0.06537902 0.01961474
3 0 1 81
3 0 81 80
3 1 2 82
3 1 82 81
3 2 3 83
3 2 83 82
3 3 4 84
3 3 84 83
3 4 5 85
3 4 85 84
3 5 6 86
3 5 86 85
3 6 7 87
3 6 87 86
3 7 8 88
3 7 88 87
3 8 9 89
3 8 89 88
3 9 10 90
3 9 90 89
3 10 11 91
3 10 91 90
3 11 12 92
3 11 92 91
3 12 13 93
3 12 93 92
3 13 14 94
3 13 94 93
3 14 15 95
3 14 95 94
3 15 16 96
3 15 96 95
3 16 17 97
3 16 97 96
3 17 18 98
3 17 98 97
3 18 19 99
3 18 99 98
3 19 20 100
3 19 100 99
3 20 21 101
3 20 101 100
3 21 22 102
3 21 102 101
3 22 23 103
3 22 103 102
3 23 24 104
3 23 104 103
3 24 25 105
3 24 105 104
3 25 26 106
3 25 106 105
3 26 27 107
3 26 107 106
3 27 28 108
3 27 108 107
3 28 29 109
3 28 109 108
3 29 30 110
3 29 110 109
3 30 31 111
3 30 111 110
3 31 32 112
3 31 112 111
3 32 33 113
3 32 113 112
3 33 34 114
3 33 114 113
3 34 35 115
3 34 115 114
3 35 36 116
3 35 116 115
3 36 37 117
3 36 117 116
3 37 38 118
3 37 118 117
3 38 39 119
3 38 119 118
3 39 40 120
3 39 120 119
3 40 41 121
3 40 121 120
3 41 42 122
3 41 122 121
3 42 43 123
3 42 123 122
3 43 44 124
3 43 124 123
3 44 45 125
3 44 125 124
3 45 46 126
3 45 126 125
3 46 47 127
3 46 127 126
3 47 48 128
3 47 128 127
3 48 49 129
3 48 129 128
3 49 50 130
3 49 130 129
3 50 51 131
3 50 131 130
3 51 52 132
3 51 132 131
3 52 53 133
3 52 133 132
3 53 54 134
3 53 134 133
3 54 55 135
3 54 135 134
3 55 56 136
3 55 136 135
3 56 57 137
3 56 137 136
3 57 58 138
3 57 138 137
3 58 59 139
3 58 139 138
3 59 60 140
3 59 140 139
3 60 61 141
3 60 141 140
3 61 62 142
3 61 142 141
3 62 63 143
3 62 143 142
3 63 64 144
3 63 144 143
3 64 65 145
3 64 145 144
3 65 66 146
3 65 146 145
3 66 67 147
3 66 147 146
3 67 68 148
3 67 148 147
3 68 69 149
3 68 149 148
3 69 70 150
3 69 150 149
3 70 71 151
3 70 151 150
3 71 72 152
3 71 152 151
3 72 73 153
3 72 153 152
3 73 74 154
3 73 154 153
3 74 75 155
3 74 155 154
3 75 76 156
3 75 156 155
3 76 77 157
3 76 157 156
3 77 78 158
3 77 158 157
3 78 79 159
3 78 159 158
3 79 0 80
3 79 80 159
3 80 81 161
3 80 161 160
3 81 82 162
3 81 162 161
3 82 83 163
3 82 163 162
3 83 84 164
3 83 164 163
3 84 85 165
3 84 165 164
3 85 86 166
3 85 166 165
3 86 87 167
3 86 167 166
3 87 88 168
3 87 168 167
3 88 89 169
3 88 169 168
3 89 90 170
3 89 170 169
3 90 91 171
3 90 171 170
3 91 92 172
3 91 172 171
3 92 93 173
3 92 173 172
3 93 94 174
3 93 174 173
3 94 95 175
3 94 175 174
3 95 96 176
3 95 176 175
3 96 97 177
3 96 177 176
3 97 98 178
3 97 178 177
3 98 99 179
3 98 179 178
3 99 100 180
3 99 180 179
3 100 101 181
3 100 181 180
3 101 102 182
3 101 182 181
3 102 103 183
3 102 183 182
3 103 104 184
3 103 184 183
3 104 105 185
3 104 185 184
3 105 106 186
3 105 186 185
3 106 107 187
3 106 187 186
3 107 108 188
3 107 188 187
3 108 109 189
3 108 189 188
3 109 110 190
3 109 190 189
3 110 111 191
3 110 191 190
3 111 112 192
3 111 192 191
3 112 113 193
3 112 193 192
3 113 114 194
3 113 194 193
3 114 115 195
3 114 195 194
3 115 116 196
3 115 196 195
3 116 117 197
3 116 197 196
3 117 118 198
3 117 198 197
3 118 119 199
3 118 199 198
3 119 120 200
3 119 200 199
3 120 121 201
3 120 201 200
3 121 122 202
3 121 202 201
3 122 123 203
3 122 203 202
3 123 124 204
3 123 204 203
3 124 125 205
3 124 205 204
3 125 126 206
3 125 206 205
3 126 127 207
3 126 207 206
3 127 128 208
3 127 208 207
3 128 129 209
3 128 209 208
3 129 130 210
3 129 210 209
3 130 131 211
3 130 211 210
3 131 132 212
3 131 212 211
3 132 133 213
3 132 213 212
3 133 134 214
3 133 214 213
3 134 135 215
3 134 215 214
3 135 136 216
3 135 216 215
3 136 137 217
3 136 217 216
3 137 138 218
3 137 218 217
3 138 139 219
3 138 219 218
3 139 140 220
3 139 220 219
3 140 141 221
3 140 221 220
3 141 142 222
3 141 222 221
3 142 143 223
3 142 223 222
3 143 144 224
3 143 224 223
3 144 145 225
3 144 225 224
3 145 146 226
3 145 226 225
3 146 147 227
3 146 227 226
3 147 148 228
3 147 228 227
3 148 149 229
3 148 229 228
3 149 150 230
3 149 230 229
3 150 151 231
3 150 231 230
3 151 152 232
3 151 232 231
3 152 153 233
3 152 233 232
3 153 154 234
3 153 234 233
3 154 155 235
3 154 235 234
3 155 156 236
3 155 236 235
3 156 157 237
3 156 237 236
3 157 158 238
3 157 238 237
3 158 159 239
3 158 239 238
3 159 80 160
3 159 160 239
3 160 161 241
3 160 241 240
3 161 162 242
3 161 242 241
3 162 163 243
3 162 243 242
3 163 164 244
3 163 244 243
3 164 165 245
3 164 245 244
3 165 166 246
3 165 246 245
3 166 167 247
3 166 247 246
3 167 168 248
3 167 248 247
3 168 169 249
3 168 249 248
3 169 170 250
3 169 250 249
3 170 171 251
3 170 251 250
3 171 172 252
3 171 252 251
3 172 173 253
3 172 253 252
3 173 174 254
3 173 254 253
3 174 175 255
3 174 255 254
3 175 176 256
3 175 256 255
3 176 177 257
3 176 257 256
3 177 178 258
3 177 258 257
3 178 179 259
3 178 259 258
3 179 180 260
3 179 260 259
3 180 181 261
3 180 261 260
3 181 182 262
3 181 262 261
3 182 183 263
3 182 263 262
3 183 184 264
3 183 264 263
3 184 185 265
3 184 265 264
3 185 186 266
3 185 266 265
3 186 187 267
3 186 267 266
3 187 188 268
3 187 268 267
3 188 189 269
3 188 269 268
3 189 190 270
3 189 270 269
3 190 191 271
3 190 271 270
3 191 192 272
3 191 272 271
3 192 193 273
3 192 273 272
3 193 194 274
3 193 274 273
3 194 195 275
3 194 275 274
3 195 196 276
3 195 276 275
3 196 197 277
3 196 277 276
3 197 198 278
3 197 278 277
3 198 199 279
3 198 279 278
3 199 200 280
3 199 280 279
3 200 201 281
3 200 281 280
3 201 202 282
3 201 282 281
3 202 203 283
3 202 283 282
3 203 204 284
3 203 284 283
3 204 205 285
3 204 285 284
3 205 206 286
3 205 286 285
3 206 207 287
3 206 287 286
3 207 208 288
3 207 288 287
3 208 209 289
3 208 289 288
3 209 210 290
3 209 290 289
3 210 211 291
3 210 291 290
3 211 212 292
3 211 292 291
3 212 213 293
3 212 293 292
3 213 214 294
3 213 294 293
3 214 215 295
3 214 295 294
3 215 216 296
3 215 296 295
3 216 217 297
3 216 297 296
3 217 218 298
3 217 298 297
3 218 219 299
3 218 299 298
3 219 220 300
3 219 300 299
3 220 221 301
3 220 301 300
3 221 222 302
3 221 302 301
3 222 223 303
3 222 303 302
3 223 224 304
3 223 304 303
3 224 225 305
3 224 305 304
3 225 226 306
3 225 306 305
3 226 227 307
3 226 307 306
3 227 228 308
3 227 308 307
3 228 229 309
3 228 309 308
3 229 230 310
3 229 310 309
3 230 231 311
3 230 311 310
3 231 232 312
3 231 312 311
3 232 233 313
3 232 313 312
3 233 234 314
3 233 314 313
3 234 235 315
3 234 315 314
3 235 236 316
3 235 316 315
3 236 237 317
3 236 317 316
3 237 238 318
3 237 318 317
3 238 239 319
3 238 319 318
3 239 160 240
3 239 240 319
3 240 241 321
3 240 321 320
3 241 242 322
3 241 322 321
3 242 243 323
3 242 323 322
3 243 244 324
3 243 324 323
3 244 245 325
3 244 325 324
3 245 246 326
3 245 326 325
3 246 247 327
3 246 327 326
3 247 248 328
3 247 328 327
3 248 249 329
3 248 329 328
3 249 250 330
3 249 330 329
3 250 251 331
3 250 331 330
3 251 252 332
3 251 332 331
3 252 253 333
3 252 333 332
3 253 254 334
3 253 334 333
3 254 255 335
3 254 335 334
3 255 256 336
3 255 336 335
3 256 257 337
3 256 337 336
3 257 258 338
3 257 338 337
3 258 259 339
3 258 339 338
3 259 260 340
3 259 340 339
3 260 261 341
3 260 341 340
3 261 262 342
3 261 342 341
3 262 263 343
3 262 343 342
3 263 264 344
3 263 344 343
3 264 265 345
3 264 345 344
3 265 266 346
3 265 346 345
3 266 267 347
3 266 347 346
3 267 268 348
3 267 348 347
3 268 269 349
3 268 349 348
3 269 270 350
3 269 350 349
3 270 271 351
3 270 351 350
3 271 272 352
3 271 352 351
3 272 273 353
3 272 353 352
3 273 274 354
3 273 354 353
3 274 275 355
3 274 355 354
3 275 276 356
3 275 356 355
3 276 277 357
3 276 357 356
3 277 278 358
3 277 358 357
3 278 279 359
3 278 359 358
3 279 280 360
3 279 360 359
3 280 281 361
3 280 361 360
3 281 282 362
3 281 362 361
3 282 283 363
3 282 363 362
3 283 284 364
3 283 364 363
3 284 285 365
3 284 365 364
3 285 286 366
3 285 366 365
3 286 287 367
3 286 367 366
3 287 288 368
3 287 368 367
3 288 289 369
3 288 369 368
3 289 290 370
3 289 370 369
3 290 291 371
3 290 371 370
3 291 292 372
3 291 372 371
3 292 293 373
3 292 373 372
3 293 294 374
3 293 374 373
3 294 295 375
3 294 375 374
3 295 296 376
3 295 376 375
3 296 297 377
3 296 377 376
3 297 298 378
3 297 378 377
3 298 299 379
3 298 379 378
3 299 300 380
3 299 380 379
3 300 301 381
3 300 381 380
3 301 302 382
3 301 382 381
3 302 303 383
3 302 383 382
3 303 304 384
3 303 384 383
3 304 305 385
3 304 385 384
3 305 306 386
3 305 386 385
3 306 307 387
3 306 387 386
3 307 308 388
3 307 388 387
3 308 309 389
3 308 389 388
3 309 310 390
3 309 390 389
3 310 311 391
3 310 391 390
3 311 312 392
3 311 392 391
3 312 313 393
3 312 393 392
3 313 314 394
3 313 394 393
3 314 315 395
3 314 395 394
3 315 316 396
3 315 396 395
3 316 317 397
3 316 397 396
3 317 318 398
3 317 398 397
3 318 319 399
3 318 399 398
3 319 240 320
3 319 320 399
3 320 321 401
3 320 401 400
3 321 322 402
3 321 402 401
3 322 323 403
3 322 403 402
3 323 324 404
3 323 404 403
3 324 325 405
3 324 405 404
3 325 326 406
3 325 406 405
3 326 327 407
3 326 407 406
3 327 328 408
3 327 408 407
3 328 329 409
3 328 409 408
3 329 330 410
3 329 410 409
3 330 331 411
3 330 411 410
3 331 332 412
3 331 412 411
3 332 333 413
3 332 413 412
3 333 334 414
3 333 414 413
3 334 335 415
3 334 415 414
3 335 336 416
3 335 416 415
3 336 337 417
3 336 417 416
3 337 338 418
3 337 418 417
3 338 339 419
3 338 419 418
3 339 340 420
3 339 420 419
3 340 341 421
3 340 421 420
3 341 342 422
3 341 422 421
3 342 343 423
3 342 423 422
3 343 344 424
3 343 424 423
3 344 345 425
3 344 425 424
3 345 346 426
3 345 426 425
3 346 347 427
3 346 427 426
3 347 348 428
3 347 428 427
3 348 349 429
3 348 429 428
3 349 350 430
3 349 430 429
3 350 351 431
3 350 431 430
3 351 352 432
3 351 432 431
3 352 353 433
3 352 433 432
3 353 354 434
3 353 434 433
3 354 355 435
3 354 435 434
3 355 356 436
3 355 436 435
3 356 357 437
3 356 437 436
3 357 358 438
3 357 438 437
3 358 359 439
3 358 439 438
3 359 360 440
3 359 440 439
3 360 361 441
3 360 441 440
3 361 362 442
3 361 442 441
3 362 363 443
3 362 443 442
3 363 364 444
3 363 444 443
3 364 365 445
3 364 445 444
3 365 366 446
3 365 446 445
3 366 367 447
3 366 447 446
3 367 368 448
3 367 448 447
3 368 369 449
3 368 449 448
3 369 370 450
3 369 450 449
3 370 371 451
3 370 451 450
3 371 372 452
3 371 452 451
3 372 373 453
3 372 453 452
3 373 374 454
3 373 454 453
3 374 375 455
3 374 455 454
3 375 376 456
3 375 456 455
3 376 377 457
3 376 457 456
3 377 378 458
3 377 458 457
3 378 379 459
3 378 459 458
3 379 380 460
3 379 460 459
3 380 381 461
3 380 461 460
3 381 382 462
3 381 462 461
3 382 383 463
3 382 463 462
3 383 384 464
3 383 464 463
3 384 385 465
3 384 465 464
3 385 386 466
3 385 466 465
3 386 387 467
3 386 467 466
3 387 388 468
3 387 468 467
3 388 389 469
3 388 469 468
3 389 390 470
3 389 470 469
3 390 391 471
3 390 471 470
3 391 392 472
3 391 472 471
3 392 393 473
3 392 473 472
3 393 394 474
3 393 474 473
3 394 395 475
3 394 475 474
3 395 396 476
3 395 476 475
3 396 397 477
3 396 477 476
3 397 398 478
3 397 478 477
3 398 399 479
3 398 479 478
3 399 320 400
3 399 400 479
3 400 401 481
3 400 481 480
3 401 402 482
3 401 482 481
3 402 403 483
3 402 483 482
3 403 404 484
3 403 484 483
3 404 405 485
3 404 485 484
3 405 406 486
3 405 486 485
3 406 407 487
3 406 487 486
3 407 408 488
3 407 488 487
3 408 409 489
3 408 489 488
3 409 410 490
3 409 490 489
3 410 411 491
3 410 491 490
3 411 412 492
3 411 492 491
3 412 413 493
3 412 493 492
3 413 414 494
3 413 494 493
3 414 415 495
3 414 495 494
3 415 416 496
3 415 496 495
3 416 417 497
3 416 497 496
3 417 418 498
3 417 498 497
3 418 419 499
3 418 499 498
3 419 420 500
3 419 500 499
3 420 421 501
3 420 501 500
3 421 422 502
3 421 502 501
3 422 423 503
3 422 503 502
3 423 424 504
3 423 504 503
3 424 425 505
3 424 505 504
3 425 426 506
3 425 506 505
3 426 427 507
3 426 507 506
3 427 428 508
3 427 508 507
3 428 429 509
3 428 509 508
3 429 430 510
3 429 510 509
3 430 431 511
3 430 511 510
3 431 432 512
3 431 512 511
3 432 433 513
3 432 513 512
3 433 434 514
3 433 514 513
3 434 435 515
3 434 515 514
3 435 436 516
3 435 516 515
3 436 437 517
3 436 517 516
3 437 438 518
3 437 518 517
3 438 439 519
3 438 519 518
3 439 440 520
3 439 520 519
3 440 441 521
3 440 521 520
3 441 442 522
3 441 522 521
3 442 443 523
3 442 523 522
3 443 444 524
3 443 524 523
3 444 445 525
3 444 525 524
3 445 446 526
3 445 526 525
3 446 447 527
3 446 527 526
3 447 448 528
3 447 528 527
3 448 449 529
3 448 529 528
3 449 450 530
3 449 530 529
3 450 451 531
3 450 531 530
3 451 452 532
3 451 532 531
3 452 453 533
3 452 533 532
3 453 454 534
3 453 534 533
3 454 455 535
3 454 535 534
3 455 456 536
3 455 536 535
3 456 457 537
3 456 537 536
3 457 458 538
3 457 538 537
3 458 459 539
3 458 539 538
3 459 460 540
3 459 540 539
3 460 461 541
3 460 541 540
3 461 462 542
3 461 542 541
3 462 463 543
3 462 543 542
3 463 464 544
3 463 544 543
3 464 465 545
3 464 545 544
3 465 466 546
3 465 546 545
3 466 467 547
3 466 547 546
3 467 468 548
3 467 548 547
3 468 469 549
3 468 549 548
3 469 470 550
3 469 550 549
3 470 471 551
3 470 551 550
3 471 472 552
3 471 552 551
3 472 473 553
3 472 553 552
3 473 474 554
3 473 554 553
3 474 475 555
3 474 555 554
3 475 476 556
3 475 556 555
3 476 477 557
3 476 557 556
3 477 478 558
3 477 558 557
3 478 479 559
3 478 559 558
3 479 400 480
3 479 480 559
3 480 481 561
3 480 561 560
3 481 482 562
3 481 562 561
3 482 483 563
3 482 563 562
3 483 484 564
3 483 564 563
3 484 485 565
3 484 565 564
3 485 486 566
3 485 566 565
3 486 487 567
3 486 567 566
3 487 488 568
3 487 568 567
3 488 489 569
3 488 569 568
3 489 490 570
3 489 570 569
3 490 491 571
3 490 571 570
3 491 492 572
3 491 572 571
3 492 493 573
3 492 573 572
3 493 494 574
3 493 574 573
3 494 495 575
3 494 575 574
3 495 496 576
3 495 576 575
3 496 497 577
3 496 577 576
3 497 498 578
3 497 578 577
3 498 499 579
3 498 579 578
3 499 500 580
3 499 580 579
3 500 501 581
3 500 581 580
3 501 502 582
3 501 582 581
3 502 503 583
3 502 583 582
3 503 504 584
3 503 584 583
3 504 505 585
3 504 585 584
3 505 506 586
3 505 586 585
3 506 507 587
3 506 587 586
3 507 508 588
3 507 588 587
3 508 509 589
3 508 589 588
3 509 510 590
3 509 590 589
3 510 511 591
3 510 591 590
3 511 512 592
3 511 592 591
3 512 513 593
3 512 593 592
3 513 514 594
3 513 594 593
3 514 515 595
3 514 595 594
3 515 516 596
3 515 596 595
3 516 517 597
3 516 597 596
3 517 518 598
3 517 598 597
3 518 519 599
3 518 599 598
3 519 520 600
3 519 600 599
3 520 521 601
3 520 601 600
3 521 522 602
3 521 602 601
3 522 523 603
3 522 603 602
3 523 524 604
3 523 604 603
3 524 525 605
3 524 605 604
3 525 526 606
3 525 606 605
3 526 527 607
3 526 607 606
3 527 528 608
3 527 608 607
3 528 529 609
3 528 609 608
3 529 530 610
3 529 610 609
3 530 531 611
3 530 611 610
3 531 532 612
3 531 612 611
3 532 533 613
3 532 613 612
3 533 534 614
3 533 614 613
3 534 535 615
3 534 615 614
3 535 536 616
3 535 616 615
3 536 537 617
3 536 617 616
3 537 538 618
3 537 618 617
3 538 539 619
3 538 619 618
3 539 540 620
3 539 620 619
3 540 541 621
3 540 621 620
3 541 542 622
3 541 622 621
3 542 543 623
3 542 623 622
3 543 544 624
3 543 624 623
3 544 545 625
3 544 625 624
3 545 546 626
3 545 626 625
3 546 547 627
3 546 627 626
3 547 548 628
3 547 628 627
3 548 549 629
3 548 629 628
3 549 550 630
3 549 630 629
3 550 551 631
3 550 631 630
3 551 552 632
3 551 632 631
3 552 553 633
3 552 633 632
3 553 554 634
3 553 634 633
3 554 555 635
3 554 635 634
3 555 556 636
3 555 636 635
3 556 557 637
3 556 637 636
3 557 558 638
3 557 638 637
3 558 559 639
3 558 639 638
3 559 480 560
3 559 560 639
3 560 561 641
3 560 641 640
3 561 562 642
3 561 642 641
3 562 563 643
3 562 643 642
3 563 564 644
3 563 644 643
3 564 565 645
3 564 645 644
3 565 566 646
3 565 646 645
3 566 567 647
3 566 647 646
3 567 568 648
3 567 648 647
3 568 569 649
3 568 649 648
3 569 570 650
3 569 650 649
3 570 571 651
3 570 651 650
3 571 572 652
3 571 652 651
3 572 573 653
3 572 653 652
3 573 574 654
3 573 654 653
3 574 575 655
3 574 655 654
3 575 576 656
3 575 656 655
3 576 577 657
3 576 657 656
3 577 578 658
3 577 658 657
3 578 579 659
3 578 659 658
3 579 580 660
3 579 660 659
3 580 581 661
3 580 661 660
3 581 582 662
3 581 662 661
3 582 583 663
3 582 663 662
3 583 584 664
3 583 664 663
3 584 585 665
3 584 665 664
3 585 586 666
3 585 666 665
3 586 587 667
3 586 667 666
3 587 588 668
3 587 668 667
3 588 589 669
3 588 669 668
3 589 590 670
3 589 670 669
3 590 591 671
3 590 671 670
3 591 592 672
3 591 672 671
3 592 593 673
3 592 673 672
3 593 594 674
3 593 674 673
3 594 595 675
3 594 675 674
3 595 596 676
3 595 676 675
3 596 597 677
3 596 677 676
3 597 598 678
3 597 678 677
3 598 599 679
3 598 679 678
3 599 600 680
3 599 680 679
3 600 601 681
3 600 681 680
3 601 602 682
3 601 682 681
3 602 603 683
3 602 683 682
3 603 604 684
3 603 684 683
3 604 605 685
3 604 685 684
3 605 606 686
3 605 686 685
3 606 607 687
3 606 687 686
3 607 608 688
3 607 688 687
3 608 609 689
3 608 689 688
3 609 610 690
3 609 690 689
3 610 611 691
3 610 691 690
3 611 612 692
3 611 692 691
3 612 613 693
3 612 693 692
3 613 614 694
3 613 694 693
3 614 615 695
3 614 695 694
3 615 616 696
3 615 696 695
3 616 617 697
3 616 697 696
3 617 618 698
3 617 698 697
3 618 619 699
3 618 699 698
3 619 620 700
3 619 700 699
3 620 621 701
3 620 701 700
3 621 622 702
3 621 702 701
3 622 623 703
3 622 703 702
3 623 624 704
3 623 704 703
3 624 625 705
3 624 705 704
3 625 626 706
3 625 706 705
3 626 627 707
3 626 707 706
3 627 628 708
3 627 708 707
3 628 629 709
3 628 709 708
3 629 630 710
3 629 710 709
3 630 631 711
3 630 711 710
3 631 632 712
3 631 712 711
3 632 633 713
3 632 713 712
3 633 634 714
3 633 714 713
3 634 635 715
3 634 715 714
3 635 636 716
3 635 716 715
3 636 637 717
3 636 717 716
3 637 638 718
3 637 718 717
3 638 639 719
3 638 719 718
3 639 560 640
3 639 640 719
3 640 641 721
3 640 721 720
3 641 642 722
3 641 722 721
3 642 643 723
3 642 723 722
3 643 644 724
3 643 724 723
3 644 645 725
3 644 725 724
3 645 646 726
3 645 726 725
3 646 647 727
3 646 727 726
3 647 648 728
3 647 728 727
3 648 649 729
3 648 729 728
3 649 650 730
3 649 730 729
3 650 651 731
3 650 731 730
3 651 652 732
3 651 732 731
3 652 653 733
3 652 733 732
3 653 654 734
3 653 734 733
3 654 655 735
3 654 735 734
3 655 656 736
3 655 736 735
3 656 657 737
3 656 737 736
3 657 658 738
3 657 738 737
3 658 659 739
3 658 739 738
3 659 660 740
3 659 740 739
3 660 661 741
3 660 741 740
3 661 662 742
3 661 742 741
3 662 663 743
3 662 743 742
3 663 664 744
3 663 744 743
3 664 665 745
3 664 745 744
3 665 666 746
3 665 746 745
3 666 667 747
3 666 747 746
3 667 668 748
3 667 748 747
3 668 669 749
3 668 749 748
3 669 670 750
3 669 750 749
3 670 671 751
3 670 751 750
3 671 672 752
3 671 752 751
3 672 673 753
3 672 753 752
3 673 674 754
3 673 754 753
3 674 675 755
3 674 755 754
3 675 676 756
3 675 756 755
3 676 677 757
3 676 757 756
3 677 678 758
3 677 758 757
3 678 679 759
3 678 759 758
3 679 680 760
3 679 760 759
3 680 681 761
3 680 761 760
3 681 682 762
3 681 762 761
3 682 683 763
3 682 763 762
3 683 684 764
3 683 764 763
3 684 685 765
3 684 765 764
3 685 686 766
3 685 766 765
3 686 687 767
3 686 767 766
3 687 688 768
3 687 768 767
3 688 689 769
3 688 769 768
3 689 690 770
3 689 770 769
3 690 691 771
3 690 771 770
3 691 692 772
3 691 772 771
3 692 693 773
3 692 773 772
3 693 694 774
3 693 774 773
3 694 695 775
3 694 775 774
3 695 696 776
3 695 776 775
3 696 697 777
3 696 777 776
3 697 698 778
3 697 778 777
3 698 699 779
3 698 779 778
3 699 700 780
3 699 780 779
3 700 701 781
3 700 781 780
3 701 702 782
3 701 782 781
3 702 703 783
3 702 783 782
3 703 704 784
3 703 784 783
3 704 705 785
3 704 785 784
3 705 706 786
3 705 786 785
3 706 707 787
3 706 787 786
3 707 708 788
3 707 788 787
3 708 709 789
3 708 789 788
3 709 710 790
3 709 790 789
3 710 711 791
3 710 791 790
3 711 712 792
3 711 792 791
3 712 713 793
3 712 793 792
3 713 714 794
3 713 794 793
3 714 715 795
3 714 795 794
3 715 716 796
3 715 796 795
3 716 717 797
3 716 797 796
3 717 718 798
3 717 798 797
3 718 719 799
3 718 799 798
3 719 640 720
3 719 720 799
3 720 721 801
3 720 801 800
3 721 722 802
3 721 802 801
3 722 723 803
3 722 803 802
3 723 724 804
3 723 804 803
3 724 725 805
3 724 805 804
3 725 726 806
3 725 806 805
3 726 727 807
3 726 807 806
3 727 728 808
3 727 808 807
3 728 729 809
3 728 809 808
3 729 730 810
3 729 810 809
3 730 731 811
3 730 811 810
3 731 732 812
3 731 812 811
3 732 733 813
3 732 813 812
3 733 734 814
3 733 814 813
3 734 735 815
3 734 815 814
3 735 736 816
3 735 816 815
3 736 737 817
3 736 817 816
3 737 738 818
3 737 818 817
3 738 739 819
3 738 819 818
3 739 740 820
3 739 820 819
3 740 741 821
3 740 821 820
3 741 742 822
3 741 822 821
3 742 743 823
3 742 823 822
3 743 744 824
3 743 824 823
3 744 745 825
3 744 825 824
3 745 746 826
3 745 826 825
3 746 747 827
3 746 827 826
3 747 748 828
3 747 828 827
3 748 749 829
3 748 829 828
3 749 750 830
3 749 830 829
3 750 751 831
3 750 831 830
3 751 752 832
3 751 832 831
3 752 753 833
3 752 833 832
3 753 754 834
3 753 834 833
3 754 755 835
3 754 835 834
3 755 756 836
3 755 836 835
3 756 757 837
3 756 837 836
3 757 758 838
3 757 838 837
3 758 759 839
3 758 839 838
3 759 760 840
3 759 840 839
3 760 761 841
3 760 841 840
3 761 762 842
3 761 842 841
3 762 763 843
3 762 843 842
3 763 764 844
3 763 844 843
3 764 765 845
3 764 845 844
3 765 766 846
3 765 846 845
3 766 767 847
3 766 847 846
3 767 768 848
3 767 848 847
3 768 769 849
3 768 849 848
3 769 770 850
3 769 850 849
3 770 771 851
3 770 851 850
3 771 772 852
3 771 852 851
3 772 773 853
3 772 853 852
3 773 774 854
3 773 854 853
3 774 775 855
3 774 855 854
3 775 776 856
3 775 856 855
3 776 777 857
3 776 857 856
3 777 778 858
3 777 858 857
3 778 779 859
3 778 859 858
3 779 780 860
3 779 860 859
3 780 781 861
3 780 861 860
3 781 782 862
3 781 862 861
3 782 783 863
3 782 863 862
3 783 784 864
3 783 864 863
3 784 785 865
3 784 865 864
3 785 786 866
3 785 866 865
3 786 787 867
3 786 867 866
3 787 788 868
3 787 868 867
3 788 789 869
3 788 869 868
3 789 790 870
3 789 870 869
3 790 791 871
3 790 871 870
3 791 792 872
3 791 872 871
3 792 793 873
3 792 873 872
3 793 794 874
3 793 874 873
3 794 795 875
3 794 875 874
3 795 796 876
3 795 876 875
3 796 797 877
3 796 877 876
3 797 798 878
3 797 878 877
3 798 799 879
3 798 879 878
3 799 720 800
3 799 800 879
3 800 801 881
3 800 881 880
3 801 802 882
3 801 882 881
3 802 803 883
3 802 883 882
3 803 804 884
3 803 884 883
3 804 805 885
3 804 885 884
3 805 806 886
3 805 886 885
3 806 807 887
3 806 887 886
3 807 808 888
3 807 888 887
3 808 809 889
3 808 889 888
3 809 810 890
3 809 890 889
3 810 811 891
3 810 891 890
3 811 812 892
3 811 892 891
3 812 813 893
3 812 893 892
3 813 814 894
3 813 894 893
3 814 815 895
3 814 895 894
3 815 816 896
3 815 896 895
3 816 817 897
3 816 897 896
3 817 818 898
3 817 898 897
3 818 819 899
3 818 899 898
3 819 820 900
3 819 900 899
3 820 821 901
3 820 901 900
3 821 822 902
3 821 902 901
3 822 823 903
3 822 903 902
3 823 824 904
3 823 904 903
3 824 825 905
3 824 905 904
3 825 826 906
3 825 906 905
3 826 827 907
3 826 907 906
3 827 828 908
3 827 908 907
3 828 829 909
3 828 909 908
3 829 830 910
3 829 910 909
3 830 831 911
3 830 911 910
3 831 832 912
3 831 912 911
3 832 833 913
3 832 913 912
3 833 834 914
3 833 914 913
3 834 835 915
3 834 915 914
3 835 836 916
3 835 916 915
3 836 837 917
3 836 917 916
3 837 838 918
3 837 918 917
3 838 839 919
3 838 919 918
3 839 840 920
3 839 920 919
3 840 841 921
3 840 921 920
3 841 842 922
3 841 922 921
3 842 843 923
3 842 923 922
3 843 844 924
3 843 924 923
3 844 845 925
3 844 925 924
3 845 846 926
3 845 926 925
3 846 847 927
3 846 927 926
3 847 848 928
3 847 928 927
3 848 849 929
3 848 929 928
3 849 850 930
3 849 930 929
3 850 851 931
3 850 931 930
3 851 852 932
3 851 932 931
3 852 853 933
3 852 933 932
3 853 854 934
3 853 934 933
3 854 855 935
3 854 935 934
3 855 856 936
3 855 936 935
3 856 857 937
3 856 937 936
3 857 858 938
3 857 938 937
3 858 859 939
3 858 939 938
3 859 860 940
3 859 940 939
3 860 861 941
3 860 941 940
3 861 862 942
3 861 942 941
3 862 863 943
3 862 943 942
3 863 864 944
3 863 944 943
3 864 865 945
3 864 945 944
3 865 866 946
3 865 946 945
3 866 867 947
3 866 947 946
3 867 868 948
3 867 948 947
3 868 869 949
3 868 949 948
3 869 870 950
3 869 950 949
3 870 871 951
3 870 951 950
3 871 872 952
3 871 952 951
3 872 873 953
3 872 953 952
3 873 874 954
3 873 954 953
3 874 875 955
3 874 955 954
3 875 876 956
3 875 956 955
3 876 877 957
3 876 957 956
3 877 878 958
3 877 958 957
3 878 879 959
3 878 959 958
3 879 800 880
3 879 880 959
3 880 881 961
3 880 961 960
3 881 882 962
3 881 962 961
3 882 883 963
3 882 963 962
3 883 884 964
3 883 964 963
3 884 885 965
3 884 965 964
3 885 886 966
3 885 966 965
3 886 887 967
3 886 967 966
3 887 888 968
3 887 968 967
3 888 889 969
3 888 969 968
3 889 890 970
3 889 970 969
3 890 891 971
3 890 971 970
3 891 892 972
3 891 972 971
3 892 893 973
3 892 973 972
3 893 894 974
3 893 974 973
3 894 895 975
3 894 975 974
3 895 896 976
3 895 976 975
3 896 897 977
3 896 977 976
3 897 898 978
3 897 978 977
3 898 899 979
3 898 979 978
3 899 900 980
3 899 980 979
3 900 901 981
3 900 981 980
3 901 902 982
3 901 982 981
3 902 903 983
3 902 983 982
3 903 904 984
3 903 984 983
3 904 905 985
3 904 985 984
3 905 906 986
3 905 986 985
3 906 907 987
3 906 987 986
3 907 908 988
3 907 988 987
3 908 909 989
3 908 989 988
3 909 910 990
3 909 990 989
3 910 911 991
3 910 991 990
3 911 912 992
3 911 992 991
3 912 913 993
3 912 993 992
3 913 914 994
3 913 994 993
3 914 915 995
3 914 995 994
3 915 916 996
3 915 996 995
3 916 917 997
3 916 997 996
3 917 918 998
3 917 998 997
3 918 919 999
3 918 999 998
3 919 920 1000
3 919 1000 999
3 920 921 1001
3 920 1001 1000
3 921 922 1002
3 921 1002 1001
3 922 923 1003
3 922 1003 1002
3 923 924 1004
3 923 1004 1003
3 924 925 1005
3 924 1005 1004
3 925 926 1006
3 925 1006 1005
3 926 927 1007
3 926 1007 1006
3 927 928 1008
3 927 1008 1007
3 928 929 1009
3 928 1009 1008
3 929 930 1010
3 929 1010 1009
3 930 931 1011
3 930 1011 1010
3 931 932 1012
3 931 1012 1011
3 932 933 1013
3 932 1013 1012
3 933 934 1014
3 933 1014 1013
3 934 935 1015
3 934 1015 1014
3 935 936 1016
3 935 1016 1015
3 936 937 1017
3 936 1017 1016
3 937 938 1018
3 937 1018 1017
3 938 939 1019
3 938 1019 1018
3 939 940 1020
3 939 1020 1019
3 940 941 1021
3 940 1021 1020
3 941 942 1022
3 941 1022 1021
3 942 943 1023
3 942 1023 1022
3 943 944 1024
3 943 1024 1023
3 944 945 1025
3 944 1025 1024
3 945 946 1026
3 945 1026 1025
3 946 947 1027
3 946 1027 1026
3 947 948 1028
3 947 1028 1027
3 948 949 1029
3 948 1029 1028
3 949 950 1030
3 949 1030 1029
3 950 951 1031
3 950 1031 1030
3 951 952 1032
3 951 1032 1031
3 952 953 1033
3 952 1033 1032
3 953 954 1034
3 953 1034 1033
3 954 955 1035
3 954 1035 1034
3 955 956 1036
3 955 1036 1035
3 956 957 1037
3 956 1037 1036
3 957 958 1038
3 957 1038 1037
3 958 959 1039
3 958 1039 1038
3 959 880 960
3 959 960 1039
3 960 961 1041
3 960 1041 1040
3 961 962 1042
3 961 1042 1041
3 962 963 1043
3 962 1043 1042
3 963 964 1044
3 963 1044 1043
3 964 965 1045
3 964 1045 1044
3 965 966 1046
3 965 1046 1045
3 966 967 1047
3 966 1047 1046
3 967 968 1048
3 967 1048 1047
3 968 969 1049
3 968 1049 1048
3 969 970 1050
3 969 1050 1049
3 970 971 1051
3 970 1051 1050
3 971 972 1052
3 971 1052 1051
3 972 973 1053
3 972 1053 1052
3 973 974 1054
3 973 1054 1053
3 974 975 1055
3 974 1055 1054
3 975 976 1056
3 975 1056 1055
3 976 977 1057
3 976 1057 1056
3 977 978 1058
3 977 1058 1057
3 978 979 1059
3 978 1059 1058
3 979 980 1060
3 979 1060 1059
3 980 981 1061
3 980 1061 1060
3 981 982 1062
3 981 1062 1061
3 982 983 1063
3 982 1063 1062
3 983 984 1064
3 983 1064 1063
3 984 985 1065
3 984 1065 1064
3 985 986 1066
3 985 1066 1065
3 986 987 1067
3 986 1067 1066
3 987 988 1068
3 987 1068 1067
3 988 989 1069
3 988 1069 1068
3 989 990 1070
3 989 1070 1069
3 990 991 1071
3 990 1071 1070
3 991 992 1072
3 991 1072 1071
3 992 993 1073
3 992 1073 1072
3 993 994 1074
3 993 1074 1073
3 994 995 1075
3 994 1075 1074
3 995 996 1076
3 995 1076 1075
3 996 997 1077
3 996 1077 1076
3 997 998 1078
3 997 1078 1077
3 998 999 1079
3 998 1079 1078
3 999 1000 1080
3 999 1080 1079
3 1000 1001 1081
3 1000 1081 1080
3 1001 1002 1082
3 1001 1082 1081
3 1002 1003 1083
3 1002 1083 1082
3 1003 1004 1084
3 1003 1084 1083
3 1004 1005 1085
3 1004 1085 1084
3 1005 1006 1086
3 1005 1086 1085
3 1006 1007 1087
3 1006 1087 1086
3 1007 1008 1088
3 1007 1088 1087
3 1008 1009 1089
3 1008 1089 1088
3 1009 1010 1090
3 1009 1090 1089
3 1010 1011 1091
3 1010 1091 1090
3 1011 1012 1092
3 1011 1092 1091
3 1012 1013 1093
3 1012 1093 1092
3 1013 1014 1094
3 1013 1094 1093
3 1014 1015 1095
3 1014 1095 1094
3 1015 1016 1096
3 1015 1096 1095
3 1016 1017 1097
3 1016 1097 1096
3 1017 1018 1098
3 1017 1098 1097
3 1018 1019 1099
3 1018 1099 1098
3 1019 1020 1100
3 1019 1100 1099
3 1020 1021 1101
3 1020 1101 1100
3 1021 1022 1102
3 1021 1102 1101
3 1022 1023 1103
3 1022 1103 1102
3 1023 1024 1104
3 1023 1104 1103
3 1024 1025 1105
3 1024 1105 1104
3 1025 1026 1106
3 1025 1106 1105
3 1026 1027 1107
3 1026 1107 1106
3 1027 1028 1108
3 1027 1108 1107
3 1028 1029 1109
3 1028 1109 1108
3 1029 1030 1110
3 1029 1110 1109
3 1030 1031 1111
3 1030 1111 1110
3 1031 1032 1112
3 1031 1112 1111
3 1032 1033 1113
3 1032 1113 1112
3 1033 1034 1114
3 1033 1114 1113
3 1034 1035 1115
3 1034 1115 1114
3 1035 1036 1116
3 1035 1116 1115
3 1036 1037 1117
3 1036 1117 1116
3 1037 1038 1118
3 1037 1118 1117
3 1038 1039 1119
3 1038 1119 1118
3 1039 960 1040
3 1039 1040 1119
3 1040 1041 1121
3 1040 1121 1120
3 1041 1042 1122
3 1041 1122 1121
3 1042 1043 1123
3 1042 1123 1122
3 1043 1044 1124
3 1043 1124 1123
3 1044 1045 1125
3 1044 1125 1124
3 1045 1046 1126
3 1045 1126 1125
3 1046 1047 1127
3 1046 1127 1126
3 1047 1048 1128
3 1047 1128 1127
3 1048 1049 1129
3 1048 1129 1128
3 1049 1050 1130
3 1049 1130 1129
3 1050 1051 1131
3 1050 1131 1130
3 1051 1052 1132
3 1051 1132 1131
3 1052 1053 1133
3 1052 1133 1132
3 1053 1054 1134
3 1053 1134 1133
3 1054 1055 1135
3 1054 1135 1134
3 1055 1056 1136
3 1055 1136 1135
3 1056 1057 1137
3 1056 1137 1136
3 1057 1058 1138
3 1057 1138 1137
3 1058 1059 1139
3 1058 1139 1138
3 1059 1060 1140
3 1059 1140 1139
3 1060 1061 1141
3 1060 1141 1140
3 1061 1062 1142
3 1061 1142 1141
3 1062 1063 1143
3 1062 1143 1142
3 1063 1064 1144
3 1063 1144 1143
3 1064 1065 1145
3 1064 1145 1144
3 1065 1066 1146
3 1065 1146 1145
3 1066 1067 1147
3 1066 1147 1146
3 1067 1068 1148
3 1067 1148 1147
3 1068 1069 1149
3 1068 1149 1148
3 1069 1070 1150
3 1069 1150 1149
3 1070 1071 1151
3 1070 1151 1150
3 1071 1072 1152
3 1071 1152 1151
3 1072 1073 1153
3 1072 1153 1152
3 1073 1074 1154
3 1073 1154 1153
3 1074 1075 1155
3 1074 1155 1154
3 1075 1076 1156
3 1075 1156 1155
3 1076 1077 1157
3 1076 1157 1156
3 1077 1078 1158
3 1077 1158 1157
3 1078 1079 1159
3 1078 1159 1158
3 1079 1080 1160
3 1079 1160 1159
3 1080 1081 1161
3 1080 1161 1160
3 1081 1082 1162
3 1081 1162 1161
3 1082 1083 1163
3 1082 1163 1162
3 1083 1084 1164
3 1083 1164 1163
3 1084 1085 1165
3 1084 1165 1164
3 1085 1086 1166
3 1085 1166 1165
3 1086 1087 1167
3 1086 1167 1166
3 1087 1088 1168
3 1087 1168 1167
3 1088 1089 1169
3 1088 1169 1168
3 1089 1090 1170
3 1089 1170 1169
3 1090 1091 1171
3 1090 1171 1170
3 1091 1092 1172
3 1091 1172 1171
3 1092 1093 1173
3 1092 1173 1172
3 1093 1094 1174
3 1093 1174 1173
3 1094 1095 1175
3 1094 1175 1174
3 1095 1096 1176
3 1095 1176 1175
3 1096 1097 1177
3 1096 1177 1176
3 1097 1098 1178
3 1097 1178 1177
3 1098 1099 1179
3 1098 1179 1178
3 1099 1100 1180
3 1099 1180 1179
3 1100 1101 1181
3 1100 1181 1180
3 1101 1102 1182
3 1101 1182 1181
3 1102 1103 1183
3 1102 1183 1182
3 1103 1104 1184
3 1103 1184 1183
3 1104 1105 1185
3 1104 1185 1184
3 1105 1106 1186
3 1105 1186 1185
3 1106 1107 1187
3 1106 1187 1186
3 1107 1108 1188
3 1107 1188 1187
3 1108 1109 1189
3 1108 1189 1188
3 1109 1110 1190
3 1109 1190 1189
3 1110 1111 1191
3 1110 1191 1190
3 1111 1112 1192
3 1111 1192 1191
3 1112 1113 1193
3 1112 1193 1192
3 1113 1114 1194
3 1113 1194 1193
3 1114 1115 1195
3 1114 1195 1194
3 1115 1116 1196
3 1115 1196 1195
3 1116 1117 1197
3 1116 1197 1196
3 1117 1118 1198
3 1117 1198 1197
3 1118 1119 1199
3 1118 1199 1198
3 1119 1040 1120
3 1119 1120 1199
3 1120 1121 1201
3 1120 1201 1200
3 1121 1122 1202
3 1121 1202 1201
3 1122 1123 1203
3 1122 1203 1202
3 1123 1124 1204
3 1123 1204 1203
3 1124 1125 1205
3 1124 1205 1204
3 1125 1126 1206
3 1125 1206 1205
3 1126 1127 1207
3 1126 1207 1206
3 1127 1128 1208
3 1127 1208 1207
3 1128 1129 1209
3 1128 1209 1208
3 1129 1130 1210
3 1129 1210 1209
3 1130 1131 1211
3 1130 1211 1210
3 1131 1132 1212
3 1131 1212 1211
3 1132 1133 1213
3 1132 1213 1212
3 1133 1134 1214
3 1133 1214 1213
3 1134 1135 1215
3 1134 1215 1214
3 1135 1136 1216
3 1135 1216 1215
3 1136 1137 1217
3 1136 1217 1216
3 1137 1138 1218
3 1137 1218 1217
3 1138 1139 1219
3 1138 1219 1218
3 1139 1140 1220
3 1139 1220 1219
3 1140 1141 1221
3 1140 1221 1220
3 1141 1142 1222
3 1141 1222 1221
3 1142 1143 1223
3 1142 1223 1222
3 1143 1144 1224
3 1143 1224 1223
3 1144 1145 1225
3 1144 1225 1224
3 1145 1146 1226
3 1145 1226 1225
3 1146 1147 1227
3 1146 1227 1226
3 1147 1148 1228
3 1147 1228 1227
3 1148 1149 1229
3 1148 1229 1228
3 1149 1150 1230
3 1149 1230 1229
3 1150 1151 1231
3 1150 1231 1230
3 1151 1152 1232
3 1151 1232 1231
3 1152 1153 1233
3 1152 1233 1232
3 1153 1154 1234
3 1153 1234 1233
3 1154 1155 1235
3 1154 1235 1234
3 1155 1156 1236
3 1155 1236 1235
3 1156 1157 1237
3 1156 1237 1236
3 1157 1158 1238
3 1157 1238 1237
3 1158 1159 1239
3 1158 1239 1238
3 1159 1160 1240
3 1159 1240 1239
3 1160 1161 1241
3 1160 1241 1240
3 1161 1162 1242
3 1161 1242 1241
3 1162 1163 1243
3 1162 1243 1242
3 1163 1164 1244
3 1163 1244 1243
3 1164 1165 1245
3 1164 1245 1244
3 1165 1166 1246
3 1165 1246 1245
3 1166 1167 1247
3 1166 1247 1246
3 1167 1168 1248
3 1167 1248 1247
3 1168 1169 1249
3 1168 1249 1248
3 1169 1170 1250
3 1169 1250 1249
3 1170 1171 1251
3 1170 1251 1250
3 1171 1172 1252
3 1171 1252 1251
3 1172 1173 1253
3 1172 1253 1252
3 1173 1174 1254
3 1173 1254 1253
3 1174 1175 1255
3 1174 1255 1254
3 1175 1176 1256
3 1175 1256 1255
3 1176 1177 1257
3 1176 1257 1256
3 1177 1178 1258
3 1177 1258 1257
3 1178 1179 1259
3 1178 1259 1258
3 1179 1180 1260
3 1179 1260 1259
3 1180 1181 1261
3 1180 1261 1260
3 1181 1182 1262
3 1181 1262 1261
3 1182 1183 1263
3 1182 1263 1262
3 1183 1184 1264
3 1183 1264 1263
3 1184 1185 1265
3 1184 1265 1264
3 1185 1186 1266
3 1185 1266 1265
3 1186 1187 1267
3 1186 1267 1266
3 1187 1188 1268
3 1187 1268 1267
3 1188 1189 1269
3 1188 1269 1268
3 1189 1190 1270
3 1189 1270 1269
3 1190 1191 1271
3 1190 1271 1270
3 1191 1192 1272
3 1191 1272 1271
3 1192 1193 1273
3 1192 1273 1272
3 1193 1194 1274
3 1193 1274 1273
3 1194 1195 1275
3 1194 1275 1274
3 1195 1196 1276
3 1195 1276 1275
3 1196 1197 1277
3 1196 1277 1276
3 1197 1198 1278
3 1197 1278 1277
3 1198 1199 1279
3 1198 1279 1278
3 1199 1120 1200
3 1199 1200 1279
3 1200 1201 1281
3 1200 1281 1280
3 1201 1202 1282
3 1201 1282 1281
3 1202 1203 1283
3 1202 1283 1282
3 1203 1204 1284
3 1203 1284 1283
3 1204 1205 1285
3 1204 1285 1284
3 1205 1206 1286
3 1205 1286 1285
3 1206 1207 1287
3 1206 1287 1286
3 1207 1208 1288
3 1207 1288 1287
3 1208 1209 1289
3 1208 1289 1288
3 1209 1210 1290
3 1209 1290 1289
3 1210 1211 1291
3 1210 1291 1290
3 1211 1212 1292
3 1211 1292 1291
3 1212 1213 1293
3 1212 1293 1292
3 1213 1214 1294
3 1213 1294 1293
3 1214 1215 1295
3 1214 1295 1294
3 1215 1216 1296
3 1215 1296 1295
3 1216 1217 1297
3 1216 1297 1296
3 1217 1218 1298
3 1217 1298 1297
3 1218 1219 1299
3 1218 1299 1298
3 1219 1220 1300
3 1219 1300 1299
3 1220 1221 1301
3 1220 1301 1300
3 1221 1222 1302
3 1221 1302 1301
3 1222 1223 1303
3 1222 1303 1302
3 1223 1224 1304
3 1223 1304 1303
3 1224 1225 1305
3 1224 1305 1304
3 1225 1226 1306
3 1225 1306 1305
3 1226 1227 1307
3 1226 1307 1306
3 1227 1228 1308
3 1227 1308 1307
3 1228 1229 1309
3 1228 1309 1308
3 1229 1230 1310
3 1229 1310 1309
3 1230 1231 1311
3 1230 1311 1310
3 1231 1232 1312
3 1231 1312 1311
3 1232 1233 1313
3 1232 1313 1312
3 1233 1234 1314
3 1233 1314 1313
3 1234 1235 1315
3 1234 1315 1314
3 1235 1236 1316
3 1235 1316 1315
3 1236 1237 1317
3 1236 1317 1316
3 1237 1238 1318
3 1237 1318 1317
3 1238 1239 1319
3 1238 1319 1318
3 1239 1240 1320
3 1239 1320 1319
3 1240 1241 1321
3 1240 1321 1320
3 1241 1242 1322
3 1241 1322 1321
3 1242 1243 1323
3 1242 1323 1322
3 1243 1244 1324
3 1243 1324 1323
3 1244 1245 1325
3 1244 1325 1324
3 1245 1246 1326
3 1245 1326 1325
3 1246 1247 1327
3 1246 1327 1326
3 1247 1248 1328
3 1247 1328 1327
3 1248 1249 1329
3 1248 1329 1328
3 1249 1250 1330
3 1249 1330 1329
3 1250 1251 1331
3 1250 1331 1330
3 1251 1252 1332
3 1251 1332 1331
3 1252 1253 1333
3 1252 1333 1332
3 1253 1254 1334
3 1253 1334 1333
3 1254 1255 1335
3 1254 1335 1334
3 1255 1256 1336
3 1255 1336 1335
3 1256 1257 1337
3 1256 1337 1336
3 1257 1258 1338
3 1257 1338 1337
3 1258 1259 1339
3 1258 1339 1338
3 1259 1260 1340
3 1259 1340 1339
3 1260 1261 1341
3 1260 1341 1340
3 1261 1262 1342
3 1261 1342 1341
3 1262 1263 1343
3 1262 1343 1342
3 1263 1264 1344
3 1263 1344 1343
3 1264 1265 1345
3 1264 1345 1344
3 1265 1266 1346
3 1265 1346 1345
3 1266 1267 1347
3 1266 1347 1346
3 1267 1268 1348
3 1267 1348 1347
3 1268 1269 1349
3 1268 1349 1348
3 1269 1270 1350
3 1269 1350 1349
3 1270 1271 1351
3 1270 1351 1350
3 1271 1272 1352
3 1271 1352 1351
3 1272 1273 1353
3 1272 1353 1352
3 1273 1274 1354
3 1273 1354 1353
3 1274 1275 1355
3 1274 1355 1354
3 1275 1276 1356
3 1275 1356 1355
3 1276 1277 1357
3 1276 1357 1356
3 1277 1278 1358
3 1277 1358 1357
3 1278 1279 1359
3 1278 1359 1358
3 1279 1200 1280
3 1279 1280 1359
3 1280 1281 1361
3 1280 1361 1360
3 1281 1282 1362
3 1281 1362 1361
3 1282 1283 1363
3 1282 1363 1362
3 1283 1284 1364
3 1283 1364 1363
3 1284 1285 1365
3 1284 1365 1364
3 1285 1286 1366
3 1285 1366 1365
3 1286 1287 1367
3 1286 1367 1366
3 1287 1288 1368
3 1287 1368 1367
3 1288 1289 1369
3 1288 1369 1368
3 1289 1290 1370
3 1289 1370 1369
3 1290 1291 1371
3 1290 1371 1370
3 1291 1292 1372
3 1291 1372 1371
3 1292 1293 1373
3 1292 1373 1372
3 1293 1294 1374
3 1293 1374 1373
3 1294 1295 1375
3 1294 1375 1374
3 1295 1296 1376
3 1295 1376 1375
3 1296 1297 1377
3 1296 1377 1376
3 1297 1298 1378
3 1297 1378 1377
3 1298 1299 1379
3 1298 1379 1378
3 1299 1300 1380
3 1299 1380 1379
3 1300 1301 1381
3 1300 1381 1380
3 1301 1302 1382
3 1301 1382 1381
3 1302 1303 1383
3 1302 1383 1382
3 1303 1304 1384
3 1303 1384 1383
3 1304 1305 1385
3 1304 1385 1384
3 1305 1306 1386
3 1305 1386 1385
3 1306 1307 1387
3 1306 1387 1386
3 1307 1308 1388
3 1307 1388 1387
3 1308 1309 1389
3 1308 1389 1388
3 1309 1310 1390
3 1309 1390 1389
3 1310 1311 1391
3 1310 1391 1390
3 1311 1312 1392
3 1311 1392 1391
3 1312 1313 1393
3 1312 1393 1392
3 1313 1314 1394
3 1313 1394 1393
3 1314 1315 1395
3 1314 1395 1394
3 1315 1316 1396
3 1315 1396 1395
3 1316 1317 1397
3 1316 1397 1396
3 1317 1318 1398
3 1317 1398 1397
3 1318 1319 1399
3 1318 1399 1398
3 1319 1320 1400
3 1319 1400 1399
3 1320 1321 1401
3 1320 1401 1400
3 1321 1322 1402
3 1321 1402 1401
3 1322 1323 1403
3 1322 1403 1402
3 1323 1324 1404
3 1323 1404 1403
3 1324 1325 1405
3 1324 1405 1404
3 1325 1326 1406
3 1325 1406 1405
3 1326 1327 1407
3 1326 1407 1406
3 1327 1328 1408
3 1327 1408 1407
3 1328 1329 1409
3 1328 1409 1408
3 1329 1330 1410
3 1329 1410 1409
3 1330 1331 1411
3 1330 1411 1410
3 1331 1332 1412
3 1331 1412 1411
3 1332 1333 1413
3 1332 1413 1412
3 1333 1334 1414
3 1333 1414 1413
3 1334 1335 1415
3 1334 1415 1414
3 1335 1336 1416
3 1335 1416 1415
3 1336 1337 1417
3 1336 1417 1416
3 1337 1338 1418
3 1337 1418 1417
3 1338 1339 1419
3 1338 1419 1418
3 1339 1340 1420
3 1339 1420 1419
3 1340 1341 1421
3 1340 1421 1420
3 1341 1342 1422
3 1341 1422 1421
3 1342 1343 1423
3 1342 1423 1422
3 1343 1344 1424
3 1343 1424 1423
3 1344 1345 1425
3 1344 1425 1424
3 1345 1346 1426
3 1345 1426 1425
3 1346 1347 1427
3 1346 1427 1426
3 1347 1348 1428
3 1347 1428 1427
3 1348 1349 1429
3 1348 1429 1428
3 1349 1350 1430
3 1349 1430 1429
3 1350 1351 1431
3 1350 1431 1430
3 1351 1352 1432
3 1351 1432 1431
3 1352 1353 1433
3 1352 1433 1432
3 1353 1354 1434
3 1353 1434 1433
3 1354 1355 1435
3 1354 1435 1434
3 1355 1356 1436
3 1355 1436 1435
3 1356 1357 1437
3 1356 1437 1436
3 1357 1358 1438
3 1357 1438 1437
3 1358 1359 1439
3 1358 1439 1438
3 1359 1280 1360
3 1359 1360 1439
3 1360 1361 1441
3 1360 1441 1440
3 1361 1362 1442
3 1361 1442 1441
3 1362 1363 1443
3 1362 1443 1442
3 1363 1364 1444
3 1363 1444 1443
3 1364 1365 1445
3 1364 1445 1444
3 1365 1366 1446
3 1365 1446 1445
3 1366 1367 1447
3 1366 1447 1446
3 1367 1368 1448
3 1367 1448 1447
3 1368 1369 1449
3 1368 1449 1448
3 1369 1370 1450
3 1369 1450 1449
3 1370 1371 1451
3 1370 1451 1450
3 1371 1372 1452
3 1371 1452 1451
3 1372 1373 1453
3 1372 1453 1452
3 1373 1374 1454
3 1373 1454 1453
3 1374 1375 1455
3 1374 1455 1454
3 1375 1376 1456
3 1375 1456 1455
3 1376 1377 1457
3 1376 1457 1456
3 1377 1378 1458
3 1377 1458 1457
3 1378 1379 1459
3 1378 1459 1458
3 1379 1380 1460
3 1379 1460 1459
3 1380 1381 1461
3 1380 1461 1460
3 1381 1382 1462
3 1381 1462 1461
3 1382 1383 1463
3 1382 1463 1462
3 1383 1384 1464
3 1383 1464 1463
3 1384 1385 1465
3 1384 1465 1464
3 1385 1386 1466
3 1385 1466 1465
3 1386 1387 1467
3 1386 1467 1466
3 1387 1388 1468
3 1387 1468 1467
3 1388 1389 1469
3 1388 1469 1468
3 1389 1390 1470
3 1389 1470 1469
3 1390 1391 1471
3 1390 1471 1470
3 1391 1392 1472
3 1391 1472 1471
3 1392 1393 1473
3 1392 1473 1472
3 1393 1394 1474
3 1393 1474 1473
3 1394 1395 1475
3 1394 1475 1474
3 1395 1396 1476
3 1395 1476 1475
3 1396 1397 1477
3 1396 1477 1476
3 1397 1398 1478
3 1397 1478 1477
3 1398 1399 1479
3 1398 1479 1478
3 1399 1400 1480
3 1399 1480 1479
3 1400 1401 1481
3 1400 1481 1480
3 1401 1402 1482
3 1401 1482 1481
3 1402 1403 1483
3 1402 1483 1482
3 1403 1404 1484
3 1403 1484 1483
3 1404 1405 1485
3 1404 1485 1484
3 1405 1406 1486
3 1405 1486 1485
3 1406 1407 1487
3 1406 1487 1486
3 1407 1408 1488
3 1407 1488 1487
3 1408 1409 1489
3 1408 1489 1488
3 1409 1410 1490
3 1409 1490 1489
3 1410 1411 1491
3 1410 1491 1490
3 1411 1412 1492
3 1411 1492 1491
3 1412 1413 1493
3 1412 1493 1492
3 1413 1414 1494
3 1413 1494 1493
3 1414 1415 1495
3 1414 1495 1494
3 1415 1416 1496
3 1415 1496 1495
3 1416 1417 1497
3 1416 1497 1496
3 1417 1418 1498
3 1417 1498 1497
3 1418 1419 1499
3 1418 1499 1498
3 1419 1420 1500
3 1419 1500 1499
3 1420 1421 1501
3 1420 1501 1500
3 1421 1422 1502
3 1421 1502 1501
3 1422 1423 1503
3 1422 1503 1502
3 1423 1424 1504
3 1423 1504 1503
3 1424 1425 1505
3 1424 1505 1504
3 1425 1426 1506
3 1425 1506 1505
3 1426 1427 1507
3 1426 1507 1506
3 1427 1428 1508
3 1427 1508 1507
3 1428 1429 1509
3 1428 1509 1508
3 1429 1430 1510
3 1429 1510 1509
3 1430 1431 1511
3 1430 1511 1510
3 1431 1432 1512
3 1431 1512 1511
3 1432 1433 1513
3 1432 1513 1512
3 1433 1434 1514
3 1433 1514 1513
3 1434 1435 1515
3 1434 1515 1514
3 1435 1436 1516
3 1435 1516 1515
3 1436 1437 1517
3 1436 1517 1516
3 1437 1438 1518
3 1437 1518 1517
3 1438 1439 1519
3 1438 1519 1518
3 1439 1360 1440
3 1439 1440 1519
3 1440 1441 1521
3 1440 1521 1520
3 1441 1442 1522
3 1441 1522 1521
3 1442 1443 1523
3 1442 1523 1522
3 1443 1444 1524
3 1443 1524 1523
3 1444 1445 1525
3 1444 1525 1524
3 1445 1446 1526
3 1445 1526 1525
3 1446 1447 1527
3 1446 1527 1526
3 1447 1448 1528
3 1447 1528 1527
3 1448 1449 1529
3 1448 1529 1528
3 1449 1450 1530
3 1449 1530 1529
3 1450 1451 1531
3 1450 1531 1530
3 1451 1452 1532
3 1451 1532 1531
3 1452 1453 1533
3 1452 1533 1532
3 1453 1454 1534
3 1453 1534 1533
3 1454 1455 1535
3 1454 1535 1534
3 1455 1456 1536
3 1455 1536 1535
3 1456 1457 1537
3 1456 1537 1536
3 1457 1458 1538
3 1457 1538 1537
3 1458 1459 1539
3 1458 1539 1538
3 1459 1460 1540
3 1459 1540 1539
3 1460 1461 1541
3 1460 1541 1540
3 1461 1462 1542
3 1461 1542 1541
3 1462 1463 1543
3 1462 1543 1542
3 1463 1464 1544
3 1463 1544 1543
3 1464 1465 1545
3 1464 1545 1544
3 1465 1466 1546
3 1465 1546 1545
3 1466 1467 1547
3 1466 1547 1546
3 1467 1468 1548
3 1467 1548 1547
3 1468 1469 1549
3 1468 1549 1548
3 1469 1470 1550
3 1469 1550 1549
3 1470 1471 1551
3 1470 1551 1550
3 1471 1472 1552
3 1471 1552 1551
3 1472 1473 1553
3 1472 1553 1552
3 1473 1474 1554
3 1473 1554 1553
3 1474 1475 1555
3 1474 1555 1554
3 1475 1476 1556
3 1475 1556 1555
3 1476 1477 1557
3 1476 1557 1556
3 1477 1478 1558
3 1477 1558 1557
3 1478 1479 1559
3 1478 1559 1558
3 1479 1480 1560
3 1479 1560 1559
3 1480 1481 1561
3 1480 1561 1560
3 1481 1482 1562
3 1481 1562 1561
3 1482 1483 1563
3 1482 1563 1562
3 1483 1484 1564
3 1483 1564 1563
3 1484 1485 1565
3 1484 1565 1564
3 1485 1486 1566
3 1485 1566 1565
3 1486 1487 1567
3 1486 1567 1566
3 1487 1488 1568
3 1487 1568 1567
3 1488 1489 1569
3 1488 1569 1568
3 1489 1490 1570
3 1489 1570 1569
3 1490 1491 1571
3 1490 1571 1570
3 1491 1492 1572
3 1491 1572 1571
3 1492 1493 1573
3 1492 1573 1572
3 1493 1494 1574
3 1493 1574 1573
3 1494 1495 1575
3 1494 1575 1574
3 1495 1496 1576
3 1495 1576 1575
3 1496 1497 1577
3 1496 1577 1576
3 1497 1498 1578
3 1497 1578 1577
3 1498 1499 1579
3 1498 1579 1578
3 1499 1500 1580
3 1499 1580 1579
3 1500 1501 1581
3 1500 1581 1580
3 1501 1502 1582
3 1501 1582 1581
3 1502 1503 1583
3 1502 1583 1582
3 1503 1504 1584
3 1503 1584 1583
3 1504 1505 1585
3 1504 1585 1584
3 1505 1506 1586
3 1505 1586 1585
3 1506 1507 1587
3 1506 1587 1586
3 1507 1508 1588
3 1507 1588 1587
3 1508 1509 1589
3 1508 1589 1588
3 1509 1510 1590
3 1509 1590 1589
3 1510 1511 1591
3 1510 1591 1590
3 1511 1512 1592
3 1511 1592 1591
3 1512 1513 1593
3 1512 1593 1592
3 1513 1514 1594
3 1513 1594 1593
3 1514 1515 1595
3 1514 1595 1594
3 1515 1516 1596
3 1515 1596 1595
3 1516 1517 1597
3 1516 1597 1596
3 1517 1518 1598
3 1517 1598 1597
3 1518 1519 1599
3 1518 1599 1598
3 1519 1440 1520
3 1519 1520 1599
3 1520 1521 1601
3 1520 1601 1600
3 1521 1522 1602
3 1521 1602 1601
3 1522 1523 1603
3 1522 1603 1602
3 1523 1524 1604
3 1523 1604 1603
3 1524 1525 1605
3 1524 1605 1604
3 1525 1526 1606
3 1525 1606 1605
3 1526 1527 1607
3 1526 1607 1606
3 1527 1528 1608
3 1527 1608 1607
3 1528 1529 1609
3 1528 1609 1608
3 1529 1530 1610
3 1529 1610 1609
3 1530 1531 1611
3 1530 1611 1610
3 1531 1532 1612
3 1531 1612 1611
3 1532 1533 1613
3 1532 1613 1612
3 1533 1534 1614
3 1533 1614 1613
3 1534 1535 1615
3 1534 1615 1614
3 1535 1536 1616
3 1535 1616 1615
3 1536 1537 1617
3 1536 1617 1616
3 1537 1538 1618
3 1537 1618 1617
3 1538 1539 1619
3 1538 1619 1618
3 1539 1540 1620
3 1539 1620 1619
3 1540 1541 1621
3 1540 1621 1620
3 1541 1542 1622
3 1541 1622 1621
3 1542 1543 1623
3 1542 1623 1622
3 1543 1544 1624
3 1543 1624 1623
3 1544 1545 1625
3 1544 1625 1624
3 1545 1546 1626
3 1545 1626 1625
3 1546 1547 1627
3 1546 1627 1626
3 1547 1548 1628
3 1547 1628 1627
3 1548 1549 1629
3 1548 1629 1628
3 1549 1550 1630
3 1549 1630 1629
3 1550 1551 1631
3 1550 1631 1630
3 1551 1552 1632
3 1551 1632 1631
3 1552 1553 1633
3 1552 1633 1632
3 1553 1554 1634
3 1553 1634 1633
3 1554 1555 1635
3 1554 1635 1634
3 1555 1556 1636
3 1555 1636 1635
3 1556 1557 1637
3 1556 1637 1636
3 1557 1558 1638
3 1557 1638 1637
3 1558 1559 1639
3 1558 1639 1638
3 1559 1560 1640
3 1559 1640 1639
3 1560 1561 1641
3 1560 1641 1640
3 1561 1562 1642
3 1561 1642 1641
3 1562 1563 1643
3 1562 1643 1642
3 1563 1564 1644
3 1563 1644 1643
3 1564 1565 1645
3 1564 1645 1644
3 1565 1566 1646
3 1565 1646 1645
3 1566 1567 1647
3 1566 1647 1646
3 1567 1568 1648
3 1567 1648 1647
3 1568 1569 1649
3 1568 1649 1648
3 1569 1570 1650
3 1569 1650 1649
3 1570 1571 1651
3 1570 1651 1650
3 1571 1572 1652
3 1571 1652 1651
3 1572 1573 1653
3 1572 1653 1652
3 1573 1574 1654
3 1573 1654 1653
3 1574 1575 1655
3 1574 1655 1654
3 1575 1576 1656
3 1575 1656 1655
3 1576 1577 1657
3 1576 1657 1656
3 1577 1578 1658
3 1577 1658 1657
3 1578 1579 1659
3 1578 1659 1658
3 1579 1580 1660
3 1579 1660 1659
3 1580 1581 1661
3 1580 1661 1660
3 1581 1582 1662
3 1581 1662 1661
3 1582 1583 1663
3 1582 1663 1662
3 1583 1584 1664
3 1583 1664 1663
3 1584 1585 1665
3 1584 1665 1664
3 1585 1586 1666
3 1585 1666 1665
3 1586 1587 1667
3 1586 1667 1666
3 1587 1588 1668
3 1587 1668 1667
3 1588 1589 1669
3 1588 1669 1668
3 1589 1590 1670
3 1589 1670 1669
3 1590 1591 1671
3 1590 1671 1670
3 1591 1592 1672
3 1591 1672 1671
3 1592 1593 1673
3 1592 1673 1672
3 1593 1594 1674
3 1593 1674 1673
3 1594 1595 1675
3 1594 1675 1674
3 1595 1596 1676
3 1595 1676 1675
3 1596 1597 1677
3 1596 1677 1676
3 1597 1598 1678
3 1597 1678 1677
3 1598 1599 1679
3 1598 1679 1678
3 1599 1520 1600
3 1599 1600 1679
3 1600 1601 1681
3 1600 1681 1680
3 1601 1602 1682
3 1601 1682 1681
3 1602 1603 1683
3 1602 1683 1682
3 1603 1604 1684
3 1603 1684 1683
3 1604 1605 1685
3 1604 1685 1684
3 1605 1606 1686
3 1605 1686 1685
3 1606 1607 1687
3 1606 1687 1686
3 1607 1608 1688
3 1607 1688 1687
3 1608 1609 1689
3 1608 1689 1688
3 1609 1610 1690
3 1609 1690 1689
3 1610 1611 1691
3 1610 1691 1690
3 1611 1612 1692
3 1611 1692 1691
3 1612 1613 1693
3 1612 1693 1692
3 1613 1614 1694
3 1613 1694 1693
3 1614 1615 1695
3 1614 1695 1694
3 1615 1616 1696
3 1615 1696 1695
3 1616 1617 1697
3 1616 1697 1696
3 1617 1618 1698
3 1617 1698 1697
3 1618 1619 1699
3 1618 1699 1698
3 1619 1620 1700
3 1619 1700 1699
3 1620 1621 1701
3 1620 1701 1700
3 1621 1622 1702
3 1621 1702 1701
3 1622 1623 1703
3 1622 1703 1702
3 1623 1624 1704
3 1623 1704 1703
3 1624 1625 1705
3 1624 1705 1704
3 1625 1626 1706
3 1625 1706 1705
3 1626 1627 1707
3 1626 1707 1706
3 1627 1628 1708
3 1627 1708 1707
3 1628 1629 1709
3 1628 1709 1708
3 1629 1630 1710
3 1629 1710 1709
3 1630 1631 1711
3 1630 1711 1710
3 1631 1632 1712
3 1631 1712 1711
3 1632 1633 1713
3 1632 1713 1712
3 1633 1634 1714
3 1633 1714 1713
3 1634 1635 1715
3 1634 1715 1714
3 1635 1636 1716
3 1635 1716 1715
3 1636 1637 1717
3 1636 1717 1716
3 1637 1638 1718
3 1637 1718 1717
3 1638 1639 1719
3 1638 1719 1718
3 1639 1640 1720
3 1639 1720 1719
3 1640 1641 1721
3 1640 1721 1720
3 1641 1642 1722
3 1641 1722 1721
3 1642 1643 1723
3 1642 1723 1722
3 1643 1644 1724
3 1643 1724 1723
3 1644 1645 1725
3 1644 1725 1724
3 1645 1646 1726
3 1645 1726 1725
3 1646 1647 1727
3 1646 1727 1726
3 1647 1648 1728
3 1647 1728 1727
3 1648 1649 1729
3 1648 1729 1728
3 1649 1650 1730
3 1649 1730 1729
3 1650 1651 1731
3 1650 1731 1730
3 1651 1652 1732
3 1651 1732 1731
3 1652 1653 1733
3 1652 1733 1732
3 1653 1654 1734
3 1653 1734 1733
3 1654 1655 1735
3 1654 1735 1734
3 1655 1656 1736
3 1655 1736 1735
3 1656 1657 1737
3 1656 1737 1736
3 1657 1658 1738
3 1657 1738 1737
3 1658 1659 1739
3 1658 1739 1738
3 1659 1660 1740
3 1659 1740 1739
3 1660 1661 1741
3 1660 1741 1740
3 1661 1662 1742
3 1661 1742 1741
3 1662 1663 1743
3 1662 1743 1742
3 1663 1664 1744
3 1663 1744 1743
3 1664 1665 1745
3 1664 1745 1744
3 1665 1666 1746
3 1665 1746 1745
3 1666 1667 1747
3 1666 1747 1746
3 1667 1668 1748
3 1667 1748 1747
3 1668 1669 1749
3 1668 1749 1748
3 1669 1670 1750
3 1669 1750 1749
3 1670 1671 1751
3 1670 1751 1750
3 1671 1672 1752
3 1671 1752 1751
3 1672 1673 1753
3 1672 1753 1752
3 1673 1674 1754
3 1673 1754 1753
3 1674 1675 1755
3 1674 1755 1754
3 1675 1676 1756
3 1675 1756 1755
3 1676 1677 1757
3 1676 1757 1756
3 1677 1678 1758
3 1677 1758 1757
3 1678 1679 1759
3 1678 1759 1758
3 1679 1600 1680
3 1679 1680 1759
3 1680 1681 1761
3 1680 1761 1760
3 1681 1682 1762
3 1681 1762 1761
3 1682 1683 1763
3 1682 1763 1762
3 1683 1684 1764
3 1683 1764 1763
3 1684 1685 1765
3 1684 1765 1764
3 1685 1686 1766
3 1685 1766 1765
3 1686 1687 1767
3 1686 1767 1766
3 1687 1688 1768
3 1687 1768 1767
3 1688 1689 1769
3 1688 1769 1768
3 1689 1690 1770
3 1689 1770 1769
3 1690 1691 1771
3 1690 1771 1770
3 1691 1692 1772
3 1691 1772 1771
3 1692 1693 1773
3 1692 1773 1772
3 1693 1694 1774
3 1693 1774 1773
3 1694 1695 1775
3 1694 1775 1774
3 1695 1696 1776
3 1695 1776 1775
3 1696 1697 1777
3 1696 1777 1776
3 1697 1698 1778
3 1697 1778 1777
3 1698 1699 1779
3 1698 1779 1778
3 1699 1700 1780
3 1699 1780 1779
3 1700 1701 1781
3 1700 1781 1780
3 1701 1702 1782
3 1701 1782 1781
3 1702 1703 1783
3 1702 1783 1782
3 1703 1704 1784
3 1703 1784 1783
3 1704 1705 1785
3 1704 1785 1784
3 1705 1706 1786
3 1705 1786 1785
3 1706 1707 1787
3 1706 1787 1786
3 1707 1708 1788
3 1707 1788 1787
3 1708 1709 1789
3 1708 1789 1788
3 1709 1710 1790
3 1709 1790 1789
3 1710 1711 1791
3 1710 1791 1790
3 1711 1712 1792
3 1711 1792 1791
3 1712 1713 1793
3 1712 1793 1792
3 1713 1714 1794
3 1713 1794 1793
3 1714 1715 1795
3 1714 1795 1794
3 1715 1716 1796
3 1715 1796 1795
3 1716 1717 1797
3 1716 1797 1796
3 1717 1718 1798
3 1717 1798 1797
3 1718 1719 1799
3 1718 1799 1798
3 1719 1720 1800
3 1719 1800 1799
3 1720 1721 1801
3 1720 1801 1800
3 1721 1722 1802
3 1721 1802 1801
3 1722 1723 1803
3 1722 1803 1802
3 1723 1724 1804
3 1723 1804 1803
3 1724 1725 1805
3 1724 1805 1804
3 1725 1726 1806
3 1725 1806 1805
3 1726 1727 1807
3 1726 1807 1806
3 1727 1728 1808
3 1727 1808 1807
3 1728 1729 1809
3 1728 1809 1808
3 1729 1730 1810
3 1729 1810 1809
3 1730 1731 1811
3 1730 1811 1810
3 1731 1732 1812
3 1731 1812 1811
3 1732 1733 1813
3 1732 1813 1812
3 1733 1734 1814
3 1733 1814 1813
3 1734 1735 1815
3 1734 1815 1814
3 1735 1736 1816
3 1735 1816 1815
3 1736 1737 1817
3 1736 1817 1816
3 1737 1738 1818
3 1737 1818 1817
3 1738 1739 1819
3 1738 1819 1818
3 1739 1740 1820
3 1739 1820 1819
3 1740 1741 1821
3 1740 1821 1820
3 1741 1742 1822
3 1741 1822 1821
3 1742 1743 1823
3 1742 1823 1822
3 1743 1744 1824
3 1743 1824 1823
3 1744 1745 1825
3 1744 1825 1824
3 1745 1746 1826
3 1745 1826 1825
3 1746 1747 1827
3 1746 1827 1826
3 1747 1748 1828
3 1747 1828 1827
3 1748 1749 1829
3 1748 1829 1828
3 1749 1750 1830
3 1749 1830 1829
3 1750 1751 1831
3 1750 1831 1830
3 1751 1752 1832
3 1751 1832 1831
3 1752 1753 1833
3 1752 1833 1832
3 1753 1754 1834
3 1753 1834 1833
3 1754 1755 1835
3 1754 1835 1834
3 1755 1756 1836
3 1755 1836 1835
3 1756 1757 1837
3 1756 1837 1836
3 1757 1758 1838
3 1757 1838 1837
3 1758 1759 1839
3 1758 1839 1838
3 1759 1680 1760
3 1759 1760 1839
3 1760 1761 1841
3 1760 1841 1840
3 1761 1762 1842
3 1761 1842 1841
3 1762 1763 1843
3 1762 1843 1842
3 1763 1764 1844
3 1763 1844 1843
3 1764 1765 1845
3 1764 1845 1844
3 1765 1766 1846
3 1765 1846 1845
3 1766 1767 1847
3 1766 1847 1846
3 1767 1768 1848
3 1767 1848 1847
3 1768 1769 1849
3 1768 1849 1848
3 1769 1770 1850
3 1769 1850 1849
3 1770 1771 1851
3 1770 1851 1850
3 1771 1772 1852
3 1771 1852 1851
3 1772 1773 1853
3 1772 1853 1852
3 1773 1774 1854
3 1773 1854 1853
3 1774 1775 1855
3 1774 1855 1854
3 1775 1776 1856
3 1775 1856 1855
3 1776 1777 1857
3 1776 1857 1856
3 1777 1778 1858
3 1777 1858 1857
3 1778 1779 1859
3 1778 1859 1858
3 1779 1780 1860
3 1779 1860 1859
3 1780 1781 1861
3 1780 1861 1860
3 1781 1782 1862
3 1781 1862 1861
3 1782 1783 1863
3 1782 1863 1862
3 1783 1784 1864
3 1783 1864 1863
3 1784 1785 1865
3 1784 1865 1864
3 1785 1786 1866
3 1785 1866 1865
3 1786 1787 1867
3 1786 1867 1866
3 1787 1788 1868
3 1787 1868 1867
3 1788 1789 1869
3 1788 1869 1868
3 1789 1790 1870
3 1789 1870 1869
3 1790 1791 1871
3 1790 1871 1870
3 1791 1792 1872
3 1791 1872 1871
3 1792 1793 1873
3 1792 1873 1872
3 1793 1794 1874
3 1793 1874 1873
3 1794 1795 1875
3 1794 1875 1874
3 1795 1796 1876
3 1795 1876 1875
3 1796 1797 1877
3 1796 1877 1876
3 1797 1798 1878
3 1797 1878 1877
3 1798 1799 1879
3 1798 1879 1878
3 1799 1800 1880
3 1799 1880 1879
3 1800 1801 1881
3 1800 1881 1880
3 1801 1802 1882
3 1801 1882 1881
3 1802 1803 1883
3 1802 1883 1882
3 1803 1804 1884
3 1803 1884 1883
3 1804 1805 1885
3 1804 1885 1884
3 1805 1806 1886
3 1805 1886 1885
3 1806 1807 1887
3 1806 1887 1886
3 1807 1808 1888
3 1807 1888 1887
3 1808 1809 1889
3 1808 1889 1888
3 1809 1810 1890
3 1809 1890 1889
3 1810 1811 1891
3 1810 1891 1890
3 1811 1812 1892
3 1811 1892 1891
3 1812 1813 1893
3 1812 1893 1892
3 1813 1814 1894
3 1813 1894 1893
3 1814 1815 1895
3 1814 1895 1894
3 1815 1816 1896
3 1815 1896 1895
3 1816 1817 1897
3 1816 1897 1896
3 1817 1818 1898
3 1817 1898 1897
3 1818 1819 1899
3 1818 1899 1898
3 1819 1820 1900
3 1819 1900 1899
3 1820 1821 1901
3 1820 1901 1900
3 1821 1822 1902
3 1821 1902 1901
3 1822 1823 1903
3 1822 1903 1902
3 1823 1824 1904
3 1823 1904 1903
3 1824 1825 1905
3 1824 1905 1904
3 1825 1826 1906
3 1825 1906 1905
3 1826 1827 1907
3 1826 1907 1906
3 1827 1828 1908
3 1827 1908 1907
3 1828 1829 1909
3 1828 1909 1908
3 1829 1830 1910
3 1829 1910 1909
3 1830 1831 1911
3 1830 1911 1910
3 1831 1832 1912
3 1831 1912 1911
3 1832 1833 1913
3 1832 1913 1912
3 1833 1834 1914
3 1833 1914 1913
3 1834 1835 1915
3 1834 1915 1914
3 1835 1836 1916
3 1835 1916 1915
3 1836 1837 1917
3 1836 1917 1916
3 1837 1838 1918
3 1837 1918 1917
3 1838 1839 1919
3 1838 1919 1918
3 1839 1760 1840
3 1839 1840 1919
3 1840 1841 1921
3 1840 1921 1920
3 1841 1842 1922
3 1841 1922 1921
3 1842 1843 1923
3 1842 1923 1922
3 1843 1844 1924
3 1843 1924 1923
3 1844 1845 1925
3 1844 1925 1924
3 1845 1846 1926
3 1845 1926 1925
3 1846 1847 1927
3 1846 1927 1926
3 1847 1848 1928
3 1847 1928 1927
3 1848 1849 1929
3 1848 1929 1928
3 1849 1850 1930
3 1849 1930 1929
3 1850 1851 1931
3 1850 1931 1930
3 1851 1852 1932
3 1851 1932 1931
3 1852 1853 1933
3 1852 1933 1932
3 1853 1854 1934
3 1853 1934 1933
3 1854 1855 1935
3 1854 1935 1934
3 1855 1856 1936
3 1855 1936 1935
3 1856 1857 1937
3 1856 1937 1936
3 1857 1858 1938
3 1857 1938 1937
3 1858 1859 1939
3 1858 1939 1938
3 1859 1860 1940
3 1859 1940 1939
3 1860 1861 1941
3 1860 1941 1940
3 1861 1862 1942
3 1861 1942 1941
3 1862 1863 1943
3 1862 1943 1942
3 1863 1864 1944
3 1863 1944 1943
3 1864 1865 1945
3 1864 1945 1944
3 1865 1866 1946
3 1865 1946 1945
3 1866 1867 1947
3 1866 1947 1946
3 1867 1868 1948
3 1867 1948 1947
3 1868 1869 1949
3 1868 1949 1948
3 1869 1870 1950
3 1869 1950 1949
3 1870 1871 1951
3 1870 1951 1950
3 1871 1872 1952
3 1871 1952 1951
3 1872 1873 1953
3 1872 1953 1952
3 1873 1874 1954
3 1873 1954 1953
3 1874 1875 1955
3 1874 1955 1954
3 1875 1876 1956
3 1875 1956 1955
3 1876 1877 1957
3 1876 1957 1956
3 1877 1878 1958
3 1877 1958 1957
3 1878 1879 1959
3 1878 1959 1958
3 1879 1880 1960
3 1879 1960 1959
3 1880 1881 1961
3 1880 1961 1960
3 1881 1882 1962
3 1881 1962 1961
3 1882 1883 1963
3 1882 1963 1962
3 1883 1884 1964
3 1883 1964 1963
3 1884 1885 1965
3 1884 1965 1964
3 1885 1886 1966
3 1885 1966 1965
3 1886 1887 1967
3 1886 1967 1966
3 1887 1888 1968
3 1887 1968 1967
3 1888 1889 1969
3 1888 1969 1968
3 1889 1890 1970
3 1889 1970 1969
3 1890 1891 1971
3 1890 1971 1970
3 1891 1892 1972
3 1891 1972 1971
3 1892 1893 1973
3 1892 1973 1972
3 1893 1894 1974
3 1893 1974 1973
3 1894 1895 1975
3 1894 1975 1974
3 1895 1896 1976
3 1895 1976 1975
3 1896 1897 1977
3 1896 1977 1976
3 1897 1898 1978
3 1897 1978 1977
3 1898 1899 1979
3 1898 1979 1978
3 1899 1900 1980
3 1899 1980 1979
3 1900 1901 1981
3 1900 1981 1980
3 1901 1902 1982
3 1901 1982 1981
3 1902 1903 1983
3 1902 1983 1982
3 1903 1904 1984
3 1903 1984 1983
3 1904 1905 1985
3 1904 1985 1984
3 1905 1906 1986
3 1905 1986 1985
3 1906 1907 1987
3 1906 1987 1986
3 1907 1908 1988
3 1907 1988 1987
3 1908 1909 1989
3 1908 1989 1988
3 1909 1910 1990
3 1909 1990 1989
3 1910 1911 1991
3 1910 1991 1990
3 1911 1912 1992
3 1911 1992 1991
3 1912 1913 1993
3 1912 1993 1992
3 1913 1914 1994
3 1913 1994 1993
3 1914 1915 1995
3 1914 1995 1994
3 1915 1916 1996
3 1915 1996 1995
3 1916 1917 1997
3 1916 1997 1996
3 1917 1918 1998
3 1917 1998 1997
3 1918 1919 1999
3 1918 1999 1998
3 1919 1840 1920
3 1919 1920 1999
3 1920 1921 2001
3 1920 2001 2000
3 1921 1922 2002
3 1921 2002 2001
3 1922 1923 2003
3 1922 2003 2002
3 1923 1924 2004
3 1923 2004 2003
3 1924 1925 2005
3 1924 2005 2004
3 1925 1926 2006
3 1925 2006 2005
3 1926 1927 2007
3 1926 2007 2006
3 1927 1928 2008
3 1927 2008 2007
3 1928 1929 2009
3 1928 2009 2008
3 1929 1930 2010
3 1929 2010 2009
3 1930 1931 2011
3 1930 2011 2010
3 1931 1932 2012
3 1931 2012 2011
3 1932 1933 2013
3 1932 2013 2012
3 1933 1934 2014
3 1933 2014 2013
3 1934 1935 2015
3 1934 2015 2014
3 1935 1936 2016
3 1935 2016 2015
3 1936 1937 2017
3 1936 2017 2016
3 1937 1938 2018
3 1937 2018 2017
3 1938 1939 2019
3 1938 2019 2018
3 1939 1940 2020
3 1939 2020 2019
3 1940 1941 2021
3 1940 2021 2020
3 1941 1942 2022
3 1941 2022 2021
3 1942 1943 2023
3 1942 2023 2022
3 1943 1944 2024
3 1943 2024 2023
3 1944 1945 2025
3 1944 2025 2024
3 1945 1946 2026
3 1945 2026 2025
3 1946 1947 2027
3 1946 2027 2026
3 1947 1948 2028
3 1947 2028 2027
3 1948 1949 2029
3 1948 2029 2028
3 1949 1950 2030
3 1949 2030 2029
3 1950 1951 2031
3 1950 2031 2030
3 1951 1952 2032
3 1951 2032 2031
3 1952 1953 2033
3 1952 2033 2032
3 1953 1954 2034
3 1953 2034 2033
3 1954 1955 2035
3 1954 2035 2034
3 1955 1956 2036
3 1955 2036 2035
3 1956 1957 2037
3 1956 2037 2036
3 1957 1958 2038
3 1957 2038 2037
3 1958 1959 2039
3 1958 2039 2038
3 1959 1960 2040
3 1959 2040 2039
3 1960 1961 2041
3 1960 2041 2040
3 1961 1962 2042
3 1961 2042 2041
3 1962 1963 2043
3 1962 2043 2042
3 1963 1964 2044
3 1963 2044 2043
3 1964 1965 2045
3 1964 2045 2044
3 1965 1966 2046
3 1965 2046 2045
3 1966 1967 2047
3 1966 2047 2046
3 1967 1968 2048
3 1967 2048 2047
3 1968 1969 2049
3 1968 2049 2048
3 1969 1970 2050
3 1969 2050 2049
3 1970 1971 2051
3 1970 2051 2050
3 1971 1972 2052
3 1971 2052 2051
3 1972 1973 2053
3 1972 2053 2052
3 1973 1974 2054
3 1973 2054 2053
3 1974 1975 2055
3 1974 2055 2054
3 1975 1976 2056
3 1975 2056 2055
3 1976 1977 2057
3 1976 2057 2056
3 1977 1978 2058
3 1977 2058 2057
3 1978 1979 2059
3 1978 2059 2058
3 1979 1980 2060
3 1979 2060 2059
3 1980 1981 2061
3 1980 2061 2060
3 1981 1982 2062
3 1981 2062 2061
3 1982 1983 2063
3 1982 2063 2062
3 1983 1984 2064
3 1983 2064 2063
3 1984 1985 2065
3 1984 2065 2064
3 1985 1986 2066
3 1985 2066 2065
3 1986 1987 2067
3 1986 2067 2066
3 1987 1988 2068
3 1987 2068 2067
3 1988 1989 2069
3 1988 2069 2068
3 1989 1990 2070
3 1989 2070 2069
3 1990 1991 2071
3 1990 2071 2070
3 1991 1992 2072
3 1991 2072 2071
3 1992 1993 2073
3 1992 2073 2072
3 1993 1994 2074
3 1993 2074 2073
3 1994 1995 2075
3 1994 2075 2074
3 1995 1996 2076
3 1995 2076 2075
3 1996 1997 2077
3 1996 2077 2076
3 1997 1998 2078
3 1997 2078 2077
3 1998 1999 2079
3 1998 2079 2078
3 1999 1920 2000
3 1999 2000 2079
3 2000 2001 2081
3 2000 2081 2080
3 2001 2002 2082
3 2001 2082 2081
3 2002 2003 2083
3 2002 2083 2082
3 2003 2004 2084
3 2003 2084 2083
3 2004 2005 2085
3 2004 2085 2084
3 2005 2006 2086
3 2005 2086 2085
3 2006 2007 2087
3 2006 2087 2086
3 2007 2008 2088
3 2007 2088 2087
3 2008 2009 2089
3 2008 2089 2088
3 2009 2010 2090
3 2009 2090 2089
3 2010 2011 2091
3 2010 2091 2090
3 2011 2012 2092
3 2011 2092 2091
3 2012 2013 2093
3 2012 2093 2092
3 2013 2014 2094
3 2013 2094 2093
3 2014 2015 2095
3 2014 2095 2094
3 2015 2016 2096
3 2015 2096 2095
3 2016 2017 2097
3 2016 2097 2096
3 2017 2018 2098
3 2017 2098 2097
3 2018 2019 2099
3 2018 2099 2098
3 2019 2020 2100
3 2019 2100 2099
3 2020 2021 2101
3 2020 2101 2100
3 2021 2022 2102
3 2021 2102 2101
3 2022 2023 2103
3 2022 2103 2102
3 2023 2024 2104
3 2023 2104 2103
3 2024 2025 2105
3 2024 2105 2104
3 2025 2026 2106
3 2025 2106 2105
3 2026 2027 2107
3 2026 2107 2106
3 2027 2028 2108
3 2027 2108 2107
3 2028 2029 2109
3 2028 2109 2108
3 2029 2030 2110
3 2029 2110 2109
3 2030 2031 2111
3 2030 2111 2110
3 2031 2032 2112
3 2031 2112 2111
3 2032 2033 2113
3 2032 2113 2112
3 2033 2034 2114
3 2033 2114 2113
3 2034 2035 2115
3 2034 2115 2114
3 2035 2036 2116
3 2035 2116 2115
3 2036 2037 2117
3 2036 2117 2116
3 2037 2038 2118
3 2037 2118 2117
3 2038 2039 2119
3 2038 2119 2118
3 2039 2040 2120
3 2039 2120 2119
3 2040 2041 2121
3 2040 2121 2120
3 2041 2042 2122
3 2041 2122 2121
3 2042 2043 2123
3 2042 2123 2122
3 2043 2044 2124
3 2043 2124 2123
3 2044 2045 2125
3 2044 2125 2124
3 2045 2046 2126
3 2045 2126 2125
3 2046 2047 2127
3 2046 2127 2126
3 2047 2048 2128
3 2047 2128 2127
3 2048 2049 2129
3 2048 2129 2128
3 2049 2050 2130
3 2049 2130 2129
3 2050 2051 2131
3 2050 2131 2130
3 2051 2052 2132
3 2051 2132 2131
3 2052 2053 2133
3 2052 2133 2132
3 2053 2054 2134
3 2053 2134 2133
3 2054 2055 2135
3 2054 2135 2134
3 2055 2056 2136
3 2055 2136 2135
3 2056 2057 2137
3 2056 2137 2136
3 2057 2058 2138
3 2057 2138 2137
3 2058 2059 2139
3 2058 2139 2138
3 2059 2060 2140
3 2059 2140 2139
3 2060 2061 2141
3 2060 2141 2140
3 2061 2062 2142
3 2061 2142 2141
3 2062 2063 2143
3 2062 2143 2142
3 2063 2064 2144
3 2063 2144 2143
3 2064 2065 2145
3 2064 2145 2144
3 2065 2066 2146
3 2065 2146 2145
3 2066 2067 2147
3 2066 2147 2146
3 2067 2068 2148
3 2067 2148 2147
3 2068 2069 2149
3 2068 2149 2148
3 2069 2070 2150
3 2069 2150 2149
3 2070 2071 2151
3 2070 2151 2150
3 2071 2072 2152
3 2071 2152 2151
3 2072 2073 2153
3 2072 2153 2152
3 2073 2074 2154
3 2073 2154 2153
3 2074 2075 2155
3 2074 2155 2154
3 2075 2076 2156
3 2075 2156 2155
3 2076 2077 2157
3 2076 2157 2156
3 2077 2078 2158
3 2077 2158 2157
3 2078 2079 2159
3 2078 2159 2158
3 2079 2000 2080
3 2079 2080 2159
3 2080 2081 2161
3 2080 2161 2160
3 2081 2082 2162
3 2081 2162 2161
3 2082 2083 2163
3 2082 2163 2162
3 2083 2084 2164
3 2083 2164 2163
3 2084 2085 2165
3 2084 2165 2164
3 2085 2086 2166
3 2085 2166 2165
3 2086 2087 2167
3 2086 2167 2166
3 2087 2088 2168
3 2087 2168 2167
3 2088 2089 2169
3 2088 2169 2168
3 2089 2090 2170
3 2089 2170 2169
3 2090 2091 2171
3 2090 2171 2170
3 2091 2092 2172
3 2091 2172 2171
3 2092 2093 2173
3 2092 2173 2172
3 2093 2094 2174
3 2093 2174 2173
3 2094 2095 2175
3 2094 2175 2174
3 2095 2096 2176
3 2095 2176 2175
3 2096 2097 2177
3 2096 2177 2176
3 2097 2098 2178
3 2097 2178 2177
3 2098 2099 2179
3 2098 2179 2178
3 2099 2100 2180
3 2099 2180 2179
3 2100 2101 2181
3 2100 2181 2180
3 2101 2102 2182
3 2101 2182 2181
3 2102 2103 2183
3 2102 2183 2182
3 2103 2104 2184
3 2103 2184 2183
3 2104 2105 2185
3 2104 2185 2184
3 2105 2106 2186
3 2105 2186 2185
3 2106 2107 2187
3 2106 2187 2186
3 2107 2108 2188
3 2107 2188 2187
3 2108 2109 2189
3 2108 2189 2188
3 2109 2110 2190
3 2109 2190 2189
3 2110 2111 2191
3 2110 2191 2190
3 2111 2112 2192
3 2111 2192 2191
3 2112 2113 2193
3 2112 2193 2192
3 2113 2114 2194
3 2113 2194 2193
3 2114 2115 2195
3 2114 2195 2194
3 2115 2116 2196
3 2115 2196 2195
3 2116 2117 2197
3 2116 2197 2196
3 2117 2118 2198
3 2117 2198 2197
3 2118 2119 2199
3 2118 2199 2198
3 2119 2120 2200
3 2119 2200 2199
3 2120 2121 2201
3 2120 2201 2200
3 2121 2122 2202
3 2121 2202 2201
3 2122 2123 2203
3 2122 2203 2202
3 2123 2124 2204
3 2123 2204 2203
3 2124 2125 2205
3 2124 2205 2204
3 2125 2126 2206
3 2125 2206 2205
3 2126 2127 2207
3 2126 2207 2206
3 2127 2128 2208
3 2127 2208 2207
3 2128 2129 2209
3 2128 2209 2208
3 2129 2130 2210
3 2129 2210 2209
3 2130 2131 2211
3 2130 2211 2210
3 2131 2132 2212
3 2131 2212 2211
3 2132 2133 2213
3 2132 2213 2212
3 2133 2134 2214
3 2133 2214 2213
3 2134 2135 2215
3 2134 2215 2214
3 2135 2136 2216
3 2135 2216 2215
3 2136 2137 2217
3 2136 2217 2216
3 2137 2138 2218
3 2137 2218 2217
3 2138 2139 2219
3 2138 2219 2218
3 2139 2140 2220
3 2139 2220 2219
3 2140 2141 2221
3 2140 2221 2220
3 2141 2142 2222
3 2141 2222 2221
3 2142 2143 2223
3 2142 2223 2222
3 2143 2144 2224
3 2143 2224 2223
3 2144 2145 2225
3 2144 2225 2224
3 2145 2146 2226
3 2145 2226 2225
3 2146 2147 2227
3 2146 2227 2226
3 2147 2148 2228
3 2147 2228 2227
3 2148 2149 2229
3 2148 2229 2228
3 2149 2150 2230
3 2149 2230 2229
3 2150 2151 2231
3 2150 2231 2230
3 2151 2152 2232
3 2151 2232 2231
3 2152 2153 2233
3 2152 2233 2232
3 2153 2154 2234
3 2153 2234 2233
3 2154 2155 2235
3 2154 2235 2234
3 2155 2156 2236
3 2155 2236 2235
3 2156 2157 2237
3 2156 2237 2236
3 2157 2158 2238
3 2157 2238 2237
3 2158 2159 2239
3 2158 2239 2238
3 2159 2080 2160
3 2159 2160 2239
3 2160 2161 2241
3 2160 2241 2240
3 2161 2162 2242
3 2161 2242 2241
3 2162 2163 2243
3 2162 2243 2242
3 2163 2164 2244
3 2163 2244 2243
3 2164 2165 2245
3 2164 2245 2244
3 2165 2166 2246
3 2165 2246 2245
3 2166 2167 2247
3 2166 2247 2246
3 2167 2168 2248
3 2167 2248 2247
3 2168 2169 2249
3 2168 2249 2248
3 2169 2170 2250
3 2169 2250 2249
3 2170 2171 2251
3 2170 2251 2250
3 2171 2172 2252
3 2171 2252 2251
3 2172 2173 2253
3 2172 2253 2252
3 2173 2174 2254
3 2173 2254 2253
3 2174 2175 2255
3 2174 2255 2254
3 2175 2176 2256
3 2175 2256 2255
3 2176 2177 2257
3 2176 2257 2256
3 2177 2178 2258
3 2177 2258 2257
3 2178 2179 2259
3 2178 2259 2258
3 2179 2180 2260
3 2179 2260 2259
3 2180 2181 2261
3 2180 2261 2260
3 2181 2182 2262
3 2181 2262 2261
3 2182 2183 2263
3 2182 2263 2262
3 2183 2184 2264
3 2183 2264 2263
3 2184 2185 2265
3 2184 2265 2264
3 2185 2186 2266
3 2185 2266 2265
3 2186 2187 2267
3 2186 2267 2266
3 2187 2188 2268
3 2187 2268 2267
3 2188 2189 2269
3 2188 2269 2268
3 2189 2190 2270
3 2189 2270 2269
3 2190 2191 2271
3 2190 2271 2270
3 2191 2192 2272
3 2191 2272 2271
3 2192 2193 2273
3 2192 2273 2272
3 2193 2194 2274
3 2193 2274 2273
3 2194 2195 2275
3 2194 2275 2274
3 2195 2196 2276
3 2195 2276 2275
3 2196 2197 2277
3 2196 2277 2276
3 2197 2198 2278
3 2197 2278 2277
3 2198 2199 2279
3 2198 2279 2278
3 2199 2200 2280
3 2199 2280 2279
3 2200 2201 2281
3 2200 2281 2280
3 2201 2202 2282
3 2201 2282 2281
3 2202 2203 2283
3 2202 2283 2282
3 2203 2204 2284
3 2203 2284 2283
3 2204 2205 2285
3 2204 2285 2284
3 2205 2206 2286
3 2205 2286 2285
3 2206 2207 2287
3 2206 2287 2286
3 2207 2208 2288
3 2207 2288 2287
3 2208 2209 2289
3 2208 2289 2288
3 2209 2210 2290
3 2209 2290 2289
3 2210 2211 2291
3 2210 2291 2290
3 2211 2212 2292
3 2211 2292 2291
3 2212 2213 2293
3 2212 2293 2292
3 2213 2214 2294
3 2213 2294 2293
3 2214 2215 2295
3 2214 2295 2294
3 2215 2216 2296
3 2215 2296 2295
3 2216 2217 2297
3 2216 2297 2296
3 2217 2218 2298
3 2217 2298 2297
3 2218 2219 2299
3 2218 2299 2298
3 2219 2220 2300
3 2219 2300 2299
3 2220 2221 2301
3 2220 2301 2300
3 2221 2222 2302
3 2221 2302 2301
3 2222 2223 2303
3 2222 2303 2302
3 2223 2224 2304
3 2223 2304 2303
3 2224 2225 2305
3 2224 2305 2304
3 2225 2226 2306
3 2225 2306 2305
3 2226 2227 2307
3 2226 2307 2306
3 2227 2228 2308
3 2227 2308 2307
3 2228 2229 2309
3 2228 2309 2308
3 2229 2230 2310
3 2229 2310 2309
3 2230 2231 2311
3 2230 2311 2310
3 2231 2232 2312
3 2231 2312 2311
3 2232 2233 2313
3 2232 2313 2312
3 2233 2234 2314
3 2233 2314 2313
3 2234 2235 2315
3 2234 2315 2314
3 2235 2236 2316
3 2235 2316 2315
3 2236 2237 2317
3 2236 2317 2316
3 2237 2238 2318
3 2237 2318 2317
3 2238 2239 2319
3 2238 2319 2318
3 2239 2160 2240
3 2239 2240 2319
3 2240 2241 2321
3 2240 2321 2320
3 2241 2242 2322
3 2241 2322 2321
3 2242 2243 2323
3 2242 2323 2322
3 2243 2244 2324
3 2243 2324 2323
3 2244 2245 2325
3 2244 2325 2324
3 2245 2246 2326
3 2245 2326 2325
3 2246 2247 2327
3 2246 2327 2326
3 2247 2248 2328
3 2247 2328 2327
3 2248 2249 2329
3 2248 2329 2328
3 2249 2250 2330
3 2249 2330 2329
3 2250 2251 2331
3 2250 2331 2330
3 2251 2252 2332
3 2251 2332 2331
3 2252 2253 2333
3 2252 2333 2332
3 2253 2254 2334
3 2253 2334 2333
3 2254 2255 2335
3 2254 2335 2334
3 2255 2256 2336
3 2255 2336 2335
3 2256 2257 2337
3 2256 2337 2336
3 2257 2258 2338
3 2257 2338 2337
3 2258 2259 2339
3 2258 2339 2338
3 2259 2260 2340
3 2259 2340 2339
3 2260 2261 2341
3 2260 2341 2340
3 2261 2262 2342
3 2261 2342 2341
3 2262 2263 2343
3 2262 2343 2342
3 2263 2264 2344
3 2263 2344 2343
3 2264 2265 2345
3 2264 2345 2344
3 2265 2266 2346
3 2265 2346 2345
3 2266 2267 2347
3 2266 2347 2346
3 2267 2268 2348
3 2267 2348 2347
3 2268 2269 2349
3 2268 2349 2348
3 2269 2270 2350
3 2269 2350 2349
3 2270 2271 2351
3 2270 2351 2350
3 2271 2272 2352
3 2271 2352 2351
3 2272 2273 2353
3 2272 2353 2352
3 2273 2274 2354
3 2273 2354 2353
3 2274 2275 2355
3 2274 2355 2354
3 2275 2276 2356
3 2275 2356 2355
3 2276 2277 2357
3 2276 2357 2356
3 2277 2278 2358
3 2277 2358 2357
3 2278 2279 2359
3 2278 2359 2358
3 2279 2280 2360
3 2279 2360 2359
3 2280 2281 2361
3 2280 2361 2360
3 2281 2282 2362
3 2281 2362 2361
3 2282 2283 2363
3 2282 2363 2362
3 2283 2284 2364
3 2283 2364 2363
3 2284 2285 2365
3 2284 2365 2364
3 2285 2286 2366
3 2285 2366 2365
3 2286 2287 2367
3 2286 2367 2366
3 2287 2288 2368
3 2287 2368 2367
3 2288 2289 2369
3 2288 2369 2368
3 2289 2290 2370
3 2289 2370 2369
3 2290 2291 2371
3 2290 2371 2370
3 2291 2292 2372
3 2291 2372 2371
3 2292 2293 2373
3 2292 2373 2372
3 2293 2294 2374
3 2293 2374 2373
3 2294 2295 2375
3 2294 2375 2374
3 2295 2296 2376
3 2295 2376 2375
3 2296 2297 2377
3 2296 2377 2376
3 2297 2298 2378
3 2297 2378 2377
3 2298 2299 2379
3 2298 2379 2378
3 2299 2300 2380
3 2299 2380 2379
3 2300 2301 2381
3 2300 2381 2380
3 2301 2302 2382
3 2301 2382 2381
3 2302 2303 2383
3 2302 2383 2382
3 2303 2304 2384
3 2303 2384 2383
3 2304 2305 2385
3 2304 2385 2384
3 2305 2306 2386
3 2305 2386 2385
3 2306 2307 2387
3 2306 2387 2386
3 2307 2308 2388
3 2307 2388 2387
3 2308 2309 2389
3 2308 2389 2388
3 2309 2310 2390
3 2309 2390 2389
3 2310 2311 2391
3 2310 2391 2390
3 2311 2312 2392
3 2311 2392 2391
3 2312 2313 2393
3 2312 2393 2392
3 2313 2314 2394
3 2313 2394 2393
3 2314 2315 2395
3 2314 2395 2394
3 2315 2316 2396
3 2315 2396 2395
3 2316 2317 2397
3 2316 2397 2396
3 2317 2318 2398
3 2317 2398 2397
3 2318 2319 2399
3 2318 2399 2398
3 2319 2240 2320
3 2319 2320 2399
3 2320 2321 2401
3 2320 2401 2400
3 2321 2322 2402
3 2321 2402 2401
3 2322 2323 2403
3 2322 2403 2402
3 2323 2324 2404
3 2323 2404 2403
3 2324 2325 2405
3 2324 2405 2404
3 2325 2326 2406
3 2325 2406 2405
3 2326 2327 2407
3 2326 2407 2406
3 2327 2328 2408
3 2327 2408 2407
3 2328 2329 2409
3 2328 2409 2408
3 2329 2330 2410
3 2329 2410 2409
3 2330 2331 2411
3 2330 2411 2410
3 2331 2332 2412
3 2331 2412 2411
3 2332 2333 2413
3 2332 2413 2412
3 2333 2334 2414
3 2333 2414 2413
3 2334 2335 2415
3 2334 2415 2414
3 2335 2336 2416
3 2335 2416 2415
3 2336 2337 2417
3 2336 2417 2416
3 2337 2338 2418
3 2337 2418 2417
3 2338 2339 2419
3 2338 2419 2418
3 2339 2340 2420
3 2339 2420 2419
3 2340 2341 2421
3 2340 2421 2420
3 2341 2342 2422
3 2341 2422 2421
3 2342 2343 2423
3 2342 2423 2422
3 2343 2344 2424
3 2343 2424 2423
3 2344 2345 2425
3 2344 2425 2424
3 2345 2346 2426
3 2345 2426 2425
3 2346 2347 2427
3 2346 2427 2426
3 2347 2348 2428
3 2347 2428 2427
3 2348 2349 2429
3 2348 2429 2428
3 2349 2350 2430
3 2349 2430 2429
3 2350 2351 2431
3 2350 2431 2430
3 2351 2352 2432
3 2351 2432 2431
3 2352 2353 2433
3 2352 2433 2432
3 2353 2354 2434
3 2353 2434 2433
3 2354 2355 2435
3 2354 2435 2434
3 2355 2356 2436
3 2355 2436 2435
3 2356 2357 2437
3 2356 2437 2436
3 2357 2358 2438
3 2357 2438 2437
3 2358 2359 2439
3 2358 2439 2438
3 2359 2360 2440
3 2359 2440 2439
3 2360 2361 2441
3 2360 2441 2440
3 2361 2362 2442
3 2361 2442 2441
3 2362 2363 2443
3 2362 2443 2442
3 2363 2364 2444
3 2363 2444 2443
3 2364 2365 2445
3 2364 2445 2444
3 2365 2366 2446
3 2365 2446 2445
3 2366 2367 2447
3 2366 2447 2446
3 2367 2368 2448
3 2367 2448 2447
3 2368 2369 2449
3 2368 2449 2448
3 2369 2370 2450
3 2369 2450 2449
3 2370 2371 2451
3 2370 2451 2450
3 2371 2372 2452
3 2371 2452 2451
3 2372 2373 2453
3 2372 2453 2452
3 2373 2374 2454
3 2373 2454 2453
3 2374 2375 2455
3 2374 2455 2454
3 2375 2376 2456
3 2375 2456 2455
3 2376 2377 2457
3 2376 2457 2456
3 2377 2378 2458
3 2377 2458 2457
3 2378 2379 2459
3 2378 2459 2458
3 2379 2380 2460
3 2379 2460 2459
3 2380 2381 2461
3 2380 2461 2460
3 2381 2382 2462
3 2381 2462 2461
3 2382 2383 2463
3 2382 2463 2462
3 2383 2384 2464
3 2383 2464 2463
3 2384 2385 2465
3 2384 2465 2464
3 2385 2386 2466
3 2385 2466 2465
3 2386 2387 2467
3 2386 2467 2466
3 2387 2388 2468
3 2387 2468 2467
3 2388 2389 2469
3 2388 2469 2468
3 2389 2390 2470
3 2389 2470 2469
3 2390 2391 2471
3 2390 2471 2470
3 2391 2392 2472
3 2391 2472 2471
3 2392 2393 2473
3 2392 2473 2472
3 2393 2394 2474
3 2393 2474 2473
3 2394 2395 2475
3 2394 2475 2474
3 2395 2396 2476
3 2395 2476 2475
3 2396 2397 2477
3 2396 2477 2476
3 2397 2398 2478
3 2397 2478 2477
3 2398 2399 2479
3 2398 2479 2478
3 2399 2320 2400
3 2399 2400 2479
3 2400 2401 2481
3 2400 2481 2480
3 2401 2402 2482
3 2401 2482 2481
3 2402 2403 2483
3 2402 2483 2482
3 2403 2404 2484
3 2403 2484 2483
3 2404 2405 2485
3 2404 2485 2484
3 2405 2406 2486
3 2405 2486 2485
3 2406 2407 2487
3 2406 2487 2486
3 2407 2408 2488
3 2407 2488 2487
3 2408 2409 2489
3 2408 2489 2488
3 2409 2410 2490
3 2409 2490 2489
3 2410 2411 2491
3 2410 2491 2490
3 2411 2412 2492
3 2411 2492 2491
3 2412 2413 2493
3 2412 2493 2492
3 2413 2414 2494
3 2413 2494 2493
3 2414 2415 2495
3 2414 2495 2494
3 2415 2416 2496
3 2415 2496 2495
3 2416 2417 2497
3 2416 2497 2496
3 2417 2418 2498
3 2417 2498 2497
3 2418 2419 2499
3 2418 2499 2498
3 2419 2420 2500
3 2419 2500 2499
3 2420 2421 2501
3 2420 2501 2500
3 2421 2422 2502
3 2421 2502 2501
3 2422 2423 2503
3 2422 2503 2502
3 2423 2424 2504
3 2423 2504 2503
3 2424 2425 2505
3 2424 2505 2504
3 2425 2426 2506
3 2425 2506 2505
3 2426 2427 2507
3 2426 2507 2506
3 2427 2428 2508
3 2427 2508 2507
3 2428 2429 2509
3 2428 2509 2508
3 2429 2430 2510
3 2429 2510 2509
3 2430 2431 2511
3 2430 2511 2510
3 2431 2432 2512
3 2431 2512 2511
3 2432 2433 2513
3 2432 2513 2512
3 2433 2434 2514
3 2433 2514 2513
3 2434 2435 2515
3 2434 2515 2514
3 2435 2436 2516
3 2435 2516 2515
3 2436 2437 2517
3 2436 2517 2516
3 2437 2438 2518
3 2437 2518 2517
3 2438 2439 2519
3 2438 2519 2518
3 2439 2440 2520
3 2439 2520 2519
3 2440 2441 2521
3 2440 2521 2520
3 2441 2442 2522
3 2441 2522 2521
3 2442 2443 2523
3 2442 2523 2522
3 2443 2444 2524
3 2443 2524 2523
3 2444 2445 2525
3 2444 2525 2524
3 2445 2446 2526
3 2445 2526 2525
3 2446 2447 2527
3 2446 2527 2526
3 2447 2448 2528
3 2447 2528 2527
3 2448 2449 2529
3 2448 2529 2528
3 2449 2450 2530
3 2449 2530 2529
3 2450 2451 2531
3 2450 2531 2530
3 2451 2452 2532
3 2451 2532 2531
3 2452 2453 2533
3 2452 2533 2532
3 2453 2454 2534
3 2453 2534 2533
3 2454 2455 2535
3 2454 2535 2534
3 2455 2456 2536
3 2455 2536 2535
3 2456 2457 2537
3 2456 2537 2536
3 2457 2458 2538
3 2457 2538 2537
3 2458 2459 2539
3 2458 2539 2538
3 2459 2460 2540
3 2459 2540 2539
3 2460 2461 2541
3 2460 2541 2540
3 2461 2462 2542
3 2461 2542 2541
3 2462 2463 2543
3 2462 2543 2542
3 2463 2464 2544
3 2463 2544 2543
3 2464 2465 2545
3 2464 2545 2544
3 2465 2466 2546
3 2465 2546 2545
3 2466 2467 2547
3 2466 2547 2546
3 2467 2468 2548
3 2467 2548 2547
3 2468 2469 2549
3 2468 2549 2548
3 2469 2470 2550
3 2469 2550 2549
3 2470 2471 2551
3 2470 2551 2550
3 2471 2472 2552
3 2471 2552 2551
3 2472 2473 2553
3 2472 2553 2552
3 2473 2474 2554
3 2473 2554 2553
3 2474 2475 2555
3 2474 2555 2554
3 2475 2476 2556
3 2475 2556 2555
3 2476 2477 2557
3 2476 2557 2556
3 2477 2478 2558
3 2477 2558 2557
3 2478 2479 2559
3 2478 2559 2558
3 2479 2400 2480
3 2479 2480 2559
3 2480 2481 2561
3 2480 2561 2560
3 2481 2482 2562
3 2481 2562 2561
3 2482 2483 2563
3 2482 2563 2562
3 2483 2484 2564
3 2483 2564 2563
3 2484 2485 2565
3 2484 2565 2564
3 2485 2486 2566
3 2485 2566 2565
3 2486 2487 2567
3 2486 2567 2566
3 2487 2488 2568
3 2487 2568 2567
3 2488 2489 2569
3 2488 2569 2568
3 2489 2490 2570
3 2489 2570 2569
3 2490 2491 2571
3 2490 2571 2570
3 2491 2492 2572
3 2491 2572 2571
3 2492 2493 2573
3 2492 2573 2572
3 2493 2494 2574
3 2493 2574 2573
3 2494 2495 2575
3 2494 2575 2574
3 2495 2496 2576
3 2495 2576 2575
3 2496 2497 2577
3 2496 2577 2576
3 2497 2498 2578
3 2497 2578 2577
3 2498 2499 2579
3 2498 2579 2578
3 2499 2500 2580
3 2499 2580 2579
3 2500 2501 2581
3 2500 2581 2580
3 2501 2502 2582
3 2501 2582 2581
3 2502 2503 2583
3 2502 2583 2582
3 2503 2504 2584
3 2503 2584 2583
3 2504 2505 2585
3 2504 2585 2584
3 2505 2506 2586
3 2505 2586 2585
3 2506 2507 2587
3 2506 2587 2586
3 2507 2508 2588
3 2507 2588 2587
3 2508 2509 2589
3 2508 2589 2588
3 2509 2510 2590
3 2509 2590 2589
3 2510 2511 2591
3 2510 2591 2590
3 2511 2512 2592
3 2511 2592 2591
3 2512 2513 2593
3 2512 2593 2592
3 2513 2514 2594
3 2513 2594 2593
3 2514 2515 2595
3 2514 2595 2594
3 2515 2516 2596
3 2515 2596 2595
3 2516 2517 2597
3 2516 2597 2596
3 2517 2518 2598
3 2517 2598 2597
3 2518 2519 2599
3 2518 2599 2598
3 2519 2520 2600
3 2519 2600 2599
3 2520 2521 2601
3 2520 2601 2600
3 2521 2522 2602
3 2521 2602 2601
3 2522 2523 2603
3 2522 2603 2602
3 2523 2524 2604
3 2523 2604 2603
3 2524 2525 2605
3 2524 2605 2604
3 2525 2526 2606
3 2525 2606 2605
3 2526 2527 2607
3 2526 2607 2606
3 2527 2528 2608
3 2527 2608 2607
3 2528 2529 2609
3 2528 2609 2608
3 2529 2530 2610
3 2529 2610 2609
3 2530 2531 2611
3 2530 2611 2610
3 2531 2532 2612
3 2531 2612 2611
3 2532 2533 2613
3 2532 2613 2612
3 2533 2534 2614
3 2533 2614 2613
3 2534 2535 2615
3 2534 2615 2614
3 2535 2536 2616
3 2535 2616 2615
3 2536 2537 2617
3 2536 2617 2616
3 2537 2538 2618
3 2537 2618 2617
3 2538 2539 2619
3 2538 2619 2618
3 2539 2540 2620
3 2539 2620 2619
3 2540 2541 2621
3 2540 2621 2620
3 2541 2542 2622
3 2541 2622 2621
3 2542 2543 2623
3 2542 2623 2622
3 2543 2544 2624
3 2543 2624 2623
3 2544 2545 2625
3 2544 2625 2624
3 2545 2546 2626
3 2545 2626 2625
3 2546 2547 2627
3 2546 2627 2626
3 2547 2548 2628
3 2547 2628 2627
3 2548 2549 2629
3 2548 2629 2628
3 2549 2550 2630
3 2549 2630 2629
3 2550 2551 2631
3 2550 2631 2630
3 2551 2552 2632
3 2551 2632 2631
3 2552 2553 2633
3 2552 2633 2632
3 2553 2554 2634
3 2553 2634 2633
3 2554 2555 2635
3 2554 2635 2634
3 2555 2556 2636
3 2555 2636 2635
3 2556 2557 2637
3 2556 2637 2636
3 2557 2558 2638
3 2557 2638 2637
3 2558 2559 2639
3 2558 2639 2638
3 2559 2480 2560
3 2559 2560 2639
3 2560 2561 2641
3 2560 2641 2640
3 2561 2562 2642
3 2561 2642 2641
3 2562 2563 2643
3 2562 2643 2642
3 2563 2564 2644
3 2563 2644 2643
3 2564 2565 2645
3 2564 2645 2644
3 2565 2566 2646
3 2565 2646 2645
3 2566 2567 2647
3 2566 2647 2646
3 2567 2568 2648
3 2567 2648 2647
3 2568 2569 2649
3 2568 2649 2648
3 2569 2570 2650
3 2569 2650 2649
3 2570 2571 2651
3 2570 2651 2650
3 2571 2572 2652
3 2571 2652 2651
3 2572 2573 2653
3 2572 2653 2652
3 2573 2574 2654
3 2573 2654 2653
3 2574 2575 2655
3 2574 2655 2654
3 2575 2576 2656
3 2575 2656 2655
3 2576 2577 2657
3 2576 2657 2656
3 2577 2578 2658
3 2577 2658 2657
3 2578 2579 2659
3 2578 2659 2658
3 2579 2580 2660
3 2579 2660 2659
3 2580 2581 2661
3 2580 2661 2660
3 2581 2582 2662
3 2581 2662 2661
3 2582 2583 2663
3 2582 2663 2662
3 2583 2584 2664
3 2583 2664 2663
3 2584 2585 2665
3 2584 2665 2664
3 2585 2586 2666
3 2585 2666 2665
3 2586 2587 2667
3 2586 2667 2666
3 2587 2588 2668
3 2587 2668 2667
3 2588 2589 2669
3 2588 2669 2668
3 2589 2590 2670
3 2589 2670 2669
3 2590 2591 2671
3 2590 2671 2670
3 2591 2592 2672
3 2591 2672 2671
3 2592 2593 2673
3 2592 2673 2672
3 2593 2594 2674
3 2593 2674 2673
3 2594 2595 2675
3 2594 2675 2674
3 2595 2596 2676
3 2595 2676 2675
3 2596 2597 2677
3 2596 2677 2676
3 2597 2598 2678
3 2597 2678 2677
3 2598 2599 2679
3 2598 2679 2678
3 2599 2600 2680
3 2599 2680 2679
3 2600 2601 2681
3 2600 2681 2680
3 2601 2602 2682
3 2601 2682 2681
3 2602 2603 2683
3 2602 2683 2682
3 2603 2604 2684
3 2603 2684 2683
3 2604 2605 2685
3 2604 2685 2684
3 2605 2606 2686
3 2605 2686 2685
3 2606 2607 2687
3 2606 2687 2686
3 2607 2608 2688
3 2607 2688 2687
3 2608 2609 2689
3 2608 2689 2688
3 2609 2610 2690
3 2609 2690 2689
3 2610 2611 2691
3 2610 2691 2690
3 2611 2612 2692
3 2611 2692 2691
3 2612 2613 2693
3 2612 2693 2692
3 2613 2614 2694
3 2613 2694 2693
3 2614 2615 2695
3 2614 2695 2694
3 2615 2616 2696
3 2615 2696 2695
3 2616 2617 2697
3 2616 2697 2696
3 2617 2618 2698
3 2617 2698 2697
3 2618 2619 2699
3 2618 2699 2698
3 2619 2620 2700
3 2619 2700 2699
3 2620 2621 2701
3 2620 2701 2700
3 2621 2622 2702
3 2621 2702 2701
3 2622 2623 2703
3 2622 2703 2702
3 2623 2624 2704
3 2623 2704 2703
3 2624 2625 2705
3 2624 2705 2704
3 2625 2626 2706
3 2625 2706 2705
3 2626 2627 2707
3 2626 2707 2706
3 2627 2628 2708
3 2627 2708 2707
3 2628 2629 2709
3 2628 2709 2708
3 2629 2630 2710
3 2629 2710 2709
3 2630 2631 2711
3 2630 2711 2710
3 2631 2632 2712
3 2631 2712 2711
3 2632 2633 2713
3 2632 2713 2712
3 2633 2634 2714
3 2633 2714 2713
3 2634 2635 2715
3 2634 2715 2714
3 2635 2636 2716
3 2635 2716 2715
3 2636 2637 2717
3 2636 2717 2716
3 2637 2638 2718
3 2637 2718 2717
3 2638 2639 2719
3 2638 2719 2718
3 2639 2560 2640
3 2639 2640 2719
3 2640 2641 2721
3 2640 2721 2720
3 2641 2642 2722
3 2641 2722 2721
3 2642 2643 2723
3 2642 2723 2722
3 2643 2644 2724
3 2643 2724 2723
3 2644 2645 2725
3 2644 2725 2724
3 2645 2646 2726
3 2645 2726 2725
3 2646 2647 2727
3 2646 2727 2726
3 2647 2648 2728
3 2647 2728 2727
3 2648 2649 2729
3 2648 2729 2728
3 2649 2650 2730
3 2649 2730 2729
3 2650 2651 2731
3 2650 2731 2730
3 2651 2652 2732
3 2651 2732 2731
3 2652 2653 2733
3 2652 2733 2732
3 2653 2654 2734
3 2653 2734 2733
3 2654 2655 2735
3 2654 2735 2734
3 2655 2656 2736
3 2655 2736 2735
3 2656 2657 2737
3 2656 2737 2736
3 2657 2658 2738
3 2657 2738 2737
3 2658 2659 2739
3 2658 2739 2738
3 2659 2660 2740
3 2659 2740 2739
3 2660 2661 2741
3 2660 2741 2740
3 2661 2662 2742
3 2661 2742 2741
3 2662 2663 2743
3 2662 2743 2742
3 2663 2664 2744
3 2663 2744 2743
3 2664 2665 2745
3 2664 2745 2744
3 2665 2666 2746
3 2665 2746 2745
3 2666 2667 2747
3 2666 2747 2746
3 2667 2668 2748
3 2667 2748 2747
3 2668 2669 2749
3 2668 2749 2748
3 2669 2670 2750
3 2669 2750 2749
3 2670 2671 2751
3 2670 2751 2750
3 2671 2672 2752
3 2671 2752 2751
3 2672 2673 2753
3 2672 2753 2752
3 2673 2674 2754
3 2673 2754 2753
3 2674 2675 2755
3 2674 2755 2754
3 2675 2676 2756
3 2675 2756 2755
3 2676 2677 2757
3 2676 2757 2756
3 2677 2678 2758
3 2677 2758 2757
3 2678 2679 2759
3 2678 2759 2758
3 2679 2680 2760
3 2679 2760 2759
3 2680 2681 2761
3 2680 2761 2760
3 2681 2682 2762
3 2681 2762 2761
3 2682 2683 2763
3 2682 2763 2762
3 2683 2684 2764
3 2683 2764 2763
3 2684 2685 2765
3 2684 2765 2764
3 2685 2686 2766
3 2685 2766 2765
3 2686 2687 2767
3 2686 2767 2766
3 2687 2688 2768
3 2687 2768 2767
3 2688 2689 2769
3 2688 2769 2768
3 2689 2690 2770
3 2689 2770 2769
3 2690 2691 2771
3 2690 2771 2770
3 2691 2692 2772
3 2691 2772 2771
3 2692 2693 2773
3 2692 2773 2772
3 2693 2694 2774
3 2693 2774 2773
3 2694 2695 2775
3 2694 2775 2774
3 2695 2696 2776
3 2695 2776 2775
3 2696 2697 2777
3 2696 2777 2776
3 2697 2698 2778
3 2697 2778 2777
3 2698 2699 2779
3 2698 2779 2778
3 2699 2700 2780
3 2699 2780 2779
3 2700 2701 2781
3 2700 2781 2780
3 2701 2702 2782
3 2701 2782 2781
3 2702 2703 2783
3 2702 2783 2782
3 2703 2704 2784
3 2703 2784 2783
3 2704 2705 2785
3 2704 2785 2784
3 2705 2706 2786
3 2705 2786 2785
3 2706 2707 2787
3 2706 2787 2786
3 2707 2708 2788
3 2707 2788 2787
3 2708 2709 2789
3 2708 2789 2788
3 2709 2710 2790
3 2709 2790 2789
3 2710 2711 2791
3 2710 2791 2790
3 2711 2712 2792
3 2711 2792 2791
3 2712 2713 2793
3 2712 2793 2792
3 2713 2714 2794
3 2713 2794 2793
3 2714 2715 2795
3 2714 2795 2794
3 2715 2716 2796
3 2715 2796 2795
3 2716 2717 2797
3 2716 2797 2796
3 2717 2718 2798
3 2717 2798 2797
3 2718 2719 2799
3 2718 2799 2798
3 2719 2640 2720
3 2719 2720 2799
3 2720 2721 2801
3 2720 2801 2800
3 2721 2722 2802
3 2721 2802 2801
3 2722 2723 2803
3 2722 2803 2802
3 2723 2724 2804
3 2723 2804 2803
3 2724 2725 2805
3 2724 2805 2804
3 2725 2726 2806
3 2725 2806 2805
3 2726 2727 2807
3 2726 2807 2806
3 2727 2728 2808
3 2727 2808 2807
3 2728 2729 2809
3 2728 2809 2808
3 2729 2730 2810
3 2729 2810 2809
3 2730 2731 2811
3 2730 2811 2810
3 2731 2732 2812
3 2731 2812 2811
3 2732 2733 2813
3 2732 2813 2812
3 2733 2734 2814
3 2733 2814 2813
3 2734 2735 2815
3 2734 2815 2814
3 2735 2736 2816
3 2735 2816 2815
3 2736 2737 2817
3 2736 2817 2816
3 2737 2738 2818
3 2737 2818 2817
3 2738 2739 2819
3 2738 2819 2818
3 2739 2740 2820
3 2739 2820 2819
3 2740 2741 2821
3 2740 2821 2820
3 2741 2742 2822
3 2741 2822 2821
3 2742 2743 2823
3 2742 2823 2822
3 2743 2744 2824
3 2743 2824 2823
3 2744 2745 2825
3 2744 2825 2824
3 2745 2746 2826
3 2745 2826 2825
3 2746 2747 2827
3 2746 2827 2826
3 2747 2748 2828
3 2747 2828 2827
3 2748 2749 2829
3 2748 2829 2828
3 2749 2750 2830
3 2749 2830 2829
3 2750 2751 2831
3 2750 2831 2830
3 2751 2752 2832
3 2751 2832 2831
3 2752 2753 2833
3 2752 2833 2832
3 2753 2754 2834
3 2753 2834 2833
3 2754 2755 2835
3 2754 2835 2834
3 2755 2756 2836
3 2755 2836 2835
3 2756 2757 2837
3 2756 2837 2836
3 2757 2758 2838
3 2757 2838 2837
3 2758 2759 2839
3 2758 2839 2838
3 2759 2760 2840
3 2759 2840 2839
3 2760 2761 2841
3 2760 2841 2840
3 2761 2762 2842
3 2761 2842 2841
3 2762 2763 2843
3 2762 2843 2842
3 2763 2764 2844
3 2763 2844 2843
3 2764 2765 2845
3 2764 2845 2844
3 2765 2766 2846
3 2765 2846 2845
3 2766 2767 2847
3 2766 2847 2846
3 2767 2768 2848
3 2767 2848 2847
3 2768 2769 2849
3 2768 2849 2848
3 2769 2770 2850
3 2769 2850 2849
3 2770 2771 2851
3 2770 2851 2850
3 2771 2772 2852
3 2771 2852 2851
3 2772 2773 2853
3 2772 2853 2852
3 2773 2774 2854
3 2773 2854 2853
3 2774 2775 2855
3 2774 2855 2854
3 2775 2776 2856
3 2775 2856 2855
3 2776 2777 2857
3 2776 2857 2856
3 2777 2778 2858
3 2777 2858 2857
3 2778 2779 2859
3 2778 2859 2858
3 2779 2780 2860
3 2779 2860 2859
3 2780 2781 2861
3 2780 2861 2860
3 2781 2782 2862
3 2781 2862 2861
3 2782 2783 2863
3 2782 2863 2862
3 2783 2784 2864
3 2783 2864 2863
3 2784 2785 2865
3 2784 2865 2864
3 2785 2786 2866
3 2785 2866 2865
3 2786 2787 2867
3 2786 2867 2866
3 2787 2788 2868
3 2787 2868 2867
3 2788 2789 2869
3 2788 2869 2868
3 2789 2790 2870
3 2789 2870 2869
3 2790 2791 2871
3 2790 2871 2870
3 2791 2792 2872
3 2791 2872 2871
3 2792 2793 2873
3 2792 2873 2872
3 2793 2794 2874
3 2793 2874 2873
3 2794 2795 2875
3 2794 2875 2874
3 2795 2796 2876
3 2795 2876 2875
3 2796 2797 2877
3 2796 2877 2876
3 2797 2798 2878
3 2797 2878 2877
3 2798 2799 2879
3 2798 2879 2878
3 2799 2720 2800
3 2799 2800 2879
3 2800 2801 2881
3 2800 2881 2880
3 2801 2802 2882
3 2801 2882 2881
3 2802 2803 2883
3 2802 2883 2882
3 2803 2804 2884
3 2803 2884 2883
3 2804 2805 2885
3 2804 2885 2884
3 2805 2806 2886
3 2805 2886 2885
3 2806 2807 2887
3 2806 2887 2886
3 2807 2808 2888
3 2807 2888 2887
3 2808 2809 2889
3 2808 2889 2888
3 2809 2810 2890
3 2809 2890 2889
3 2810 2811 2891
3 2810 2891 2890
3 2811 2812 2892
3 2811 2892 2891
3 2812 2813 2893
3 2812 2893 2892
3 2813 2814 2894
3 2813 2894 2893
3 2814 2815 2895
3 2814 2895 2894
3 2815 2816 2896
3 2815 2896 2895
3 2816 2817 2897
3 2816 2897 2896
3 2817 2818 2898
3 2817 2898 2897
3 2818 2819 2899
3 2818 2899 2898
3 2819 2820 2900
3 2819 2900 2899
3 2820 2821 2901
3 2820 2901 2900
3 2821 2822 2902
3 2821 2902 2901
3 2822 2823 2903
3 2822 2903 2902
3 2823 2824 2904
3 2823 2904 2903
3 2824 2825 2905
3 2824 2905 2904
3 2825 2826 2906
3 2825 2906 2905
3 2826 2827 2907
3 2826 2907 2906
3 2827 2828 2908
3 2827 2908 2907
3 2828 2829 2909
3 2828 2909 2908
3 2829 2830 2910
3 2829 2910 2909
3 2830 2831 2911
3 2830 2911 2910
3 2831 2832 2912
3 2831 2912 2911
3 2832 2833 2913
3 2832 2913 2912
3 2833 2834 2914
3 2833 2914 2913
3 2834 2835 2915
3 2834 2915 2914
3 2835 2836 2916
3 2835 2916 2915
3 2836 2837 2917
3 2836 2917 2916
3 2837 2838 2918
3 2837 2918 2917
3 2838 2839 2919
3 2838 2919 2918
3 2839 2840 2920
3 2839 2920 2919
3 2840 2841 2921
3 2840 2921 2920
3 2841 2842 2922
3 2841 2922 2921
3 2842 2843 2923
3 2842 2923 2922
3 2843 2844 2924
3 2843 2924 2923
3 2844 2845 2925
3 2844 2925 2924
3 2845 2846 2926
3 2845 2926 2925
3 2846 2847 2927
3 2846 2927 2926
3 2847 2848 2928
3 2847 2928 2927
3 2848 2849 2929
3 2848 2929 2928
3 2849 2850 2930
3 2849 2930 2929
3 2850 2851 2931
3 2850 2931 2930
3 2851 2852 2932
3 2851 2932 2931
3 2852 2853 2933
3 2852 2933 2932
3 2853 2854 2934
3 2853 2934 2933
3 2854 2855 2935
3 2854 2935 2934
3 2855 2856 2936
3 2855 2936 2935
3 2856 2857 2937
3 2856 2937 2936
3 2857 2858 2938
3 2857 2938 2937
3 2858 2859 2939
3 2858 2939 2938
3 2859 2860 2940
3 2859 2940 2939
3 2860 2861 2941
3 2860 2941 2940
3 2861 2862 2942
3 2861 2942 2941
3 2862 2863 2943
3 2862 2943 2942
3 2863 2864 2944
3 2863 2944 2943
3 2864 2865 2945
3 2864 2945 2944
3 2865 2866 2946
3 2865 2946 2945
3 2866 2867 2947
3 2866 2947 2946
3 2867 2868 2948
3 2867 2948 2947
3 2868 2869 2949
3 2868 2949 2948
3 2869 2870 2950
3 2869 2950 2949
3 2870 2871 2951
3 2870 2951 2950
3 2871 2872 2952
3 2871 2952 2951
3 2872 2873 2953
3 2872 2953 2952
3 2873 2874 2954
3 2873 2954 2953
3 2874 2875 2955
3 2874 2955 2954
3 2875 2876 2956
3 2875 2956 2955
3 2876 2877 2957
3 2876 2957 2956
3 2877 2878 2958
3 2877 2958 2957
3 2878 2879 2959
3 2878 2959 2958
3 2879 2800 2880
3 2879 2880 2959
3 2880 2881 2961
3 2880 2961 2960
3 2881 2882 2962
3 2881 2962 2961
3 2882 2883 2963
3 2882 2963 2962
3 2883 2884 2964
3 2883 2964 2963
3 2884 2885 2965
3 2884 2965 2964
3 2885 2886 2966
3 2885 2966 2965
3 2886 2887 2967
3 2886 2967 2966
3 2887 2888 2968
3 2887 2968 2967
3 2888 2889 2969
3 2888 2969 2968
3 2889 2890 2970
3 2889 2970 2969
3 2890 2891 2971
3 2890 2971 2970
3 2891 2892 2972
3 2891 2972 2971
3 2892 2893 2973
3 2892 2973 2972
3 2893 2894 2974
3 2893 2974 2973
3 2894 2895 2975
3 2894 2975 2974
3 2895 2896 2976
3 2895 2976 2975
3 2896 2897 2977
3 2896 2977 2976
3 2897 2898 2978
3 2897 2978 2977
3 2898 2899 2979
3 2898 2979 2978
3 2899 2900 2980
3 2899 2980 2979
3 2900 2901 2981
3 2900 2981 2980
3 2901 2902 2982
3 2901 2982 2981
3 2902 2903 2983
3 2902 2983 2982
3 2903 2904 2984
3 2903 2984 2983
3 2904 2905 2985
3 2904 2985 2984
3 2905 2906 2986
3 2905 2986 2985
3 2906 2907 2987
3 2906 2987 2986
3 2907 2908 2988
3 2907 2988 2987
3 2908 2909 2989
3 2908 2989 2988
3 2909 2910 2990
3 2909 2990 2989
3 2910 2911 2991
3 2910 2991 2990
3 2911 2912 2992
3 2911 2992 2991
3 2912 2913 2993
3 2912 2993 2992
3 2913 2914 2994
3 2913 2994 2993
3 2914 2915 2995
3 2914 2995 2994
3 2915 2916 2996
3 2915 2996 2995
3 2916 2917 2997
3 2916 2997 2996
3 2917 2918 2998
3 2917 2998 2997
3 2918 2919 2999
3 2918 2999 2998
3 2919 2920 3000
3 2919 3000 2999
3 2920 2921 3001
3 2920 3001 3000
3 2921 2922 3002
3 2921 3002 3001
3 2922 2923 3003
3 2922 3003 3002
3 2923 2924 3004
3 2923 3004 3003
3 2924 2925 3005
3 2924 3005 3004
3 2925 2926 3006
3 2925 3006 3005
3 2926 2927 3007
3 2926 3007 3006
3 2927 2928 3008
3 2927 3008 3007
3 2928 2929 3009
3 2928 3009 3008
3 2929 2930 3010
3 2929 3010 3009
3 2930 2931 3011
3 2930 3011 3010
3 2931 2932 3012
3 2931 3012 3011
3 2932 2933 3013
3 2932 3013 3012
3 2933 2934 3014
3 2933 3014 3013
3 2934 2935 3015
3 2934 3015 3014
3 2935 2936 3016
3 2935 3016 3015
3 2936 2937 3017
3 2936 3017 3016
3 2937 2938 3018
3 2937 3018 3017
3 2938 2939 3019
3 2938 3019 3018
3 2939 2940 3020
3 2939 3020 3019
3 2940 2941 3021
3 2940 3021 3020
3 2941 2942 3022
3 2941 3022 3021
3 2942 2943 3023
3 2942 3023 3022
3 2943 2944 3024
3 2943 3024 3023
3 2944 2945 3025
3 2944 3025 3024
3 2945 2946 3026
3 2945 3026 3025
3 2946 2947 3027
3 2946 3027 3026
3 2947 2948 3028
3 2947 3028 3027
3 2948 2949 3029
3 2948 3029 3028
3 2949 2950 3030
3 2949 3030 3029
3 2950 2951 3031
3 2950 3031 3030
3 2951 2952 3032
3 2951 3032 3031
3 2952 2953 3033
3 2952 3033 3032
3 2953 2954 3034
3 2953 3034 3033
3 2954 2955 3035
3 2954 3035 3034
3 2955 2956 3036
3 2955 3036 3035
3 2956 2957 3037
3 2956 3037 3036
3 2957 2958 3038
3 2957 3038 3037
3 2958 2959 3039
3 2958 3039 3038
3 2959 2880 2960
3 2959 2960 3039
3 2960 2961 3041
3 2960 3041 3040
3 2961 2962 3042
3 2961 3042 3041
3 2962 2963 3043
3 2962 3043 3042
3 2963 2964 3044
3 2963 3044 3043
3 2964 2965 3045
3 2964 3045 3044
3 2965 2966 3046
3 2965 3046 3045
3 2966 2967 3047
3 2966 3047 3046
3 2967 2968 3048
3 2967 3048 3047
3 2968 2969 3049
3 2968 3049 3048
3 2969 2970 3050
3 2969 3050 3049
3 2970 2971 3051
3 2970 3051 3050
3 2971 2972 3052
3 2971 3052 3051
3 2972 2973 3053
3 2972 3053 3052
3 2973 2974 3054
3 2973 3054 3053
3 2974 2975 3055
3 2974 3055 3054
3 2975 2976 3056
3 2975 3056 3055
3 2976 2977 3057
3 2976 3057 3056
3 2977 2978 3058
3 2977 3058 3057
3 2978 2979 3059
3 2978 3059 3058
3 2979 2980 3060
3 2979 3060 3059
3 2980 2981 3061
3 2980 3061 3060
3 2981 2982 3062
3 2981 3062 3061
3 2982 2983 3063
3 2982 3063 3062
3 2983 2984 3064
3 2983 3064 3063
3 2984 2985 3065
3 2984 3065 3064
3 2985 2986 3066
3 2985 3066 3065
3 2986 2987 3067
3 2986 3067 3066
3 2987 2988 3068
3 2987 3068 3067
3 2988 2989 3069
3 2988 3069 3068
3 2989 2990 3070
3 2989 3070 3069
3 2990 2991 3071
3 2990 3071 3070
3 2991 2992 3072
3 2991 3072 3071
3 2992 2993 3073
3 2992 3073 3072
3 2993 2994 3074
3 2993 3074 3073
3 2994 2995 3075
3 2994 3075 3074
3 2995 2996 3076
3 2995 3076 3075
3 2996 2997 3077
3 2996 3077 3076
3 2997 2998 3078
3 2997 3078 3077
3 2998 2999 3079
3 2998 3079 3078
3 2999 3000 3080
3 2999 3080 3079
3 3000 3001 3081
3 3000 3081 3080
3 3001 3002 3082
3 3001 3082 3081
3 3002 3003 3083
3 3002 3083 3082
3 3003 3004 3084
3 3003 3084 3083
3 3004 3005 3085
3 3004 3085 3084
3 3005 3006 3086
3 3005 3086 3085
3 3006 3007 3087
3 3006 3087 3086
3 3007 3008 3088
3 3007 3088 3087
3 3008 3009 3089
3 3008 3089 3088
3 3009 3010 3090
3 3009 3090 3089
3 3010 3011 3091
3 3010 3091 3090
3 3011 3012 3092
3 3011 3092 3091
3 3012 3013 3093
3 3012 3093 3092
3 3013 3014 3094
3 3013 3094 3093
3 3014 3015 3095
3 3014 3095 3094
3 3015 3016 3096
3 3015 3096 3095
3 3016 3017 3097
3 3016 3097 3096
3 3017 3018 3098
3 3017 3098 3097
3 3018 3019 3099
3 3018 3099 3098
3 3019 3020 3100
3 3019 3100 3099
3 3020 3021 3101
3 3020 3101 3100
3 3021 3022 3102
3 3021 3102 3101
3 3022 3023 3103
3 3022 3103 3102
3 3023 3024 3104
3 3023 3104 3103
3 3024 3025 3105
3 3024 3105 3104
3 3025 3026 3106
3 3025 3106 3105
3 3026 3027 3107
3 3026 3107 3106
3 3027 3028 3108
3 3027 3108 3107
3 3028 3029 3109
3 3028 3109 3108
3 3029 3030 3110
3 3029 3110 3109
3 3030 3031 3111
3 3030 3111 3110
3 3031 3032 3112
3 3031 3112 3111
3 3032 3033 3113
3 3032 3113 3112
3 3033 3034 3114
3 3033 3114 3113
3 3034 3035 3115
3 3034 3115 3114
3 3035 3036 3116
3 3035 3116 3115
3 3036 3037 3117
3 3036 3117 3116
3 3037 3038 3118
3 3037 3118 3117
3 3038 3039 3119
3 3038 3119 3118
3 3039 2960 3040
3 3039 3040 3119
3 3040 3041 3121
3 3040 3121 3120
3 3041 3042 3122
3 3041 3122 3121
3 3042 3043 3123
3 3042 3123 3122
3 3043 3044 3124
3 3043 3124 3123
3 3044 3045 3125
3 3044 3125 3124
3 3045 3046 3126
3 3045 3126 3125
3 3046 3047 3127
3 3046 3127 3126
3 3047 3048 3128
3 3047 3128 3127
3 3048 3049 3129
3 3048 3129 3128
3 3049 3050 3130
3 3049 3130 3129
3 3050 3051 3131
3 3050 3131 3130
3 3051 3052 3132
3 3051 3132 3131
3 3052 3053 3133
3 3052 3133 3132
3 3053 3054 3134
3 3053 3134 3133
3 3054 3055 3135
3 3054 3135 3134
3 3055 3056 3136
3 3055 3136 3135
3 3056 3057 3137
3 3056 3137 3136
3 3057 3058 3138
3 3057 3138 3137
3 3058 3059 3139
3 3058 3139 3138
3 3059 3060 3140
3 3059 3140 3139
3 3060 3061 3141
3 3060 3141 3140
3 3061 3062 3142
3 3061 3142 3141
3 3062 3063 3143
3 3062 3143 3142
3 3063 3064 3144
3 3063 3144 3143
3 3064 3065 3145
3 3064 3145 3144
3 3065 3066 3146
3 3065 3146 3145
3 3066 3067 3147
3 3066 3147 3146
3 3067 3068 3148
3 3067 3148 3147
3 3068 3069 3149
3 3068 3149 3148
3 3069 3070 3150
3 3069 3150 3149
3 3070 3071 3151
3 3070 3151 3150
3 3071 3072 3152
3 3071 3152 3151
3 3072 3073 3153
3 3072 3153 3152
3 3073 3074 3154
3 3073 3154 3153
3 3074 3075 3155
3 3074 3155 3154
3 3075 3076 3156
3 3075 3156 3155
3 3076 3077 3157
3 3076 3157 3156
3 3077 3078 3158
3 3077 3158 3157
3 3078 3079 3159
3 3078 3159 3158
3 3079 3080 3160
3 3079 3160 3159
3 3080 3081 3161
3 3080 3161 3160
3 3081 3082 3162
3 3081 3162 3161
3 3082 3083 3163
3 3082 3163 3162
3 3083 3084 3164
3 3083 3164 3163
3 3084 3085 3165
3 3084 3165 3164
3 3085 3086 3166
3 3085 3166 3165
3 3086 3087 3167
3 3086 3167 3166
3 3087 3088 3168
3 3087 3168 3167
3 3088 3089 3169
3 3088 3169 3168
3 3089 3090 3170
3 3089 3170 3169
3 3090 3091 3171
3 3090 3171 3170
3 3091 3092 3172
3 3091 3172 3171
3 3092 3093 3173
3 3092 3173 3172
3 3093 3094 3174
3 3093 3174 3173
3 3094 3095 3175
3 3094 3175 3174
3 3095 3096 3176
3 3095 3176 3175
3 3096 3097 3177
3 3096 3177 3176
3 3097 3098 3178
3 3097 3178 3177
3 3098 3099 3179
3 3098 3179 3178
3 3099 3100 3180
3 3099 3180 3179
3 3100 3101 3181
3 3100 3181 3180
3 3101 3102 3182
3 3101 3182 3181
3 3102 3103 3183
3 3102 3183 3182
3 3103 3104 3184
3 3103 3184 3183
3 3104 3105 3185
3 3104 3185 3184
3 3105 3106 3186
3 3105 3186 3185
3 3106 3107 3187
3 3106 3187 3186
3 3107 3108 3188
3 3107 3188 3187
3 3108 3109 3189
3 3108 3189 3188
3 3109 3110 3190
3 3109 3190 3189
3 3110 3111 3191
3 3110 3191 3190
3 3111 3112 3192
3 3111 3192 3191
3 3112 3113 3193
3 3112 3193 3192
3 3113 3114 3194
3 3113 3194 3193
3 3114 3115 3195
3 3114 3195 3194
3 3115 3116 3196
3 3115 3196 3195
3 3116 3117 3197
3 3116 3197 3196
3 3117 3118 3198
3 3117 3198 3197
3 3118 3119 3199
3 3118 3199 3198
3 3119 3040 3120
3 3119 3120 3199
3 3120 3121 3201
3 3120 3201 3200
3 3121 3122 3202
3 3121 3202 3201
3 3122 3123 3203
3 3122 3203 3202
3 3123 3124 3204
3 3123 3204 3203
3 3124 3125 3205
3 3124 3205 3204
3 3125 3126 3206
3 3125 3206 3205
3 3126 3127 3207
3 3126 3207 3206
3 3127 3128 3208
3 3127 3208 3207
3 3128 3129 3209
3 3128 3209 3208
3 3129 3130 3210
3 3129 3210 3209
3 3130 3131 3211
3 3130 3211 3210
3 3131 3132 3212
3 3131 3212 3211
3 3132 3133 3213
3 3132 3213 3212
3 3133 3134 3214
3 3133 3214 3213
3 3134 3135 3215
3 3134 3215 3214
3 3135 3136 3216
3 3135 3216 3215
3 3136 3137 3217
3 3136 3217 3216
3 3137 3138 3218
3 3137 3218 3217
3 3138 3139 3219
3 3138 3219 3218
3 3139 3140 3220
3 3139 3220 3219
3 3140 3141 3221
3 3140 3221 3220
3 3141 3142 3222
3 3141 3222 3221
3 3142 3143 3223
3 3142 3223 3222
3 3143 3144 3224
3 3143 3224 3223
3 3144 3145 3225
3 3144 3225 3224
3 3145 3146 3226
3 3145 3226 3225
3 3146 3147 3227
3 3146 3227 3226
3 3147 3148 3228
3 3147 3228 3227
3 3148 3149 3229
3 3148 3229 3228
3 3149 3150 3230
3 3149 3230 3229
3 3150 3151 3231
3 3150 3231 3230
3 3151 3152 3232
3 3151 3232 3231
3 3152 3153 3233
3 3152 3233 3232
3 3153 3154 3234
3 3153 3234 3233
3 3154 3155 3235
3 3154 3235 3234
3 3155 3156 3236
3 3155 3236 3235
3 3156 3157 3237
3 3156 3237 3236
3 3157 3158 3238
3 3157 3238 3237
3 3158 3159 3239
3 3158 3239 3238
3 3159 3160 3240
3 3159 3240 3239
3 3160 3161 3241
3 3160 3241 3240
3 3161 3162 3242
3 3161 3242 3241
3 3162 3163 3243
3 3162 3243 3242
3 3163 3164 3244
3 3163 3244 3243
3 3164 3165 3245
3 3164 3245 3244
3 3165 3166 3246
3 3165 3246 3245
3 3166 3167 3247
3 3166 3247 3246
3 3167 3168 3248
3 3167 3248 3247
3 3168 3169 3249
3 3168 3249 3248
3 3169 3170 3250
3 3169 3250 3249
3 3170 3171 3251
3 3170 3251 3250
3 3171 3172 3252
3 3171 3252 3251
3 3172 3173 3253
3 3172 3253 3252
3 3173 3174 3254
3 3173 3254 3253
3 3174 3175 3255
3 3174 3255 3254
3 3175 3176 3256
3 3175 3256 3255
3 3176 3177 3257
3 3176 3257 3256
3 3177 3178 3258
3 3177 3258 3257
3 3178 3179 3259
3 3178 3259 3258
3 3179 3180 3260
3 3179 3260 3259
3 3180 3181 3261
3 3180 3261 3260
3 3181 3182 3262
3 3181 3262 3261
3 3182 3183 3263
3 3182 3263 3262
3 3183 3184 3264
3 3183 3264 3263
3 3184 3185 3265
3 3184 3265 3264
3 3185 3186 3266
3 3185 3266 3265
3 3186 3187 3267
3 3186 3267 3266
3 3187 3188 3268
3 3187 3268 3267
3 3188 3189 3269
3 3188 3269 3268
3 3189 3190 3270
3 3189 3270 3269
3 3190 3191 3271
3 3190 3271 3270
3 3191 3192 3272
3 3191 3272 3271
3 3192 3193 3273
3 3192 3273 3272
3 3193 3194 3274
3 3193 3274 3273
3 3194 3195 3275
3 3194 3275 3274
3 3195 3196 3276
3 3195 3276 3275
3 3196 3197 3277
3 3196 3277 3276
3 3197 3198 3278
3 3197 3278 3277
3 3198 3199 3279
3 3198 3279 3278
3 3199 3120 3200
3 3199 3200 3279
3 3200 3201 3281
3 3200 3281 3280
3 3201 3202 3282
3 3201 3282 3281
3 3202 3203 3283
3 3202 3283 3282
3 3203 3204 3284
3 3203 3284 3283
3 3204 3205 3285
3 3204 3285 3284
3 3205 3206 3286
3 3205 3286 3285
3 3206 3207 3287
3 3206 3287 3286
3 3207 3208 3288
3 3207 3288 3287
3 3208 3209 3289
3 3208 3289 3288
3 3209 3210 3290
3 3209 3290 3289
3 3210 3211 3291
3 3210 3291 3290
3 3211 3212 3292
3 3211 3292 3291
3 3212 3213 3293
3 3212 3293 3292
3 3213 3214 3294
3 3213 3294 3293
3 3214 3215 3295
3 3214 3295 3294
3 3215 3216 3296
3 3215 3296 3295
3 3216 3217 3297
3 3216 3297 3296
3 3217 3218 3298
3 3217 3298 3297
3 3218 3219 3299
3 3218 3299 3298
3 3219 3220 3300
3 3219 3300 3299
3 3220 3221 3301
3 3220 3301 3300
3 3221 3222 3302
3 3221 3302 3301
3 3222 3223 3303
3 3222 3303 3302
3 3223 3224 3304
3 3223 3304 3303
3 3224 3225 3305
3 3224 3305 3304
3 3225 3226 3306
3 3225 3306 3305
3 3226 3227 3307
3 3226 3307 3306
3 3227 3228 3308
3 3227 3308 3307
3 3228 3229 3309
3 3228 3309 3308
3 3229 3230 3310
3 3229 3310 3309
3 3230 3231 3311
3 3230 3311 3310
3 3231 3232 3312
3 3231 3312 3311
3 3232 3233 3313
3 3232 3313 3312
3 3233 3234 3314
3 3233 3314 3313
3 3234 3235 3315
3 3234 3315 3314
3 3235 3236 3316
3 3235 3316 3315
3 3236 3237 3317
3 3236 3317 3316
3 3237 3238 3318
3 3237 3318 3317
3 3238 3239 3319
3 3238 3319 3318
3 3239 3240 3320
3 3239 3320 3319
3 3240 3241 3321
3 3240 3321 3320
3 3241 3242 3322
3 3241 3322 3321
3 3242 3243 3323
3 3242 3323 3322
3 3243 3244 3324
3 3243 3324 3323
3 3244 3245 3325
3 3244 3325 3324
3 3245 3246 3326
3 3245 3326 3325
3 3246 3247 3327
3 3246 3327 3326
3 3247 3248 3328
3 3247 3328 3327
3 3248 3249 3329
3 3248 3329 3328
3 3249 3250 3330
3 3249 3330 3329
3 3250 3251 3331
3 3250 3331 3330
3 3251 3252 3332
3 3251 3332 3331
3 3252 3253 3333
3 3252 3333 3332
3 3253 3254 3334
3 3253 3334 3333
3 3254 3255 3335
3 3254 3335 3334
3 3255 3256 3336
3 3255 3336 3335
3 3256 3257 3337
3 3256 3337 3336
3 3257 3258 3338
3 3257 3338 3337
3 3258 3259 3339
3 3258 3339 3338
3 3259 3260 3340
3 3259 3340 3339
3 3260 3261 3341
3 3260 3341 3340
3 3261 3262 3342
3 3261 3342 3341
3 3262 3263 3343
3 3262 3343 3342
3 3263 3264 3344
3 3263 3344 3343
3 3264 3265 3345
3 3264 3345 3344
3 3265 3266 3346
3 3265 3346 3345
3 3266 3267 3347
3 3266 3347 3346
3 3267 3268 3348
3 3267 3348 3347
3 3268 3269 3349
3 3268 3349 3348
3 3269 3270 3350
3 3269 3350 3349
3 3270 3271 3351
3 3270 3351 3350
3 3271 3272 3352
3 3271 3352 3351
3 3272 3273 3353
3 3272 3353 3352
3 3273 3274 3354
3 3273 3354 3353
3 3274 3275 3355
3 3274 3355 3354
3 3275 3276 3356
3 3275 3356 3355
3 3276 3277 3357
3 3276 3357 3356
3 3277 3278 3358
3 3277 3358 3357
3 3278 3279 3359
3 3278 3359 3358
3 3279 3200 3280
3 3279 3280 3359
3 3280 3281 3361
3 3280 3361 3360
3 3281 3282 3362
3 3281 3362 3361
3 3282 3283 3363
3 3282 3363 3362
3 3283 3284 3364
3 3283 3364 3363
3 3284 3285 3365
3 3284 3365 3364
3 3285 3286 3366
3 3285 3366 3365
3 3286 3287 3367
3 3286 3367 3366
3 3287 3288 3368
3 3287 3368 3367
3 3288 3289 3369
3 3288 3369 3368
3 3289 3290 3370
3 3289 3370 3369
3 3290 3291 3371
3 3290 3371 3370
3 3291 3292 3372
3 3291 3372 3371
3 3292 3293 3373
3 3292 3373 3372
3 3293 3294 3374
3 3293 3374 3373
3 3294 3295 3375
3 3294 3375 3374
3 3295 3296 3376
3 3295 3376 3375
3 3296 3297 3377
3 3296 3377 3376
3 3297 3298 3378
3 3297 3378 3377
3 3298 3299 3379
3 3298 3379 3378
3 3299 3300 3380
3 3299 3380 3379
3 3300 3301 3381
3 3300 3381 3380
3 3301 3302 3382
3 3301 3382 3381
3 3302 3303 3383
3 3302 3383 3382
3 3303 3304 3384
3 3303 3384 3383
3 3304 3305 3385
3 3304 3385 3384
3 3305 3306 3386
3 3305 3386 3385
3 3306 3307 3387
3 3306 3387 3386
3 3307 3308 3388
3 3307 3388 3387
3 3308 3309 3389
3 3308 3389 3388
3 3309 3310 3390
3 3309 3390 3389
3 3310 3311 3391
3 3310 3391 3390
3 3311 3312 3392
3 3311 3392 3391
3 3312 3313 3393
3 3312 3393 3392
3 3313 3314 3394
3 3313 3394 3393
3 3314 3315 3395
3 3314 3395 3394
3 3315 3316 3396
3 3315 3396 3395
3 3316 3317 3397
3 3316 3397 3396
3 3317 3318 3398
3 3317 3398 3397
3 3318 3319 3399
3 3318 3399 3398
3 3319 3320 3400
3 3319 3400 3399
3 3320 3321 3401
3 3320 3401 3400
3 3321 3322 3402
3 3321 3402 3401
3 3322 3323 3403
3 3322 3403 3402
3 3323 3324 3404
3 3323 3404 3403
3 3324 3325 3405
3 3324 3405 3404
3 3325 3326 3406
3 3325 3406 3405
3 3326 3327 3407
3 3326 3407 3406
3 3327 3328 3408
3 3327 3408 3407
3 3328 3329 3409
3 3328 3409 3408
3 3329 3330 3410
3 3329 3410 3409
3 3330 3331 3411
3 3330 3411 3410
3 3331 3332 3412
3 3331 3412 3411
3 3332 3333 3413
3 3332 3413 3412
3 3333 3334 3414
3 3333 3414 3413
3 3334 3335 3415
3 3334 3415 3414
3 3335 3336 3416
3 3335 3416 3415
3 3336 3337 3417
3 3336 3417 3416
3 3337 3338 3418
3 3337 3418 3417
3 3338 3339 3419
3 3338 3419 3418
3 3339 3340 3420
3 3339 3420 3419
3 3340 3341 3421
3 3340 3421 3420
3 3341 3342 3422
3 3341 3422 3421
3 3342 3343 3423
3 3342 3423 3422
3 3343 3344 3424
3 3343 3424 3423
3 3344 3345 3425
3 3344 3425 3424
3 3345 3346 3426
3 3345 3426 3425
3 3346 3347 3427
3 3346 3427 3426
3 3347 3348 3428
3 3347 3428 3427
3 3348 3349 3429
3 3348 3429 3428
3 3349 3350 3430
3 3349 3430 3429
3 3350 3351 3431
3 3350 3431 3430
3 3351 3352 3432
3 3351 3432 3431
3 3352 3353 3433
3 3352 3433 3432
3 3353 3354 3434
3 3353 3434 3433
3 3354 3355 3435
3 3354 3435 3434
3 3355 3356 3436
3 3355 3436 3435
3 3356 3357 3437
3 3356 3437 3436
3 3357 3358 3438
3 3357 3438 3437
3 3358 3359 3439
3 3358 3439 3438
3 3359 3280 3360
3 3359 3360 3439
3 3360 3361 3441
3 3360 3441 3440
3 3361 3362 3442
3 3361 3442 3441
3 3362 3363 3443
3 3362 3443 3442
3 3363 3364 3444
3 3363 3444 3443
3 3364 3365 3445
3 3364 3445 3444
3 3365 3366 3446
3 3365 3446 3445
3 3366 3367 3447
3 3366 3447 3446
3 3367 3368 3448
3 3367 3448 3447
3 3368 3369 3449
3 3368 3449 3448
3 3369 3370 3450
3 3369 3450 3449
3 3370 3371 3451
3 3370 3451 3450
3 3371 3372 3452
3 3371 3452 3451
3 3372 3373 3453
3 3372 3453 3452
3 3373 3374 3454
3 3373 3454 3453
3 3374 3375 3455
3 3374 3455 3454
3 3375 3376 3456
3 3375 3456 3455
3 3376 3377 3457
3 3376 3457 3456
3 3377 3378 3458
3 3377 3458 3457
3 3378 3379 3459
3 3378 3459 3458
3 3379 3380 3460
3 3379 3460 3459
3 3380 3381 3461
3 3380 3461 3460
3 3381 3382 3462
3 3381 3462 3461
3 3382 3383 3463
3 3382 3463 3462
3 3383 3384 3464
3 3383 3464 3463
3 3384 3385 3465
3 3384 3465 3464
3 3385 3386 3466
3 3385 3466 3465
3 3386 3387 3467
3 3386 3467 3466
3 3387 3388 3468
3 3387 3468 3467
3 3388 3389 3469
3 3388 3469 3468
3 3389 3390 3470
3 3389 3470 3469
3 3390 3391 3471
3 3390 3471 3470
3 3391 3392 3472
3 3391 3472 3471
3 3392 3393 3473
3 3392 3473 3472
3 3393 3394 3474
3 3393 3474 3473
3 3394 3395 3475
3 3394 3475 3474
3 3395 3396 3476
3 3395 3476 3475
3 3396 3397 3477
3 3396 3477 3476
3 3397 3398 3478
3 3397 3478 3477
3 3398 3399 3479
3 3398 3479 3478
3 3399 3400 3480
3 3399 3480 3479
3 3400 3401 3481
3 3400 3481 3480
3 3401 3402 3482
3 3401 3482 3481
3 3402 3403 3483
3 3402 3483 3482
3 3403 3404 3484
3 3403 3484 3483
3 3404 3405 3485
3 3404 3485 3484
3 3405 3406 3486
3 3405 3486 3485
3 3406 3407 3487
3 3406 3487 3486
3 3407 3408 3488
3 3407 3488 3487
3 3408 3409 3489
3 3408 3489 3488
3 3409 3410 3490
3 3409 3490 3489
3 3410 3411 3491
3 3410 3491 3490
3 3411 3412 3492
3 3411 3492 3491
3 3412 3413 3493
3 3412 3493 3492
3 3413 3414 3494
3 3413 3494 3493
3 3414 3415 3495
3 3414 3495 3494
3 3415 3416 3496
3 3415 3496 3495
3 3416 3417 3497
3 3416 3497 3496
3 3417 3418 3498
3 3417 3498 3497
3 3418 3419 3499
3 3418 3499 3498
3 3419 3420 3500
3 3419 3500 3499
3 3420 3421 3501
3 3420 3501 3500
3 3421 3422 3502
3 3421 3502 3501
3 3422 3423 3503
3 3422 3503 3502
3 3423 3424 3504
3 3423 3504 3503
3 3424 3425 3505
3 3424 3505 3504
3 3425 3426 3506
3 3425 3506 3505
3 3426 3427 3507
3 3426 3507 3506
3 3427 3428 3508
3 3427 3508 3507
3 3428 3429 3509
3 3428 3509 3508
3 3429 3430 3510
3 3429 3510 3509
3 3430 3431 3511
3 3430 3511 3510
3 3431 3432 3512
3 3431 3512 3511
3 3432 3433 3513
3 3432 3513 3512
3 3433 3434 3514
3 3433 3514 3513
3 3434 3435 3515
3 3434 3515 3514
3 3435 3436 3516
3 3435 3516 3515
3 3436 3437 3517
3 3436 3517 3516
3 3437 3438 3518
3 3437 3518 3517
3 3438 3439 3519
3 3438 3519 3518
3 3439 3360 3440
3 3439 3440 3519
3 3440 3441 3521
3 3440 3521 3520
3 3441 3442 3522
3 3441 3522 3521
3 3442 3443 3523
3 3442 3523 3522
3 3443 3444 3524
3 3443 3524 3523
3 3444 3445 3525
3 3444 3525 3524
3 3445 3446 3526
3 3445 3526 3525
3 3446 3447 3527
3 3446 3527 3526
3 3447 3448 3528
3 3447 3528 3527
3 3448 3449 3529
3 3448 3529 3528
3 3449 3450 3530
3 3449 3530 3529
3 3450 3451 3531
3 3450 3531 3530
3 3451 3452 3532
3 3451 3532 3531
3 3452 3453 3533
3 3452 3533 3532
3 3453 3454 3534
3 3453 3534 3533
3 3454 3455 3535
3 3454 3535 3534
3 3455 3456 3536
3 3455 3536 3535
3 3456 3457 3537
3 3456 3537 3536
3 3457 3458 3538
3 3457 3538 3537
3 3458 3459 3539
3 3458 3539 3538
3 3459 3460 3540
3 3459 3540 3539
3 3460 3461 3541
3 3460 3541 3540
3 3461 3462 3542
3 3461 3542 3541
3 3462 3463 3543
3 3462 3543 3542
3 3463 3464 3544
3 3463 3544 3543
3 3464 3465 3545
3 3464 3545 3544
3 3465 3466 3546
3 3465 3546 3545
3 3466 3467 3547
3 3466 3547 3546
3 3467 3468 3548
3 3467 3548 3547
3 3468 3469 3549
3 3468 3549 3548
3 3469 3470 3550
3 3469 3550 3549
3 3470 3471 3551
3 3470 3551 3550
3 3471 3472 3552
3 3471 3552 3551
3 3472 3473 3553
3 3472 3553 3552
3 3473 3474 3554
3 3473 3554 3553
3 3474 3475 3555
3 3474 3555 3554
3 3475 3476 3556
3 3475 3556 3555
3 3476 3477 3557
3 3476 3557 3556
3 3477 3478 3558
3 3477 3558 3557
3 3478 3479 3559
3 3478 3559 3558
3 3479 3480 3560
3 3479 3560 3559
3 3480 3481 3561
3 3480 3561 3560
3 3481 3482 3562
3 3481 3562 3561
3 3482 3483 3563
3 3482 3563 3562
3 3483 3484 3564
3 3483 3564 3563
3 3484 3485 3565
3 3484 3565 3564
3 3485 3486 3566
3 3485 3566 3565
3 3486 3487 3567
3 3486 3567 3566
3 3487 3488 3568
3 3487 3568 3567
3 3488 3489 3569
3 3488 3569 3568
3 3489 3490 3570
3 3489 3570 3569
3 3490 3491 3571
3 3490 3571 3570
3 3491 3492 3572
3 3491 3572 3571
3 3492 3493 3573
3 3492 3573 3572
3 3493 3494 3574
3 3493 3574 3573
3 3494 3495 3575
3 3494 3575 3574
3 3495 3496 3576
3 3495 3576 3575
3 3496 3497 3577
3 3496 3577 3576
3 3497 3498 3578
3 3497 3578 3577
3 3498 3499 3579
3 3498 3579 3578
3 3499 3500 3580
3 3499 3580 3579
3 3500 3501 3581
3 3500 3581 3580
3 3501 3502 3582
3 3501 3582 3581
3 3502 3503 3583
3 3502 3583 3582
3 3503 3504 3584
3 3503 3584 3583
3 3504 3505 3585
3 3504 3585 3584
3 3505 3506 3586
3 3505 3586 3585
3 3506 3507 3587
3 3506 3587 3586
3 3507 3508 3588
3 3507 3588 3587
3 3508 3509 3589
3 3508 3589 3588
3 3509 3510 3590
3 3509 3590 3589
3 3510 3511 3591
3 3510 3591 3590
3 3511 3512 3592
3 3511 3592 3591
3 3512 3513 3593
3 3512 3593 3592
3 3513 3514 3594
3 3513 3594 3593
3 3514 3515 3595
3 3514 3595 3594
3 3515 3516 3596
3 3515 3596 3595
3 3516 3517 3597
3 3516 3597 3596
3 3517 3518 3598
3 3517 3598 3597
3 3518 3519 3599
3 3518 3599 3598
3 3519 3440 3520
3 3519 3520 3599
3 3520 3521 3601
3 3520 3601 3600
3 3521 3522 3602
3 3521 3602 3601
3 3522 3523 3603
3 3522 3603 3602
3 3523 3524 3604
3 3523 3604 3603
3 3524 3525 3605
3 3524 3605 3604
3 3525 3526 3606
3 3525 3606 3605
3 3526 3527 3607
3 3526 3607 3606
3 3527 3528 3608
3 3527 3608 3607
3 3528 3529 3609
3 3528 3609 3608
3 3529 3530 3610
3 3529 3610 3609
3 3530 3531 3611
3 3530 3611 3610
3 3531 3532 3612
3 3531 3612 3611
3 3532 3533 3613
3 3532 3613 3612
3 3533 3534 3614
3 3533 3614 3613
3 3534 3535 3615
3 3534 3615 3614
3 3535 3536 3616
3 3535 3616 3615
3 3536 3537 3617
3 3536 3617 3616
3 3537 3538 3618
3 3537 3618 3617
3 3538 3539 3619
3 3538 3619 3618
3 3539 3540 3620
3 3539 3620 3619
3 3540 3541 3621
3 3540 3621 3620
3 3541 3542 3622
3 3541 3622 3621
3 3542 3543 3623
3 3542 3623 3622
3 3543 3544 3624
3 3543 3624 3623
3 3544 3545 3625
3 3544 3625 3624
3 3545 3546 3626
3 3545 3626 3625
3 3546 3547 3627
3 3546 3627 3626
3 3547 3548 3628
3 3547 3628 3627
3 3548 3549 3629
3 3548 3629 3628
3 3549 3550 3630
3 3549 3630 3629
3 3550 3551 3631
3 3550 3631 3630
3 3551 3552 3632
3 3551 3632 3631
3 3552 3553 3633
3 3552 3633 3632
3 3553 3554 3634
3 3553 3634 3633
3 3554 3555 3635
3 3554 3635 3634
3 3555 3556 3636
3 3555 3636 3635
3 3556 3557 3637
3 3556 3637 3636
3 3557 3558 3638
3 3557 3638 3637
3 3558 3559 3639
3 3558 3639 3638
3 3559 3560 3640
3 3559 3640 3639
3 3560 3561 3641
3 3560 3641 3640
3 3561 3562 3642
3 3561 3642 3641
3 3562 3563 3643
3 3562 3643 3642
3 3563 3564 3644
3 3563 3644 3643
3 3564 3565 3645
3 3564 3645 3644
3 3565 3566 3646
3 3565 3646 3645
3 3566 3567 3647
3 3566 3647 3646
3 3567 3568 3648
3 3567 3648 3647
3 3568 3569 3649
3 3568 3649 3648
3 3569 3570 3650
3 3569 3650 3649
3 3570 3571 3651
3 3570 3651 3650
3 3571 3572 3652
3 3571 3652 3651
3 3572 3573 3653
3 3572 3653 3652
3 3573 3574 3654
3 3573 3654 3653
3 3574 3575 3655
3 3574 3655 3654
3 3575 3576 3656
3 3575 3656 3655
3 3576 3577 3657
3 3576 3657 3656
3 3577 3578 3658
3 3577 3658 3657
3 3578 3579 3659
3 3578 3659 3658
3 3579 3580 3660
3 3579 3660 3659
3 3580 3581 3661
3 3580 3661 3660
3 3581 3582 3662
3 3581 3662 3661
3 3582 3583 3663
3 3582 3663 3662
3 3583 3584 3664
3 3583 3664 3663
3 3584 3585 3665
3 3584 3665 3664
3 3585 3586 3666
3 3585 3666 3665
3 3586 3587 3667
3 3586 3667 3666
3 3587 3588 3668
3 3587 3668 3667
3 3588 3589 3669
3 3588 3669 3668
3 3589 3590 3670
3 3589 3670 3669
3 3590 3591 3671
3 3590 3671 3670
3 3591 3592 3672
3 3591 3672 3671
3 3592 3593 3673
3 3592 3673 3672
3 3593 3594 3674
3 3593 3674 3673
3 3594 3595 3675
3 3594 3675 3674
3 3595 3596 3676
3 3595 3676 3675
3 3596 3597 3677
3 3596 3677 3676
3 3597 3598 3678
3 3597 3678 3677
3 3598 3599 3679
3 3598 3679 3678
3 3599 3520 3600
3 3599 3600 3679
3 3600 3601 3681
3 3600 3681 3680
3 3601 3602 3682
3 3601 3682 3681
3 3602 3603 3683
3 3602 3683 3682
3 3603 3604 3684
3 3603 3684 3683
3 3604 3605 3685
3 3604 3685 3684
3 3605 3606 3686
3 3605 3686 3685
3 3606 3607 3687
3 3606 3687 3686
3 3607 3608 3688
3 3607 3688 3687
3 3608 3609 3689
3 3608 3689 3688
3 3609 3610 3690
3 3609 3690 3689
3 3610 3611 3691
3 3610 3691 3690
3 3611 3612 3692
3 3611 3692 3691
3 3612 3613 3693
3 3612 3693 3692
3 3613 3614 3694
3 3613 3694 3693
3 3614 3615 3695
3 3614 3695 3694
3 3615 3616 3696
3 3615 3696 3695
3 3616 3617 3697
3 3616 3697 3696
3 3617 3618 3698
3 3617 3698 3697
3 3618 3619 3699
3 3618 3699 3698
3 3619 3620 3700
3 3619 3700 3699
3 3620 3621 3701
3 3620 3701 3700
3 3621 3622 3702
3 3621 3702 3701
3 3622 3623 3703
3 3622 3703 3702
3 3623 3624 3704
3 3623 3704 3703
3 3624 3625 3705
3 3624 3705 3704
3 3625 3626 3706
3 3625 3706 3705
3 3626 3627 3707
3 3626 3707 3706
3 3627 3628 3708
3 3627 3708 3707
3 3628 3629 3709
3 3628 3709 3708
3 3629 3630 3710
3 3629 3710 3709
3 3630 3631 3711
3 3630 3711 3710
3 3631 3632 3712
3 3631 3712 3711
3 3632 3633 3713
3 3632 3713 3712
3 3633 3634 3714
3 3633 3714 3713
3 3634 3635 3715
3 3634 3715 3714
3 3635 3636 3716
3 3635 3716 3715
3 3636 3637 3717
3 3636 3717 3716
3 3637 3638 3718
3 3637 3718 3717
3 3638 3639 3719
3 3638 3719 3718
3 3639 3640 3720
3 3639 3720 3719
3 3640 3641 3721
3 3640 3721 3720
3 3641 3642 3722
3 3641 3722 3721
3 3642 3643 3723
3 3642 3723 3722
3 3643 3644 3724
3 3643 3724 3723
3 3644 3645 3725
3 3644 3725 3724
3 3645 3646 3726
3 3645 3726 3725
3 3646 3647 3727
3 3646 3727 3726
3 3647 3648 3728
3 3647 3728 3727
3 3648 3649 3729
3 3648 3729 3728
3 3649 3650 3730
3 3649 3730 3729
3 3650 3651 3731
3 3650 3731 3730
3 3651 3652 3732
3 3651 3732 3731
3 3652 3653 3733
3 3652 3733 3732
3 3653 3654 3734
3 3653 3734 3733
3 3654 3655 3735
3 3654 3735 3734
3 3655 3656 3736
3 3655 3736 3735
3 3656 3657 3737
3 3656 3737 3736
3 3657 3658 3738
3 3657 3738 3737
3 3658 3659 3739
3 3658 3739 3738
3 3659 3660 3740
3 3659 3740 3739
3 3660 3661 3741
3 3660 3741 3740
3 3661 3662 3742
3 3661 3742 3741
3 3662 3663 3743
3 3662 3743 3742
3 3663 3664 3744
3 3663 3744 3743
3 3664 3665 3745
3 3664 3745 3744
3 3665 3666 3746
3 3665 3746 3745
3 3666 3667 3747
3 3666 3747 3746
3 3667 3668 3748
3 3667 3748 3747
3 3668 3669 3749
3 3668 3749 3748
3 3669 3670 3750
3 3669 3750 3749
3 3670 3671 3751
3 3670 3751 3750
3 3671 3672 3752
3 3671 3752 3751
3 3672 3673 3753
3 3672 3753 3752
3 3673 3674 3754
3 3673 3754 3753
3 3674 3675 3755
3 3674 3755 3754
3 3675 3676 3756
3 3675 3756 3755
3 3676 3677 3757
3 3676 3757 3756
3 3677 3678 3758
3 3677 3758 3757
3 3678 3679 3759
3 3678 3759 3758
3 3679 3600 3680
3 3679 3680 3759
3 3680 3681 3761
3 3680 3761 3760
3 3681 3682 3762
3 3681 3762 3761
3 3682 3683 3763
3 3682 3763 3762
3 3683 3684 3764
3 3683 3764 3763
3 3684 3685 3765
3 3684 3765 3764
3 3685 3686 3766
3 3685 3766 3765
3 3686 3687 3767
3 3686 3767 3766
3 3687 3688 3768
3 3687 3768 3767
3 3688 3689 3769
3 3688 3769 3768
3 3689 3690 3770
3 3689 3770 3769
3 3690 3691 3771
3 3690 3771 3770
3 3691 3692 3772
3 3691 3772 3771
3 3692 3693 3773
3 3692 3773 3772
3 3693 3694 3774
3 3693 3774 3773
3 3694 3695 3775
3 3694 3775 3774
3 3695 3696 3776
3 3695 3776 3775
3 3696 3697 3777
3 3696 3777 3776
3 3697 3698 3778
3 3697 3778 3777
3 3698 3699 3779
3 3698 3779 3778
3 3699 3700 3780
3 3699 3780 3779
3 3700 3701 3781
3 3700 3781 3780
3 3701 3702 3782
3 3701 3782 3781
3 3702 3703 3783
3 3702 3783 3782
3 3703 3704 3784
3 3703 3784 3783
3 3704 3705 3785
3 3704 3785 3784
3 3705 3706 3786
3 3705 3786 3785
3 3706 3707 3787
3 3706 3787 3786
3 3707 3708 3788
3 3707 3788 3787
3 3708 3709 3789
3 3708 3789 3788
3 3709 3710 3790
3 3709 3790 3789
3 3710 3711 3791
3 3710 3791 3790
3 3711 3712 3792
3 3711 3792 3791
3 3712 3713 3793
3 3712 3793 3792
3 3713 3714 3794
3 3713 3794 3793
3 3714 3715 3795
3 3714 3795 3794
3 3715 3716 3796
3 3715 3796 3795
3 3716 3717 3797
3 3716 3797 3796
3 3717 3718 3798
3 3717 3798 3797
3 3718 3719 3799
3 3718 3799 3798
3 3719 3720 3800
3 3719 3800 3799
3 3720 3721 3801
3 3720 3801 3800
3 3721 3722 3802
3 3721 3802 3801
3 3722 3723 3803
3 3722 3803 3802
3 3723 3724 3804
3 3723 3804 3803
3 3724 3725 3805
3 3724 3805 3804
3 3725 3726 3806
3 3725 3806 3805
3 3726 3727 3807
3 3726 3807 3806
3 3727 3728 3808
3 3727 3808 3807
3 3728 3729 3809
3 3728 3809 3808
3 3729 3730 3810
3 3729 3810 3809
3 3730 3731 3811
3 3730 3811 3810
3 3731 3732 3812
3 3731 3812 3811
3 3732 3733 3813
3 3732 3813 3812
3 3733 3734 3814
3 3733 3814 3813
3 3734 3735 3815
3 3734 3815 3814
3 3735 3736 3816
3 3735 3816 3815
3 3736 3737 3817
3 3736 3817 3816
3 3737 3738 3818
3 3737 3818 3817
3 3738 3739 3819
3 3738 3819 3818
3 3739 3740 3820
3 3739 3820 3819
3 3740 3741 3821
3 3740 3821 3820
3 3741 3742 3822
3 3741 3822 3821
3 3742 3743 3823
3 3742 3823 3822
3 3743 3744 3824
3 3743 3824 3823
3 3744 3745 3825
3 3744 3825 3824
3 3745 3746 3826
3 3745 3826 3825
3 3746 3747 3827
3 3746 3827 3826
3 3747 3748 3828
3 3747 3828 3827
3 3748 3749 3829
3 3748 3829 3828
3 3749 3750 3830
3 3749 3830 3829
3 3750 3751 3831
3 3750 3831 3830
3 3751 3752 3832
3 3751 3832 3831
3 3752 3753 3833
3 3752 3833 3832
3 3753 3754 3834
3 3753 3834 3833
3 3754 3755 3835
3 3754 3835 3834
3 3755 3756 3836
3 3755 3836 3835
3 3756 3757 3837
3 3756 3837 3836
3 3757 3758 3838
3 3757 3838 3837
3 3758 3759 3839
3 3758 3839 3838
3 3759 3680 3760
3 3759 3760 3839
3 3760 3761 3841
3 3760 3841 3840
3 3761 3762 3842
3 3761 3842 3841
3 3762 3763 3843
3 3762 3843 3842
3 3763 3764 3844
3 3763 3844 3843
3 3764 3765 3845
3 3764 3845 3844
3 3765 3766 3846
3 3765 3846 3845
3 3766 3767 3847
3 3766 3847 3846
3 3767 3768 3848
3 3767 3848 3847
3 3768 3769 3849
3 3768 3849 3848
3 3769 3770 3850
3 3769 3850 3849
3 3770 3771 3851
3 3770 3851 3850
3 3771 3772 3852
3 3771 3852 3851
3 3772 3773 3853
3 3772 3853 3852
3 3773 3774 3854
3 3773 3854 3853
3 3774 3775 3855
3 3774 3855 3854
3 3775 3776 3856
3 3775 3856 3855
3 3776 3777 3857
3 3776 3857 3856
3 3777 3778 3858
3 3777 3858 3857
3 3778 3779 3859
3 3778 3859 3858
3 3779 3780 3860
3 3779 3860 3859
3 3780 3781 3861
3 3780 3861 3860
3 3781 3782 3862
3 3781 3862 3861
3 3782 3783 3863
3 3782 3863 3862
3 3783 3784 3864
3 3783 3864 3863
3 3784 3785 3865
3 3784 3865 3864
3 3785 3786 3866
3 3785 3866 3865
3 3786 3787 3867
3 3786 3867 3866
3 3787 3788 3868
3 3787 3868 3867
3 3788 3789 3869
3 3788 3869 3868
3 3789 3790 3870
3 3789 3870 3869
3 3790 3791 3871
3 3790 3871 3870
3 3791 3792 3872
3 3791 3872 3871
3 3792 3793 3873
3 3792 3873 3872
3 3793 3794 3874
3 3793 3874 3873
3 3794 3795 3875
3 3794 3875 3874
3 3795 3796 3876
3 3795 3876 3875
3 3796 3797 3877
3 3796 3877 3876
3 3797 3798 3878
3 3797 3878 3877
3 3798 3799 3879
3 3798 3879 3878
3 3799 3800 3880
3 3799 3880 3879
3 3800 3801 3881
3 3800 3881 3880
3 3801 3802 3882
3 3801 3882 3881
3 3802 3803 3883
3 3802 3883 3882
3 3803 3804 3884
3 3803 3884 3883
3 3804 3805 3885
3 3804 3885 3884
3 3805 3806 3886
3 3805 3886 3885
3 3806 3807 3887
3 3806 3887 3886
3 3807 3808 3888
3 3807 3888 3887
3 3808 3809 3889
3 3808 3889 3888
3 3809 3810 3890
3 3809 3890 3889
3 3810 3811 3891
3 3810 3891 3890
3 3811 3812 3892
3 3811 3892 3891
3 3812 3813 3893
3 3812 3893 3892
3 3813 3814 3894
3 3813 3894 3893
3 3814 3815 3895
3 3814 3895 3894
3 3815 3816 3896
3 3815 3896 3895
3 3816 3817 3897
3 3816 3897 3896
3 3817 3818 3898
3 3817 3898 3897
3 3818 3819 3899
3 3818 3899 3898
3 3819 3820 3900
3 3819 3900 3899
3 3820 3821 3901
3 3820 3901 3900
3 3821 3822 3902
3 3821 3902 3901
3 3822 3823 3903
3 3822 3903 3902
3 3823 3824 3904
3 3823 3904 3903
3 3824 3825 3905
3 3824 3905 3904
3 3825 3826 3906
3 3825 3906 3905
3 3826 3827 3907
3 3826 3907 3906
3 3827 3828 3908
3 3827 3908 3907
3 3828 3829 3909
3 3828 3909 3908
3 3829 3830 3910
3 3829 3910 3909
3 3830 3831 3911
3 3830 3911 3910
3 3831 3832 3912
3 3831 3912 3911
3 3832 3833 3913
3 3832 3913 3912
3 3833 3834 3914
3 3833 3914 3913
3 3834 3835 3915
3 3834 3915 3914
3 3835 3836 3916
3 3835 3916 3915
3 3836 3837 3917
3 3836 3917 3916
3 3837 3838 3918
3 3837 3918 3917
3 3838 3839 3919
3 3838 3919 3918
3 3839 3760 3840
3 3839 3840 3919
3 3840 3841 3921
3 3840 3921 3920
3 3841 3842 3922
3 3841 3922 3921
3 3842 3843 3923
3 3842 3923 3922
3 3843 3844 3924
3 3843 3924 3923
3 3844 3845 3925
3 3844 3925 3924
3 3845 3846 3926
3 3845 3926 3925
3 3846 3847 3927
3 3846 3927 3926
3 3847 3848 3928
3 3847 3928 3927
3 3848 3849 3929
3 3848 3929 3928
3 3849 3850 3930
3 3849 3930 3929
3 3850 3851 3931
3 3850 3931 3930
3 3851 3852 3932
3 3851 3932 3931
3 3852 3853 3933
3 3852 3933 3932
3 3853 3854 3934
3 3853 3934 3933
3 3854 3855 3935
3 3854 3935 3934
3 3855 3856 3936
3 3855 3936 3935
3 3856 3857 3937
3 3856 3937 3936
3 3857 3858 3938
3 3857 3938 3937
3 3858 3859 3939
3 3858 3939 3938
3 3859 3860 3940
3 3859 3940 3939
3 3860 3861 3941
3 3860 3941 3940
3 3861 3862 3942
3 3861 3942 3941
3 3862 3863 3943
3 3862 3943 3942
3 3863 3864 3944
3 3863 3944 3943
3 3864 3865 3945
3 3864 3945 3944
3 3865 3866 3946
3 3865 3946 3945
3 3866 3867 3947
3 3866 3947 3946
3 3867 3868 3948
3 3867 3948 3947
3 3868 3869 3949
3 3868 3949 3948
3 3869 3870 3950
3 3869 3950 3949
3 3870 3871 3951
3 3870 3951 3950
3 3871 3872 3952
3 3871 3952 3951
3 3872 3873 3953
3 3872 3953 3952
3 3873 3874 3954
3 3873 3954 3953
3 3874 3875 3955
3 3874 3955 3954
3 3875 3876 3956
3 3875 3956 3955
3 3876 3877 3957
3 3876 3957 3956
3 3877 3878 3958
3 3877 3958 3957
3 3878 3879 3959
3 3878 3959 3958
3 3879 3880 3960
3 3879 3960 3959
3 3880 3881 3961
3 3880 3961 3960
3 3881 3882 3962
3 3881 3962 3961
3 3882 3883 3963
3 3882 3963 3962
3 3883 3884 3964
3 3883 3964 3963
3 3884 3885 3965
3 3884 3965 3964
3 3885 3886 3966
3 3885 3966 3965
3 3886 3887 3967
3 3886 3967 3966
3 3887 3888 3968
3 3887 3968 3967
3 3888 3889 3969
3 3888 3969 3968
3 3889 3890 3970
3 3889 3970 3969
3 3890 3891 3971
3 3890 3971 3970
3 3891 3892 3972
3 3891 3972 3971
3 3892 3893 3973
3 3892 3973 3972
3 3893 3894 3974
3 3893 3974 3973
3 3894 3895 3975
3 3894 3975 3974
3 3895 3896 3976
3 3895 3976 3975
3 3896 3897 3977
3 3896 3977 3976
3 3897 3898 3978
3 3897 3978 3977
3 3898 3899 3979
3 3898 3979 3978
3 3899 3900 3980
3 3899 3980 3979
3 3900 3901 3981
3 3900 3981 3980
3 3901 3902 3982
3 3901 3982 3981
3 3902 3903 3983
3 3902 3983 3982
3 3903 3904 3984
3 3903 3984 3983
3 3904 3905 3985
3 3904 3985 3984
3 3905 3906 3986
3 3905 3986 3985
3 3906 3907 3987
3 3906 3987 3986
3 3907 3908 3988
3 3907 3988 3987
3 3908 3909 3989
3 3908 3989 3988
3 3909 3910 3990
3 3909 3990 3989
3 3910 3911 3991
3 3910 3991 3990
3 3911 3912 3992
3 3911 3992 3991
3 3912 3913 3993
3 3912 3993 3992
3 3913 3914 3994
3 3913 3994 3993
3 3914 3915 3995
3 3914 3995 3994
3 3915 3916 3996
3 3915 3996 3995
3 3916 3917 3997
3 3916 3997 3996
3 3917 3918 3998
3 3917 3998 3997
3 3918 3919 3999
3 3918 3999 3998
3 3919 3840 3920
3 3919 3920 3999
3 3920 3921 4001
3 3920 4001 4000
3 3921 3922 4002
3 3921 4002 4001
3 3922 3923 4003
3 3922 4003 4002
3 3923 3924 4004
3 3923 4004 4003
3 3924 3925 4005
3 3924 4005 4004
3 3925 3926 4006
3 3925 4006 4005
3 3926 3927 4007
3 3926 4007 4006
3 3927 3928 4008
3 3927 4008 4007
3 3928 3929 4009
3 3928 4009 4008
3 3929 3930 4010
3 3929 4010 4009
3 3930 3931 4011
3 3930 4011 4010
3 3931 3932 4012
3 3931 4012 4011
3 3932 3933 4013
3 3932 4013 4012
3 3933 3934 4014
3 3933 4014 4013
3 3934 3935 4015
3 3934 4015 4014
3 3935 3936 4016
3 3935 4016 4015
3 3936 3937 4017
3 3936 4017 4016
3 3937 3938 4018
3 3937 4018 4017
3 3938 3939 4019
3 3938 4019 4018
3 3939 3940 4020
3 3939 4020 4019
3 3940 3941 4021
3 3940 4021 4020
3 3941 3942 4022
3 3941 4022 4021
3 3942 3943 4023
3 3942 4023 4022
3 3943 3944 4024
3 3943 4024 4023
3 3944 3945 4025
3 3944 4025 4024
3 3945 3946 4026
3 3945 4026 4025
3 3946 3947 4027
3 3946 4027 4026
3 3947 3948 4028
3 3947 4028 4027
3 3948 3949 4029
3 3948 4029 4028
3 3949 3950 4030
3 3949 4030 4029
3 3950 3951 4031
3 3950 4031 4030
3 3951 3952 4032
3 3951 4032 4031
3 3952 3953 4033
3 3952 4033 4032
3 3953 3954 4034
3 3953 4034 4033
3 3954 3955 4035
3 3954 4035 4034
3 3955 3956 4036
3 3955 4036 4035
3 3956 3957 4037
3 3956 4037 4036
3 3957 3958 4038
3 3957 4038 4037
3 3958 3959 4039
3 3958 4039 4038
3 3959 3960 4040
3 3959 4040 4039
3 3960 3961 4041
3 3960 4041 4040
3 3961 3962 4042
3 3961 4042 4041
3 3962 3963 4043
3 3962 4043 4042
3 3963 3964 4044
3 3963 4044 4043
3 3964 3965 4045
3 3964 4045 4044
3 3965 3966 4046
3 3965 4046 4045
3 3966 3967 4047
3 3966 4047 4046
3 3967 3968 4048
3 3967 4048 4047
3 3968 3969 4049
3 3968 4049 4048
3 3969 3970 4050
3 3969 4050 4049
3 3970 3971 4051
3 3970 4051 4050
3 3971 3972 4052
3 3971 4052 4051
3 3972 3973 4053
3 3972 4053 4052
3 3973 3974 4054
3 3973 4054 4053
3 3974 3975 4055
3 3974 4055 4054
3 3975 3976 4056
3 3975 4056 4055
3 3976 3977 4057
3 3976 4057 4056
3 3977 3978 4058
3 3977 4058 4057
3 3978 3979 4059
3 3978 4059 4058
3 3979 3980 4060
3 3979 4060 4059
3 3980 3981 4061
3 3980 4061 4060
3 3981 3982 4062
3 3981 4062 4061
3 3982 3983 4063
3 3982 4063 4062
3 3983 3984 4064
3 3983 4064 4063
3 3984 3985 4065
3 3984 4065 4064
3 3985 3986 4066
3 3985 4066 4065
3 3986 3987 4067
3 3986 4067 4066
3 3987 3988 4068
3 3987 4068 4067
3 3988 3989 4069
3 3988 4069 4068
3 3989 3990 4070
3 3989 4070 4069
3 3990 3991 4071
3 3990 4071 4070
3 3991 3992 4072
3 3991 4072 4071
3 3992 3993 4073
3 3992 4073 4072
3 3993 3994 4074
3 3993 4074 4073
3 3994 3995 4075
3 3994 4075 4074
3 3995 3996 4076
3 3995 4076 4075
3 3996 3997 4077
3 3996 4077 4076
3 3997 3998 4078
3 3997 4078 4077
3 3998 3999 4079
3 3998 4079 4078
3 3999 3920 4000
3 3999 4000 4079
3 4000 4001 4081
3 4000 4081 4080
3 4001 4002 4082
3 4001 4082 4081
3 4002 4003 4083
3 4002 4083 4082
3 4003 4004 4084
3 4003 4084 4083
3 4004 4005 4085
3 4004 4085 4084
3 4005 4006 4086
3 4005 4086 4085
3 4006 4007 4087
3 4006 4087 4086
3 4007 4008 4088
3 4007 4088 4087
3 4008 4009 4089
3 4008 4089 4088
3 4009 4010 4090
3 4009 4090 4089
3 4010 4011 4091
3 4010 4091 4090
3 4011 4012 4092
3 4011 4092 4091
3 4012 4013 4093
3 4012 4093 4092
3 4013 4014 4094
3 4013 4094 4093
3 4014 4015 4095
3 4014 4095 4094
3 4015 4016 4096
3 4015 4096 4095
3 4016 4017 4097
3 4016 4097 4096
3 4017 4018 4098
3 4017 4098 4097
3 4018 4019 4099
3 4018 4099 4098
3 4019 4020 4100
3 4019 4100 4099
3 4020 4021 4101
3 4020 4101 4100
3 4021 4022 4102
3 4021 4102 4101
3 4022 4023 4103
3 4022 4103 4102
3 4023 4024 4104
3 4023 4104 4103
3 4024 4025 4105
3 4024 4105 4104
3 4025 4026 4106
3 4025 4106 4105
3 4026 4027 4107
3 4026 4107 4106
3 4027 4028 4108
3 4027 4108 4107
3 4028 4029 4109
3 4028 4109 4108
3 4029 4030 4110
3 4029 4110 4109
3 4030 4031 4111
3 4030 4111 4110
3 4031 4032 4112
3 4031 4112 4111
3 4032 4033 4113
3 4032 4113 4112
3 4033 4034 4114
3 4033 4114 4113
3 4034 4035 4115
3 4034 4115 4114
3 4035 4036 4116
3 4035 4116 4115
3 4036 4037 4117
3 4036 4117 4116
3 4037 4038 4118
3 4037 4118 4117
3 4038 4039 4119
3 4038 4119 4118
3 4039 4040 4120
3 4039 4120 4119
3 4040 4041 4121
3 4040 4121 4120
3 4041 4042 4122
3 4041 4122 4121
3 4042 4043 4123
3 4042 4123 4122
3 4043 4044 4124
3 4043 4124 4123
3 4044 4045 4125
3 4044 4125 4124
3 4045 4046 4126
3 4045 4126 4125
3 4046 4047 4127
3 4046 4127 4126
3 4047 4048 4128
3 4047 4128 4127
3 4048 4049 4129
3 4048 4129 4128
3 4049 4050 4130
3 4049 4130 4129
3 4050 4051 4131
3 4050 4131 4130
3 4051 4052 4132
3 4051 4132 4131
3 4052 4053 4133
3 4052 4133 4132
3 4053 4054 4134
3 4053 4134 4133
3 4054 4055 4135
3 4054 4135 4134
3 4055 4056 4136
3 4055 4136 4135
3 4056 4057 4137
3 4056 4137 4136
3 4057 4058 4138
3 4057 4138 4137
3 4058 4059 4139
3 4058 4139 4138
3 4059 4060 4140
3 4059 4140 4139
3 4060 4061 4141
3 4060 4141 4140
3 4061 4062 4142
3 4061 4142 4141
3 4062 4063 4143
3 4062 4143 4142
3 4063 4064 4144
3 4063 4144 4143
3 4064 4065 4145
3 4064 4145 4144
3 4065 4066 4146
3 4065 4146 4145
3 4066 4067 4147
3 4066 4147 4146
3 4067 4068 4148
3 4067 4148 4147
3 4068 4069 4149
3 4068 4149 4148
3 4069 4070 4150
3 4069 4150 4149
3 4070 4071 4151
3 4070 4151 4150
3 4071 4072 4152
3 4071 4152 4151
3 4072 4073 4153
3 4072 4153 4152
3 4073 4074 4154
3 4073 4154 4153
3 4074 4075 4155
3 4074 4155 4154
3 4075 4076 4156
3 4075 4156 4155
3 4076 4077 4157
3 4076 4157 4156
3 4077 4078 4158
3 4077 4158 4157
3 4078 4079 4159
3 4078 4159 4158
3 4079 4000 4080
3 4079 4080 4159
3 4080 4081 4161
3 4080 4161 4160
3 4081 4082 4162
3 4081 4162 4161
3 4082 4083 4163
3 4082 4163 4162
3 4083 4084 4164
3 4083 4164 4163
3 4084 4085 4165
3 4084 4165 4164
3 4085 4086 4166
3 4085 4166 4165
3 4086 4087 4167
3 4086 4167 4166
3 4087 4088 4168
3 4087 4168 4167
3 4088 4089 4169
3 4088 4169 4168
3 4089 4090 4170
3 4089 4170 4169
3 4090 4091 4171
3 4090 4171 4170
3 4091 4092 4172
3 4091 4172 4171
3 4092 4093 4173
3 4092 4173 4172
3 4093 4094 4174
3 4093 4174 4173
3 4094 4095 4175
3 4094 4175 4174
3 4095 4096 4176
3 4095 4176 4175
3 4096 4097 4177
3 4096 4177 4176
3 4097 4098 4178
3 4097 4178 4177
3 4098 4099 4179
3 4098 4179 4178
3 4099 4100 4180
3 4099 4180 4179
3 4100 4101 4181
3 4100 4181 4180
3 4101 4102 4182
3 4101 4182 4181
3 4102 4103 4183
3 4102 4183 4182
3 4103 4104 4184
3 4103 4184 4183
3 4104 4105 4185
3 4104 4185 4184
3 4105 4106 4186
3 4105 4186 4185
3 4106 4107 4187
3 4106 4187 4186
3 4107 4108 4188
3 4107 4188 4187
3 4108 4109 4189
3 4108 4189 4188
3 4109 4110 4190
3 4109 4190 4189
3 4110 4111 4191
3 4110 4191 4190
3 4111 4112 4192
3 4111 4192 4191
3 4112 4113 4193
3 4112 4193 4192
3 4113 4114 4194
3 4113 4194 4193
3 4114 4115 4195
3 4114 4195 4194
3 4115 4116 4196
3 4115 4196 4195
3 4116 4117 4197
3 4116 4197 4196
3 4117 4118 4198
3 4117 4198 4197
3 4118 4119 4199
3 4118 4199 4198
3 4119 4120 4200
3 4119 4200 4199
3 4120 4121 4201
3 4120 4201 4200
3 4121 4122 4202
3 4121 4202 4201
3 4122 4123 4203
3 4122 4203 4202
3 4123 4124 4204
3 4123 4204 4203
3 4124 4125 4205
3 4124 4205 4204
3 4125 4126 4206
3 4125 4206 4205
3 4126 4127 4207
3 4126 4207 4206
3 4127 4128 4208
3 4127 4208 4207
3 4128 4129 4209
3 4128 4209 4208
3 4129 4130 4210
3 4129 4210 4209
3 4130 4131 4211
3 4130 4211 4210
3 4131 4132 4212
3 4131 4212 4211
3 4132 4133 4213
3 4132 4213 4212
3 4133 4134 4214
3 4133 4214 4213
3 4134 4135 4215
3 4134 4215 4214
3 4135 4136 4216
3 4135 4216 4215
3 4136 4137 4217
3 4136 4217 4216
3 4137 4138 4218
3 4137 4218 4217
3 4138 4139 4219
3 4138 4219 4218
3 4139 4140 4220
3 4139 4220 4219
3 4140 4141 4221
3 4140 4221 4220
3 4141 4142 4222
3 4141 4222 4221
3 4142 4143 4223
3 4142 4223 4222
3 4143 4144 4224
3 4143 4224 4223
3 4144 4145 4225
3 4144 4225 4224
3 4145 4146 4226
3 4145 4226 4225
3 4146 4147 4227
3 4146 4227 4226
3 4147 4148 4228
3 4147 4228 4227
3 4148 4149 4229
3 4148 4229 4228
3 4149 4150 4230
3 4149 4230 4229
3 4150 4151 4231
3 4150 4231 4230
3 4151 4152 4232
3 4151 4232 4231
3 4152 4153 4233
3 4152 4233 4232
3 4153 4154 4234
3 4153 4234 4233
3 4154 4155 4235
3 4154 4235 4234
3 4155 4156 4236
3 4155 4236 4235
3 4156 4157 4237
3 4156 4237 4236
3 4157 4158 4238
3 4157 4238 4237
3 4158 4159 4239
3 4158 4239 4238
3 4159 4080 4160
3 4159 4160 4239
3 4160 4161 4241
3 4160 4241 4240
3 4161 4162 4242
3 4161 4242 4241
3 4162 4163 4243
3 4162 4243 4242
3 4163 4164 4244
3 4163 4244 4243
3 4164 4165 4245
3 4164 4245 4244
3 4165 4166 4246
3 4165 4246 4245
3 4166 4167 4247
3 4166 4247 4246
3 4167 4168 4248
3 4167 4248 4247
3 4168 4169 4249
3 4168 4249 4248
3 4169 4170 4250
3 4169 4250 4249
3 4170 4171 4251
3 4170 4251 4250
3 4171 4172 4252
3 4171 4252 4251
3 4172 4173 4253
3 4172 4253 4252
3 4173 4174 4254
3 4173 4254 4253
3 4174 4175 4255
3 4174 4255 4254
3 4175 4176 4256
3 4175 4256 4255
3 4176 4177 4257
3 4176 4257 4256
3 4177 4178 4258
3 4177 4258 4257
3 4178 4179 4259
3 4178 4259 4258
3 4179 4180 4260
3 4179 4260 4259
3 4180 4181 4261
3 4180 4261 4260
3 4181 4182 4262
3 4181 4262 4261
3 4182 4183 4263
3 4182 4263 4262
3 4183 4184 4264
3 4183 4264 4263
3 4184 4185 4265
3 4184 4265 4264
3 4185 4186 4266
3 4185 4266 4265
3 4186 4187 4267
3 4186 4267 4266
3 4187 4188 4268
3 4187 4268 4267
3 4188 4189 4269
3 4188 4269 4268
3 4189 4190 4270
3 4189 4270 4269
3 4190 4191 4271
3 4190 4271 4270
3 4191 4192 4272
3 4191 4272 4271
3 4192 4193 4273
3 4192 4273 4272
3 4193 4194 4274
3 4193 4274 4273
3 4194 4195 4275
3 4194 4275 4274
3 4195 4196 4276
3 4195 4276 4275
3 4196 4197 4277
3 4196 4277 4276
3 4197 4198 4278
3 4197 4278 4277
3 4198 4199 4279
3 4198 4279 4278
3 4199 4200 4280
3 4199 4280 4279
3 4200 4201 4281
3 4200 4281 4280
3 4201 4202 4282
3 4201 4282 4281
3 4202 4203 4283
3 4202 4283 4282
3 4203 4204 4284
3 4203 4284 4283
3 4204 4205 4285
3 4204 4285 4284
3 4205 4206 4286
3 4205 4286 4285
3 4206 4207 4287
3 4206 4287 4286
3 4207 4208 4288
3 4207 4288 4287
3 4208 4209 4289
3 4208 4289 4288
3 4209 4210 4290
3 4209 4290 4289
3 4210 4211 4291
3 4210 4291 4290
3 4211 4212 4292
3 4211 4292 4291
3 4212 4213 4293
3 4212 4293 4292
3 4213 4214 4294
3 4213 4294 4293
3 4214 4215 4295
3 4214 4295 4294
3 4215 4216 4296
3 4215 4296 4295
3 4216 4217 4297
3 4216 4297 4296
3 4217 4218 4298
3 4217 4298 4297
3 4218 4219 4299
3 4218 4299 4298
3 4219 4220 4300
3 4219 4300 4299
3 4220 4221 4301
3 4220 4301 4300
3 4221 4222 4302
3 4221 4302 4301
3 4222 4223 4303
3 4222 4303 4302
3 4223 4224 4304
3 4223 4304 4303
3 4224 4225 4305
3 4224 4305 4304
3 4225 4226 4306
3 4225 4306 4305
3 4226 4227 4307
3 4226 4307 4306
3 4227 4228 4308
3 4227 4308 4307
3 4228 4229 4309
3 4228 4309 4308
3 4229 4230 4310
3 4229 4310 4309
3 4230 4231 4311
3 4230 4311 4310
3 4231 4232 4312
3 4231 4312 4311
3 4232 4233 4313
3 4232 4313 4312
3 4233 4234 4314
3 4233 4314 4313
3 4234 4235 4315
3 4234 4315 4314
3 4235 4236 4316
3 4235 4316 4315
3 4236 4237 4317
3 4236 4317 4316
3 4237 4238 4318
3 4237 4318 4317
3 4238 4239 4319
3 4238 4319 4318
3 4239 4160 4240
3 4239 4240 4319
3 4240 4241 4321
3 4240 4321 4320
3 4241 4242 4322
3 4241 4322 4321
3 4242 4243 4323
3 4242 4323 4322
3 4243 4244 4324
3 4243 4324 4323
3 4244 4245 4325
3 4244 4325 4324
3 4245 4246 4326
3 4245 4326 4325
3 4246 4247 4327
3 4246 4327 4326
3 4247 4248 4328
3 4247 4328 4327
3 4248 4249 4329
3 4248 4329 4328
3 4249 4250 4330
3 4249 4330 4329
3 4250 4251 4331
3 4250 4331 4330
3 4251 4252 4332
3 4251 4332 4331
3 4252 4253 4333
3 4252 4333 4332
3 4253 4254 4334
3 4253 4334 4333
3 4254 4255 4335
3 4254 4335 4334
3 4255 4256 4336
3 4255 4336 4335
3 4256 4257 4337
3 4256 4337 4336
3 4257 4258 4338
3 4257 4338 4337
3 4258 4259 4339
3 4258 4339 4338
3 4259 4260 4340
3 4259 4340 4339
3 4260 4261 4341
3 4260 4341 4340
3 4261 4262 4342
3 4261 4342 4341
3 4262 4263 4343
3 4262 4343 4342
3 4263 4264 4344
3 4263 4344 4343
3 4264 4265 4345
3 4264 4345 4344
3 4265 4266 4346
3 4265 4346 4345
3 4266 4267 4347
3 4266 4347 4346
3 4267 4268 4348
3 4267 4348 4347
3 4268 4269 4349
3 4268 4349 4348
3 4269 4270 4350
3 4269 4350 4349
3 4270 4271 4351
3 4270 4351 4350
3 4271 4272 4352
3 4271 4352 4351
3 4272 4273 4353
3 4272 4353 4352
3 4273 4274 4354
3 4273 4354 4353
3 4274 4275 4355
3 4274 4355 4354
3 4275 4276 4356
3 4275 4356 4355
3 4276 4277 4357
3 4276 4357 4356
3 4277 4278 4358
3 4277 4358 4357
3 4278 4279 4359
3 4278 4359 4358
3 4279 4280 4360
3 4279 4360 4359
3 4280 4281 4361
3 4280 4361 4360
3 4281 4282 4362
3 4281 4362 4361
3 4282 4283 4363
3 4282 4363 4362
3 4283 4284 4364
3 4283 4364 4363
3 4284 4285 4365
3 4284 4365 4364
3 4285 4286 4366
3 4285 4366 4365
3 4286 4287 4367
3 4286 4367 4366
3 4287 4288 4368
3 4287 4368 4367
3 4288 4289 4369
3 4288 4369 4368
3 4289 4290 4370
3 4289 4370 4369
3 4290 4291 4371
3 4290 4371 4370
3 4291 4292 4372
3 4291 4372 4371
3 4292 4293 4373
3 4292 4373 4372
3 4293 4294 4374
3 4293 4374 4373
3 4294 4295 4375
3 4294 4375 4374
3 4295 4296 4376
3 4295 4376 4375
3 4296 4297 4377
3 4296 4377 4376
3 4297 4298 4378
3 4297 4378 4377
3 4298 4299 4379
3 4298 4379 4378
3 4299 4300 4380
3 4299 4380 4379
3 4300 4301 4381
3 4300 4381 4380
3 4301 4302 4382
3 4301 4382 4381
3 4302 4303 4383
3 4302 4383 4382
3 4303 4304 4384
3 4303 4384 4383
3 4304 4305 4385
3 4304 4385 4384
3 4305 4306 4386
3 4305 4386 4385
3 4306 4307 4387
3 4306 4387 4386
3 4307 4308 4388
3 4307 4388 4387
3 4308 4309 4389
3 4308 4389 4388
3 4309 4310 4390
3 4309 4390 4389
3 4310 4311 4391
3 4310 4391 4390
3 4311 4312 4392
3 4311 4392 4391
3 4312 4313 4393
3 4312 4393 4392
3 4313 4314 4394
3 4313 4394 4393
3 4314 4315 4395
3 4314 4395 4394
3 4315 4316 4396
3 4315 4396 4395
3 4316 4317 4397
3 4316 4397 4396
3 4317 4318 4398
3 4317 4398 4397
3 4318 4319 4399
3 4318 4399 4398
3 4319 4240 4320
3 4319 4320 4399
3 4320 4321 4401
3 4320 4401 4400
3 4321 4322 4402
3 4321 4402 4401
3 4322 4323 4403
3 4322 4403 4402
3 4323 4324 4404
3 4323 4404 4403
3 4324 4325 4405
3 4324 4405 4404
3 4325 4326 4406
3 4325 4406 4405
3 4326 4327 4407
3 4326 4407 4406
3 4327 4328 4408
3 4327 4408 4407
3 4328 4329 4409
3 4328 4409 4408
3 4329 4330 4410
3 4329 4410 4409
3 4330 4331 4411
3 4330 4411 4410
3 4331 4332 4412
3 4331 4412 4411
3 4332 4333 4413
3 4332 4413 4412
3 4333 4334 4414
3 4333 4414 4413
3 4334 4335 4415
3 4334 4415 4414
3 4335 4336 4416
3 4335 4416 4415
3 4336 4337 4417
3 4336 4417 4416
3 4337 4338 4418
3 4337 4418 4417
3 4338 4339 4419
3 4338 4419 4418
3 4339 4340 4420
3 4339 4420 4419
3 4340 4341 4421
3 4340 4421 4420
3 4341 4342 4422
3 4341 4422 4421
3 4342 4343 4423
3 4342 4423 4422
3 4343 4344 4424
3 4343 4424 4423
3 4344 4345 4425
3 4344 4425 4424
3 4345 4346 4426
3 4345 4426 4425
3 4346 4347 4427
3 4346 4427 4426
3 4347 4348 4428
3 4347 4428 4427
3 4348 4349 4429
3 4348 4429 4428
3 4349 4350 4430
3 4349 4430 4429
3 4350 4351 4431
3 4350 4431 4430
3 4351 4352 4432
3 4351 4432 4431
3 4352 4353 4433
3 4352 4433 4432
3 4353 4354 4434
3 4353 4434 4433
3 4354 4355 4435
3 4354 4435 4434
3 4355 4356 4436
3 4355 4436 4435
3 4356 4357 4437
3 4356 4437 4436
3 4357 4358 4438
3 4357 4438 4437
3 4358 4359 4439
3 4358 4439 4438
3 4359 4360 4440
3 4359 4440 4439
3 4360 4361 4441
3 4360 4441 4440
3 4361 4362 4442
3 4361 4442 4441
3 4362 4363 4443
3 4362 4443 4442
3 4363 4364 4444
3 4363 4444 4443
3 4364 4365 4445
3 4364 4445 4444
3 4365 4366 4446
3 4365 4446 4445
3 4366 4367 4447
3 4366 4447 4446
3 4367 4368 4448
3 4367 4448 4447
3 4368 4369 4449
3 4368 4449 4448
3 4369 4370 4450
3 4369 4450 4449
3 4370 4371 4451
3 4370 4451 4450
3 4371 4372 4452
3 4371 4452 4451
3 4372 4373 4453
3 4372 4453 4452
3 4373 4374 4454
3 4373 4454 4453
3 4374 4375 4455
3 4374 4455 4454
3 4375 4376 4456
3 4375 4456 4455
3 4376 4377 4457
3 4376 4457 4456
3 4377 4378 4458
3 4377 4458 4457
3 4378 4379 4459
3 4378 4459 4458
3 4379 4380 4460
3 4379 4460 4459
3 4380 4381 4461
3 4380 4461 4460
3 4381 4382 4462
3 4381 4462 4461
3 4382 4383 4463
3 4382 4463 4462
3 4383 4384 4464
3 4383 4464 4463
3 4384 4385 4465
3 4384 4465 4464
3 4385 4386 4466
3 4385 4466 4465
3 4386 4387 4467
3 4386 4467 4466
3 4387 4388 4468
3 4387 4468 4467
3 4388 4389 4469
3 4388 4469 4468
3 4389 4390 4470
3 4389 4470 4469
3 4390 4391 4471
3 4390 4471 4470
3 4391 4392 4472
3 4391 4472 4471
3 4392 4393 4473
3 4392 4473 4472
3 4393 4394 4474
3 4393 4474 4473
3 4394 4395 4475
3 4394 4475 4474
3 4395 4396 4476
3 4395 4476 4475
3 4396 4397 4477
3 4396 4477 4476
3 4397 4398 4478
3 4397 4478 4477
3 4398 4399 4479
3 4398 4479 4478
3 4399 4320 4400
3 4399 4400 4479
3 4400 4401 4481
3 4400 4481 4480
3 4401 4402 4482
3 4401 4482 4481
3 4402 4403 4483
3 4402 4483 4482
3 4403 4404 4484
3 4403 4484 4483
3 4404 4405 4485
3 4404 4485 4484
3 4405 4406 4486
3 4405 4486 4485
3 4406 4407 4487
3 4406 4487 4486
3 4407 4408 4488
3 4407 4488 4487
3 4408 4409 4489
3 4408 4489 4488
3 4409 4410 4490
3 4409 4490 4489
3 4410 4411 4491
3 4410 4491 4490
3 4411 4412 4492
3 4411 4492 4491
3 4412 4413 4493
3 4412 4493 4492
3 4413 4414 4494
3 4413 4494 4493
3 4414 4415 4495
3 4414 4495 4494
3 4415 4416 4496
3 4415 4496 4495
3 4416 4417 4497
3 4416 4497 4496
3 4417 4418 4498
3 4417 4498 4497
3 4418 4419 4499
3 4418 4499 4498
3 4419 4420 4500
3 4419 4500 4499
3 4420 4421 4501
3 4420 4501 4500
3 4421 4422 4502
3 4421 4502 4501
3 4422 4423 4503
3 4422 4503 4502
3 4423 4424 4504
3 4423 4504 4503
3 4424 4425 4505
3 4424 4505 4504
3 4425 4426 4506
3 4425 4506 4505
3 4426 4427 4507
3 4426 4507 4506
3 4427 4428 4508
3 4427 4508 4507
3 4428 4429 4509
3 4428 4509 4508
3 4429 4430 4510
3 4429 4510 4509
3 4430 4431 4511
3 4430 4511 4510
3 4431 4432 4512
3 4431 4512 4511
3 4432 4433 4513
3 4432 4513 4512
3 4433 4434 4514
3 4433 4514 4513
3 4434 4435 4515
3 4434 4515 4514
3 4435 4436 4516
3 4435 4516 4515
3 4436 4437 4517
3 4436 4517 4516
3 4437 4438 4518
3 4437 4518 4517
3 4438 4439 4519
3 4438 4519 4518
3 4439 4440 4520
3 4439 4520 4519
3 4440 4441 4521
3 4440 4521 4520
3 4441 4442 4522
3 4441 4522 4521
3 4442 4443 4523
3 4442 4523 4522
3 4443 4444 4524
3 4443 4524 4523
3 4444 4445 4525
3 4444 4525 4524
3 4445 4446 4526
3 4445 4526 4525
3 4446 4447 4527
3 4446 4527 4526
3 4447 4448 4528
3 4447 4528 4527
3 4448 4449 4529
3 4448 4529 4528
3 4449 4450 4530
3 4449 4530 4529
3 4450 4451 4531
3 4450 4531 4530
3 4451 4452 4532
3 4451 4532 4531
3 4452 4453 4533
3 4452 4533 4532
3 4453 4454 4534
3 4453 4534 4533
3 4454 4455 4535
3 4454 4535 4534
3 4455 4456 4536
3 4455 4536 4535
3 4456 4457 4537
3 4456 4537 4536
3 4457 4458 4538
3 4457 4538 4537
3 4458 4459 4539
3 4458 4539 4538
3 4459 4460 4540
3 4459 4540 4539
3 4460 4461 4541
3 4460 4541 4540
3 4461 4462 4542
3 4461 4542 4541
3 4462 4463 4543
3 4462 4543 4542
3 4463 4464 4544
3 4463 4544 4543
3 4464 4465 4545
3 4464 4545 4544
3 4465 4466 4546
3 4465 4546 4545
3 4466 4467 4547
3 4466 4547 4546
3 4467 4468 4548
3 4467 4548 4547
3 4468 4469 4549
3 4468 4549 4548
3 4469 4470 4550
3 4469 4550 4549
3 4470 4471 4551
3 4470 4551 4550
3 4471 4472 4552
3 4471 4552 4551
3 4472 4473 4553
3 4472 4553 4552
3 4473 4474 4554
3 4473 4554 4553
3 4474 4475 4555
3 4474 4555 4554
3 4475 4476 4556
3 4475 4556 4555
3 4476 4477 4557
3 4476 4557 4556
3 4477 4478 4558
3 4477 4558 4557
3 4478 4479 4559
3 4478 4559 4558
3 4479 4400 4480
3 4479 4480 4559
3 4480 4481 4561
3 4480 4561 4560
3 4481 4482 4562
3 4481 4562 4561
3 4482 4483 4563
3 4482 4563 4562
3 4483 4484 4564
3 4483 4564 4563
3 4484 4485 4565
3 4484 4565 4564
3 4485 4486 4566
3 4485 4566 4565
3 4486 4487 4567
3 4486 4567 4566
3 4487 4488 4568
3 4487 4568 4567
3 4488 4489 4569
3 4488 4569 4568
3 4489 4490 4570
3 4489 4570 4569
3 4490 4491 4571
3 4490 4571 4570
3 4491 4492 4572
3 4491 4572 4571
3 4492 4493 4573
3 4492 4573 4572
3 4493 4494 4574
3 4493 4574 4573
3 4494 4495 4575
3 4494 4575 4574
3 4495 4496 4576
3 4495 4576 4575
3 4496 4497 4577
3 4496 4577 4576
3 4497 4498 4578
3 4497 4578 4577
3 4498 4499 4579
3 4498 4579 4578
3 4499 4500 4580
3 4499 4580 4579
3 4500 4501 4581
3 4500 4581 4580
3 4501 4502 4582
3 4501 4582 4581
3 4502 4503 4583
3 4502 4583 4582
3 4503 4504 4584
3 4503 4584 4583
3 4504 4505 4585
3 4504 4585 4584
3 4505 4506 4586
3 4505 4586 4585
3 4506 4507 4587
3 4506 4587 4586
3 4507 4508 4588
3 4507 4588 4587
3 4508 4509 4589
3 4508 4589 4588
3 4509 4510 4590
3 4509 4590 4589
3 4510 4511 4591
3 4510 4591 4590
3 4511 4512 4592
3 4511 4592 4591
3 4512 4513 4593
3 4512 4593 4592
3 4513 4514 4594
3 4513 4594 4593
3 4514 4515 4595
3 4514 4595 4594
3 4515 4516 4596
3 4515 4596 4595
3 4516 4517 4597
3 4516 4597 4596
3 4517 4518 4598
3 4517 4598 4597
3 4518 4519 4599
3 4518 4599 4598
3 4519 4520 4600
3 4519 4600 4599
3 4520 4521 4601
3 4520 4601 4600
3 4521 4522 4602
3 4521 4602 4601
3 4522 4523 4603
3 4522 4603 4602
3 4523 4524 4604
3 4523 4604 4603
3 4524 4525 4605
3 4524 4605 4604
3 4525 4526 4606
3 4525 4606 4605
3 4526 4527 4607
3 4526 4607 4606
3 4527 4528 4608
3 4527 4608 4607
3 4528 4529 4609
3 4528 4609 4608
3 4529 4530 4610
3 4529 4610 4609
3 4530 4531 4611
3 4530 4611 4610
3 4531 4532 4612
3 4531 4612 4611
3 4532 4533 4613
3 4532 4613 4612
3 4533 4534 4614
3 4533 4614 4613
3 4534 4535 4615
3 4534 4615 4614
3 4535 4536 4616
3 4535 4616 4615
3 4536 4537 4617
3 4536 4617 4616
3 4537 4538 4618
3 4537 4618 4617
3 4538 4539 4619
3 4538 4619 4618
3 4539 4540 4620
3 4539 4620 4619
3 4540 4541 4621
3 4540 4621 4620
3 4541 4542 4622
3 4541 4622 4621
3 4542 4543 4623
3 4542 4623 4622
3 4543 4544 4624
3 4543 4624 4623
3 4544 4545 4625
3 4544 4625 4624
3 4545 4546 4626
3 4545 4626 4625
3 4546 4547 4627
3 4546 4627 4626
3 4547 4548 4628
3 4547 4628 4627
3 4548 4549 4629
3 4548 4629 4628
3 4549 4550 4630
3 4549 4630 4629
3 4550 4551 4631
3 4550 4631 4630
3 4551 4552 4632
3 4551 4632 4631
3 4552 4553 4633
3 4552 4633 4632
3 4553 4554 4634
3 4553 4634 4633
3 4554 4555 4635
3 4554 4635 4634
3 4555 4556 4636
3 4555 4636 4635
3 4556 4557 4637
3 4556 4637 4636
3 4557 4558 4638
3 4557 4638 4637
3 4558 4559 4639
3 4558 4639 4638
3 4559 4480 4560
3 4559 4560 4639
3 4560 4561 4641
3 4560 4641 4640
3 4561 4562 4642
3 4561 4642 4641
3 4562 4563 4643
3 4562 4643 4642
3 4563 4564 4644
3 4563 4644 4643
3 4564 4565 4645
3 4564 4645 4644
3 4565 4566 4646
3 4565 4646 4645
3 4566 4567 4647
3 4566 4647 4646
3 4567 4568 4648
3 4567 4648 4647
3 4568 4569 4649
3 4568 4649 4648
3 4569 4570 4650
3 4569 4650 4649
3 4570 4571 4651
3 4570 4651 4650
3 4571 4572 4652
3 4571 4652 4651
3 4572 4573 4653
3 4572 4653 4652
3 4573 4574 4654
3 4573 4654 4653
3 4574 4575 4655
3 4574 4655 4654
3 4575 4576 4656
3 4575 4656 4655
3 4576 4577 4657
3 4576 4657 4656
3 4577 4578 4658
3 4577 4658 4657
3 4578 4579 4659
3 4578 4659 4658
3 4579 4580 4660
3 4579 4660 4659
3 4580 4581 4661
3 4580 4661 4660
3 4581 4582 4662
3 4581 4662 4661
3 4582 4583 4663
3 4582 4663 4662
3 4583 4584 4664
3 4583 4664 4663
3 4584 4585 4665
3 4584 4665 4664
3 4585 4586 4666
3 4585 4666 4665
3 4586 4587 4667
3 4586 4667 4666
3 4587 4588 4668
3 4587 4668 4667
3 4588 4589 4669
3 4588 4669 4668
3 4589 4590 4670
3 4589 4670 4669
3 4590 4591 4671
3 4590 4671 4670
3 4591 4592 4672
3 4591 4672 4671
3 4592 4593 4673
3 4592 4673 4672
3 4593 4594 4674
3 4593 4674 4673
3 4594 4595 4675
3 4594 4675 4674
3 4595 4596 4676
3 4595 4676 4675
3 4596 4597 4677
3 4596 4677 4676
3 4597 4598 4678
3 4597 4678 4677
3 4598 4599 4679
3 4598 4679 4678
3 4599 4600 4680
3 4599 4680 4679
3 4600 4601 4681
3 4600 4681 4680
3 4601 4602 4682
3 4601 4682 4681
3 4602 4603 4683
3 4602 4683 4682
3 4603 4604 4684
3 4603 4684 4683
3 4604 4605 4685
3 4604 4685 4684
3 4605 4606 4686
3 4605 4686 4685
3 4606 4607 4687
3 4606 4687 4686
3 4607 4608 4688
3 4607 4688 4687
3 4608 4609 4689
3 4608 4689 4688
3 4609 4610 4690
3 4609 4690 4689
3 4610 4611 4691
3 4610 4691 4690
3 4611 4612 4692
3 4611 4692 4691
3 4612 4613 4693
3 4612 4693 4692
3 4613 4614 4694
3 4613 4694 4693
3 4614 4615 4695
3 4614 4695 4694
3 4615 4616 4696
3 4615 4696 4695
3 4616 4617 4697
3 4616 4697 4696
3 4617 4618 4698
3 4617 4698 4697
3 4618 4619 4699
3 4618 4699 4698
3 4619 4620 4700
3 4619 4700 4699
3 4620 4621 4701
3 4620 4701 4700
3 4621 4622 4702
3 4621 4702 4701
3 4622 4623 4703
3 4622 4703 4702
3 4623 4624 4704
3 4623 4704 4703
3 4624 4625 4705
3 4624 4705 4704
3 4625 4626 4706
3 4625 4706 4705
3 4626 4627 4707
3 4626 4707 4706
3 4627 4628 4708
3 4627 4708 4707
3 4628 4629 4709
3 4628 4709 4708
3 4629 4630 4710
3 4629 4710 4709
3 4630 4631 4711
3 4630 4711 4710
3 4631 4632 4712
3 4631 4712 4711
3 4632 4633 4713
3 4632 4713 4712
3 4633 4634 4714
3 4633 4714 4713
3 4634 4635 4715
3 4634 4715 4714
3 4635 4636 4716
3 4635 4716 4715
3 4636 4637 4717
3 4636 4717 4716
3 4637 4638 4718
3 4637 4718 4717
3 4638 4639 4719
3 4638 4719 4718
3 4639 4560 4640
3 4639 4640 4719
3 4640 4641 4721
3 4640 4721 4720
3 4641 4642 4722
3 4641 4722 4721
3 4642 4643 4723
3 4642 4723 4722
3 4643 4644 4724
3 4643 4724 4723
3 4644 4645 4725
3 4644 4725 4724
3 4645 4646 4726
3 4645 4726 4725
3 4646 4647 4727
3 4646 4727 4726
3 4647 4648 4728
3 4647 4728 4727
3 4648 4649 4729
3 4648 4729 4728
3 4649 4650 4730
3 4649 4730 4729
3 4650 4651 4731
3 4650 4731 4730
3 4651 4652 4732
3 4651 4732 4731
3 4652 4653 4733
3 4652 4733 4732
3 4653 4654 4734
3 4653 4734 4733
3 4654 4655 4735
3 4654 4735 4734
3 4655 4656 4736
3 4655 4736 4735
3 4656 4657 4737
3 4656 4737 4736
3 4657 4658 4738
3 4657 4738 4737
3 4658 4659 4739
3 4658 4739 4738
3 4659 4660 4740
3 4659 4740 4739
3 4660 4661 4741
3 4660 4741 4740
3 4661 4662 4742
3 4661 4742 4741
3 4662 4663 4743
3 4662 4743 4742
3 4663 4664 4744
3 4663 4744 4743
3 4664 4665 4745
3 4664 4745 4744
3 4665 4666 4746
3 4665 4746 4745
3 4666 4667 4747
3 4666 4747 4746
3 4667 4668 4748
3 4667 4748 4747
3 4668 4669 4749
3 4668 4749 4748
3 4669 4670 4750
3 4669 4750 4749
3 4670 4671 4751
3 4670 4751 4750
3 4671 4672 4752
3 4671 4752 4751
3 4672 4673 4753
3 4672 4753 4752
3 4673 4674 4754
3 4673 4754 4753
3 4674 4675 4755
3 4674 4755 4754
3 4675 4676 4756
3 4675 4756 4755
3 4676 4677 4757
3 4676 4757 4756
3 4677 4678 4758
3 4677 4758 4757
3 4678 4679 4759
3 4678 4759 4758
3 4679 4680 4760
3 4679 4760 4759
3 4680 4681 4761
3 4680 4761 4760
3 4681 4682 4762
3 4681 4762 4761
3 4682 4683 4763
3 4682 4763 4762
3 4683 4684 4764
3 4683 4764 4763
3 4684 4685 4765
3 4684 4765 4764
3 4685 4686 4766
3 4685 4766 4765
3 4686 4687 4767
3 4686 4767 4766
3 4687 4688 4768
3 4687 4768 4767
3 4688 4689 4769
3 4688 4769 4768
3 4689 4690 4770
3 4689 4770 4769
3 4690 4691 4771
3 4690 4771 4770
3 4691 4692 4772
3 4691 4772 4771
3 4692 4693 4773
3 4692 4773 4772
3 4693 4694 4774
3 4693 4774 4773
3 4694 4695 4775
3 4694 4775 4774
3 4695 4696 4776
3 4695 4776 4775
3 4696 4697 4777
3 4696 4777 4776
3 4697 4698 4778
3 4697 4778 4777
3 4698 4699 4779
3 4698 4779 4778
3 4699 4700 4780
3 4699 4780 4779
3 4700 4701 4781
3 4700 4781 4780
3 4701 4702 4782
3 4701 4782 4781
3 4702 4703 4783
3 4702 4783 4782
3 4703 4704 4784
3 4703 4784 4783
3 4704 4705 4785
3 4704 4785 4784
3 4705 4706 4786
3 4705 4786 4785
3 4706 4707 4787
3 4706 4787 4786
3 4707 4708 4788
3 4707 4788 4787
3 4708 4709 4789
3 4708 4789 4788
3 4709 4710 4790
3 4709 4790 4789
3 4710 4711 4791
3 4710 4791 4790
3 4711 4712 4792
3 4711 4792 4791
3 4712 4713 4793
3 4712 4793 4792
3 4713 4714 4794
3 4713 4794 4793
3 4714 4715 4795
3 4714 4795 4794
3 4715 4716 4796
3 4715 4796 4795
3 4716 4717 4797
3 4716 4797 4796
3 4717 4718 4798
3 4717 4798 4797
3 4718 4719 4799
3 4718 4799 4798
3 4719 4640 4720
3 4719 4720 4799
3 4720 4721 4801
3 4720 4801 4800
3 4721 4722 4802
3 4721 4802 4801
3 4722 4723 4803
3 4722 4803 4802
3 4723 4724 4804
3 4723 4804 4803
3 4724 4725 4805
3 4724 4805 4804
3 4725 4726 4806
3 4725 4806 4805
3 4726 4727 4807
3 4726 4807 4806
3 4727 4728 4808
3 4727 4808 4807
3 4728 4729 4809
3 4728 4809 4808
3 4729 4730 4810
3 4729 4810 4809
3 4730 4731 4811
3 4730 4811 4810
3 4731 4732 4812
3 4731 4812 4811
3 4732 4733 4813
3 4732 4813 4812
3 4733 4734 4814
3 4733 4814 4813
3 4734 4735 4815
3 4734 4815 4814
3 4735 4736 4816
3 4735 4816 4815
3 4736 4737 4817
3 4736 4817 4816
3 4737 4738 4818
3 4737 4818 4817
3 4738 4739 4819
3 4738 4819 4818
3 4739 4740 4820
3 4739 4820 4819
3 4740 4741 4821
3 4740 4821 4820
3 4741 4742 4822
3 4741 4822 4821
3 4742 4743 4823
3 4742 4823 4822
3 4743 4744 4824
3 4743 4824 4823
3 4744 4745 4825
3 4744 4825 4824
3 4745 4746 4826
3 4745 4826 4825
3 4746 4747 4827
3 4746 4827 4826
3 4747 4748 4828
3 4747 4828 4827
3 4748 4749 4829
3 4748 4829 4828
3 4749 4750 4830
3 4749 4830 4829
3 4750 4751 4831
3 4750 4831 4830
3 4751 4752 4832
3 4751 4832 4831
3 4752 4753 4833
3 4752 4833 4832
3 4753 4754 4834
3 4753 4834 4833
3 4754 4755 4835
3 4754 4835 4834
3 4755 4756 4836
3 4755 4836 4835
3 4756 4757 4837
3 4756 4837 4836
3 4757 4758 4838
3 4757 4838 4837
3 4758 4759 4839
3 4758 4839 4838
3 4759 4760 4840
3 4759 4840 4839
3 4760 4761 4841
3 4760 4841 4840
3 4761 4762 4842
3 4761 4842 4841
3 4762 4763 4843
3 4762 4843 4842
3 4763 4764 4844
3 4763 4844 4843
3 4764 4765 4845
3 4764 4845 4844
3 4765 4766 4846
3 4765 4846 4845
3 4766 4767 4847
3 4766 4847 4846
3 4767 4768 4848
3 4767 4848 4847
3 4768 4769 4849
3 4768 4849 4848
3 4769 4770 4850
3 4769 4850 4849
3 4770 4771 4851
3 4770 4851 4850
3 4771 4772 4852
3 4771 4852 4851
3 4772 4773 4853
3 4772 4853 4852
3 4773 4774 4854
3 4773 4854 4853
3 4774 4775 4855
3 4774 4855 4854
3 4775 4776 4856
3 4775 4856 4855
3 4776 4777 4857
3 4776 4857 4856
3 4777 4778 4858
3 4777 4858 4857
3 4778 4779 4859
3 4778 4859 4858
3 4779 4780 4860
3 4779 4860 4859
3 4780 4781 4861
3 4780 4861 4860
3 4781 4782 4862
3 4781 4862 4861
3 4782 4783 4863
3 4782 4863 4862
3 4783 4784 4864
3 4783 4864 4863
3 4784 4785 4865
3 4784 4865 4864
3 4785 4786 4866
3 4785 4866 4865
3 4786 4787 4867
3 4786 4867 4866
3 4787 4788 4868
3 4787 4868 4867
3 4788 4789 4869
3 4788 4869 4868
3 4789 4790 4870
3 4789 4870 4869
3 4790 4791 4871
3 4790 4871 4870
3 4791 4792 4872
3 4791 4872 4871
3 4792 4793 4873
3 4792 4873 4872
3 4793 4794 4874
3 4793 4874 4873
3 4794 4795 4875
3 4794 4875 4874
3 4795 4796 4876
3 4795 4876 4875
3 4796 4797 4877
3 4796 4877 4876
3 4797 4798 4878
3 4797 4878 4877
3 4798 4799 4879
3 4798 4879 4878
3 4799 4720 4800
3 4799 4800 4879
3 4800 4801 4881
3 4800 4881 4880
3 4801 4802 4882
3 4801 4882 4881
3 4802 4803 4883
3 4802 4883 4882
3 4803 4804 4884
3 4803 4884 4883
3 4804 4805 4885
3 4804 4885 4884
3 4805 4806 4886
3 4805 4886 4885
3 4806 4807 4887
3 4806 4887 4886
3 4807 4808 4888
3 4807 4888 4887
3 4808 4809 4889
3 4808 4889 4888
3 4809 4810 4890
3 4809 4890 4889
3 4810 4811 4891
3 4810 4891 4890
3 4811 4812 4892
3 4811 4892 4891
3 4812 4813 4893
3 4812 4893 4892
3 4813 4814 4894
3 4813 4894 4893
3 4814 4815 4895
3 4814 4895 4894
3 4815 4816 4896
3 4815 4896 4895
3 4816 4817 4897
3 4816 4897 4896
3 4817 4818 4898
3 4817 4898 4897
3 4818 4819 4899
3 4818 4899 4898
3 4819 4820 4900
3 4819 4900 4899
3 4820 4821 4901
3 4820 4901 4900
3 4821 4822 4902
3 4821 4902 4901
3 4822 4823 4903
3 4822 4903 4902
3 4823 4824 4904
3 4823 4904 4903
3 4824 4825 4905
3 4824 4905 4904
3 4825 4826 4906
3 4825 4906 4905
3 4826 4827 4907
3 4826 4907 4906
3 4827 4828 4908
3 4827 4908 4907
3 4828 4829 4909
3 4828 4909 4908
3 4829 4830 4910
3 4829 4910 4909
3 4830 4831 4911
3 4830 4911 4910
3 4831 4832 4912
3 4831 4912 4911
3 4832 4833 4913
3 4832 4913 4912
3 4833 4834 4914
3 4833 4914 4913
3 4834 4835 4915
3 4834 4915 4914
3 4835 4836 4916
3 4835 4916 4915
3 4836 4837 4917
3 4836 4917 4916
3 4837 4838 4918
3 4837 4918 4917
3 4838 4839 4919
3 4838 4919 4918
3 4839 4840 4920
3 4839 4920 4919
3 4840 4841 4921
3 4840 4921 4920
3 4841 4842 4922
3 4841 4922 4921
3 4842 4843 4923
3 4842 4923 4922
3 4843 4844 4924
3 4843 4924 4923
3 4844 4845 4925
3 4844 4925 4924
3 4845 4846 4926
3 4845 4926 4925
3 4846 4847 4927
3 4846 4927 4926
3 4847 4848 4928
3 4847 4928 4927
3 4848 4849 4929
3 4848 4929 4928
3 4849 4850 4930
3 4849 4930 4929
3 4850 4851 4931
3 4850 4931 4930
3 4851 4852 4932
3 4851 4932 4931
3 4852 4853 4933
3 4852 4933 4932
3 4853 4854 4934
3 4853 4934 4933
3 4854 4855 4935
3 4854 4935 4934
3 4855 4856 4936
3 4855 4936 4935
3 4856 4857 4937
3 4856 4937 4936
3 4857 4858 4938
3 4857 4938 4937
3 4858 4859 4939
3 4858 4939 4938
3 4859 4860 4940
3 4859 4940 4939
3 4860 4861 4941
3 4860 4941 4940
3 4861 4862 4942
3 4861 4942 4941
3 4862 4863 4943
3 4862 4943 4942
3 4863 4864 4944
3 4863 4944 4943
3 4864 4865 4945
3 4864 4945 4944
3 4865 4866 4946
3 4865 4946 4945
3 4866 4867 4947
3 4866 4947 4946
3 4867 4868 4948
3 4867 4948 4947
3 4868 4869 4949
3 4868 4949 4948
3 4869 4870 4950
3 4869 4950 4949
3 4870 4871 4951
3 4870 4951 4950
3 4871 4872 4952
3 4871 4952 4951
3 4872 4873 4953
3 4872 4953 4952
3 4873 4874 4954
3 4873 4954 4953
3 4874 4875 4955
3 4874 4955 4954
3 4875 4876 4956
3 4875 4956 4955
3 4876 4877 4957
3 4876 4957 4956
3 4877 4878 4958
3 4877 4958 4957
3 4878 4879 4959
3 4878 4959 4958
3 4879 4800 4880
3 4879 4880 4959
3 4880 4881 4961
3 4880 4961 4960
3 4881 4882 4962
3 4881 4962 4961
3 4882 4883 4963
3 4882 4963 4962
3 4883 4884 4964
3 4883 4964 4963
3 4884 4885 4965
3 4884 4965 4964
3 4885 4886 4966
3 4885 4966 4965
3 4886 4887 4967
3 4886 4967 4966
3 4887 4888 4968
3 4887 4968 4967
3 4888 4889 4969
3 4888 4969 4968
3 4889 4890 4970
3 4889 4970 4969
3 4890 4891 4971
3 4890 4971 4970
3 4891 4892 4972
3 4891 4972 4971
3 4892 4893 4973
3 4892 4973 4972
3 4893 4894 4974
3 4893 4974 4973
3 4894 4895 4975
3 4894 4975 4974
3 4895 4896 4976
3 4895 4976 4975
3 4896 4897 4977
3 4896 4977 4976
3 4897 4898 4978
3 4897 4978 4977
3 4898 4899 4979
3 4898 4979 4978
3 4899 4900 4980
3 4899 4980 4979
3 4900 4901 4981
3 4900 4981 4980
3 4901 4902 4982
3 4901 4982 4981
3 4902 4903 4983
3 4902 4983 4982
3 4903 4904 4984
3 4903 4984 4983
3 4904 4905 4985
3 4904 4985 4984
3 4905 4906 4986
3 4905 4986 4985
3 4906 4907 4987
3 4906 4987 4986
3 4907 4908 4988
3 4907 4988 4987
3 4908 4909 4989
3 4908 4989 4988
3 4909 4910 4990
3 4909 4990 4989
3 4910 4911 4991
3 4910 4991 4990
3 4911 4912 4992
3 4911 4992 4991
3 4912 4913 4993
3 4912 4993 4992
3 4913 4914 4994
3 4913 4994 4993
3 4914 4915 4995
3 4914 4995 4994
3 4915 4916 4996
3 4915 4996 4995
3 4916 4917 4997
3 4916 4997 4996
3 4917 4918 4998
3 4917 4998 4997
3 4918 4919 4999
3 4918 4999 4998
3 4919 4920 5000
3 4919 5000 4999
3 4920 4921 5001
3 4920 5001 5000
3 4921 4922 5002
3 4921 5002 5001
3 4922 4923 5003
3 4922 5003 5002
3 4923 4924 5004
3 4923 5004 5003
3 4924 4925 5005
3 4924 5005 5004
3 4925 4926 5006
3 4925 5006 5005
3 4926 4927 5007
3 4926 5007 5006
3 4927 4928 5008
3 4927 5008 5007
3 4928 4929 5009
3 4928 5009 5008
3 4929 4930 5010
3 4929 5010 5009
3 4930 4931 5011
3 4930 5011 5010
3 4931 4932 5012
3 4931 5012 5011
3 4932 4933 5013
3 4932 5013 5012
3 4933 4934 5014
3 4933 5014 5013
3 4934 4935 5015
3 4934 5015 5014
3 4935 4936 5016
3 4935 5016 5015
3 4936 4937 5017
3 4936 5017 5016
3 4937 4938 5018
3 4937 5018 5017
3 4938 4939 5019
3 4938 5019 5018
3 4939 4940 5020
3 4939 5020 5019
3 4940 4941 5021
3 4940 5021 5020
3 4941 4942 5022
3 4941 5022 5021
3 4942 4943 5023
3 4942 5023 5022
3 4943 4944 5024
3 4943 5024 5023
3 4944 4945 5025
3 4944 5025 5024
3 4945 4946 5026
3 4945 5026 5025
3 4946 4947 5027
3 4946 5027 5026
3 4947 4948 5028
3 4947 5028 5027
3 4948 4949 5029
3 4948 5029 5028
3 4949 4950 5030
3 4949 5030 5029
3 4950 4951 5031
3 4950 5031 5030
3 4951 4952 5032
3 4951 5032 5031
3 4952 4953 5033
3 4952 5033 5032
3 4953 4954 5034
3 4953 5034 5033
3 4954 4955 5035
3 4954 5035 5034
3 4955 4956 5036
3 4955 5036 5035
3 4956 4957 5037
3 4956 5037 5036
3 4957 4958 5038
3 4957 5038 5037
3 4958 4959 5039
3 4958 5039 5038
3 4959 4880 4960
3 4959 4960 5039
3 4960 4961 5041
3 4960 5041 5040
3 4961 4962 5042
3 4961 5042 5041
3 4962 4963 5043
3 4962 5043 5042
3 4963 4964 5044
3 4963 5044 5043
3 4964 4965 5045
3 4964 5045 5044
3 4965 4966 5046
3 4965 5046 5045
3 4966 4967 5047
3 4966 5047 5046
3 4967 4968 5048
3 4967 5048 5047
3 4968 4969 5049
3 4968 5049 5048
3 4969 4970 5050
3 4969 5050 5049
3 4970 4971 5051
3 4970 5051 5050
3 4971 4972 5052
3 4971 5052 5051
3 4972 4973 5053
3 4972 5053 5052
3 4973 4974 5054
3 4973 5054 5053
3 4974 4975 5055
3 4974 5055 5054
3 4975 4976 5056
3 4975 5056 5055
3 4976 4977 5057
3 4976 5057 5056
3 4977 4978 5058
3 4977 5058 5057
3 4978 4979 5059
3 4978 5059 5058
3 4979 4980 5060
3 4979 5060 5059
3 4980 4981 5061
3 4980 5061 5060
3 4981 4982 5062
3 4981 5062 5061
3 4982 4983 5063
3 4982 5063 5062
3 4983 4984 5064
3 4983 5064 5063
3 4984 4985 5065
3 4984 5065 5064
3 4985 4986 5066
3 4985 5066 5065
3 4986 4987 5067
3 4986 5067 5066
3 4987 4988 5068
3 4987 5068 5067
3 4988 4989 5069
3 4988 5069 5068
3 4989 4990 5070
3 4989 5070 5069
3 4990 4991 5071
3 4990 5071 5070
3 4991 4992 5072
3 4991 5072 5071
3 4992 4993 5073
3 4992 5073 5072
3 4993 4994 5074
3 4993 5074 5073
3 4994 4995 5075
3 4994 5075 5074
3 4995 4996 5076
3 4995 5076 5075
3 4996 4997 5077
3 4996 5077 5076
3 4997 4998 5078
3 4997 5078 5077
3 4998 4999 5079
3 4998 5079 5078
3 4999 5000 5080
3 4999 5080 5079
3 5000 5001 5081
3 5000 5081 5080
3 5001 5002 5082
3 5001 5082 5081
3 5002 5003 5083
3 5002 5083 5082
3 5003 5004 5084
3 5003 5084 5083
3 5004 5005 5085
3 5004 5085 5084
3 5005 5006 5086
3 5005 5086 5085
3 5006 5007 5087
3 5006 5087 5086
3 5007 5008 5088
3 5007 5088 5087
3 5008 5009 5089
3 5008 5089 5088
3 5009 5010 5090
3 5009 5090 5089
3 5010 5011 5091
3 5010 5091 5090
3 5011 5012 5092
3 5011 5092 5091
3 5012 5013 5093
3 5012 5093 5092
3 5013 5014 5094
3 5013 5094 5093
3 5014 5015 5095
3 5014 5095 5094
3 5015 5016 5096
3 5015 5096 5095
3 5016 5017 5097
3 5016 5097 5096
3 5017 5018 5098
3 5017 5098 5097
3 5018 5019 5099
3 5018 5099 5098
3 5019 5020 5100
3 5019 5100 5099
3 5020 5021 5101
3 5020 5101 5100
3 5021 5022 5102
3 5021 5102 5101
3 5022 5023 5103
3 5022 5103 5102
3 5023 5024 5104
3 5023 5104 5103
3 5024 5025 5105
3 5024 5105 5104
3 5025 5026 5106
3 5025 5106 5105
3 5026 5027 5107
3 5026 5107 5106
3 5027 5028 5108
3 5027 5108 5107
3 5028 5029 5109
3 5028 5109 5108
3 5029 5030 5110
3 5029 5110 5109
3 5030 5031 5111
3 5030 5111 5110
3 5031 5032 5112
3 5031 5112 5111
3 5032 5033 5113
3 5032 5113 5112
3 5033 5034 5114
3 5033 5114 5113
3 5034 5035 5115
3 5034 5115 5114
3 5035 5036 5116
3 5035 5116 5115
3 5036 5037 5117
3 5036 5117 5116
3 5037 5038 5118
3 5037 5118 5117
3 5038 5039 5119
3 5038 5119 5118
3 5039 4960 5040
3 5039 5040 5119
3 5040 5041 5121
3 5040 5121 5120
3 5041 5042 5122
3 5041 5122 5121
3 5042 5043 5123
3 5042 5123 5122
3 5043 5044 5124
3 5043 5124 5123
3 5044 5045 5125
3 5044 5125 5124
3 5045 5046 5126
3 5045 5126 5125
3 5046 5047 5127
3 5046 5127 5126
3 5047 5048 5128
3 5047 5128 5127
3 5048 5049 5129
3 5048 5129 5128
3 5049 5050 5130
3 5049 5130 5129
3 5050 5051 5131
3 5050 5131 5130
3 5051 5052 5132
3 5051 5132 5131
3 5052 5053 5133
3 5052 5133 5132
3 5053 5054 5134
3 5053 5134 5133
3 5054 5055 5135
3 5054 5135 5134
3 5055 5056 5136
3 5055 5136 5135
3 5056 5057 5137
3 5056 5137 5136
3 5057 5058 5138
3 5057 5138 5137
3 5058 5059 5139
3 5058 5139 5138
3 5059 5060 5140
3 5059 5140 5139
3 5060 5061 5141
3 5060 5141 5140
3 5061 5062 5142
3 5061 5142 5141
3 5062 5063 5143
3 5062 5143 5142
3 5063 5064 5144
3 5063 5144 5143
3 5064 5065 5145
3 5064 5145 5144
3 5065 5066 5146
3 5065 5146 5145
3 5066 5067 5147
3 5066 5147 5146
3 5067 5068 5148
3 5067 5148 5147
3 5068 5069 5149
3 5068 5149 5148
3 5069 5070 5150
3 5069 5150 5149
3 5070 5071 5151
3 5070 5151 5150
3 5071 5072 5152
3 5071 5152 5151
3 5072 5073 5153
3 5072 5153 5152
3 5073 5074 5154
3 5073 5154 5153
3 5074 5075 5155
3 5074 5155 5154
3 5075 5076 5156
3 5075 5156 5155
3 5076 5077 5157
3 5076 5157 5156
3 5077 5078 5158
3 5077 5158 5157
3 5078 5079 5159
3 5078 5159 5158
3 5079 5080 5160
3 5079 5160 5159
3 5080 5081 5161
3 5080 5161 5160
3 5081 5082 5162
3 5081 5162 5161
3 5082 5083 5163
3 5082 5163 5162
3 5083 5084 5164
3 5083 5164 5163
3 5084 5085 5165
3 5084 5165 5164
3 5085 5086 5166
3 5085 5166 5165
3 5086 5087 5167
3 5086 5167 5166
3 5087 5088 5168
3 5087 5168 5167
3 5088 5089 5169
3 5088 5169 5168
3 5089 5090 5170
3 5089 5170 5169
3 5090 5091 5171
3 5090 5171 5170
3 5091 5092 5172
3 5091 5172 5171
3 5092 5093 5173
3 5092 5173 5172
3 5093 5094 5174
3 5093 5174 5173
3 5094 5095 5175
3 5094 5175 5174
3 5095 5096 5176
3 5095 5176 5175
3 5096 5097 5177
3 5096 5177 5176
3 5097 5098 5178
3 5097 5178 5177
3 5098 5099 5179
3 5098 5179 5178
3 5099 5100 5180
3 5099 5180 5179
3 5100 5101 5181
3 5100 5181 5180
3 5101 5102 5182
3 5101 5182 5181
3 5102 5103 5183
3 5102 5183 5182
3 5103 5104 5184
3 5103 5184 5183
3 5104 5105 5185
3 5104 5185 5184
3 5105 5106 5186
3 5105 5186 5185
3 5106 5107 5187
3 5106 5187 5186
3 5107 5108 5188
3 5107 5188 5187
3 5108 5109 5189
3 5108 5189 5188
3 5109 5110 5190
3 5109 5190 5189
3 5110 5111 5191
3 5110 5191 5190
3 5111 5112 5192
3 5111 5192 5191
3 5112 5113 5193
3 5112 5193 5192
3 5113 5114 5194
3 5113 5194 5193
3 5114 5115 5195
3 5114 5195 5194
3 5115 5116 5196
3 5115 5196 5195
3 5116 5117 5197
3 5116 5197 5196
3 5117 5118 5198
3 5117 5198 5197
3 5118 5119 5199
3 5118 5199 5198
3 5119 5040 5120
3 5119 5120 5199
3 5120 5121 5201
3 5120 5201 5200
3 5121 5122 5202
3 5121 5202 5201
3 5122 5123 5203
3 5122 5203 5202
3 5123 5124 5204
3 5123 5204 5203
3 5124 5125 5205
3 5124 5205 5204
3 5125 5126 5206
3 5125 5206 5205
3 5126 5127 5207
3 5126 5207 5206
3 5127 5128 5208
3 5127 5208 5207
3 5128 5129 5209
3 5128 5209 5208
3 5129 5130 5210
3 5129 5210 5209
3 5130 5131 5211
3 5130 5211 5210
3 5131 5132 5212
3 5131 5212 5211
3 5132 5133 5213
3 5132 5213 5212
3 5133 5134 5214
3 5133 5214 5213
3 5134 5135 5215
3 5134 5215 5214
3 5135 5136 5216
3 5135 5216 5215
3 5136 5137 5217
3 5136 5217 5216
3 5137 5138 5218
3 5137 5218 5217
3 5138 5139 5219
3 5138 5219 5218
3 5139 5140 5220
3 5139 5220 5219
3 5140 5141 5221
3 5140 5221 5220
3 5141 5142 5222
3 5141 5222 5221
3 5142 5143 5223
3 5142 5223 5222
3 5143 5144 5224
3 5143 5224 5223
3 5144 5145 5225
3 5144 5225 5224
3 5145 5146 5226
3 5145 5226 5225
3 5146 5147 5227
3 5146 5227 5226
3 5147 5148 5228
3 5147 5228 5227
3 5148 5149 5229
3 5148 5229 5228
3 5149 5150 5230
3 5149 5230 5229
3 5150 5151 5231
3 5150 5231 5230
3 5151 5152 5232
3 5151 5232 5231
3 5152 5153 5233
3 5152 5233 5232
3 5153 5154 5234
3 5153 5234 5233
3 5154 5155 5235
3 5154 5235 5234
3 5155 5156 5236
3 5155 5236 5235
3 5156 5157 5237
3 5156 5237 5236
3 5157 5158 5238
3 5157 5238 5237
3 5158 5159 5239
3 5158 5239 5238
3 5159 5160 5240
3 5159 5240 5239
3 5160 5161 5241
3 5160 5241 5240
3 5161 5162 5242
3 5161 5242 5241
3 5162 5163 5243
3 5162 5243 5242
3 5163 5164 5244
3 5163 5244 5243
3 5164 5165 5245
3 5164 5245 5244
3 5165 5166 5246
3 5165 5246 5245
3 5166 5167 5247
3 5166 5247 5246
3 5167 5168 5248
3 5167 5248 5247
3 5168 5169 5249
3 5168 5249 5248
3 5169 5170 5250
3 5169 5250 5249
3 5170 5171 5251
3 5170 5251 5250
3 5171 5172 5252
3 5171 5252 5251
3 5172 5173 5253
3 5172 5253 5252
3 5173 5174 5254
3 5173 5254 5253
3 5174 5175 5255
3 5174 5255 5254
3 5175 5176 5256
3 5175 5256 5255
3 5176 5177 5257
3 5176 5257 5256
3 5177 5178 5258
3 5177 5258 5257
3 5178 5179 5259
3 5178 5259 5258
3 5179 5180 5260
3 5179 5260 5259
3 5180 5181 5261
3 5180 5261 5260
3 5181 5182 5262
3 5181 5262 5261
3 5182 5183 5263
3 5182 5263 5262
3 5183 5184 5264
3 5183 5264 5263
3 5184 5185 5265
3 5184 5265 5264
3 5185 5186 5266
3 5185 5266 5265
3 5186 5187 5267
3 5186 5267 5266
3 5187 5188 5268
3 5187 5268 5267
3 5188 5189 5269
3 5188 5269 5268
3 5189 5190 5270
3 5189 5270 5269
3 5190 5191 5271
3 5190 5271 5270
3 5191 5192 5272
3 5191 5272 5271
3 5192 5193 5273
3 5192 5273 5272
3 5193 5194 5274
3 5193 5274 5273
3 5194 5195 5275
3 5194 5275 5274
3 5195 5196 5276
3 5195 5276 5275
3 5196 5197 5277
3 5196 5277 5276
3 5197 5198 5278
3 5197 5278 5277
3 5198 5199 5279
3 5198 5279 5278
3 5199 5120 5200
3 5199 5200 5279
3 5200 5201 5281
3 5200 5281 5280
3 5201 5202 5282
3 5201 5282 5281
3 5202 5203 5283
3 5202 5283 5282
3 5203 5204 5284
3 5203 5284 5283
3 5204 5205 5285
3 5204 5285 5284
3 5205 5206 5286
3 5205 5286 5285
3 5206 5207 5287
3 5206 5287 5286
3 5207 5208 5288
3 5207 5288 5287
3 5208 5209 5289
3 5208 5289 5288
3 5209 5210 5290
3 5209 5290 5289
3 5210 5211 5291
3 5210 5291 5290
3 5211 5212 5292
3 5211 5292 5291
3 5212 5213 5293
3 5212 5293 5292
3 5213 5214 5294
3 5213 5294 5293
3 5214 5215 5295
3 5214 5295 5294
3 5215 5216 5296
3 5215 5296 5295
3 5216 5217 5297
3 5216 5297 5296
3 5217 5218 5298
3 5217 5298 5297
3 5218 5219 5299
3 5218 5299 5298
3 5219 5220 5300
3 5219 5300 5299
3 5220 5221 5301
3 5220 5301 5300
3 5221 5222 5302
3 5221 5302 5301
3 5222 5223 5303
3 5222 5303 5302
3 5223 5224 5304
3 5223 5304 5303
3 5224 5225 5305
3 5224 5305 5304
3 5225 5226 5306
3 5225 5306 5305
3 5226 5227 5307
3 5226 5307 5306
3 5227 5228 5308
3 5227 5308 5307
3 5228 5229 5309
3 5228 5309 5308
3 5229 5230 5310
3 5229 5310 5309
3 5230 5231 5311
3 5230 5311 5310
3 5231 5232 5312
3 5231 5312 5311
3 5232 5233 5313
3 5232 5313 5312
3 5233 5234 5314
3 5233 5314 5313
3 5234 5235 5315
3 5234 5315 5314
3 5235 5236 5316
3 5235 5316 5315
3 5236 5237 5317
3 5236 5317 5316
3 5237 5238 5318
3 5237 5318 5317
3 5238 5239 5319
3 5238 5319 5318
3 5239 5240 5320
3 5239 5320 5319
3 5240 5241 5321
3 5240 5321 5320
3 5241 5242 5322
3 5241 5322 5321
3 5242 5243 5323
3 5242 5323 5322
3 5243 5244 5324
3 5243 5324 5323
3 5244 5245 5325
3 5244 5325 5324
3 5245 5246 5326
3 5245 5326 5325
3 5246 5247 5327
3 5246 5327 5326
3 5247 5248 5328
3 5247 5328 5327
3 5248 5249 5329
3 5248 5329 5328
3 5249 5250 5330
3 5249 5330 5329
3 5250 5251 5331
3 5250 5331 5330
3 5251 5252 5332
3 5251 5332 5331
3 5252 5253 5333
3 5252 5333 5332
3 5253 5254 5334
3 5253 5334 5333
3 5254 5255 5335
3 5254 5335 5334
3 5255 5256 5336
3 5255 5336 5335
3 5256 5257 5337
3 5256 5337 5336
3 5257 5258 5338
3 5257 5338 5337
3 5258 5259 5339
3 5258 5339 5338
3 5259 5260 5340
3 5259 5340 5339
3 5260 5261 5341
3 5260 5341 5340
3 5261 5262 5342
3 5261 5342 5341
3 5262 5263 5343
3 5262 5343 5342
3 5263 5264 5344
3 5263 5344 5343
3 5264 5265 5345
3 5264 5345 5344
3 5265 5266 5346
3 5265 5346 5345
3 5266 5267 5347
3 5266 5347 5346
3 5267 5268 5348
3 5267 5348 5347
3 5268 5269 5349
3 5268 5349 5348
3 5269 5270 5350
3 5269 5350 5349
3 5270 5271 5351
3 5270 5351 5350
3 5271 5272 5352
3 5271 5352 5351
3 5272 5273 5353
3 5272 5353 5352
3 5273 5274 5354
3 5273 5354 5353
3 5274 5275 5355
3 5274 5355 5354
3 5275 5276 5356
3 5275 5356 5355
3 5276 5277 5357
3 5276 5357 5356
3 5277 5278 5358
3 5277 5358 5357
3 5278 5279 5359
3 5278 5359 5358
3 5279 5200 5280
3 5279 5280 5359
3 5280 5281 5361
3 5280 5361 5360
3 5281 5282 5362
3 5281 5362 5361
3 5282 5283 5363
3 5282 5363 5362
3 5283 5284 5364
3 5283 5364 5363
3 5284 5285 5365
3 5284 5365 5364
3 5285 5286 5366
3 5285 5366 5365
3 5286 5287 5367
3 5286 5367 5366
3 5287 5288 5368
3 5287 5368 5367
3 5288 5289 5369
3 5288 5369 5368
3 5289 5290 5370
3 5289 5370 5369
3 5290 5291 5371
3 5290 5371 5370
3 5291 5292 5372
3 5291 5372 5371
3 5292 5293 5373
3 5292 5373 5372
3 5293 5294 5374
3 5293 5374 5373
3 5294 5295 5375
3 5294 5375 5374
3 5295 5296 5376
3 5295 5376 5375
3 5296 5297 5377
3 5296 5377 5376
3 5297 5298 5378
3 5297 5378 5377
3 5298 5299 5379
3 5298 5379 5378
3 5299 5300 5380
3 5299 5380 5379
3 5300 5301 5381
3 5300 5381 5380
3 5301 5302 5382
3 5301 5382 5381
3 5302 5303 5383
3 5302 5383 5382
3 5303 5304 5384
3 5303 5384 5383
3 5304 5305 5385
3 5304 5385 5384
3 5305 5306 5386
3 5305 5386 5385
3 5306 5307 5387
3 5306 5387 5386
3 5307 5308 5388
3 5307 5388 5387
3 5308 5309 5389
3 5308 5389 5388
3 5309 5310 5390
3 5309 5390 5389
3 5310 5311 5391
3 5310 5391 5390
3 5311 5312 5392
3 5311 5392 5391
3 5312 5313 5393
3 5312 5393 5392
3 5313 5314 5394
3 5313 5394 5393
3 5314 5315 5395
3 5314 5395 5394
3 5315 5316 5396
3 5315 5396 5395
3 5316 5317 5397
3 5316 5397 5396
3 5317 5318 5398
3 5317 5398 5397
3 5318 5319 5399
3 5318 5399 5398
3 5319 5320 5400
3 5319 5400 5399
3 5320 5321 5401
3 5320 5401 5400
3 5321 5322 5402
3 5321 5402 5401
3 5322 5323 5403
3 5322 5403 5402
3 5323 5324 5404
3 5323 5404 5403
3 5324 5325 5405
3 5324 5405 5404
3 5325 5326 5406
3 5325 5406 5405
3 5326 5327 5407
3 5326 5407 5406
3 5327 5328 5408
3 5327 5408 5407
3 5328 5329 5409
3 5328 5409 5408
3 5329 5330 5410
3 5329 5410 5409
3 5330 5331 5411
3 5330 5411 5410
3 5331 5332 5412
3 5331 5412 5411
3 5332 5333 5413
3 5332 5413 5412
3 5333 5334 5414
3 5333 5414 5413
3 5334 5335 5415
3 5334 5415 5414
3 5335 5336 5416
3 5335 5416 5415
3 5336 5337 5417
3 5336 5417 5416
3 5337 5338 5418
3 5337 5418 5417
3 5338 5339 5419
3 5338 5419 5418
3 5339 5340 5420
3 5339 5420 5419
3 5340 5341 5421
3 5340 5421 5420
3 5341 5342 5422
3 5341 5422 5421
3 5342 5343 5423
3 5342 5423 5422
3 5343 5344 5424
3 5343 5424 5423
3 5344 5345 5425
3 5344 5425 5424
3 5345 5346 5426
3 5345 5426 5425
3 5346 5347 5427
3 5346 5427 5426
3 5347 5348 5428
3 5347 5428 5427
3 5348 5349 5429
3 5348 5429 5428
3 5349 5350 5430
3 5349 5430 5429
3 5350 5351 5431
3 5350 5431 5430
3 5351 5352 5432
3 5351 5432 5431
3 5352 5353 5433
3 5352 5433 5432
3 5353 5354 5434
3 5353 5434 5433
3 5354 5355 5435
3 5354 5435 5434
3 5355 5356 5436
3 5355 5436 5435
3 5356 5357 5437
3 5356 5437 5436
3 5357 5358 5438
3 5357 5438 5437
3 5358 5359 5439
3 5358 5439 5438
3 5359 5280 5360
3 5359 5360 5439
3 5360 5361 5441
3 5360 5441 5440
3 5361 5362 5442
3 5361 5442 5441
3 5362 5363 5443
3 5362 5443 5442
3 5363 5364 5444
3 5363 5444 5443
3 5364 5365 5445
3 5364 5445 5444
3 5365 5366 5446
3 5365 5446 5445
3 5366 5367 5447
3 5366 5447 5446
3 5367 5368 5448
3 5367 5448 5447
3 5368 5369 5449
3 5368 5449 5448
3 5369 5370 5450
3 5369 5450 5449
3 5370 5371 5451
3 5370 5451 5450
3 5371 5372 5452
3 5371 5452 5451
3 5372 5373 5453
3 5372 5453 5452
3 5373 5374 5454
3 5373 5454 5453
3 5374 5375 5455
3 5374 5455 5454
3 5375 5376 5456
3 5375 5456 5455
3 5376 5377 5457
3 5376 5457 5456
3 5377 5378 5458
3 5377 5458 5457
3 5378 5379 5459
3 5378 5459 5458
3 5379 5380 5460
3 5379 5460 5459
3 5380 5381 5461
3 5380 5461 5460
3 5381 5382 5462
3 5381 5462 5461
3 5382 5383 5463
3 5382 5463 5462
3 5383 5384 5464
3 5383 5464 5463
3 5384 5385 5465
3 5384 5465 5464
3 5385 5386 5466
3 5385 5466 5465
3 5386 5387 5467
3 5386 5467 5466
3 5387 5388 5468
3 5387 5468 5467
3 5388 5389 5469
3 5388 5469 5468
3 5389 5390 5470
3 5389 5470 5469
3 5390 5391 5471
3 5390 5471 5470
3 5391 5392 5472
3 5391 5472 5471
3 5392 5393 5473
3 5392 5473 5472
3 5393 5394 5474
3 5393 5474 5473
3 5394 5395 5475
3 5394 5475 5474
3 5395 5396 5476
3 5395 5476 5475
3 5396 5397 5477
3 5396 5477 5476
3 5397 5398 5478
3 5397 5478 5477
3 5398 5399 5479
3 5398 5479 5478
3 5399 5400 5480
3 5399 5480 5479
3 5400 5401 5481
3 5400 5481 5480
3 5401 5402 5482
3 5401 5482 5481
3 5402 5403 5483
3 5402 5483 5482
3 5403 5404 5484
3 5403 5484 5483
3 5404 5405 5485
3 5404 5485 5484
3 5405 5406 5486
3 5405 5486 5485
3 5406 5407 5487
3 5406 5487 5486
3 5407 5408 5488
3 5407 5488 5487
3 5408 5409 5489
3 5408 5489 5488
3 5409 5410 5490
3 5409 5490 5489
3 5410 5411 5491
3 5410 5491 5490
3 5411 5412 5492
3 5411 5492 5491
3 5412 5413 5493
3 5412 5493 5492
3 5413 5414 5494
3 5413 5494 5493
3 5414 5415 5495
3 5414 5495 5494
3 5415 5416 5496
3 5415 5496 5495
3 5416 5417 5497
3 5416 5497 5496
3 5417 5418 5498
3 5417 5498 5497
3 5418 5419 5499
3 5418 5499 5498
3 5419 5420 5500
3 5419 5500 5499
3 5420 5421 5501
3 5420 5501 5500
3 5421 5422 5502
3 5421 5502 5501
3 5422 5423 5503
3 5422 5503 5502
3 5423 5424 5504
3 5423 5504 5503
3 5424 5425 5505
3 5424 5505 5504
3 5425 5426 5506
3 5425 5506 5505
3 5426 5427 5507
3 5426 5507 5506
3 5427 5428 5508
3 5427 5508 5507
3 5428 5429 5509
3 5428 5509 5508
3 5429 5430 5510
3 5429 5510 5509
3 5430 5431 5511
3 5430 5511 5510
3 5431 5432 5512
3 5431 5512 5511
3 5432 5433 5513
3 5432 5513 5512
3 5433 5434 5514
3 5433 5514 5513
3 5434 5435 5515
3 5434 5515 5514
3 5435 5436 5516
3 5435 5516 5515
3 5436 5437 5517
3 5436 5517 5516
3 5437 5438 5518
3 5437 5518 5517
3 5438 5439 5519
3 5438 5519 5518
3 5439 5360 5440
3 5439 5440 5519
3 5440 5441 5521
3 5440 5521 5520
3 5441 5442 5522
3 5441 5522 5521
3 5442 5443 5523
3 5442 5523 5522
3 5443 5444 5524
3 5443 5524 5523
3 5444 5445 5525
3 5444 5525 5524
3 5445 5446 5526
3 5445 5526 5525
3 5446 5447 5527
3 5446 5527 5526
3 5447 5448 5528
3 5447 5528 5527
3 5448 5449 5529
3 5448 5529 5528
3 5449 5450 5530
3 5449 5530 5529
3 5450 5451 5531
3 5450 5531 5530
3 5451 5452 5532
3 5451 5532 5531
3 5452 5453 5533
3 5452 5533 5532
3 5453 5454 5534
3 5453 5534 5533
3 5454 5455 5535
3 5454 5535 5534
3 5455 5456 5536
3 5455 5536 5535
3 5456 5457 5537
3 5456 5537 5536
3 5457 5458 5538
3 5457 5538 5537
3 5458 5459 5539
3 5458 5539 5538
3 5459 5460 5540
3 5459 5540 5539
3 5460 5461 5541
3 5460 5541 5540
3 5461 5462 5542
3 5461 5542 5541
3 5462 5463 5543
3 5462 5543 5542
3 5463 5464 5544
3 5463 5544 5543
3 5464 5465 5545
3 5464 5545 5544
3 5465 5466 5546
3 5465 5546 5545
3 5466 5467 5547
3 5466 5547 5546
3 5467 5468 5548
3 5467 5548 5547
3 5468 5469 5549
3 5468 5549 5548
3 5469 5470 5550
3 5469 5550 5549
3 5470 5471 5551
3 5470 5551 5550
3 5471 5472 5552
3 5471 5552 5551
3 5472 5473 5553
3 5472 5553 5552
3 5473 5474 5554
3 5473 5554 5553
3 5474 5475 5555
3 5474 5555 5554
3 5475 5476 5556
3 5475 5556 5555
3 5476 5477 5557
3 5476 5557 5556
3 5477 5478 5558
3 5477 5558 5557
3 5478 5479 5559
3 5478 5559 5558
3 5479 5480 5560
3 5479 5560 5559
3 5480 5481 5561
3 5480 5561 5560
3 5481 5482 5562
3 5481 5562 5561
3 5482 5483 5563
3 5482 5563 5562
3 5483 5484 5564
3 5483 5564 5563
3 5484 5485 5565
3 5484 5565 5564
3 5485 5486 5566
3 5485 5566 5565
3 5486 5487 5567
3 5486 5567 5566
3 5487 5488 5568
3 5487 5568 5567
3 5488 5489 5569
3 5488 5569 5568
3 5489 5490 5570
3 5489 5570 5569
3 5490 5491 5571
3 5490 5571 5570
3 5491 5492 5572
3 5491 5572 5571
3 5492 5493 5573
3 5492 5573 5572
3 5493 5494 5574
3 5493 5574 5573
3 5494 5495 5575
3 5494 5575 5574
3 5495 5496 5576
3 5495 5576 5575
3 5496 5497 5577
3 5496 5577 5576
3 5497 5498 5578
3 5497 5578 5577
3 5498 5499 5579
3 5498 5579 5578
3 5499 5500 5580
3 5499 5580 5579
3 5500 5501 5581
3 5500 5581 5580
3 5501 5502 5582
3 5501 5582 5581
3 5502 5503 5583
3 5502 5583 5582
3 5503 5504 5584
3 5503 5584 5583
3 5504 5505 5585
3 5504 5585 5584
3 5505 5506 5586
3 5505 5586 5585
3 5506 5507 5587
3 5506 5587 5586
3 5507 5508 5588
3 5507 5588 5587
3 5508 5509 5589
3 5508 5589 5588
3 5509 5510 5590
3 5509 5590 5589
3 5510 5511 5591
3 5510 5591 5590
3 5511 5512 5592
3 5511 5592 5591
3 5512 5513 5593
3 5512 5593 5592
3 5513 5514 5594
3 5513 5594 5593
3 5514 5515 5595
3 5514 5595 5594
3 5515 5516 5596
3 5515 5596 5595
3 5516 5517 5597
3 5516 5597 5596
3 5517 5518 5598
3 5517 5598 5597
3 5518 5519 5599
3 5518 5599 5598
3 5519 5440 5520
3 5519 5520 5599
3 5520 5521 5601
3 5520 5601 5600
3 5521 5522 5602
3 5521 5602 5601
3 5522 5523 5603
3 5522 5603 5602
3 5523 5524 5604
3 5523 5604 5603
3 5524 5525 5605
3 5524 5605 5604
3 5525 5526 5606
3 5525 5606 5605
3 5526 5527 5607
3 5526 5607 5606
3 5527 5528 5608
3 5527 5608 5607
3 5528 5529 5609
3 5528 5609 5608
3 5529 5530 5610
3 5529 5610 5609
3 5530 5531 5611
3 5530 5611 5610
3 5531 5532 5612
3 5531 5612 5611
3 5532 5533 5613
3 5532 5613 5612
3 5533 5534 5614
3 5533 5614 5613
3 5534 5535 5615
3 5534 5615 5614
3 5535 5536 5616
3 5535 5616 5615
3 5536 5537 5617
3 5536 5617 5616
3 5537 5538 5618
3 5537 5618 5617
3 5538 5539 5619
3 5538 5619 5618
3 5539 5540 5620
3 5539 5620 5619
3 5540 5541 5621
3 5540 5621 5620
3 5541 5542 5622
3 5541 5622 5621
3 5542 5543 5623
3 5542 5623 5622
3 5543 5544 5624
3 5543 5624 5623
3 5544 5545 5625
3 5544 5625 5624
3 5545 5546 5626
3 5545 5626 5625
3 5546 5547 5627
3 5546 5627 5626
3 5547 5548 5628
3 5547 5628 5627
3 5548 5549 5629
3 5548 5629 5628
3 5549 5550 5630
3 5549 5630 5629
3 5550 5551 5631
3 5550 5631 5630
3 5551 5552 5632
3 5551 5632 5631
3 5552 5553 5633
3 5552 5633 5632
3 5553 5554 5634
3 5553 5634 5633
3 5554 5555 5635
3 5554 5635 5634
3 5555 5556 5636
3 5555 5636 5635
3 5556 5557 5637
3 5556 5637 5636
3 5557 5558 5638
3 5557 5638 5637
3 5558 5559 5639
3 5558 5639 5638
3 5559 5560 5640
3 5559 5640 5639
3 5560 5561 5641
3 5560 5641 5640
3 5561 5562 5642
3 5561 5642 5641
3 5562 5563 5643
3 5562 5643 5642
3 5563 5564 5644
3 5563 5644 5643
3 5564 5565 5645
3 5564 5645 5644
3 5565 5566 5646
3 5565 5646 5645
3 5566 5567 5647
3 5566 5647 5646
3 5567 5568 5648
3 5567 5648 5647
3 5568 5569 5649
3 5568 5649 5648
3 5569 5570 5650
3 5569 5650 5649
3 5570 5571 5651
3 5570 5651 5650
3 5571 5572 5652
3 5571 5652 5651
3 5572 5573 5653
3 5572 5653 5652
3 5573 5574 5654
3 5573 5654 5653
3 5574 5575 5655
3 5574 5655 5654
3 5575 5576 5656
3 5575 5656 5655
3 5576 5577 5657
3 5576 5657 5656
3 5577 5578 5658
3 5577 5658 5657
3 5578 5579 5659
3 5578 5659 5658
3 5579 5580 5660
3 5579 5660 5659
3 5580 5581 5661
3 5580 5661 5660
3 5581 5582 5662
3 5581 5662 5661
3 5582 5583 5663
3 5582 5663 5662
3 5583 5584 5664
3 5583 5664 5663
3 5584 5585 5665
3 5584 5665 5664
3 5585 5586 5666
3 5585 5666 5665
3 5586 5587 5667
3 5586 5667 5666
3 5587 5588 5668
3 5587 5668 5667
3 5588 5589 5669
3 5588 5669 5668
3 5589 5590 5670
3 5589 5670 5669
3 5590 5591 5671
3 5590 5671 5670
3 5591 5592 5672
3 5591 5672 5671
3 5592 5593 5673
3 5592 5673 5672
3 5593 5594 5674
3 5593 5674 5673
3 5594 5595 5675
3 5594 5675 5674
3 5595 5596 5676
3 5595 5676 5675
3 5596 5597 5677
3 5596 5677 5676
3 5597 5598 5678
3 5597 5678 5677
3 5598 5599 5679
3 5598 5679 5678
3 5599 5520 5600
3 5599 5600 5679
3 5600 5601 5681
3 5600 5681 5680
3 5601 5602 5682
3 5601 5682 5681
3 5602 5603 5683
3 5602 5683 5682
3 5603 5604 5684
3 5603 5684 5683
3 5604 5605 5685
3 5604 5685 5684
3 5605 5606 5686
3 5605 5686 5685
3 5606 5607 5687
3 5606 5687 5686
3 5607 5608 5688
3 5607 5688 5687
3 5608 5609 5689
3 5608 5689 5688
3 5609 5610 5690
3 5609 5690 5689
3 5610 5611 5691
3 5610 5691 5690
3 5611 5612 5692
3 5611 5692 5691
3 5612 5613 5693
3 5612 5693 5692
3 5613 5614 5694
3 5613 5694 5693
3 5614 5615 5695
3 5614 5695 5694
3 5615 5616 5696
3 5615 5696 5695
3 5616 5617 5697
3 5616 5697 5696
3 5617 5618 5698
3 5617 5698 5697
3 5618 5619 5699
3 5618 5699 5698
3 5619 5620 5700
3 5619 5700 5699
3 5620 5621 5701
3 5620 5701 5700
3 5621 5622 5702
3 5621 5702 5701
3 5622 5623 5703
3 5622 5703 5702
3 5623 5624 5704
3 5623 5704 5703
3 5624 5625 5705
3 5624 5705 5704
3 5625 5626 5706
3 5625 5706 5705
3 5626 5627 5707
3 5626 5707 5706
3 5627 5628 5708
3 5627 5708 5707
3 5628 5629 5709
3 5628 5709 5708
3 5629 5630 5710
3 5629 5710 5709
3 5630 5631 5711
3 5630 5711 5710
3 5631 5632 5712
3 5631 5712 5711
3 5632 5633 5713
3 5632 5713 5712
3 5633 5634 5714
3 5633 5714 5713
3 5634 5635 5715
3 5634 5715 5714
3 5635 5636 5716
3 5635 5716 5715
3 5636 5637 5717
3 5636 5717 5716
3 5637 5638 5718
3 5637 5718 5717
3 5638 5639 5719
3 5638 5719 5718
3 5639 5640 5720
3 5639 5720 5719
3 5640 5641 5721
3 5640 5721 5720
3 5641 5642 5722
3 5641 5722 5721
3 5642 5643 5723
3 5642 5723 5722
3 5643 5644 5724
3 5643 5724 5723
3 5644 5645 5725
3 5644 5725 5724
3 5645 5646 5726
3 5645 5726 5725
3 5646 5647 5727
3 5646 5727 5726
3 5647 5648 5728
3 5647 5728 5727
3 5648 5649 5729
3 5648 5729 5728
3 5649 5650 5730
3 5649 5730 5729
3 5650 5651 5731
3 5650 5731 5730
3 5651 5652 5732
3 5651 5732 5731
3 5652 5653 5733
3 5652 5733 5732
3 5653 5654 5734
3 5653 5734 5733
3 5654 5655 5735
3 5654 5735 5734
3 5655 5656 5736
3 5655 5736 5735
3 5656 5657 5737
3 5656 5737 5736
3 5657 5658 5738
3 5657 5738 5737
3 5658 5659 5739
3 5658 5739 5738
3 5659 5660 5740
3 5659 5740 5739
3 5660 5661 5741
3 5660 5741 5740
3 5661 5662 5742
3 5661 5742 5741
3 5662 5663 5743
3 5662 5743 5742
3 5663 5664 5744
3 5663 5744 5743
3 5664 5665 5745
3 5664 5745 5744
3 5665 5666 5746
3 5665 5746 5745
3 5666 5667 5747
3 5666 5747 5746
3 5667 5668 5748
3 5667 5748 5747
3 5668 5669 5749
3 5668 5749 5748
3 5669 5670 5750
3 5669 5750 5749
3 5670 5671 5751
3 5670 5751 5750
3 5671 5672 5752
3 5671 5752 5751
3 5672 5673 5753
3 5672 5753 5752
3 5673 5674 5754
3 5673 5754 5753
3 5674 5675 5755
3 5674 5755 5754
3 5675 5676 5756
3 5675 5756 5755
3 5676 5677 5757
3 5676 5757 5756
3 5677 5678 5758
3 5677 5758 5757
3 5678 5679 5759
3 5678 5759 5758
3 5679 5600 5680
3 5679 5680 5759
3 5680 5681 5761
3 5680 5761 5760
3 5681 5682 5762
3 5681 5762 5761
3 5682 5683 5763
3 5682 5763 5762
3 5683 5684 5764
3 5683 5764 5763
3 5684 5685 5765
3 5684 5765 5764
3 5685 5686 5766
3 5685 5766 5765
3 5686 5687 5767
3 5686 5767 5766
3 5687 5688 5768
3 5687 5768 5767
3 5688 5689 5769
3 5688 5769 5768
3 5689 5690 5770
3 5689 5770 5769
3 5690 5691 5771
3 5690 5771 5770
3 5691 5692 5772
3 5691 5772 5771
3 5692 5693 5773
3 5692 5773 5772
3 5693 5694 5774
3 5693 5774 5773
3 5694 5695 5775
3 5694 5775 5774
3 5695 5696 5776
3 5695 5776 5775
3 5696 5697 5777
3 5696 5777 5776
3 5697 5698 5778
3 5697 5778 5777
3 5698 5699 5779
3 5698 5779 5778
3 5699 5700 5780
3 5699 5780 5779
3 5700 5701 5781
3 5700 5781 5780
3 5701 5702 5782
3 5701 5782 5781
3 5702 5703 5783
3 5702 5783 5782
3 5703 5704 5784
3 5703 5784 5783
3 5704 5705 5785
3 5704 5785 5784
3 5705 5706 5786
3 5705 5786 5785
3 5706 5707 5787
3 5706 5787 5786
3 5707 5708 5788
3 5707 5788 5787
3 5708 5709 5789
3 5708 5789 5788
3 5709 5710 5790
3 5709 5790 5789
3 5710 5711 5791
3 5710 5791 5790
3 5711 5712 5792
3 5711 5792 5791
3 5712 5713 5793
3 5712 5793 5792
3 5713 5714 5794
3 5713 5794 5793
3 5714 5715 5795
3 5714 5795 5794
3 5715 5716 5796
3 5715 5796 5795
3 5716 5717 5797
3 5716 5797 5796
3 5717 5718 5798
3 5717 5798 5797
3 5718 5719 5799
3 5718 5799 5798
3 5719 5720 5800
3 5719 5800 5799
3 5720 5721 5801
3 5720 5801 5800
3 5721 5722 5802
3 5721 5802 5801
3 5722 5723 5803
3 5722 5803 5802
3 5723 5724 5804
3 5723 5804 5803
3 5724 5725 5805
3 5724 5805 5804
3 5725 5726 5806
3 5725 5806 5805
3 5726 5727 5807
3 5726 5807 5806
3 5727 5728 5808
3 5727 5808 5807
3 5728 5729 5809
3 5728 5809 5808
3 5729 5730 5810
3 5729 5810 5809
3 5730 5731 5811
3 5730 5811 5810
3 5731 5732 5812
3 5731 5812 5811
3 5732 5733 5813
3 5732 5813 5812
3 5733 5734 5814
3 5733 5814 5813
3 5734 5735 5815
3 5734 5815 5814
3 5735 5736 5816
3 5735 5816 5815
3 5736 5737 5817
3 5736 5817 5816
3 5737 5738 5818
3 5737 5818 5817
3 5738 5739 5819
3 5738 5819 5818
3 5739 5740 5820
3 5739 5820 5819
3 5740 5741 5821
3 5740 5821 5820
3 5741 5742 5822
3 5741 5822 5821
3 5742 5743 5823
3 5742 5823 5822
3 5743 5744 5824
3 5743 5824 5823
3 5744 5745 5825
3 5744 5825 5824
3 5745 5746 5826
3 5745 5826 5825
3 5746 5747 5827
3 5746 5827 5826
3 5747 5748 5828
3 5747 5828 5827
3 5748 5749 5829
3 5748 5829 5828
3 5749 5750 5830
3 5749 5830 5829
3 5750 5751 5831
3 5750 5831 5830
3 5751 5752 5832
3 5751 5832 5831
3 5752 5753 5833
3 5752 5833 5832
3 5753 5754 5834
3 5753 5834 5833
3 5754 5755 5835
3 5754 5835 5834
3 5755 5756 5836
3 5755 5836 5835
3 5756 5757 5837
3 5756 5837 5836
3 5757 5758 5838
3 5757 5838 5837
3 5758 5759 5839
3 5758 5839 5838
3 5759 5680 5760
3 5759 5760 5839
3 5760 5761 5841
3 5760 5841 5840
3 5761 5762 5842
3 5761 5842 5841
3 5762 5763 5843
3 5762 5843 5842
3 5763 5764 5844
3 5763 5844 5843
3 5764 5765 5845
3 5764 5845 5844
3 5765 5766 5846
3 5765 5846 5845
3 5766 5767 5847
3 5766 5847 5846
3 5767 5768 5848
3 5767 5848 5847
3 5768 5769 5849
3 5768 5849 5848
3 5769 5770 5850
3 5769 5850 5849
3 5770 5771 5851
3 5770 5851 5850
3 5771 5772 5852
3 5771 5852 5851
3 5772 5773 5853
3 5772 5853 5852
3 5773 5774 5854
3 5773 5854 5853
3 5774 5775 5855
3 5774 5855 5854
3 5775 5776 5856
3 5775 5856 5855
3 5776 5777 5857
3 5776 5857 5856
3 5777 5778 5858
3 5777 5858 5857
3 5778 5779 5859
3 5778 5859 5858
3 5779 5780 5860
3 5779 5860 5859
3 5780 5781 5861
3 5780 5861 5860
3 5781 5782 5862
3 5781 5862 5861
3 5782 5783 5863
3 5782 5863 5862
3 5783 5784 5864
3 5783 5864 5863
3 5784 5785 5865
3 5784 5865 5864
3 5785 5786 5866
3 5785 5866 5865
3 5786 5787 5867
3 5786 5867 5866
3 5787 5788 5868
3 5787 5868 5867
3 5788 5789 5869
3 5788 5869 5868
3 5789 5790 5870
3 5789 5870 5869
3 5790 5791 5871
3 5790 5871 5870
3 5791 5792 5872
3 5791 5872 5871
3 5792 5793 5873
3 5792 5873 5872
3 5793 5794 5874
3 5793 5874 5873
3 5794 5795 5875
3 5794 5875 5874
3 5795 5796 5876
3 5795 5876 5875
3 5796 5797 5877
3 5796 5877 5876
3 5797 5798 5878
3 5797 5878 5877
3 5798 5799 5879
3 5798 5879 5878
3 5799 5800 5880
3 5799 5880 5879
3 5800 5801 5881
3 5800 5881 5880
3 5801 5802 5882
3 5801 5882 5881
3 5802 5803 5883
3 5802 5883 5882
3 5803 5804 5884
3 5803 5884 5883
3 5804 5805 5885
3 5804 5885 5884
3 5805 5806 5886
3 5805 5886 5885
3 5806 5807 5887
3 5806 5887 5886
3 5807 5808 5888
3 5807 5888 5887
3 5808 5809 5889
3 5808 5889 5888
3 5809 5810 5890
3 5809 5890 5889
3 5810 5811 5891
3 5810 5891 5890
3 5811 5812 5892
3 5811 5892 5891
3 5812 5813 5893
3 5812 5893 5892
3 5813 5814 5894
3 5813 5894 5893
3 5814 5815 5895
3 5814 5895 5894
3 5815 5816 5896
3 5815 5896 5895
3 5816 5817 5897
3 5816 5897 5896
3 5817 5818 5898
3 5817 5898 5897
3 5818 5819 5899
3 5818 5899 5898
3 5819 5820 5900
3 5819 5900 5899
3 5820 5821 5901
3 5820 5901 5900
3 5821 5822 5902
3 5821 5902 5901
3 5822 5823 5903
3 5822 5903 5902
3 5823 5824 5904
3 5823 5904 5903
3 5824 5825 5905
3 5824 5905 5904
3 5825 5826 5906
3 5825 5906 5905
3 5826 5827 5907
3 5826 5907 5906
3 5827 5828 5908
3 5827 5908 5907
3 5828 5829 5909
3 5828 5909 5908
3 5829 5830 5910
3 5829 5910 5909
3 5830 5831 5911
3 5830 5911 5910
3 5831 5832 5912
3 5831 5912 5911
3 5832 5833 5913
3 5832 5913 5912
3 5833 5834 5914
3 5833 5914 5913
3 5834 5835 5915
3 5834 5915 5914
3 5835 5836 5916
3 5835 5916 5915
3 5836 5837 5917
3 5836 5917 5916
3 5837 5838 5918
3 5837 5918 5917
3 5838 5839 5919
3 5838 5919 5918
3 5839 5760 5840
3 5839 5840 5919
3 5840 5841 5921
3 5840 5921 5920
3 5841 5842 5922
3 5841 5922 5921
3 5842 5843 5923
3 5842 5923 5922
3 5843 5844 5924
3 5843 5924 5923
3 5844 5845 5925
3 5844 5925 5924
3 5845 5846 5926
3 5845 5926 5925
3 5846 5847 5927
3 5846 5927 5926
3 5847 5848 5928
3 5847 5928 5927
3 5848 5849 5929
3 5848 5929 5928
3 5849 5850 5930
3 5849 5930 5929
3 5850 5851 5931
3 5850 5931 5930
3 5851 5852 5932
3 5851 5932 5931
3 5852 5853 5933
3 5852 5933 5932
3 5853 5854 5934
3 5853 5934 5933
3 5854 5855 5935
3 5854 5935 5934
3 5855 5856 5936
3 5855 5936 5935
3 5856 5857 5937
3 5856 5937 5936
3 5857 5858 5938
3 5857 5938 5937
3 5858 5859 5939
3 5858 5939 5938
3 5859 5860 5940
3 5859 5940 5939
3 5860 5861 5941
3 5860 5941 5940
3 5861 5862 5942
3 5861 5942 5941
3 5862 5863 5943
3 5862 5943 5942
3 5863 5864 5944
3 5863 5944 5943
3 5864 5865 5945
3 5864 5945 5944
3 5865 5866 5946
3 5865 5946 5945
3 5866 5867 5947
3 5866 5947 5946
3 5867 5868 5948
3 5867 5948 5947
3 5868 5869 5949
3 5868 5949 5948
3 5869 5870 5950
3 5869 5950 5949
3 5870 5871 5951
3 5870 5951 5950
3 5871 5872 5952
3 5871 5952 5951
3 5872 5873 5953
3 5872 5953 5952
3 5873 5874 5954
3 5873 5954 5953
3 5874 5875 5955
3 5874 5955 5954
3 5875 5876 5956
3 5875 5956 5955
3 5876 5877 5957
3 5876 5957 5956
3 5877 5878 5958
3 5877 5958 5957
3 5878 5879 5959
3 5878 5959 5958
3 5879 5880 5960
3 5879 5960 5959
3 5880 5881 5961
3 5880 5961 5960
3 5881 5882 5962
3 5881 5962 5961
3 5882 5883 5963
3 5882 5963 5962
3 5883 5884 5964
3 5883 5964 5963
3 5884 5885 5965
3 5884 5965 5964
3 5885 5886 5966
3 5885 5966 5965
3 5886 5887 5967
3 5886 5967 5966
3 5887 5888 5968
3 5887 5968 5967
3 5888 5889 5969
3 5888 5969 5968
3 5889 5890 5970
3 5889 5970 5969
3 5890 5891 5971
3 5890 5971 5970
3 5891 5892 5972
3 5891 5972 5971
3 5892 5893 5973
3 5892 5973 5972
3 5893 5894 5974
3 5893 5974 5973
3 5894 5895 5975
3 5894 5975 5974
3 5895 5896 5976
3 5895 5976 5975
3 5896 5897 5977
3 5896 5977 5976
3 5897 5898 5978
3 5897 5978 5977
3 5898 5899 5979
3 5898 5979 5978
3 5899 5900 5980
3 5899 5980 5979
3 5900 5901 5981
3 5900 5981 5980
3 5901 5902 5982
3 5901 5982 5981
3 5902 5903 5983
3 5902 5983 5982
3 5903 5904 5984
3 5903 5984 5983
3 5904 5905 5985
3 5904 5985 5984
3 5905 5906 5986
3 5905 5986 5985
3 5906 5907 5987
3 5906 5987 5986
3 5907 5908 5988
3 5907 5988 5987
3 5908 5909 5989
3 5908 5989 5988
3 5909 5910 5990
3 5909 5990 5989
3 5910 5911 5991
3 5910 5991 5990
3 5911 5912 5992
3 5911 5992 5991
3 5912 5913 5993
3 5912 5993 5992
3 5913 5914 5994
3 5913 5994 5993
3 5914 5915 5995
3 5914 5995 5994
3 5915 5916 5996
3 5915 5996 5995
3 5916 5917 5997
3 5916 5997 5996
3 5917 5918 5998
3 5917 5998 5997
3 5918 5919 5999
3 5918 5999 5998
3 5919 5840 5920
3 5919 5920 5999
3 5920 5921 6001
3 5920 6001 6000
3 5921 5922 6002
3 5921 6002 6001
3 5922 5923 6003
3 5922 6003 6002
3 5923 5924 6004
3 5923 6004 6003
3 5924 5925 6005
3 5924 6005 6004
3 5925 5926 6006
3 5925 6006 6005
3 5926 5927 6007
3 5926 6007 6006
3 5927 5928 6008
3 5927 6008 6007
3 5928 5929 6009
3 5928 6009 6008
3 5929 5930 6010
3 5929 6010 6009
3 5930 5931 6011
3 5930 6011 6010
3 5931 5932 6012
3 5931 6012 6011
3 5932 5933 6013
3 5932 6013 6012
3 5933 5934 6014
3 5933 6014 6013
3 5934 5935 6015
3 5934 6015 6014
3 5935 5936 6016
3 5935 6016 6015
3 5936 5937 6017
3 5936 6017 6016
3 5937 5938 6018
3 5937 6018 6017
3 5938 5939 6019
3 5938 6019 6018
3 5939 5940 6020
3 5939 6020 6019
3 5940 5941 6021
3 5940 6021 6020
3 5941 5942 6022
3 5941 6022 6021
3 5942 5943 6023
3 5942 6023 6022
3 5943 5944 6024
3 5943 6024 6023
3 5944 5945 6025
3 5944 6025 6024
3 5945 5946 6026
3 5945 6026 6025
3 5946 5947 6027
3 5946 6027 6026
3 5947 5948 6028
3 5947 6028 6027
3 5948 5949 6029
3 5948 6029 6028
3 5949 5950 6030
3 5949 6030 6029
3 5950 5951 6031
3 5950 6031 6030
3 5951 5952 6032
3 5951 6032 6031
3 5952 5953 6033
3 5952 6033 6032
3 5953 5954 6034
3 5953 6034 6033
3 5954 5955 6035
3 5954 6035 6034
3 5955 5956 6036
3 5955 6036 6035
3 5956 5957 6037
3 5956 6037 6036
3 5957 5958 6038
3 5957 6038 6037
3 5958 5959 6039
3 5958 6039 6038
3 5959 5960 6040
3 5959 6040 6039
3 5960 5961 6041
3 5960 6041 6040
3 5961 5962 6042
3 5961 6042 6041
3 5962 5963 6043
3 5962 6043 6042
3 5963 5964 6044
3 5963 6044 6043
3 5964 5965 6045
3 5964 6045 6044
3 5965 5966 6046
3 5965 6046 6045
3 5966 5967 6047
3 5966 6047 6046
3 5967 5968 6048
3 5967 6048 6047
3 5968 5969 6049
3 5968 6049 6048
3 5969 5970 6050
3 5969 6050 6049
3 5970 5971 6051
3 5970 6051 6050
3 5971 5972 6052
3 5971 6052 6051
3 5972 5973 6053
3 5972 6053 6052
3 5973 5974 6054
3 5973 6054 6053
3 5974 5975 6055
3 5974 6055 6054
3 5975 5976 6056
3 5975 6056 6055
3 5976 5977 6057
3 5976 6057 6056
3 5977 5978 6058
3 5977 6058 6057
3 5978 5979 6059
3 5978 6059 6058
3 5979 5980 6060
3 5979 6060 6059
3 5980 5981 6061
3 5980 6061 6060
3 5981 5982 6062
3 5981 6062 6061
3 5982 5983 6063
3 5982 6063 6062
3 5983 5984 6064
3 5983 6064 6063
3 5984 5985 6065
3 5984 6065 6064
3 5985 5986 6066
3 5985 6066 6065
3 5986 5987 6067
3 5986 6067 6066
3 5987 5988 6068
3 5987 6068 6067
3 5988 5989 6069
3 5988 6069 6068
3 5989 5990 6070
3 5989 6070 6069
3 5990 5991 6071
3 5990 6071 6070
3 5991 5992 6072
3 5991 6072 6071
3 5992 5993 6073
3 5992 6073 6072
3 5993 5994 6074
3 5993 6074 6073
3 5994 5995 6075
3 5994 6075 6074
3 5995 5996 6076
3 5995 6076 6075
3 5996 5997 6077
3 5996 6077 6076
3 5997 5998 6078
3 5997 6078 6077
3 5998 5999 6079
3 5998 6079 6078
3 5999 5920 6000
3 5999 6000 6079
3 6000 6001 6081
3 6000 6081 6080
3 6001 6002 6082
3 6001 6082 6081
3 6002 6003 6083
3 6002 6083 6082
3 6003 6004 6084
3 6003 6084 6083
3 6004 6005 6085
3 6004 6085 6084
3 6005 6006 6086
3 6005 6086 6085
3 6006 6007 6087
3 6006 6087 6086
3 6007 6008 6088
3 6007 6088 6087
3 6008 6009 6089
3 6008 6089 6088
3 6009 6010 6090
3 6009 6090 6089
3 6010 6011 6091
3 6010 6091 6090
3 6011 6012 6092
3 6011 6092 6091
3 6012 6013 6093
3 6012 6093 6092
3 6013 6014 6094
3 6013 6094 6093
3 6014 6015 6095
3 6014 6095 6094
3 6015 6016 6096
3 6015 6096 6095
3 6016 6017 6097
3 6016 6097 6096
3 6017 6018 6098
3 6017 6098 6097
3 6018 6019 6099
3 6018 6099 6098
3 6019 6020 6100
3 6019 6100 6099
3 6020 6021 6101
3 6020 6101 6100
3 6021 6022 6102
3 6021 6102 6101
3 6022 6023 6103
3 6022 6103 6102
3 6023 6024 6104
3 6023 6104 6103
3 6024 6025 6105
3 6024 6105 6104
3 6025 6026 6106
3 6025 6106 6105
3 6026 6027 6107
3 6026 6107 6106
3 6027 6028 6108
3 6027 6108 6107
3 6028 6029 6109
3 6028 6109 6108
3 6029 6030 6110
3 6029 6110 6109
3 6030 6031 6111
3 6030 6111 6110
3 6031 6032 6112
3 6031 6112 6111
3 6032 6033 6113
3 6032 6113 6112
3 6033 6034 6114
3 6033 6114 6113
3 6034 6035 6115
3 6034 6115 6114
3 6035 6036 6116
3 6035 6116 6115
3 6036 6037 6117
3 6036 6117 6116
3 6037 6038 6118
3 6037 6118 6117
3 6038 6039 6119
3 6038 6119 6118
3 6039 6040 6120
3 6039 6120 6119
3 6040 6041 6121
3 6040 6121 6120
3 6041 6042 6122
3 6041 6122 6121
3 6042 6043 6123
3 6042 6123 6122
3 6043 6044 6124
3 6043 6124 6123
3 6044 6045 6125
3 6044 6125 6124
3 6045 6046 6126
3 6045 6126 6125
3 6046 6047 6127
3 6046 6127 6126
3 6047 6048 6128
3 6047 6128 6127
3 6048 6049 6129
3 6048 6129 6128
3 6049 6050 6130
3 6049 6130 6129
3 6050 6051 6131
3 6050 6131 6130
3 6051 6052 6132
3 6051 6132 6131
3 6052 6053 6133
3 6052 6133 6132
3 6053 6054 6134
3 6053 6134 6133
3 6054 6055 6135
3 6054 6135 6134
3 6055 6056 6136
3 6055 6136 6135
3 6056 6057 6137
3 6056 6137 6136
3 6057 6058 6138
3 6057 6138 6137
3 6058 6059 6139
3 6058 6139 6138
3 6059 6060 6140
3 6059 6140 6139
3 6060 6061 6141
3 6060 6141 6140
3 6061 6062 6142
3 6061 6142 6141
3 6062 6063 6143
3 6062 6143 6142
3 6063 6064 6144
3 6063 6144 6143
3 6064 6065 6145
3 6064 6145 6144
3 6065 6066 6146
3 6065 6146 6145
3 6066 6067 6147
3 6066 6147 6146
3 6067 6068 6148
3 6067 6148 6147
3 6068 6069 6149
3 6068 6149 6148
3 6069 6070 6150
3 6069 6150 6149
3 6070 6071 6151
3 6070 6151 6150
3 6071 6072 6152
3 6071 6152 6151
3 6072 6073 6153
3 6072 6153 6152
3 6073 6074 6154
3 6073 6154 6153
3 6074 6075 6155
3 6074 6155 6154
3 6075 6076 6156
3 6075 6156 6155
3 6076 6077 6157
3 6076 6157 6156
3 6077 6078 6158
3 6077 6158 6157
3 6078 6079 6159
3 6078 6159 6158
3 6079 6000 6080
3 6079 6080 6159
3 6080 6081 6161
3 6080 6161 6160
3 6081 6082 6162
3 6081 6162 6161
3 6082 6083 6163
3 6082 6163 6162
3 6083 6084 6164
3 6083 6164 6163
3 6084 6085 6165
3 6084 6165 6164
3 6085 6086 6166
3 6085 6166 6165
3 6086 6087 6167
3 6086 6167 6166
3 6087 6088 6168
3 6087 6168 6167
3 6088 6089 6169
3 6088 6169 6168
3 6089 6090 6170
3 6089 6170 6169
3 6090 6091 6171
3 6090 6171 6170
3 6091 6092 6172
3 6091 6172 6171
3 6092 6093 6173
3 6092 6173 6172
3 6093 6094 6174
3 6093 6174 6173
3 6094 6095 6175
3 6094 6175 6174
3 6095 6096 6176
3 6095 6176 6175
3 6096 6097 6177
3 6096 6177 6176
3 6097 6098 6178
3 6097 6178 6177
3 6098 6099 6179
3 6098 6179 6178
3 6099 6100 6180
3 6099 6180 6179
3 6100 6101 6181
3 6100 6181 6180
3 6101 6102 6182
3 6101 6182 6181
3 6102 6103 6183
3 6102 6183 6182
3 6103 6104 6184
3 6103 6184 6183
3 6104 6105 6185
3 6104 6185 6184
3 6105 6106 6186
3 6105 6186 6185
3 6106 6107 6187
3 6106 6187 6186
3 6107 6108 6188
3 6107 6188 6187
3 6108 6109 6189
3 6108 6189 6188
3 6109 6110 6190
3 6109 6190 6189
3 6110 6111 6191
3 6110 6191 6190
3 6111 6112 6192
3 6111 6192 6191
3 6112 6113 6193
3 6112 6193 6192
3 6113 6114 6194
3 6113 6194 6193
3 6114 6115 6195
3 6114 6195 6194
3 6115 6116 6196
3 6115 6196 6195
3 6116 6117 6197
3 6116 6197 6196
3 6117 6118 6198
3 6117 6198 6197
3 6118 6119 6199
3 6118 6199 6198
3 6119 6120 6200
3 6119 6200 6199
3 6120 6121 6201
3 6120 6201 6200
3 6121 6122 6202
3 6121 6202 6201
3 6122 6123 6203
3 6122 6203 6202
3 6123 6124 6204
3 6123 6204 6203
3 6124 6125 6205
3 6124 6205 6204
3 6125 6126 6206
3 6125 6206 6205
3 6126 6127 6207
3 6126 6207 6206
3 6127 6128 6208
3 6127 6208 6207
3 6128 6129 6209
3 6128 6209 6208
3 6129 6130 6210
3 6129 6210 6209
3 6130 6131 6211
3 6130 6211 6210
3 6131 6132 6212
3 6131 6212 6211
3 6132 6133 6213
3 6132 6213 6212
3 6133 6134 6214
3 6133 6214 6213
3 6134 6135 6215
3 6134 6215 6214
3 6135 6136 6216
3 6135 6216 6215
3 6136 6137 6217
3 6136 6217 6216
3 6137 6138 6218
3 6137 6218 6217
3 6138 6139 6219
3 6138 6219 6218
3 6139 6140 6220
3 6139 6220 6219
3 6140 6141 6221
3 6140 6221 6220
3 6141 6142 6222
3 6141 6222 6221
3 6142 6143 6223
3 6142 6223 6222
3 6143 6144 6224
3 6143 6224 6223
3 6144 6145 6225
3 6144 6225 6224
3 6145 6146 6226
3 6145 6226 6225
3 6146 6147 6227
3 6146 6227 6226
3 6147 6148 6228
3 6147 6228 6227
3 6148 6149 6229
3 6148 6229 6228
3 6149 6150 6230
3 6149 6230 6229
3 6150 6151 6231
3 6150 6231 6230
3 6151 6152 6232
3 6151 6232 6231
3 6152 6153 6233
3 6152 6233 6232
3 6153 6154 6234
3 6153 6234 6233
3 6154 6155 6235
3 6154 6235 6234
3 6155 6156 6236
3 6155 6236 6235
3 6156 6157 6237
3 6156 6237 6236
3 6157 6158 6238
3 6157 6238 6237
3 6158 6159 6239
3 6158 6239 6238
3 6159 6080 6160
3 6159 6160 6239
3 6160 6161 6241
3 6160 6241 6240
3 6161 6162 6242
3 6161 6242 6241
3 6162 6163 6243
3 6162 6243 6242
3 6163 6164 6244
3 6163 6244 6243
3 6164 6165 6245
3 6164 6245 6244
3 6165 6166 6246
3 6165 6246 6245
3 6166 6167 6247
3 6166 6247 6246
3 6167 6168 6248
3 6167 6248 6247
3 6168 6169 6249
3 6168 6249 6248
3 6169 6170 6250
3 6169 6250 6249
3 6170 6171 6251
3 6170 6251 6250
3 6171 6172 6252
3 6171 6252 6251
3 6172 6173 6253
3 6172 6253 6252
3 6173 6174 6254
3 6173 6254 6253
3 6174 6175 6255
3 6174 6255 6254
3 6175 6176 6256
3 6175 6256 6255
3 6176 6177 6257
3 6176 6257 6256
3 6177 6178 6258
3 6177 6258 6257
3 6178 6179 6259
3 6178 6259 6258
3 6179 6180 6260
3 6179 6260 6259
3 6180 6181 6261
3 6180 6261 6260
3 6181 6182 6262
3 6181 6262 6261
3 6182 6183 6263
3 6182 6263 6262
3 6183 6184 6264
3 6183 6264 6263
3 6184 6185 6265
3 6184 6265 6264
3 6185 6186 6266
3 6185 6266 6265
3 6186 6187 6267
3 6186 6267 6266
3 6187 6188 6268
3 6187 6268 6267
3 6188 6189 6269
3 6188 6269 6268
3 6189 6190 6270
3 6189 6270 6269
3 6190 6191 6271
3 6190 6271 6270
3 6191 6192 6272
3 6191 6272 6271
3 6192 6193 6273
3 6192 6273 6272
3 6193 6194 6274
3 6193 6274 6273
3 6194 6195 6275
3 6194 6275 6274
3 6195 6196 6276
3 6195 6276 6275
3 6196 6197 6277
3 6196 6277 6276
3 6197 6198 6278
3 6197 6278 6277
3 6198 6199 6279
3 6198 6279 6278
3 6199 6200 6280
3 6199 6280 6279
3 6200 6201 6281
3 6200 6281 6280
3 6201 6202 6282
3 6201 6282 6281
3 6202 6203 6283
3 6202 6283 6282
3 6203 6204 6284
3 6203 6284 6283
3 6204 6205 6285
3 6204 6285 6284
3 6205 6206 6286
3 6205 6286 6285
3 6206 6207 6287
3 6206 6287 6286
3 6207 6208 6288
3 6207 6288 6287
3 6208 6209 6289
3 6208 6289 6288
3 6209 6210 6290
3 6209 6290 6289
3 6210 6211 6291
3 6210 6291 6290
3 6211 6212 6292
3 6211 6292 6291
3 6212 6213 6293
3 6212 6293 6292
3 6213 6214 6294
3 6213 6294 6293
3 6214 6215 6295
3 6214 6295 6294
3 6215 6216 6296
3 6215 6296 6295
3 6216 6217 6297
3 6216 6297 6296
3 6217 6218 6298
3 6217 6298 6297
3 6218 6219 6299
3 6218 6299 6298
3 6219 6220 6300
3 6219 6300 6299
3 6220 6221 6301
3 6220 6301 6300
3 6221 6222 6302
3 6221 6302 6301
3 6222 6223 6303
3 6222 6303 6302
3 6223 6224 6304
3 6223 6304 6303
3 6224 6225 6305
3 6224 6305 6304
3 6225 6226 6306
3 6225 6306 6305
3 6226 6227 6307
3 6226 6307 6306
3 6227 6228 6308
3 6227 6308 6307
3 6228 6229 6309
3 6228 6309 6308
3 6229 6230 6310
3 6229 6310 6309
3 6230 6231 6311
3 6230 6311 6310
3 6231 6232 6312
3 6231 6312 6311
3 6232 6233 6313
3 6232 6313 6312
3 6233 6234 6314
3 6233 6314 6313
3 6234 6235 6315
3 6234 6315 6314
3 6235 6236 6316
3 6235 6316 6315
3 6236 6237 6317
3 6236 6317 6316
3 6237 6238 6318
3 6237 6318 6317
3 6238 6239 6319
3 6238 6319 6318
3 6239 6160 6240
3 6239 6240 6319
3 6240 6241 6321
3 6240 6321 6320
3 6241 6242 6322
3 6241 6322 6321
3 6242 6243 6323
3 6242 6323 6322
3 6243 6244 6324
3 6243 6324 6323
3 6244 6245 6325
3 6244 6325 6324
3 6245 6246 6326
3 6245 6326 6325
3 6246 6247 6327
3 6246 6327 6326
3 6247 6248 6328
3 6247 6328 6327
3 6248 6249 6329
3 6248 6329 6328
3 6249 6250 6330
3 6249 6330 6329
3 6250 6251 6331
3 6250 6331 6330
3 6251 6252 6332
3 6251 6332 6331
3 6252 6253 6333
3 6252 6333 6332
3 6253 6254 6334
3 6253 6334 6333
3 6254 6255 6335
3 6254 6335 6334
3 6255 6256 6336
3 6255 6336 6335
3 6256 6257 6337
3 6256 6337 6336
3 6257 6258 6338
3 6257 6338 6337
3 6258 6259 6339
3 6258 6339 6338
3 6259 6260 6340
3 6259 6340 6339
3 6260 6261 6341
3 6260 6341 6340
3 6261 6262 6342
3 6261 6342 6341
3 6262 6263 6343
3 6262 6343 6342
3 6263 6264 6344
3 6263 6344 6343
3 6264 6265 6345
3 6264 6345 6344
3 6265 6266 6346
3 6265 6346 6345
3 6266 6267 6347
3 6266 6347 6346
3 6267 6268 6348
3 6267 6348 6347
3 6268 6269 6349
3 6268 6349 6348
3 6269 6270 6350
3 6269 6350 6349
3 6270 6271 6351
3 6270 6351 6350
3 6271 6272 6352
3 6271 6352 6351
3 6272 6273 6353
3 6272 6353 6352
3 6273 6274 6354
3 6273 6354 6353
3 6274 6275 6355
3 6274 6355 6354
3 6275 6276 6356
3 6275 6356 6355
3 6276 6277 6357
3 6276 6357 6356
3 6277 6278 6358
3 6277 6358 6357
3 6278 6279 6359
3 6278 6359 6358
3 6279 6280 6360
3 6279 6360 6359
3 6280 6281 6361
3 6280 6361 6360
3 6281 6282 6362
3 6281 6362 6361
3 6282 6283 6363
3 6282 6363 6362
3 6283 6284 6364
3 6283 6364 6363
3 6284 6285 6365
3 6284 6365 6364
3 6285 6286 6366
3 6285 6366 6365
3 6286 6287 6367
3 6286 6367 6366
3 6287 6288 6368
3 6287 6368 6367
3 6288 6289 6369
3 6288 6369 6368
3 6289 6290 6370
3 6289 6370 6369
3 6290 6291 6371
3 6290 6371 6370
3 6291 6292 6372
3 6291 6372 6371
3 6292 6293 6373
3 6292 6373 6372
3 6293 6294 6374
3 6293 6374 6373
3 6294 6295 6375
3 6294 6375 6374
3 6295 6296 6376
3 6295 6376 6375
3 6296 6297 6377
3 6296 6377 6376
3 6297 6298 6378
3 6297 6378 6377
3 6298 6299 6379
3 6298 6379 6378
3 6299 6300 6380
3 6299 6380 6379
3 6300 6301 6381
3 6300 6381 6380
3 6301 6302 6382
3 6301 6382 6381
3 6302 6303 6383
3 6302 6383 6382
3 6303 6304 6384
3 6303 6384 6383
3 6304 6305 6385
3 6304 6385 6384
3 6305 6306 6386
3 6305 6386 6385
3 6306 6307 6387
3 6306 6387 6386
3 6307 6308 6388
3 6307 6388 6387
3 6308 6309 6389
3 6308 6389 6388
3 6309 6310 6390
3 6309 6390 6389
3 6310 6311 6391
3 6310 6391 6390
3 6311 6312 6392
3 6311 6392 6391
3 6312 6313 6393
3 6312 6393 6392
3 6313 6314 6394
3 6313 6394 6393
3 6314 6315 6395
3 6314 6395 6394
3 6315 6316 6396
3 6315 6396 6395
3 6316 6317 6397
3 6316 6397 6396
3 6317 6318 6398
3 6317 6398 6397
3 6318 6319 6399
3 6318 6399 6398
3 6319 6240 6320
3 6319 6320 6399
3 6320 6321 6401
3 6320 6401 6400
3 6321 6322 6402
3 6321 6402 6401
3 6322 6323 6403
3 6322 6403 6402
3 6323 6324 6404
3 6323 6404 6403
3 6324 6325 6405
3 6324 6405 6404
3 6325 6326 6406
3 6325 6406 6405
3 6326 6327 6407
3 6326 6407 6406
3 6327 6328 6408
3 6327 6408 6407
3 6328 6329 6409
3 6328 6409 6408
3 6329 6330 6410
3 6329 6410 6409
3 6330 6331 6411
3 6330 6411 6410
3 6331 6332 6412
3 6331 6412 6411
3 6332 6333 6413
3 6332 6413 6412
3 6333 6334 6414
3 6333 6414 6413
3 6334 6335 6415
3 6334 6415 6414
3 6335 6336 6416
3 6335 6416 6415
3 6336 6337 6417
3 6336 6417 6416
3 6337 6338 6418
3 6337 6418 6417
3 6338 6339 6419
3 6338 6419 6418
3 6339 6340 6420
3 6339 6420 6419
3 6340 6341 6421
3 6340 6421 6420
3 6341 6342 6422
3 6341 6422 6421
3 6342 6343 6423
3 6342 6423 6422
3 6343 6344 6424
3 6343 6424 6423
3 6344 6345 6425
3 6344 6425 6424
3 6345 6346 6426
3 6345 6426 6425
3 6346 6347 6427
3 6346 6427 6426
3 6347 6348 6428
3 6347 6428 6427
3 6348 6349 6429
3 6348 6429 6428
3 6349 6350 6430
3 6349 6430 6429
3 6350 6351 6431
3 6350 6431 6430
3 6351 6352 6432
3 6351 6432 6431
3 6352 6353 6433
3 6352 6433 6432
3 6353 6354 6434
3 6353 6434 6433
3 6354 6355 6435
3 6354 6435 6434
3 6355 6356 6436
3 6355 6436 6435
3 6356 6357 6437
3 6356 6437 6436
3 6357 6358 6438
3 6357 6438 6437
3 6358 6359 6439
3 6358 6439 6438
3 6359 6360 6440
3 6359 6440 6439
3 6360 6361 6441
3 6360 6441 6440
3 6361 6362 6442
3 6361 6442 6441
3 6362 6363 6443
3 6362 6443 6442
3 6363 6364 6444
3 6363 6444 6443
3 6364 6365 6445
3 6364 6445 6444
3 6365 6366 6446
3 6365 6446 6445
3 6366 6367 6447
3 6366 6447 6446
3 6367 6368 6448
3 6367 6448 6447
3 6368 6369 6449
3 6368 6449 6448
3 6369 6370 6450
3 6369 6450 6449
3 6370 6371 6451
3 6370 6451 6450
3 6371 6372 6452
3 6371 6452 6451
3 6372 6373 6453
3 6372 6453 6452
3 6373 6374 6454
3 6373 6454 6453
3 6374 6375 6455
3 6374 6455 6454
3 6375 6376 6456
3 6375 6456 6455
3 6376 6377 6457
3 6376 6457 6456
3 6377 6378 6458
3 6377 6458 6457
3 6378 6379 6459
3 6378 6459 6458
3 6379 6380 6460
3 6379 6460 6459
3 6380 6381 6461
3 6380 6461 6460
3 6381 6382 6462
3 6381 6462 6461
3 6382 6383 6463
3 6382 6463 6462
3 6383 6384 6464
3 6383 6464 6463
3 6384 6385 6465
3 6384 6465 6464
3 6385 6386 6466
3 6385 6466 6465
3 6386 6387 6467
3 6386 6467 6466
3 6387 6388 6468
3 6387 6468 6467
3 6388 6389 6469
3 6388 6469 6468
3 6389 6390 6470
3 6389 6470 6469
3 6390 6391 6471
3 6390 6471 6470
3 6391 6392 6472
3 6391 6472 6471
3 6392 6393 6473
3 6392 6473 6472
3 6393 6394 6474
3 6393 6474 6473
3 6394 6395 6475
3 6394 6475 6474
3 6395 6396 6476
3 6395 6476 6475
3 6396 6397 6477
3 6396 6477 6476
3 6397 6398 6478
3 6397 6478 6477
3 6398 6399 6479
3 6398 6479 6478
3 6399 6320 6400
3 6399 6400 6479
3 6400 6401 6481
3 6400 6481 6480
3 6401 6402 6482
3 6401 6482 6481
3 6402 6403 6483
3 6402 6483 6482
3 6403 6404 6484
3 6403 6484 6483
3 6404 6405 6485
3 6404 6485 6484
3 6405 6406 6486
3 6405 6486 6485
3 6406 6407 6487
3 6406 6487 6486
3 6407 6408 6488
3 6407 6488 6487
3 6408 6409 6489
3 6408 6489 6488
3 6409 6410 6490
3 6409 6490 6489
3 6410 6411 6491
3 6410 6491 6490
3 6411 6412 6492
3 6411 6492 6491
3 6412 6413 6493
3 6412 6493 6492
3 6413 6414 6494
3 6413 6494 6493
3 6414 6415 6495
3 6414 6495 6494
3 6415 6416 6496
3 6415 6496 6495
3 6416 6417 6497
3 6416 6497 6496
3 6417 6418 6498
3 6417 6498 6497
3 6418 6419 6499
3 6418 6499 6498
3 6419 6420 6500
3 6419 6500 6499
3 6420 6421 6501
3 6420 6501 6500
3 6421 6422 6502
3 6421 6502 6501
3 6422 6423 6503
3 6422 6503 6502
3 6423 6424 6504
3 6423 6504 6503
3 6424 6425 6505
3 6424 6505 6504
3 6425 6426 6506
3 6425 6506 6505
3 6426 6427 6507
3 6426 6507 6506
3 6427 6428 6508
3 6427 6508 6507
3 6428 6429 6509
3 6428 6509 6508
3 6429 6430 6510
3 6429 6510 6509
3 6430 6431 6511
3 6430 6511 6510
3 6431 6432 6512
3 6431 6512 6511
3 6432 6433 6513
3 6432 6513 6512
3 6433 6434 6514
3 6433 6514 6513
3 6434 6435 6515
3 6434 6515 6514
3 6435 6436 6516
3 6435 6516 6515
3 6436 6437 6517
3 6436 6517 6516
3 6437 6438 6518
3 6437 6518 6517
3 6438 6439 6519
3 6438 6519 6518
3 6439 6440 6520
3 6439 6520 6519
3 6440 6441 6521
3 6440 6521 6520
3 6441 6442 6522
3 6441 6522 6521
3 6442 6443 6523
3 6442 6523 6522
3 6443 6444 6524
3 6443 6524 6523
3 6444 6445 6525
3 6444 6525 6524
3 6445 6446 6526
3 6445 6526 6525
3 6446 6447 6527
3 6446 6527 6526
3 6447 6448 6528
3 6447 6528 6527
3 6448 6449 6529
3 6448 6529 6528
3 6449 6450 6530
3 6449 6530 6529
3 6450 6451 6531
3 6450 6531 6530
3 6451 6452 6532
3 6451 6532 6531
3 6452 6453 6533
3 6452 6533 6532
3 6453 6454 6534
3 6453 6534 6533
3 6454 6455 6535
3 6454 6535 6534
3 6455 6456 6536
3 6455 6536 6535
3 6456 6457 6537
3 6456 6537 6536
3 6457 6458 6538
3 6457 6538 6537
3 6458 6459 6539
3 6458 6539 6538
3 6459 6460 6540
3 6459 6540 6539
3 6460 6461 6541
3 6460 6541 6540
3 6461 6462 6542
3 6461 6542 6541
3 6462 6463 6543
3 6462 6543 6542
3 6463 6464 6544
3 6463 6544 6543
3 6464 6465 6545
3 6464 6545 6544
3 6465 6466 6546
3 6465 6546 6545
3 6466 6467 6547
3 6466 6547 6546
3 6467 6468 6548
3 6467 6548 6547
3 6468 6469 6549
3 6468 6549 6548
3 6469 6470 6550
3 6469 6550 6549
3 6470 6471 6551
3 6470 6551 6550
3 6471 6472 6552
3 6471 6552 6551
3 6472 6473 6553
3 6472 6553 6552
3 6473 6474 6554
3 6473 6554 6553
3 6474 6475 6555
3 6474 6555 6554
3 6475 6476 6556
3 6475 6556 6555
3 6476 6477 6557
3 6476 6557 6556
3 6477 6478 6558
3 6477 6558 6557
3 6478 6479 6559
3 6478 6559 6558
3 6479 6400 6480
3 6479 6480 6559
3 6480 6481 6561
3 6480 6561 6560
3 6481 6482 6562
3 6481 6562 6561
3 6482 6483 6563
3 6482 6563 6562
3 6483 6484 6564
3 6483 6564 6563
3 6484 6485 6565
3 6484 6565 6564
3 6485 6486 6566
3 6485 6566 6565
3 6486 6487 6567
3 6486 6567 6566
3 6487 6488 6568
3 6487 6568 6567
3 6488 6489 6569
3 6488 6569 6568
3 6489 6490 6570
3 6489 6570 6569
3 6490 6491 6571
3 6490 6571 6570
3 6491 6492 6572
3 6491 6572 6571
3 6492 6493 6573
3 6492 6573 6572
3 6493 6494 6574
3 6493 6574 6573
3 6494 6495 6575
3 6494 6575 6574
3 6495 6496 6576
3 6495 6576 6575
3 6496 6497 6577
3 6496 6577 6576
3 6497 6498 6578
3 6497 6578 6577
3 6498 6499 6579
3 6498 6579 6578
3 6499 6500 6580
3 6499 6580 6579
3 6500 6501 6581
3 6500 6581 6580
3 6501 6502 6582
3 6501 6582 6581
3 6502 6503 6583
3 6502 6583 6582
3 6503 6504 6584
3 6503 6584 6583
3 6504 6505 6585
3 6504 6585 6584
3 6505 6506 6586
3 6505 6586 6585
3 6506 6507 6587
3 6506 6587 6586
3 6507 6508 6588
3 6507 6588 6587
3 6508 6509 6589
3 6508 6589 6588
3 6509 6510 6590
3 6509 6590 6589
3 6510 6511 6591
3 6510 6591 6590
3 6511 6512 6592
3 6511 6592 6591
3 6512 6513 6593
3 6512 6593 6592
3 6513 6514 6594
3 6513 6594 6593
3 6514 6515 6595
3 6514 6595 6594
3 6515 6516 6596
3 6515 6596 6595
3 6516 6517 6597
3 6516 6597 6596
3 6517 6518 6598
3 6517 6598 6597
3 6518 6519 6599
3 6518 6599 6598
3 6519 6520 6600
3 6519 6600 6599
3 6520 6521 6601
3 6520 6601 6600
3 6521 6522 6602
3 6521 6602 6601
3 6522 6523 6603
3 6522 6603 6602
3 6523 6524 6604
3 6523 6604 6603
3 6524 6525 6605
3 6524 6605 6604
3 6525 6526 6606
3 6525 6606 6605
3 6526 6527 6607
3 6526 6607 6606
3 6527 6528 6608
3 6527 6608 6607
3 6528 6529 6609
3 6528 6609 6608
3 6529 6530 6610
3 6529 6610 6609
3 6530 6531 6611
3 6530 6611 6610
3 6531 6532 6612
3 6531 6612 6611
3 6532 6533 6613
3 6532 6613 6612
3 6533 6534 6614
3 6533 6614 6613
3 6534 6535 6615
3 6534 6615 6614
3 6535 6536 6616
3 6535 6616 6615
3 6536 6537 6617
3 6536 6617 6616
3 6537 6538 6618
3 6537 6618 6617
3 6538 6539 6619
3 6538 6619 6618
3 6539 6540 6620
3 6539 6620 6619
3 6540 6541 6621
3 6540 6621 6620
3 6541 6542 6622
3 6541 6622 6621
3 6542 6543 6623
3 6542 6623 6622
3 6543 6544 6624
3 6543 6624 6623
3 6544 6545 6625
3 6544 6625 6624
3 6545 6546 6626
3 6545 6626 6625
3 6546 6547 6627
3 6546 6627 6626
3 6547 6548 6628
3 6547 6628 6627
3 6548 6549 6629
3 6548 6629 6628
3 6549 6550 6630
3 6549 6630 6629
3 6550 6551 6631
3 6550 6631 6630
3 6551 6552 6632
3 6551 6632 6631
3 6552 6553 6633
3 6552 6633 6632
3 6553 6554 6634
3 6553 6634 6633
3 6554 6555 6635
3 6554 6635 6634
3 6555 6556 6636
3 6555 6636 6635
3 6556 6557 6637
3 6556 6637 6636
3 6557 6558 6638
3 6557 6638 6637
3 6558 6559 6639
3 6558 6639 6638
3 6559 6480 6560
3 6559 6560 6639
3 6560 6561 6641
3 6560 6641 6640
3 6561 6562 6642
3 6561 6642 6641
3 6562 6563 6643
3 6562 6643 6642
3 6563 6564 6644
3 6563 6644 6643
3 6564 6565 6645
3 6564 6645 6644
3 6565 6566 6646
3 6565 6646 6645
3 6566 6567 6647
3 6566 6647 6646
3 6567 6568 6648
3 6567 6648 6647
3 6568 6569 6649
3 6568 6649 6648
3 6569 6570 6650
3 6569 6650 6649
3 6570 6571 6651
3 6570 6651 6650
3 6571 6572 6652
3 6571 6652 6651
3 6572 6573 6653
3 6572 6653 6652
3 6573 6574 6654
3 6573 6654 6653
3 6574 6575 6655
3 6574 6655 6654
3 6575 6576 6656
3 6575 6656 6655
3 6576 6577 6657
3 6576 6657 6656
3 6577 6578 6658
3 6577 6658 6657
3 6578 6579 6659
3 6578 6659 6658
3 6579 6580 6660
3 6579 6660 6659
3 6580 6581 6661
3 6580 6661 6660
3 6581 6582 6662
3 6581 6662 6661
3 6582 6583 6663
3 6582 6663 6662
3 6583 6584 6664
3 6583 6664 6663
3 6584 6585 6665
3 6584 6665 6664
3 6585 6586 6666
3 6585 6666 6665
3 6586 6587 6667
3 6586 6667 6666
3 6587 6588 6668
3 6587 6668 6667
3 6588 6589 6669
3 6588 6669 6668
3 6589 6590 6670
3 6589 6670 6669
3 6590 6591 6671
3 6590 6671 6670
3 6591 6592 6672
3 6591 6672 6671
3 6592 6593 6673
3 6592 6673 6672
3 6593 6594 6674
3 6593 6674 6673
3 6594 6595 6675
3 6594 6675 6674
3 6595 6596 6676
3 6595 6676 6675
3 6596 6597 6677
3 6596 6677 6676
3 6597 6598 6678
3 6597 6678 6677
3 6598 6599 6679
3 6598 6679 6678
3 6599 6600 6680
3 6599 6680 6679
3 6600 6601 6681
3 6600 6681 6680
3 6601 6602 6682
3 6601 6682 6681
3 6602 6603 6683
3 6602 6683 6682
3 6603 6604 6684
3 6603 6684 6683
3 6604 6605 6685
3 6604 6685 6684
3 6605 6606 6686
3 6605 6686 6685
3 6606 6607 6687
3 6606 6687 6686
3 6607 6608 6688
3 6607 6688 6687
3 6608 6609 6689
3 6608 6689 6688
3 6609 6610 6690
3 6609 6690 6689
3 6610 6611 6691
3 6610 6691 6690
3 6611 6612 6692
3 6611 6692 6691
3 6612 6613 6693
3 6612 6693 6692
3 6613 6614 6694
3 6613 6694 6693
3 6614 6615 6695
3 6614 6695 6694
3 6615 6616 6696
3 6615 6696 6695
3 6616 6617 6697
3 6616 6697 6696
3 6617 6618 6698
3 6617 6698 6697
3 6618 6619 6699
3 6618 6699 6698
3 6619 6620 6700
3 6619 6700 6699
3 6620 6621 6701
3 6620 6701 6700
3 6621 6622 6702
3 6621 6702 6701
3 6622 6623 6703
3 6622 6703 6702
3 6623 6624 6704
3 6623 6704 6703
3 6624 6625 6705
3 6624 6705 6704
3 6625 6626 6706
3 6625 6706 6705
3 6626 6627 6707
3 6626 6707 6706
3 6627 6628 6708
3 6627 6708 6707
3 6628 6629 6709
3 6628 6709 6708
3 6629 6630 6710
3 6629 6710 6709
3 6630 6631 6711
3 6630 6711 6710
3 6631 6632 6712
3 6631 6712 6711
3 6632 6633 6713
3 6632 6713 6712
3 6633 6634 6714
3 6633 6714 6713
3 6634 6635 6715
3 6634 6715 6714
3 6635 6636 6716
3 6635 6716 6715
3 6636 6637 6717
3 6636 6717 6716
3 6637 6638 6718
3 6637 6718 6717
3 6638 6639 6719
3 6638 6719 6718
3 6639 6560 6640
3 6639 6640 6719
3 6640 6641 6721
3 6640 6721 6720
3 6641 6642 6722
3 6641 6722 6721
3 6642 6643 6723
3 6642 6723 6722
3 6643 6644 6724
3 6643 6724 6723
3 6644 6645 6725
3 6644 6725 6724
3 6645 6646 6726
3 6645 6726 6725
3 6646 6647 6727
3 6646 6727 6726
3 6647 6648 6728
3 6647 6728 6727
3 6648 6649 6729
3 6648 6729 6728
3 6649 6650 6730
3 6649 6730 6729
3 6650 6651 6731
3 6650 6731 6730
3 6651 6652 6732
3 6651 6732 6731
3 6652 6653 6733
3 6652 6733 6732
3 6653 6654 6734
3 6653 6734 6733
3 6654 6655 6735
3 6654 6735 6734
3 6655 6656 6736
3 6655 6736 6735
3 6656 6657 6737
3 6656 6737 6736
3 6657 6658 6738
3 6657 6738 6737
3 6658 6659 6739
3 6658 6739 6738
3 6659 6660 6740
3 6659 6740 6739
3 6660 6661 6741
3 6660 6741 6740
3 6661 6662 6742
3 6661 6742 6741
3 6662 6663 6743
3 6662 6743 6742
3 6663 6664 6744
3 6663 6744 6743
3 6664 6665 6745
3 6664 6745 6744
3 6665 6666 6746
3 6665 6746 6745
3 6666 6667 6747
3 6666 6747 6746
3 6667 6668 6748
3 6667 6748 6747
3 6668 6669 6749
3 6668 6749 6748
3 6669 6670 6750
3 6669 6750 6749
3 6670 6671 6751
3 6670 6751 6750
3 6671 6672 6752
3 6671 6752 6751
3 6672 6673 6753
3 6672 6753 6752
3 6673 6674 6754
3 6673 6754 6753
3 6674 6675 6755
3 6674 6755 6754
3 6675 6676 6756
3 6675 6756 6755
3 6676 6677 6757
3 6676 6757 6756
3 6677 6678 6758
3 6677 6758 6757
3 6678 6679 6759
3 6678 6759 6758
3 6679 6680 6760
3 6679 6760 6759
3 6680 6681 6761
3 6680 6761 6760
3 6681 6682 6762
3 6681 6762 6761
3 6682 6683 6763
3 6682 6763 6762
3 6683 6684 6764
3 6683 6764 6763
3 6684 6685 6765
3 6684 6765 6764
3 6685 6686 6766
3 6685 6766 6765
3 6686 6687 6767
3 6686 6767 6766
3 6687 6688 6768
3 6687 6768 6767
3 6688 6689 6769
3 6688 6769 6768
3 6689 6690 6770
3 6689 6770 6769
3 6690 6691 6771
3 6690 6771 6770
3 6691 6692 6772
3 6691 6772 6771
3 6692 6693 6773
3 6692 6773 6772
3 6693 6694 6774
3 6693 6774 6773
3 6694 6695 6775
3 6694 6775 6774
3 6695 6696 6776
3 6695 6776 6775
3 6696 6697 6777
3 6696 6777 6776
3 6697 6698 6778
3 6697 6778 6777
3 6698 6699 6779
3 6698 6779 6778
3 6699 6700 6780
3 6699 6780 6779
3 6700 6701 6781
3 6700 6781 6780
3 6701 6702 6782
3 6701 6782 6781
3 6702 6703 6783
3 6702 6783 6782
3 6703 6704 6784
3 6703 6784 6783
3 6704 6705 6785
3 6704 6785 6784
3 6705 6706 6786
3 6705 6786 6785
3 6706 6707 6787
3 6706 6787 6786
3 6707 6708 6788
3 6707 6788 6787
3 6708 6709 6789
3 6708 6789 6788
3 6709 6710 6790
3 6709 6790 6789
3 6710 6711 6791
3 6710 6791 6790
3 6711 6712 6792
3 6711 6792 6791
3 6712 6713 6793
3 6712 6793 6792
3 6713 6714 6794
3 6713 6794 6793
3 6714 6715 6795
3 6714 6795 6794
3 6715 6716 6796
3 6715 6796 6795
3 6716 6717 6797
3 6716 6797 6796
3 6717 6718 6798
3 6717 6798 6797
3 6718 6719 6799
3 6718 6799 6798
3 6719 6640 6720
3 6719 6720 6799
3 6720 6721 6801
3 6720 6801 6800
3 6721 6722 6802
3 6721 6802 6801
3 6722 6723 6803
3 6722 6803 6802
3 6723 6724 6804
3 6723 6804 6803
3 6724 6725 6805
3 6724 6805 6804
3 6725 6726 6806
3 6725 6806 6805
3 6726 6727 6807
3 6726 6807 6806
3 6727 6728 6808
3 6727 6808 6807
3 6728 6729 6809
3 6728 6809 6808
3 6729 6730 6810
3 6729 6810 6809
3 6730 6731 6811
3 6730 6811 6810
3 6731 6732 6812
3 6731 6812 6811
3 6732 6733 6813
3 6732 6813 6812
3 6733 6734 6814
3 6733 6814 6813
3 6734 6735 6815
3 6734 6815 6814
3 6735 6736 6816
3 6735 6816 6815
3 6736 6737 6817
3 6736 6817 6816
3 6737 6738 6818
3 6737 6818 6817
3 6738 6739 6819
3 6738 6819 6818
3 6739 6740 6820
3 6739 6820 6819
3 6740 6741 6821
3 6740 6821 6820
3 6741 6742 6822
3 6741 6822 6821
3 6742 6743 6823
3 6742 6823 6822
3 6743 6744 6824
3 6743 6824 6823
3 6744 6745 6825
3 6744 6825 6824
3 6745 6746 6826
3 6745 6826 6825
3 6746 6747 6827
3 6746 6827 6826
3 6747 6748 6828
3 6747 6828 6827
3 6748 6749 6829
3 6748 6829 6828
3 6749 6750 6830
3 6749 6830 6829
3 6750 6751 6831
3 6750 6831 6830
3 6751 6752 6832
3 6751 6832 6831
3 6752 6753 6833
3 6752 6833 6832
3 6753 6754 6834
3 6753 6834 6833
3 6754 6755 6835
3 6754 6835 6834
3 6755 6756 6836
3 6755 6836 6835
3 6756 6757 6837
3 6756 6837 6836
3 6757 6758 6838
3 6757 6838 6837
3 6758 6759 6839
3 6758 6839 6838
3 6759 6760 6840
3 6759 6840 6839
3 6760 6761 6841
3 6760 6841 6840
3 6761 6762 6842
3 6761 6842 6841
3 6762 6763 6843
3 6762 6843 6842
3 6763 6764 6844
3 6763 6844 6843
3 6764 6765 6845
3 6764 6845 6844
3 6765 6766 6846
3 6765 6846 6845
3 6766 6767 6847
3 6766 6847 6846
3 6767 6768 6848
3 6767 6848 6847
3 6768 6769 6849
3 6768 6849 6848
3 6769 6770 6850
3 6769 6850 6849
3 6770 6771 6851
3 6770 6851 6850
3 6771 6772 6852
3 6771 6852 6851
3 6772 6773 6853
3 6772 6853 6852
3 6773 6774 6854
3 6773 6854 6853
3 6774 6775 6855
3 6774 6855 6854
3 6775 6776 6856
3 6775 6856 6855
3 6776 6777 6857
3 6776 6857 6856
3 6777 6778 6858
3 6777 6858 6857
3 6778 6779 6859
3 6778 6859 6858
3 6779 6780 6860
3 6779 6860 6859
3 6780 6781 6861
3 6780 6861 6860
3 6781 6782 6862
3 6781 6862 6861
3 6782 6783 6863
3 6782 6863 6862
3 6783 6784 6864
3 6783 6864 6863
3 6784 6785 6865
3 6784 6865 6864
3 6785 6786 6866
3 6785 6866 6865
3 6786 6787 6867
3 6786 6867 6866
3 6787 6788 6868
3 6787 6868 6867
3 6788 6789 6869
3 6788 6869 6868
3 6789 6790 6870
3 6789 6870 6869
3 6790 6791 6871
3 6790 6871 6870
3 6791 6792 6872
3 6791 6872 6871
3 6792 6793 6873
3 6792 6873 6872
3 6793 6794 6874
3 6793 6874 6873
3 6794 6795 6875
3 6794 6875 6874
3 6795 6796 6876
3 6795 6876 6875
3 6796 6797 6877
3 6796 6877 6876
3 6797 6798 6878
3 6797 6878 6877
3 6798 6799 6879
3 6798 6879 6878
3 6799 6720 6800
3 6799 6800 6879
3 6800 6801 6881
3 6800 6881 6880
3 6801 6802 6882
3 6801 6882 6881
3 6802 6803 6883
3 6802 6883 6882
3 6803 6804 6884
3 6803 6884 6883
3 6804 6805 6885
3 6804 6885 6884
3 6805 6806 6886
3 6805 6886 6885
3 6806 6807 6887
3 6806 6887 6886
3 6807 6808 6888
3 6807 6888 6887
3 6808 6809 6889
3 6808 6889 6888
3 6809 6810 6890
3 6809 6890 6889
3 6810 6811 6891
3 6810 6891 6890
3 6811 6812 6892
3 6811 6892 6891
3 6812 6813 6893
3 6812 6893 6892
3 6813 6814 6894
3 6813 6894 6893
3 6814 6815 6895
3 6814 6895 6894
3 6815 6816 6896
3 6815 6896 6895
3 6816 6817 6897
3 6816 6897 6896
3 6817 6818 6898
3 6817 6898 6897
3 6818 6819 6899
3 6818 6899 6898
3 6819 6820 6900
3 6819 6900 6899
3 6820 6821 6901
3 6820 6901 6900
3 6821 6822 6902
3 6821 6902 6901
3 6822 6823 6903
3 6822 6903 6902
3 6823 6824 6904
3 6823 6904 6903
3 6824 6825 6905
3 6824 6905 6904
3 6825 6826 6906
3 6825 6906 6905
3 6826 6827 6907
3 6826 6907 6906
3 6827 6828 6908
3 6827 6908 6907
3 6828 6829 6909
3 6828 6909 6908
3 6829 6830 6910
3 6829 6910 6909
3 6830 6831 6911
3 6830 6911 6910
3 6831 6832 6912
3 6831 6912 6911
3 6832 6833 6913
3 6832 6913 6912
3 6833 6834 6914
3 6833 6914 6913
3 6834 6835 6915
3 6834 6915 6914
3 6835 6836 6916
3 6835 6916 6915
3 6836 6837 6917
3 6836 6917 6916
3 6837 6838 6918
3 6837 6918 6917
3 6838 6839 6919
3 6838 6919 6918
3 6839 6840 6920
3 6839 6920 6919
3 6840 6841 6921
3 6840 6921 6920
3 6841 6842 6922
3 6841 6922 6921
3 6842 6843 6923
3 6842 6923 6922
3 6843 6844 6924
3 6843 6924 6923
3 6844 6845 6925
3 6844 6925 6924
3 6845 6846 6926
3 6845 6926 6925
3 6846 6847 6927
3 6846 6927 6926
3 6847 6848 6928
3 6847 6928 6927
3 6848 6849 6929
3 6848 6929 6928
3 6849 6850 6930
3 6849 6930 6929
3 6850 6851 6931
3 6850 6931 6930
3 6851 6852 6932
3 6851 6932 6931
3 6852 6853 6933
3 6852 6933 6932
3 6853 6854 6934
3 6853 6934 6933
3 6854 6855 6935
3 6854 6935 6934
3 6855 6856 6936
3 6855 6936 6935
3 6856 6857 6937
3 6856 6937 6936
3 6857 6858 6938
3 6857 6938 6937
3 6858 6859 6939
3 6858 6939 6938
3 6859 6860 6940
3 6859 6940 6939
3 6860 6861 6941
3 6860 6941 6940
3 6861 6862 6942
3 6861 6942 6941
3 6862 6863 6943
3 6862 6943 6942
3 6863 6864 6944
3 6863 6944 6943
3 6864 6865 6945
3 6864 6945 6944
3 6865 6866 6946
3 6865 6946 6945
3 6866 6867 6947
3 6866 6947 6946
3 6867 6868 6948
3 6867 6948 6947
3 6868 6869 6949
3 6868 6949 6948
3 6869 6870 6950
3 6869 6950 6949
3 6870 6871 6951
3 6870 6951 6950
3 6871 6872 6952
3 6871 6952 6951
3 6872 6873 6953
3 6872 6953 6952
3 6873 6874 6954
3 6873 6954 6953
3 6874 6875 6955
3 6874 6955 6954
3 6875 6876 6956
3 6875 6956 6955
3 6876 6877 6957
3 6876 6957 6956
3 6877 6878 6958
3 6877 6958 6957
3 6878 6879 6959
3 6878 6959 6958
3 6879 6800 6880
3 6879 6880 6959
3 6880 6881 6961
3 6880 6961 6960
3 6881 6882 6962
3 6881 6962 6961
3 6882 6883 6963
3 6882 6963 6962
3 6883 6884 6964
3 6883 6964 6963
3 6884 6885 6965
3 6884 6965 6964
3 6885 6886 6966
3 6885 6966 6965
3 6886 6887 6967
3 6886 6967 6966
3 6887 6888 6968
3 6887 6968 6967
3 6888 6889 6969
3 6888 6969 6968
3 6889 6890 6970
3 6889 6970 6969
3 6890 6891 6971
3 6890 6971 6970
3 6891 6892 6972
3 6891 6972 6971
3 6892 6893 6973
3 6892 6973 6972
3 6893 6894 6974
3 6893 6974 6973
3 6894 6895 6975
3 6894 6975 6974
3 6895 6896 6976
3 6895 6976 6975
3 6896 6897 6977
3 6896 6977 6976
3 6897 6898 6978
3 6897 6978 6977
3 6898 6899 6979
3 6898 6979 6978
3 6899 6900 6980
3 6899 6980 6979
3 6900 6901 6981
3 6900 6981 6980
3 6901 6902 6982
3 6901 6982 6981
3 6902 6903 6983
3 6902 6983 6982
3 6903 6904 6984
3 6903 6984 6983
3 6904 6905 6985
3 6904 6985 6984
3 6905 6906 6986
3 6905 6986 6985
3 6906 6907 6987
3 6906 6987 6986
3 6907 6908 6988
3 6907 6988 6987
3 6908 6909 6989
3 6908 6989 6988
3 6909 6910 6990
3 6909 6990 6989
3 6910 6911 6991
3 6910 6991 6990
3 6911 6912 6992
3 6911 6992 6991
3 6912 6913 6993
3 6912 6993 6992
3 6913 6914 6994
3 6913 6994 6993
3 6914 6915 6995
3 6914 6995 6994
3 6915 6916 6996
3 6915 6996 6995
3 6916 6917 6997
3 6916 6997 6996
3 6917 6918 6998
3 6917 6998 6997
3 6918 6919 6999
3 6918 6999 6998
3 6919 6920 7000
3 6919 7000 6999
3 6920 6921 7001
3 6920 7001 7000
3 6921 6922 7002
3 6921 7002 7001
3 6922 6923 7003
3 6922 7003 7002
3 6923 6924 7004
3 6923 7004 7003
3 6924 6925 7005
3 6924 7005 7004
3 6925 6926 7006
3 6925 7006 7005
3 6926 6927 7007
3 6926 7007 7006
3 6927 6928 7008
3 6927 7008 7007
3 6928 6929 7009
3 6928 7009 7008
3 6929 6930 7010
3 6929 7010 7009
3 6930 6931 7011
3 6930 7011 7010
3 6931 6932 7012
3 6931 7012 7011
3 6932 6933 7013
3 6932 7013 7012
3 6933 6934 7014
3 6933 7014 7013
3 6934 6935 7015
3 6934 7015 7014
3 6935 6936 7016
3 6935 7016 7015
3 6936 6937 7017
3 6936 7017 7016
3 6937 6938 7018
3 6937 7018 7017
3 6938 6939 7019
3 6938 7019 7018
3 6939 6940 7020
3 6939 7020 7019
3 6940 6941 7021
3 6940 7021 7020
3 6941 6942 7022
3 6941 7022 7021
3 6942 6943 7023
3 6942 7023 7022
3 6943 6944 7024
3 6943 7024 7023
3 6944 6945 7025
3 6944 7025 7024
3 6945 6946 7026
3 6945 7026 7025
3 6946 6947 7027
3 6946 7027 7026
3 6947 6948 7028
3 6947 7028 7027
3 6948 6949 7029
3 6948 7029 7028
3 6949 6950 7030
3 6949 7030 7029
3 6950 6951 7031
3 6950 7031 7030
3 6951 6952 7032
3 6951 7032 7031
3 6952 6953 7033
3 6952 7033 7032
3 6953 6954 7034
3 6953 7034 7033
3 6954 6955 7035
3 6954 7035 7034
3 6955 6956 7036
3 6955 7036 7035
3 6956 6957 7037
3 6956 7037 7036
3 6957 6958 7038
3 6957 7038 7037
3 6958 6959 7039
3 6958 7039 7038
3 6959 6880 6960
3 6959 6960 7039
3 6960 6961 7041
3 6960 7041 7040
3 6961 6962 7042
3 6961 7042 7041
3 6962 6963 7043
3 6962 7043 7042
3 6963 6964 7044
3 6963 7044 7043
3 6964 6965 7045
3 6964 7045 7044
3 6965 6966 7046
3 6965 7046 7045
3 6966 6967 7047
3 6966 7047 7046
3 6967 6968 7048
3 6967 7048 7047
3 6968 6969 7049
3 6968 7049 7048
3 6969 6970 7050
3 6969 7050 7049
3 6970 6971 7051
3 6970 7051 7050
3 6971 6972 7052
3 6971 7052 7051
3 6972 6973 7053
3 6972 7053 7052
3 6973 6974 7054
3 6973 7054 7053
3 6974 6975 7055
3 6974 7055 7054
3 6975 6976 7056
3 6975 7056 7055
3 6976 6977 7057
3 6976 7057 7056
3 6977 6978 7058
3 6977 7058 7057
3 6978 6979 7059
3 6978 7059 7058
3 6979 6980 7060
3 6979 7060 7059
3 6980 6981 7061
3 6980 7061 7060
3 6981 6982 7062
3 6981 7062 7061
3 6982 6983 7063
3 6982 7063 7062
3 6983 6984 7064
3 6983 7064 7063
3 6984 6985 7065
3 6984 7065 7064
3 6985 6986 7066
3 6985 7066 7065
3 6986 6987 7067
3 6986 7067 7066
3 6987 6988 7068
3 6987 7068 7067
3 6988 6989 7069
3 6988 7069 7068
3 6989 6990 7070
3 6989 7070 7069
3 6990 6991 7071
3 6990 7071 7070
3 6991 6992 7072
3 6991 7072 7071
3 6992 6993 7073
3 6992 7073 7072
3 6993 6994 7074
3 6993 7074 7073
3 6994 6995 7075
3 6994 7075 7074
3 6995 6996 7076
3 6995 7076 7075
3 6996 6997 7077
3 6996 7077 7076
3 6997 6998 7078
3 6997 7078 7077
3 6998 6999 7079
3 6998 7079 7078
3 6999 7000 7080
3 6999 7080 7079
3 7000 7001 7081
3 7000 7081 7080
3 7001 7002 7082
3 7001 7082 7081
3 7002 7003 7083
3 7002 7083 7082
3 7003 7004 7084
3 7003 7084 7083
3 7004 7005 7085
3 7004 7085 7084
3 7005 7006 7086
3 7005 7086 7085
3 7006 7007 7087
3 7006 7087 7086
3 7007 7008 7088
3 7007 7088 7087
3 7008 7009 7089
3 7008 7089 7088
3 7009 7010 7090
3 7009 7090 7089
3 7010 7011 7091
3 7010 7091 7090
3 7011 7012 7092
3 7011 7092 7091
3 7012 7013 7093
3 7012 7093 7092
3 7013 7014 7094
3 7013 7094 7093
3 7014 7015 7095
3 7014 7095 7094
3 7015 7016 7096
3 7015 7096 7095
3 7016 7017 7097
3 7016 7097 7096
3 7017 7018 7098
3 7017 7098 7097
3 7018 7019 7099
3 7018 7099 7098
3 7019 7020 7100
3 7019 7100 7099
3 7020 7021 7101
3 7020 7101 7100
3 7021 7022 7102
3 7021 7102 7101
3 7022 7023 7103
3 7022 7103 7102
3 7023 7024 7104
3 7023 7104 7103
3 7024 7025 7105
3 7024 7105 7104
3 7025 7026 7106
3 7025 7106 7105
3 7026 7027 7107
3 7026 7107 7106
3 7027 7028 7108
3 7027 7108 7107
3 7028 7029 7109
3 7028 7109 7108
3 7029 7030 7110
3 7029 7110 7109
3 7030 7031 7111
3 7030 7111 7110
3 7031 7032 7112
3 7031 7112 7111
3 7032 7033 7113
3 7032 7113 7112
3 7033 7034 7114
3 7033 7114 7113
3 7034 7035 7115
3 7034 7115 7114
3 7035 7036 7116
3 7035 7116 7115
3 7036 7037 7117
3 7036 7117 7116
3 7037 7038 7118
3 7037 7118 7117
3 7038 7039 7119
3 7038 7119 7118
3 7039 6960 7040
3 7039 7040 7119
3 7040 7041 7121
3 7040 7121 7120
3 7041 7042 7122
3 7041 7122 7121
3 7042 7043 7123
3 7042 7123 7122
3 7043 7044 7124
3 7043 7124 7123
3 7044 7045 7125
3 7044 7125 7124
3 7045 7046 7126
3 7045 7126 7125
3 7046 7047 7127
3 7046 7127 7126
3 7047 7048 7128
3 7047 7128 7127
3 7048 7049 7129
3 7048 7129 7128
3 7049 7050 7130
3 7049 7130 7129
3 7050 7051 7131
3 7050 7131 7130
3 7051 7052 7132
3 7051 7132 7131
3 7052 7053 7133
3 7052 7133 7132
3 7053 7054 7134
3 7053 7134 7133
3 7054 7055 7135
3 7054 7135 7134
3 7055 7056 7136
3 7055 7136 7135
3 7056 7057 7137
3 7056 7137 7136
3 7057 7058 7138
3 7057 7138 7137
3 7058 7059 7139
3 7058 7139 7138
3 7059 7060 7140
3 7059 7140 7139
3 7060 7061 7141
3 7060 7141 7140
3 7061 7062 7142
3 7061 7142 7141
3 7062 7063 7143
3 7062 7143 7142
3 7063 7064 7144
3 7063 7144 7143
3 7064 7065 7145
3 7064 7145 7144
3 7065 7066 7146
3 7065 7146 7145
3 7066 7067 7147
3 7066 7147 7146
3 7067 7068 7148
3 7067 7148 7147
3 7068 7069 7149
3 7068 7149 7148
3 7069 7070 7150
3 7069 7150 7149
3 7070 7071 7151
3 7070 7151 7150
3 7071 7072 7152
3 7071 7152 7151
3 7072 7073 7153
3 7072 7153 7152
3 7073 7074 7154
3 7073 7154 7153
3 7074 7075 7155
3 7074 7155 7154
3 7075 7076 7156
3 7075 7156 7155
3 7076 7077 7157
3 7076 7157 7156
3 7077 7078 7158
3 7077 7158 7157
3 7078 7079 7159
3 7078 7159 7158
3 7079 7080 7160
3 7079 7160 7159
3 7080 7081 7161
3 7080 7161 7160
3 7081 7082 7162
3 7081 7162 7161
3 7082 7083 7163
3 7082 7163 7162
3 7083 7084 7164
3 7083 7164 7163
3 7084 7085 7165
3 7084 7165 7164
3 7085 7086 7166
3 7085 7166 7165
3 7086 7087 7167
3 7086 7167 7166
3 7087 7088 7168
3 7087 7168 7167
3 7088 7089 7169
3 7088 7169 7168
3 7089 7090 7170
3 7089 7170 7169
3 7090 7091 7171
3 7090 7171 7170
3 7091 7092 7172
3 7091 7172 7171
3 7092 7093 7173
3 7092 7173 7172
3 7093 7094 7174
3 7093 7174 7173
3 7094 7095 7175
3 7094 7175 7174
3 7095 7096 7176
3 7095 7176 7175
3 7096 7097 7177
3 7096 7177 7176
3 7097 7098 7178
3 7097 7178 7177
3 7098 7099 7179
3 7098 7179 7178
3 7099 7100 7180
3 7099 7180 7179
3 7100 7101 7181
3 7100 7181 7180
3 7101 7102 7182
3 7101 7182 7181
3 7102 7103 7183
3 7102 7183 7182
3 7103 7104 7184
3 7103 7184 7183
3 7104 7105 7185
3 7104 7185 7184
3 7105 7106 7186
3 7105 7186 7185
3 7106 7107 7187
3 7106 7187 7186
3 7107 7108 7188
3 7107 7188 7187
3 7108 7109 7189
3 7108 7189 7188
3 7109 7110 7190
3 7109 7190 7189
3 7110 7111 7191
3 7110 7191 7190
3 7111 7112 7192
3 7111 7192 7191
3 7112 7113 7193
3 7112 7193 7192
3 7113 7114 7194
3 7113 7194 7193
3 7114 7115 7195
3 7114 7195 7194
3 7115 7116 7196
3 7115 7196 7195
3 7116 7117 7197
3 7116 7197 7196
3 7117 7118 7198
3 7117 7198 7197
3 7118 7119 7199
3 7118 7199 7198
3 7119 7040 7120
3 7119 7120 7199
3 7120 7121 7201
3 7120 7201 7200
3 7121 7122 7202
3 7121 7202 7201
3 7122 7123 7203
3 7122 7203 7202
3 7123 7124 7204
3 7123 7204 7203
3 7124 7125 7205
3 7124 7205 7204
3 7125 7126 7206
3 7125 7206 7205
3 7126 7127 7207
3 7126 7207 7206
3 7127 7128 7208
3 7127 7208 7207
3 7128 7129 7209
3 7128 7209 7208
3 7129 7130 7210
3 7129 7210 7209
3 7130 7131 7211
3 7130 7211 7210
3 7131 7132 7212
3 7131 7212 7211
3 7132 7133 7213
3 7132 7213 7212
3 7133 7134 7214
3 7133 7214 7213
3 7134 7135 7215
3 7134 7215 7214
3 7135 7136 7216
3 7135 7216 7215
3 7136 7137 7217
3 7136 7217 7216
3 7137 7138 7218
3 7137 7218 7217
3 7138 7139 7219
3 7138 7219 7218
3 7139 7140 7220
3 7139 7220 7219
3 7140 7141 7221
3 7140 7221 7220
3 7141 7142 7222
3 7141 7222 7221
3 7142 7143 7223
3 7142 7223 7222
3 7143 7144 7224
3 7143 7224 7223
3 7144 7145 7225
3 7144 7225 7224
3 7145 7146 7226
3 7145 7226 7225
3 7146 7147 7227
3 7146 7227 7226
3 7147 7148 7228
3 7147 7228 7227
3 7148 7149 7229
3 7148 7229 7228
3 7149 7150 7230
3 7149 7230 7229
3 7150 7151 7231
3 7150 7231 7230
3 7151 7152 7232
3 7151 7232 7231
3 7152 7153 7233
3 7152 7233 7232
3 7153 7154 7234
3 7153 7234 7233
3 7154 7155 7235
3 7154 7235 7234
3 7155 7156 7236
3 7155 7236 7235
3 7156 7157 7237
3 7156 7237 7236
3 7157 7158 7238
3 7157 7238 7237
3 7158 7159 7239
3 7158 7239 7238
3 7159 7160 7240
3 7159 7240 7239
3 7160 7161 7241
3 7160 7241 7240
3 7161 7162 7242
3 7161 7242 7241
3 7162 7163 7243
3 7162 7243 7242
3 7163 7164 7244
3 7163 7244 7243
3 7164 7165 7245
3 7164 7245 7244
3 7165 7166 7246
3 7165 7246 7245
3 7166 7167 7247
3 7166 7247 7246
3 7167 7168 7248
3 7167 7248 7247
3 7168 7169 7249
3 7168 7249 7248
3 7169 7170 7250
3 7169 7250 7249
3 7170 7171 7251
3 7170 7251 7250
3 7171 7172 7252
3 7171 7252 7251
3 7172 7173 7253
3 7172 7253 7252
3 7173 7174 7254
3 7173 7254 7253
3 7174 7175 7255
3 7174 7255 7254
3 7175 7176 7256
3 7175 7256 7255
3 7176 7177 7257
3 7176 7257 7256
3 7177 7178 7258
3 7177 7258 7257
3 7178 7179 7259
3 7178 7259 7258
3 7179 7180 7260
3 7179 7260 7259
3 7180 7181 7261
3 7180 7261 7260
3 7181 7182 7262
3 7181 7262 7261
3 7182 7183 7263
3 7182 7263 7262
3 7183 7184 7264
3 7183 7264 7263
3 7184 7185 7265
3 7184 7265 7264
3 7185 7186 7266
3 7185 7266 7265
3 7186 7187 7267
3 7186 7267 7266
3 7187 7188 7268
3 7187 7268 7267
3 7188 7189 7269
3 7188 7269 7268
3 7189 7190 7270
3 7189 7270 7269
3 7190 7191 7271
3 7190 7271 7270
3 7191 7192 7272
3 7191 7272 7271
3 7192 7193 7273
3 7192 7273 7272
3 7193 7194 7274
3 7193 7274 7273
3 7194 7195 7275
3 7194 7275 7274
3 7195 7196 7276
3 7195 7276 7275
3 7196 7197 7277
3 7196 7277 7276
3 7197 7198 7278
3 7197 7278 7277
3 7198 7199 7279
3 7198 7279 7278
3 7199 7120 7200
3 7199 7200 7279
3 7200 7201 7281
3 7200 7281 7280
3 7201 7202 7282
3 7201 7282 7281
3 7202 7203 7283
3 7202 7283 7282
3 7203 7204 7284
3 7203 7284 7283
3 7204 7205 7285
3 7204 7285 7284
3 7205 7206 7286
3 7205 7286 7285
3 7206 7207 7287
3 7206 7287 7286
3 7207 7208 7288
3 7207 7288 7287
3 7208 7209 7289
3 7208 7289 7288
3 7209 7210 7290
3 7209 7290 7289
3 7210 7211 7291
3 7210 7291 7290
3 7211 7212 7292
3 7211 7292 7291
3 7212 7213 7293
3 7212 7293 7292
3 7213 7214 7294
3 7213 7294 7293
3 7214 7215 7295
3 7214 7295 7294
3 7215 7216 7296
3 7215 7296 7295
3 7216 7217 7297
3 7216 7297 7296
3 7217 7218 7298
3 7217 7298 7297
3 7218 7219 7299
3 7218 7299 7298
3 7219 7220 7300
3 7219 7300 7299
3 7220 7221 7301
3 7220 7301 7300
3 7221 7222 7302
3 7221 7302 7301
3 7222 7223 7303
3 7222 7303 7302
3 7223 7224 7304
3 7223 7304 7303
3 7224 7225 7305
3 7224 7305 7304
3 7225 7226 7306
3 7225 7306 7305
3 7226 7227 7307
3 7226 7307 7306
3 7227 7228 7308
3 7227 7308 7307
3 7228 7229 7309
3 7228 7309 7308
3 7229 7230 7310
3 7229 7310 7309
3 7230 7231 7311
3 7230 7311 7310
3 7231 7232 7312
3 7231 7312 7311
3 7232 7233 7313
3 7232 7313 7312
3 7233 7234 7314
3 7233 7314 7313
3 7234 7235 7315
3 7234 7315 7314
3 7235 7236 7316
3 7235 7316 7315
3 7236 7237 7317
3 7236 7317 7316
3 7237 7238 7318
3 7237 7318 7317
3 7238 7239 7319
3 7238 7319 7318
3 7239 7240 7320
3 7239 7320 7319
3 7240 7241 7321
3 7240 7321 7320
3 7241 7242 7322
3 7241 7322 7321
3 7242 7243 7323
3 7242 7323 7322
3 7243 7244 7324
3 7243 7324 7323
3 7244 7245 7325
3 7244 7325 7324
3 7245 7246 7326
3 7245 7326 7325
3 7246 7247 7327
3 7246 7327 7326
3 7247 7248 7328
3 7247 7328 7327
3 7248 7249 7329
3 7248 7329 7328
3 7249 7250 7330
3 7249 7330 7329
3 7250 7251 7331
3 7250 7331 7330
3 7251 7252 7332
3 7251 7332 7331
3 7252 7253 7333
3 7252 7333 7332
3 7253 7254 7334
3 7253 7334 7333
3 7254 7255 7335
3 7254 7335 7334
3 7255 7256 7336
3 7255 7336 7335
3 7256 7257 7337
3 7256 7337 7336
3 7257 7258 7338
3 7257 7338 7337
3 7258 7259 7339
3 7258 7339 7338
3 7259 7260 7340
3 7259 7340 7339
3 7260 7261 7341
3 7260 7341 7340
3 7261 7262 7342
3 7261 7342 7341
3 7262 7263 7343
3 7262 7343 7342
3 7263 7264 7344
3 7263 7344 7343
3 7264 7265 7345
3 7264 7345 7344
3 7265 7266 7346
3 7265 7346 7345
3 7266 7267 7347
3 7266 7347 7346
3 7267 7268 7348
3 7267 7348 7347
3 7268 7269 7349
3 7268 7349 7348
3 7269 7270 7350
3 7269 7350 7349
3 7270 7271 7351
3 7270 7351 7350
3 7271 7272 7352
3 7271 7352 7351
3 7272 7273 7353
3 7272 7353 7352
3 7273 7274 7354
3 7273 7354 7353
3 7274 7275 7355
3 7274 7355 7354
3 7275 7276 7356
3 7275 7356 7355
3 7276 7277 7357
3 7276 7357 7356
3 7277 7278 7358
3 7277 7358 7357
3 7278 7279 7359
3 7278 7359 7358
3 7279 7200 7280
3 7279 7280 7359
3 7280 7281 7361
3 7280 7361 7360
3 7281 7282 7362
3 7281 7362 7361
3 7282 7283 7363
3 7282 7363 7362
3 7283 7284 7364
3 7283 7364 7363
3 7284 7285 7365
3 7284 7365 7364
3 7285 7286 7366
3 7285 7366 7365
3 7286 7287 7367
3 7286 7367 7366
3 7287 7288 7368
3 7287 7368 7367
3 7288 7289 7369
3 7288 7369 7368
3 7289 7290 7370
3 7289 7370 7369
3 7290 7291 7371
3 7290 7371 7370
3 7291 7292 7372
3 7291 7372 7371
3 7292 7293 7373
3 7292 7373 7372
3 7293 7294 7374
3 7293 7374 7373
3 7294 7295 7375
3 7294 7375 7374
3 7295 7296 7376
3 7295 7376 7375
3 7296 7297 7377
3 7296 7377 7376
3 7297 7298 7378
3 7297 7378 7377
3 7298 7299 7379
3 7298 7379 7378
3 7299 7300 7380
3 7299 7380 7379
3 7300 7301 7381
3 7300 7381 7380
3 7301 7302 7382
3 7301 7382 7381
3 7302 7303 7383
3 7302 7383 7382
3 7303 7304 7384
3 7303 7384 7383
3 7304 7305 7385
3 7304 7385 7384
3 7305 7306 7386
3 7305 7386 7385
3 7306 7307 7387
3 7306 7387 7386
3 7307 7308 7388
3 7307 7388 7387
3 7308 7309 7389
3 7308 7389 7388
3 7309 7310 7390
3 7309 7390 7389
3 7310 7311 7391
3 7310 7391 7390
3 7311 7312 7392
3 7311 7392 7391
3 7312 7313 7393
3 7312 7393 7392
3 7313 7314 7394
3 7313 7394 7393
3 7314 7315 7395
3 7314 7395 7394
3 7315 7316 7396
3 7315 7396 7395
3 7316 7317 7397
3 7316 7397 7396
3 7317 7318 7398
3 7317 7398 7397
3 7318 7319 7399
3 7318 7399 7398
3 7319 7320 7400
3 7319 7400 7399
3 7320 7321 7401
3 7320 7401 7400
3 7321 7322 7402
3 7321 7402 7401
3 7322 7323 7403
3 7322 7403 7402
3 7323 7324 7404
3 7323 7404 7403
3 7324 7325 7405
3 7324 7405 7404
3 7325 7326 7406
3 7325 7406 7405
3 7326 7327 7407
3 7326 7407 7406
3 7327 7328 7408
3 7327 7408 7407
3 7328 7329 7409
3 7328 7409 7408
3 7329 7330 7410
3 7329 7410 7409
3 7330 7331 7411
3 7330 7411 7410
3 7331 7332 7412
3 7331 7412 7411
3 7332 7333 7413
3 7332 7413 7412
3 7333 7334 7414
3 7333 7414 7413
3 7334 7335 7415
3 7334 7415 7414
3 7335 7336 7416
3 7335 7416 7415
3 7336 7337 7417
3 7336 7417 7416
3 7337 7338 7418
3 7337 7418 7417
3 7338 7339 7419
3 7338 7419 7418
3 7339 7340 7420
3 7339 7420 7419
3 7340 7341 7421
3 7340 7421 7420
3 7341 7342 7422
3 7341 7422 7421
3 7342 7343 7423
3 7342 7423 7422
3 7343 7344 7424
3 7343 7424 7423
3 7344 7345 7425
3 7344 7425 7424
3 7345 7346 7426
3 7345 7426 7425
3 7346 7347 7427
3 7346 7427 7426
3 7347 7348 7428
3 7347 7428 7427
3 7348 7349 7429
3 7348 7429 7428
3 7349 7350 7430
3 7349 7430 7429
3 7350 7351 7431
3 7350 7431 7430
3 7351 7352 7432
3 7351 7432 7431
3 7352 7353 7433
3 7352 7433 7432
3 7353 7354 7434
3 7353 7434 7433
3 7354 7355 7435
3 7354 7435 7434
3 7355 7356 7436
3 7355 7436 7435
3 7356 7357 7437
3 7356 7437 7436
3 7357 7358 7438
3 7357 7438 7437
3 7358 7359 7439
3 7358 7439 7438
3 7359 7280 7360
3 7359 7360 7439
3 7360 7361 7441
3 7360 7441 7440
3 7361 7362 7442
3 7361 7442 7441
3 7362 7363 7443
3 7362 7443 7442
3 7363 7364 7444
3 7363 7444 7443
3 7364 7365 7445
3 7364 7445 7444
3 7365 7366 7446
3 7365 7446 7445
3 7366 7367 7447
3 7366 7447 7446
3 7367 7368 7448
3 7367 7448 7447
3 7368 7369 7449
3 7368 7449 7448
3 7369 7370 7450
3 7369 7450 7449
3 7370 7371 7451
3 7370 7451 7450
3 7371 7372 7452
3 7371 7452 7451
3 7372 7373 7453
3 7372 7453 7452
3 7373 7374 7454
3 7373 7454 7453
3 7374 7375 7455
3 7374 7455 7454
3 7375 7376 7456
3 7375 7456 7455
3 7376 7377 7457
3 7376 7457 7456
3 7377 7378 7458
3 7377 7458 7457
3 7378 7379 7459
3 7378 7459 7458
3 7379 7380 7460
3 7379 7460 7459
3 7380 7381 7461
3 7380 7461 7460
3 7381 7382 7462
3 7381 7462 7461
3 7382 7383 7463
3 7382 7463 7462
3 7383 7384 7464
3 7383 7464 7463
3 7384 7385 7465
3 7384 7465 7464
3 7385 7386 7466
3 7385 7466 7465
3 7386 7387 7467
3 7386 7467 7466
3 7387 7388 7468
3 7387 7468 7467
3 7388 7389 7469
3 7388 7469 7468
3 7389 7390 7470
3 7389 7470 7469
3 7390 7391 7471
3 7390 7471 7470
3 7391 7392 7472
3 7391 7472 7471
3 7392 7393 7473
3 7392 7473 7472
3 7393 7394 7474
3 7393 7474 7473
3 7394 7395 7475
3 7394 7475 7474
3 7395 7396 7476
3 7395 7476 7475
3 7396 7397 7477
3 7396 7477 7476
3 7397 7398 7478
3 7397 7478 7477
3 7398 7399 7479
3 7398 7479 7478
3 7399 7400 7480
3 7399 7480 7479
3 7400 7401 7481
3 7400 7481 7480
3 7401 7402 7482
3 7401 7482 7481
3 7402 7403 7483
3 7402 7483 7482
3 7403 7404 7484
3 7403 7484 7483
3 7404 7405 7485
3 7404 7485 7484
3 7405 7406 7486
3 7405 7486 7485
3 7406 7407 7487
3 7406 7487 7486
3 7407 7408 7488
3 7407 7488 7487
3 7408 7409 7489
3 7408 7489 7488
3 7409 7410 7490
3 7409 7490 7489
3 7410 7411 7491
3 7410 7491 7490
3 7411 7412 7492
3 7411 7492 7491
3 7412 7413 7493
3 7412 7493 7492
3 7413 7414 7494
3 7413 7494 7493
3 7414 7415 7495
3 7414 7495 7494
3 7415 7416 7496
3 7415 7496 7495
3 7416 7417 7497
3 7416 7497 7496
3 7417 7418 7498
3 7417 7498 7497
3 7418 7419 7499
3 7418 7499 7498
3 7419 7420 7500
3 7419 7500 7499
3 7420 7421 7501
3 7420 7501 7500
3 7421 7422 7502
3 7421 7502 7501
3 7422 7423 7503
3 7422 7503 7502
3 7423 7424 7504
3 7423 7504 7503
3 7424 7425 7505
3 7424 7505 7504
3 7425 7426 7506
3 7425 7506 7505
3 7426 7427 7507
3 7426 7507 7506
3 7427 7428 7508
3 7427 7508 7507
3 7428 7429 7509
3 7428 7509 7508
3 7429 7430 7510
3 7429 7510 7509
3 7430 7431 7511
3 7430 7511 7510
3 7431 7432 7512
3 7431 7512 7511
3 7432 7433 7513
3 7432 7513 7512
3 7433 7434 7514
3 7433 7514 7513
3 7434 7435 7515
3 7434 7515 7514
3 7435 7436 7516
3 7435 7516 7515
3 7436 7437 7517
3 7436 7517 7516
3 7437 7438 7518
3 7437 7518 7517
3 7438 7439 7519
3 7438 7519 7518
3 7439 7360 7440
3 7439 7440 7519
3 7440 7441 7521
3 7440 7521 7520
3 7441 7442 7522
3 7441 7522 7521
3 7442 7443 7523
3 7442 7523 7522
3 7443 7444 7524
3 7443 7524 7523
3 7444 7445 7525
3 7444 7525 7524
3 7445 7446 7526
3 7445 7526 7525
3 7446 7447 7527
3 7446 7527 7526
3 7447 7448 7528
3 7447 7528 7527
3 7448 7449 7529
3 7448 7529 7528
3 7449 7450 7530
3 7449 7530 7529
3 7450 7451 7531
3 7450 7531 7530
3 7451 7452 7532
3 7451 7532 7531
3 7452 7453 7533
3 7452 7533 7532
3 7453 7454 7534
3 7453 7534 7533
3 7454 7455 7535
3 7454 7535 7534
3 7455 7456 7536
3 7455 7536 7535
3 7456 7457 7537
3 7456 7537 7536
3 7457 7458 7538
3 7457 7538 7537
3 7458 7459 7539
3 7458 7539 7538
3 7459 7460 7540
3 7459 7540 7539
3 7460 7461 7541
3 7460 7541 7540
3 7461 7462 7542
3 7461 7542 7541
3 7462 7463 7543
3 7462 7543 7542
3 7463 7464 7544
3 7463 7544 7543
3 7464 7465 7545
3 7464 7545 7544
3 7465 7466 7546
3 7465 7546 7545
3 7466 7467 7547
3 7466 7547 7546
3 7467 7468 7548
3 7467 7548 7547
3 7468 7469 7549
3 7468 7549 7548
3 7469 7470 7550
3 7469 7550 7549
3 7470 7471 7551
3 7470 7551 7550
3 7471 7472 7552
3 7471 7552 7551
3 7472 7473 7553
3 7472 7553 7552
3 7473 7474 7554
3 7473 7554 7553
3 7474 7475 7555
3 7474 7555 7554
3 7475 7476 7556
3 7475 7556 7555
3 7476 7477 7557
3 7476 7557 7556
3 7477 7478 7558
3 7477 7558 7557
3 7478 7479 7559
3 7478 7559 7558
3 7479 7480 7560
3 7479 7560 7559
3 7480 7481 7561
3 7480 7561 7560
3 7481 7482 7562
3 7481 7562 7561
3 7482 7483 7563
3 7482 7563 7562
3 7483 7484 7564
3 7483 7564 7563
3 7484 7485 7565
3 7484 7565 7564
3 7485 7486 7566
3 7485 7566 7565
3 7486 7487 7567
3 7486 7567 7566
3 7487 7488 7568
3 7487 7568 7567
3 7488 7489 7569
3 7488 7569 7568
3 7489 7490 7570
3 7489 7570 7569
3 7490 7491 7571
3 7490 7571 7570
3 7491 7492 7572
3 7491 7572 7571
3 7492 7493 7573
3 7492 7573 7572
3 7493 7494 7574
3 7493 7574 7573
3 7494 7495 7575
3 7494 7575 7574
3 7495 7496 7576
3 7495 7576 7575
3 7496 7497 7577
3 7496 7577 7576
3 7497 7498 7578
3 7497 7578 7577
3 7498 7499 7579
3 7498 7579 7578
3 7499 7500 7580
3 7499 7580 7579
3 7500 7501 7581
3 7500 7581 7580
3 7501 7502 7582
3 7501 7582 7581
3 7502 7503 7583
3 7502 7583 7582
3 7503 7504 7584
3 7503 7584 7583
3 7504 7505 7585
3 7504 7585 7584
3 7505 7506 7586
3 7505 7586 7585
3 7506 7507 7587
3 7506 7587 7586
3 7507 7508 7588
3 7507 7588 7587
3 7508 7509 7589
3 7508 7589 7588
3 7509 7510 7590
3 7509 7590 7589
3 7510 7511 7591
3 7510 7591 7590
3 7511 7512 7592
3 7511 7592 7591
3 7512 7513 7593
3 7512 7593 7592
3 7513 7514 7594
3 7513 7594 7593
3 7514 7515 7595
3 7514 7595 7594
3 7515 7516 7596
3 7515 7596 7595
3 7516 7517 7597
3 7516 7597 7596
3 7517 7518 7598
3 7517 7598 7597
3 7518 7519 7599
3 7518 7599 7598
3 7519 7440 7520
3 7519 7520 7599
3 7520 7521 7601
3 7520 7601 7600
3 7521 7522 7602
3 7521 7602 7601
3 7522 7523 7603
3 7522 7603 7602
3 7523 7524 7604
3 7523 7604 7603
3 7524 7525 7605
3 7524 7605 7604
3 7525 7526 7606
3 7525 7606 7605
3 7526 7527 7607
3 7526 7607 7606
3 7527 7528 7608
3 7527 7608 7607
3 7528 7529 7609
3 7528 7609 7608
3 7529 7530 7610
3 7529 7610 7609
3 7530 7531 7611
3 7530 7611 7610
3 7531 7532 7612
3 7531 7612 7611
3 7532 7533 7613
3 7532 7613 7612
3 7533 7534 7614
3 7533 7614 7613
3 7534 7535 7615
3 7534 7615 7614
3 7535 7536 7616
3 7535 7616 7615
3 7536 7537 7617
3 7536 7617 7616
3 7537 7538 7618
3 7537 7618 7617
3 7538 7539 7619
3 7538 7619 7618
3 7539 7540 7620
3 7539 7620 7619
3 7540 7541 7621
3 7540 7621 7620
3 7541 7542 7622
3 7541 7622 7621
3 7542 7543 7623
3 7542 7623 7622
3 7543 7544 7624
3 7543 7624 7623
3 7544 7545 7625
3 7544 7625 7624
3 7545 7546 7626
3 7545 7626 7625
3 7546 7547 7627
3 7546 7627 7626
3 7547 7548 7628
3 7547 7628 7627
3 7548 7549 7629
3 7548 7629 7628
3 7549 7550 7630
3 7549 7630 7629
3 7550 7551 7631
3 7550 7631 7630
3 7551 7552 7632
3 7551 7632 7631
3 7552 7553 7633
3 7552 7633 7632
3 7553 7554 7634
3 7553 7634 7633
3 7554 7555 7635
3 7554 7635 7634
3 7555 7556 7636
3 7555 7636 7635
3 7556 7557 7637
3 7556 7637 7636
3 7557 7558 7638
3 7557 7638 7637
3 7558 7559 7639
3 7558 7639 7638
3 7559 7560 7640
3 7559 7640 7639
3 7560 7561 7641
3 7560 7641 7640
3 7561 7562 7642
3 7561 7642 7641
3 7562 7563 7643
3 7562 7643 7642
3 7563 7564 7644
3 7563 7644 7643
3 7564 7565 7645
3 7564 7645 7644
3 7565 7566 7646
3 7565 7646 7645
3 7566 7567 7647
3 7566 7647 7646
3 7567 7568 7648
3 7567 7648 7647
3 7568 7569 7649
3 7568 7649 7648
3 7569 7570 7650
3 7569 7650 7649
3 7570 7571 7651
3 7570 7651 7650
3 7571 7572 7652
3 7571 7652 7651
3 7572 7573 7653
3 7572 7653 7652
3 7573 7574 7654
3 7573 7654 7653
3 7574 7575 7655
3 7574 7655 7654
3 7575 7576 7656
3 7575 7656 7655
3 7576 7577 7657
3 7576 7657 7656
3 7577 7578 7658
3 7577 7658 7657
3 7578 7579 7659
3 7578 7659 7658
3 7579 7580 7660
3 7579 7660 7659
3 7580 7581 7661
3 7580 7661 7660
3 7581 7582 7662
3 7581 7662 7661
3 7582 7583 7663
3 7582 7663 7662
3 7583 7584 7664
3 7583 7664 7663
3 7584 7585 7665
3 7584 7665 7664
3 7585 7586 7666
3 7585 7666 7665
3 7586 7587 7667
3 7586 7667 7666
3 7587 7588 7668
3 7587 7668 7667
3 7588 7589 7669
3 7588 7669 7668
3 7589 7590 7670
3 7589 7670 7669
3 7590 7591 7671
3 7590 7671 7670
3 7591 7592 7672
3 7591 7672 7671
3 7592 7593 7673
3 7592 7673 7672
3 7593 7594 7674
3 7593 7674 7673
3 7594 7595 7675
3 7594 7675 7674
3 7595 7596 7676
3 7595 7676 7675
3 7596 7597 7677
3 7596 7677 7676
3 7597 7598 7678
3 7597 7678 7677
3 7598 7599 7679
3 7598 7679 7678
3 7599 7520 7600
3 7599 7600 7679
3 7600 7601 7681
3 7600 7681 7680
3 7601 7602 7682
3 7601 7682 7681
3 7602 7603 7683
3 7602 7683 7682
3 7603 7604 7684
3 7603 7684 7683
3 7604 7605 7685
3 7604 7685 7684
3 7605 7606 7686
3 7605 7686 7685
3 7606 7607 7687
3 7606 7687 7686
3 7607 7608 7688
3 7607 7688 7687
3 7608 7609 7689
3 7608 7689 7688
3 7609 7610 7690
3 7609 7690 7689
3 7610 7611 7691
3 7610 7691 7690
3 7611 7612 7692
3 7611 7692 7691
3 7612 7613 7693
3 7612 7693 7692
3 7613 7614 7694
3 7613 7694 7693
3 7614 7615 7695
3 7614 7695 7694
3 7615 7616 7696
3 7615 7696 7695
3 7616 7617 7697
3 7616 7697 7696
3 7617 7618 7698
3 7617 7698 7697
3 7618 7619 7699
3 7618 7699 7698
3 7619 7620 7700
3 7619 7700 7699
3 7620 7621 7701
3 7620 7701 7700
3 7621 7622 7702
3 7621 7702 7701
3 7622 7623 7703
3 7622 7703 7702
3 7623 7624 7704
3 7623 7704 7703
3 7624 7625 7705
3 7624 7705 7704
3 7625 7626 7706
3 7625 7706 7705
3 7626 7627 7707
3 7626 7707 7706
3 7627 7628 7708
3 7627 7708 7707
3 7628 7629 7709
3 7628 7709 7708
3 7629 7630 7710
3 7629 7710 7709
3 7630 7631 7711
3 7630 7711 7710
3 7631 7632 7712
3 7631 7712 7711
3 7632 7633 7713
3 7632 7713 7712
3 7633 7634 7714
3 7633 7714 7713
3 7634 7635 7715
3 7634 7715 7714
3 7635 7636 7716
3 7635 7716 7715
3 7636 7637 7717
3 7636 7717 7716
3 7637 7638 7718
3 7637 7718 7717
3 7638 7639 7719
3 7638 7719 7718
3 7639 7640 7720
3 7639 7720 7719
3 7640 7641 7721
3 7640 7721 7720
3 7641 7642 7722
3 7641 7722 7721
3 7642 7643 7723
3 7642 7723 7722
3 7643 7644 7724
3 7643 7724 7723
3 7644 7645 7725
3 7644 7725 7724
3 7645 7646 7726
3 7645 7726 7725
3 7646 7647 7727
3 7646 7727 7726
3 7647 7648 7728
3 7647 7728 7727
3 7648 7649 7729
3 7648 7729 7728
3 7649 7650 7730
3 7649 7730 7729
3 7650 7651 7731
3 7650 7731 7730
3 7651 7652 7732
3 7651 7732 7731
3 7652 7653 7733
3 7652 7733 7732
3 7653 7654 7734
3 7653 7734 7733
3 7654 7655 7735
3 7654 7735 7734
3 7655 7656 7736
3 7655 7736 7735
3 7656 7657 7737
3 7656 7737 7736
3 7657 7658 7738
3 7657 7738 7737
3 7658 7659 7739
3 7658 7739 7738
3 7659 7660 7740
3 7659 7740 7739
3 7660 7661 7741
3 7660 7741 7740
3 7661 7662 7742
3 7661 7742 7741
3 7662 7663 7743
3 7662 7743 7742
3 7663 7664 7744
3 7663 7744 7743
3 7664 7665 7745
3 7664 7745 7744
3 7665 7666 7746
3 7665 7746 7745
3 7666 7667 7747
3 7666 7747 7746
3 7667 7668 7748
3 7667 7748 7747
3 7668 7669 7749
3 7668 7749 7748
3 7669 7670 7750
3 7669 7750 7749
3 7670 7671 7751
3 7670 7751 7750
3 7671 7672 7752
3 7671 7752 7751
3 7672 7673 7753
3 7672 7753 7752
3 7673 7674 7754
3 7673 7754 7753
3 7674 7675 7755
3 7674 7755 7754
3 7675 7676 7756
3 7675 7756 7755
3 7676 7677 7757
3 7676 7757 7756
3 7677 7678 7758
3 7677 7758 7757
3 7678 7679 7759
3 7678 7759 7758
3 7679 7600 7680
3 7679 7680 7759
3 7680 7681 7761
3 7680 7761 7760
3 7681 7682 7762
3 7681 7762 7761
3 7682 7683 7763
3 7682 7763 7762
3 7683 7684 7764
3 7683 7764 7763
3 7684 7685 7765
3 7684 7765 7764
3 7685 7686 7766
3 7685 7766 7765
3 7686 7687 7767
3 7686 7767 7766
3 7687 7688 7768
3 7687 7768 7767
3 7688 7689 7769
3 7688 7769 7768
3 7689 7690 7770
3 7689 7770 7769
3 7690 7691 7771
3 7690 7771 7770
3 7691 7692 7772
3 7691 7772 7771
3 7692 7693 7773
3 7692 7773 7772
3 7693 7694 7774
3 7693 7774 7773
3 7694 7695 7775
3 7694 7775 7774
3 7695 7696 7776
3 7695 7776 7775
3 7696 7697 7777
3 7696 7777 7776
3 7697 7698 7778
3 7697 7778 7777
3 7698 7699 7779
3 7698 7779 7778
3 7699 7700 7780
3 7699 7780 7779
3 7700 7701 7781
3 7700 7781 7780
3 7701 7702 7782
3 7701 7782 7781
3 7702 7703 7783
3 7702 7783 7782
3 7703 7704 7784
3 7703 7784 7783
3 7704 7705 7785
3 7704 7785 7784
3 7705 7706 7786
3 7705 7786 7785
3 7706 7707 7787
3 7706 7787 7786
3 7707 7708 7788
3 7707 7788 7787
3 7708 7709 7789
3 7708 7789 7788
3 7709 7710 7790
3 7709 7790 7789
3 7710 7711 7791
3 7710 7791 7790
3 7711 7712 7792
3 7711 7792 7791
3 7712 7713 7793
3 7712 7793 7792
3 7713 7714 7794
3 7713 7794 7793
3 7714 7715 7795
3 7714 7795 7794
3 7715 7716 7796
3 7715 7796 7795
3 7716 7717 7797
3 7716 7797 7796
3 7717 7718 7798
3 7717 7798 7797
3 7718 7719 7799
3 7718 7799 7798
3 7719 7720 7800
3 7719 7800 7799
3 7720 7721 7801
3 7720 7801 7800
3 7721 7722 7802
3 7721 7802 7801
3 7722 7723 7803
3 7722 7803 7802
3 7723 7724 7804
3 7723 7804 7803
3 7724 7725 7805
3 7724 7805 7804
3 7725 7726 7806
3 7725 7806 7805
3 7726 7727 7807
3 7726 7807 7806
3 7727 7728 7808
3 7727 7808 7807
3 7728 7729 7809
3 7728 7809 7808
3 7729 7730 7810
3 7729 7810 7809
3 7730 7731 7811
3 7730 7811 7810
3 7731 7732 7812
3 7731 7812 7811
3 7732 7733 7813
3 7732 7813 7812
3 7733 7734 7814
3 7733 7814 7813
3 7734 7735 7815
3 7734 7815 7814
3 7735 7736 7816
3 7735 7816 7815
3 7736 7737 7817
3 7736 7817 7816
3 7737 7738 7818
3 7737 7818 7817
3 7738 7739 7819
3 7738 7819 7818
3 7739 7740 7820
3 7739 7820 7819
3 7740 7741 7821
3 7740 7821 7820
3 7741 7742 7822
3 7741 7822 7821
3 7742 7743 7823
3 7742 7823 7822
3 7743 7744 7824
3 7743 7824 7823
3 7744 7745 7825
3 7744 7825 7824
3 7745 7746 7826
3 7745 7826 7825
3 7746 7747 7827
3 7746 7827 7826
3 7747 7748 7828
3 7747 7828 7827
3 7748 7749 7829
3 7748 7829 7828
3 7749 7750 7830
3 7749 7830 7829
3 7750 7751 7831
3 7750 7831 7830
3 7751 7752 7832
3 7751 7832 7831
3 7752 7753 7833
3 7752 7833 7832
3 7753 7754 7834
3 7753 7834 7833
3 7754 7755 7835
3 7754 7835 7834
3 7755 7756 7836
3 7755 7836 7835
3 7756 7757 7837
3 7756 7837 7836
3 7757 7758 7838
3 7757 7838 7837
3 7758 7759 7839
3 7758 7839 7838
3 7759 7680 7760
3 7759 7760 7839
3 7760 7761 7841
3 7760 7841 7840
3 7761 7762 7842
3 7761 7842 7841
3 7762 7763 7843
3 7762 7843 7842
3 7763 7764 7844
3 7763 7844 7843
3 7764 7765 7845
3 7764 7845 7844
3 7765 7766 7846
3 7765 7846 7845
3 7766 7767 7847
3 7766 7847 7846
3 7767 7768 7848
3 7767 7848 7847
3 7768 7769 7849
3 7768 7849 7848
3 7769 7770 7850
3 7769 7850 7849
3 7770 7771 7851
3 7770 7851 7850
3 7771 7772 7852
3 7771 7852 7851
3 7772 7773 7853
3 7772 7853 7852
3 7773 7774 7854
3 7773 7854 7853
3 7774 7775 7855
3 7774 7855 7854
3 7775 7776 7856
3 7775 7856 7855
3 7776 7777 7857
3 7776 7857 7856
3 7777 7778 7858
3 7777 7858 7857
3 7778 7779 7859
3 7778 7859 7858
3 7779 7780 7860
3 7779 7860 7859
3 7780 7781 7861
3 7780 7861 7860
3 7781 7782 7862
3 7781 7862 7861
3 7782 7783 7863
3 7782 7863 7862
3 7783 7784 7864
3 7783 7864 7863
3 7784 7785 7865
3 7784 7865 7864
3 7785 7786 7866
3 7785 7866 7865
3 7786 7787 7867
3 7786 7867 7866
3 7787 7788 7868
3 7787 7868 7867
3 7788 7789 7869
3 7788 7869 7868
3 7789 7790 7870
3 7789 7870 7869
3 7790 7791 7871
3 7790 7871 7870
3 7791 7792 7872
3 7791 7872 7871
3 7792 7793 7873
3 7792 7873 7872
3 7793 7794 7874
3 7793 7874 7873
3 7794 7795 7875
3 7794 7875 7874
3 7795 7796 7876
3 7795 7876 7875
3 7796 7797 7877
3 7796 7877 7876
3 7797 7798 7878
3 7797 7878 7877
3 7798 7799 7879
3 7798 7879 7878
3 7799 7800 7880
3 7799 7880 7879
3 7800 7801 7881
3 7800 7881 7880
3 7801 7802 7882
3 7801 7882 7881
3 7802 7803 7883
3 7802 7883 7882
3 7803 7804 7884
3 7803 7884 7883
3 7804 7805 7885
3 7804 7885 7884
3 7805 7806 7886
3 7805 7886 7885
3 7806 7807 7887
3 7806 7887 7886
3 7807 7808 7888
3 7807 7888 7887
3 7808 7809 7889
3 7808 7889 7888
3 7809 7810 7890
3 7809 7890 7889
3 7810 7811 7891
3 7810 7891 7890
3 7811 7812 7892
3 7811 7892 7891
3 7812 7813 7893
3 7812 7893 7892
3 7813 7814 7894
3 7813 7894 7893
3 7814 7815 7895
3 7814 7895 7894
3 7815 7816 7896
3 7815 7896 7895
3 7816 7817 7897
3 7816 7897 7896
3 7817 7818 7898
3 7817 7898 7897
3 7818 7819 7899
3 7818 7899 7898
3 7819 7820 7900
3 7819 7900 7899
3 7820 7821 7901
3 7820 7901 7900
3 7821 7822 7902
3 7821 7902 7901
3 7822 7823 7903
3 7822 7903 7902
3 7823 7824 7904
3 7823 7904 7903
3 7824 7825 7905
3 7824 7905 7904
3 7825 7826 7906
3 7825 7906 7905
3 7826 7827 7907
3 7826 7907 7906
3 7827 7828 7908
3 7827 7908 7907
3 7828 7829 7909
3 7828 7909 7908
3 7829 7830 7910
3 7829 7910 7909
3 7830 7831 7911
3 7830 7911 7910
3 7831 7832 7912
3 7831 7912 7911
3 7832 7833 7913
3 7832 7913 7912
3 7833 7834 7914
3 7833 7914 7913
3 7834 7835 7915
3 7834 7915 7914
3 7835 7836 7916
3 7835 7916 7915
3 7836 7837 7917
3 7836 7917 7916
3 7837 7838 7918
3 7837 7918 7917
3 7838 7839 7919
3 7838 7919 7918
3 7839 7760 7840
3 7839 7840 7919
3 7840 7841 7921
3 7840 7921 7920
3 7841 7842 7922
3 7841 7922 7921
3 7842 7843 7923
3 7842 7923 7922
3 7843 7844 7924
3 7843 7924 7923
3 7844 7845 7925
3 7844 7925 7924
3 7845 7846 7926
3 7845 7926 7925
3 7846 7847 7927
3 7846 7927 7926
3 7847 7848 7928
3 7847 7928 7927
3 7848 7849 7929
3 7848 7929 7928
3 7849 7850 7930
3 7849 7930 7929
3 7850 7851 7931
3 7850 7931 7930
3 7851 7852 7932
3 7851 7932 7931
3 7852 7853 7933
3 7852 7933 7932
3 7853 7854 7934
3 7853 7934 7933
3 7854 7855 7935
3 7854 7935 7934
3 7855 7856 7936
3 7855 7936 7935
3 7856 7857 7937
3 7856 7937 7936
3 7857 7858 7938
3 7857 7938 7937
3 7858 7859 7939
3 7858 7939 7938
3 7859 7860 7940
3 7859 7940 7939
3 7860 7861 7941
3 7860 7941 7940
3 7861 7862 7942
3 7861 7942 7941
3 7862 7863 7943
3 7862 7943 7942
3 7863 7864 7944
3 7863 7944 7943
3 7864 7865 7945
3 7864 7945 7944
3 7865 7866 7946
3 7865 7946 7945
3 7866 7867 7947
3 7866 7947 7946
3 7867 7868 7948
3 7867 7948 7947
3 7868 7869 7949
3 7868 7949 7948
3 7869 7870 7950
3 7869 7950 7949
3 7870 7871 7951
3 7870 7951 7950
3 7871 7872 7952
3 7871 7952 7951
3 7872 7873 7953
3 7872 7953 7952
3 7873 7874 7954
3 7873 7954 7953
3 7874 7875 7955
3 7874 7955 7954
3 7875 7876 7956
3 7875 7956 7955
3 7876 7877 7957
3 7876 7957 7956
3 7877 7878 7958
3 7877 7958 7957
3 7878 7879 7959
3 7878 7959 7958
3 7879 7880 7960
3 7879 7960 7959
3 7880 7881 7961
3 7880 7961 7960
3 7881 7882 7962
3 7881 7962 7961
3 7882 7883 7963
3 7882 7963 7962
3 7883 7884 7964
3 7883 7964 7963
3 7884 7885 7965
3 7884 7965 7964
3 7885 7886 7966
3 7885 7966 7965
3 7886 7887 7967
3 7886 7967 7966
3 7887 7888 7968
3 7887 7968 7967
3 7888 7889 7969
3 7888 7969 7968
3 7889 7890 7970
3 7889 7970 7969
3 7890 7891 7971
3 7890 7971 7970
3 7891 7892 7972
3 7891 7972 7971
3 7892 7893 7973
3 7892 7973 7972
3 7893 7894 7974
3 7893 7974 7973
3 7894 7895 7975
3 7894 7975 7974
3 7895 7896 7976
3 7895 7976 7975
3 7896 7897 7977
3 7896 7977 7976
3 7897 7898 7978
3 7897 7978 7977
3 7898 7899 7979
3 7898 7979 7978
3 7899 7900 7980
3 7899 7980 7979
3 7900 7901 7981
3 7900 7981 7980
3 7901 7902 7982
3 7901 7982 7981
3 7902 7903 7983
3 7902 7983 7982
3 7903 7904 7984
3 7903 7984 7983
3 7904 7905 7985
3 7904 7985 7984
3 7905 7906 7986
3 7905 7986 7985
3 7906 7907 7987
3 7906 7987 7986
3 7907 7908 7988
3 7907 7988 7987
3 7908 7909 7989
3 7908 7989 7988
3 7909 7910 7990
3 7909 7990 7989
3 7910 7911 7991
3 7910 7991 7990
3 7911 7912 7992
3 7911 7992 7991
3 7912 7913 7993
3 7912 7993 7992
3 7913 7914 7994
3 7913 7994 7993
3 7914 7915 7995
3 7914 7995 7994
3 7915 7916 7996
3 7915 7996 7995
3 7916 7917 7997
3 7916 7997 7996
3 7917 7918 7998
3 7917 7998 7997
3 7918 7919 7999
3 7918 7999 7998
3 7919 7840 7920
3 7919 7920 7999
3 7920 7921 8001
3 7920 8001 8000
3 7921 7922 8002
3 7921 8002 8001
3 7922 7923 8003
3 7922 8003 8002
3 7923 7924 8004
3 7923 8004 8003
3 7924 7925 8005
3 7924 8005 8004
3 7925 7926 8006
3 7925 8006 8005
3 7926 7927 8007
3 7926 8007 8006
3 7927 7928 8008
3 7927 8008 8007
3 7928 7929 8009
3 7928 8009 8008
3 7929 7930 8010
3 7929 8010 8009
3 7930 7931 8011
3 7930 8011 8010
3 7931 7932 8012
3 7931 8012 8011
3 7932 7933 8013
3 7932 8013 8012
3 7933 7934 8014
3 7933 8014 8013
3 7934 7935 8015
3 7934 8015 8014
3 7935 7936 8016
3 7935 8016 8015
3 7936 7937 8017
3 7936 8017 8016
3 7937 7938 8018
3 7937 8018 8017
3 7938 7939 8019
3 7938 8019 8018
3 7939 7940 8020
3 7939 8020 8019
3 7940 7941 8021
3 7940 8021 8020
3 7941 7942 8022
3 7941 8022 8021
3 7942 7943 8023
3 7942 8023 8022
3 7943 7944 8024
3 7943 8024 8023
3 7944 7945 8025
3 7944 8025 8024
3 7945 7946 8026
3 7945 8026 8025
3 7946 7947 8027
3 7946 8027 8026
3 7947 7948 8028
3 7947 8028 8027
3 7948 7949 8029
3 7948 8029 8028
3 7949 7950 8030
3 7949 8030 8029
3 7950 7951 8031
3 7950 8031 8030
3 7951 7952 8032
3 7951 8032 8031
3 7952 7953 8033
3 7952 8033 8032
3 7953 7954 8034
3 7953 8034 8033
3 7954 7955 8035
3 7954 8035 8034
3 7955 7956 8036
3 7955 8036 8035
3 7956 7957 8037
3 7956 8037 8036
3 7957 7958 8038
3 7957 8038 8037
3 7958 7959 8039
3 7958 8039 8038
3 7959 7960 8040
3 7959 8040 8039
3 7960 7961 8041
3 7960 8041 8040
3 7961 7962 8042
3 7961 8042 8041
3 7962 7963 8043
3 7962 8043 8042
3 7963 7964 8044
3 7963 8044 8043
3 7964 7965 8045
3 7964 8045 8044
3 7965 7966 8046
3 7965 8046 8045
3 7966 7967 8047
3 7966 8047 8046
3 7967 7968 8048
3 7967 8048 8047
3 7968 7969 8049
3 7968 8049 8048
3 7969 7970 8050
3 7969 8050 8049
3 7970 7971 8051
3 7970 8051 8050
3 7971 7972 8052
3 7971 8052 8051
3 7972 7973 8053
3 7972 8053 8052
3 7973 7974 8054
3 7973 8054 8053
3 7974 7975 8055
3 7974 8055 8054
3 7975 7976 8056
3 7975 8056 8055
3 7976 7977 8057
3 7976 8057 8056
3 7977 7978 8058
3 7977 8058 8057
3 7978 7979 8059
3 7978 8059 8058
3 7979 7980 8060
3 7979 8060 8059
3 7980 7981 8061
3 7980 8061 8060
3 7981 7982 8062
3 7981 8062 8061
3 7982 7983 8063
3 7982 8063 8062
3 7983 7984 8064
3 7983 8064 8063
3 7984 7985 8065
3 7984 8065 8064
3 7985 7986 8066
3 7985 8066 8065
3 7986 7987 8067
3 7986 8067 8066
3 7987 7988 8068
3 7987 8068 8067
3 7988 7989 8069
3 7988 8069 8068
3 7989 7990 8070
3 7989 8070 8069
3 7990 7991 8071
3 7990 8071 8070
3 7991 7992 8072
3 7991 8072 8071
3 7992 7993 8073
3 7992 8073 8072
3 7993 7994 8074
3 7993 8074 8073
3 7994 7995 8075
3 7994 8075 8074
3 7995 7996 8076
3 7995 8076 8075
3 7996 7997 8077
3 7996 8077 8076
3 7997 7998 8078
3 7997 8078 8077
3 7998 7999 8079
3 7998 8079 8078
3 7999 7920 8000
3 7999 8000 8079
3 8000 8001 8081
3 8000 8081 8080
3 8001 8002 8082
3 8001 8082 8081
3 8002 8003 8083
3 8002 8083 8082
3 8003 8004 8084
3 8003 8084 8083
3 8004 8005 8085
3 8004 8085 8084
3 8005 8006 8086
3 8005 8086 8085
3 8006 8007 8087
3 8006 8087 8086
3 8007 8008 8088
3 8007 8088 8087
3 8008 8009 8089
3 8008 8089 8088
3 8009 8010 8090
3 8009 8090 8089
3 8010 8011 8091
3 8010 8091 8090
3 8011 8012 8092
3 8011 8092 8091
3 8012 8013 8093
3 8012 8093 8092
3 8013 8014 8094
3 8013 8094 8093
3 8014 8015 8095
3 8014 8095 8094
3 8015 8016 8096
3 8015 8096 8095
3 8016 8017 8097
3 8016 8097 8096
3 8017 8018 8098
3 8017 8098 8097
3 8018 8019 8099
3 8018 8099 8098
3 8019 8020 8100
3 8019 8100 8099
3 8020 8021 8101
3 8020 8101 8100
3 8021 8022 8102
3 8021 8102 8101
3 8022 8023 8103
3 8022 8103 8102
3 8023 8024 8104
3 8023 8104 8103
3 8024 8025 8105
3 8024 8105 8104
3 8025 8026 8106
3 8025 8106 8105
3 8026 8027 8107
3 8026 8107 8106
3 8027 8028 8108
3 8027 8108 8107
3 8028 8029 8109
3 8028 8109 8108
3 8029 8030 8110
3 8029 8110 8109
3 8030 8031 8111
3 8030 8111 8110
3 8031 8032 8112
3 8031 8112 8111
3 8032 8033 8113
3 8032 8113 8112
3 8033 8034 8114
3 8033 8114 8113
3 8034 8035 8115
3 8034 8115 8114
3 8035 8036 8116
3 8035 8116 8115
3 8036 8037 8117
3 8036 8117 8116
3 8037 8038 8118
3 8037 8118 8117
3 8038 8039 8119
3 8038 8119 8118
3 8039 8040 8120
3 8039 8120 8119
3 8040 8041 8121
3 8040 8121 8120
3 8041 8042 8122
3 8041 8122 8121
3 8042 8043 8123
3 8042 8123 8122
3 8043 8044 8124
3 8043 8124 8123
3 8044 8045 8125
3 8044 8125 8124
3 8045 8046 8126
3 8045 8126 8125
3 8046 8047 8127
3 8046 8127 8126
3 8047 8048 8128
3 8047 8128 8127
3 8048 8049 8129
3 8048 8129 8128
3 8049 8050 8130
3 8049 8130 8129
3 8050 8051 8131
3 8050 8131 8130
3 8051 8052 8132
3 8051 8132 8131
3 8052 8053 8133
3 8052 8133 8132
3 8053 8054 8134
3 8053 8134 8133
3 8054 8055 8135
3 8054 8135 8134
3 8055 8056 8136
3 8055 8136 8135
3 8056 8057 8137
3 8056 8137 8136
3 8057 8058 8138
3 8057 8138 8137
3 8058 8059 8139
3 8058 8139 8138
3 8059 8060 8140
3 8059 8140 8139
3 8060 8061 8141
3 8060 8141 8140
3 8061 8062 8142
3 8061 8142 8141
3 8062 8063 8143
3 8062 8143 8142
3 8063 8064 8144
3 8063 8144 8143
3 8064 8065 8145
3 8064 8145 8144
3 8065 8066 8146
3 8065 8146 8145
3 8066 8067 8147
3 8066 8147 8146
3 8067 8068 8148
3 8067 8148 8147
3 8068 8069 8149
3 8068 8149 8148
3 8069 8070 8150
3 8069 8150 8149
3 8070 8071 8151
3 8070 8151 8150
3 8071 8072 8152
3 8071 8152 8151
3 8072 8073 8153
3 8072 8153 8152
3 8073 8074 8154
3 8073 8154 8153
3 8074 8075 8155
3 8074 8155 8154
3 8075 8076 8156
3 8075 8156 8155
3 8076 8077 8157
3 8076 8157 8156
3 8077 8078 8158
3 8077 8158 8157
3 8078 8079 8159
3 8078 8159 8158
3 8079 8000 8080
3 8079 8080 8159
3 8080 8081 8161
3 8080 8161 8160
3 8081 8082 8162
3 8081 8162 8161
3 8082 8083 8163
3 8082 8163 8162
3 8083 8084 8164
3 8083 8164 8163
3 8084 8085 8165
3 8084 8165 8164
3 8085 8086 8166
3 8085 8166 8165
3 8086 8087 8167
3 8086 8167 8166
3 8087 8088 8168
3 8087 8168 8167
3 8088 8089 8169
3 8088 8169 8168
3 8089 8090 8170
3 8089 8170 8169
3 8090 8091 8171
3 8090 8171 8170
3 8091 8092 8172
3 8091 8172 8171
3 8092 8093 8173
3 8092 8173 8172
3 8093 8094 8174
3 8093 8174 8173
3 8094 8095 8175
3 8094 8175 8174
3 8095 8096 8176
3 8095 8176 8175
3 8096 8097 8177
3 8096 8177 8176
3 8097 8098 8178
3 8097 8178 8177
3 8098 8099 8179
3 8098 8179 8178
3 8099 8100 8180
3 8099 8180 8179
3 8100 8101 8181
3 8100 8181 8180
3 8101 8102 8182
3 8101 8182 8181
3 8102 8103 8183
3 8102 8183 8182
3 8103 8104 8184
3 8103 8184 8183
3 8104 8105 8185
3 8104 8185 8184
3 8105 8106 8186
3 8105 8186 8185
3 8106 8107 8187
3 8106 8187 8186
3 8107 8108 8188
3 8107 8188 8187
3 8108 8109 8189
3 8108 8189 8188
3 8109 8110 8190
3 8109 8190 8189
3 8110 8111 8191
3 8110 8191 8190
3 8111 8112 8192
3 8111 8192 8191
3 8112 8113 8193
3 8112 8193 8192
3 8113 8114 8194
3 8113 8194 8193
3 8114 8115 8195
3 8114 8195 8194
3 8115 8116 8196
3 8115 8196 8195
3 8116 8117 8197
3 8116 8197 8196
3 8117 8118 8198
3 8117 8198 8197
3 8118 8119 8199
3 8118 8199 8198
3 8119 8120 8200
3 8119 8200 8199
3 8120 8121 8201
3 8120 8201 8200
3 8121 8122 8202
3 8121 8202 8201
3 8122 8123 8203
3 8122 8203 8202
3 8123 8124 8204
3 8123 8204 8203
3 8124 8125 8205
3 8124 8205 8204
3 8125 8126 8206
3 8125 8206 8205
3 8126 8127 8207
3 8126 8207 8206
3 8127 8128 8208
3 8127 8208 8207
3 8128 8129 8209
3 8128 8209 8208
3 8129 8130 8210
3 8129 8210 8209
3 8130 8131 8211
3 8130 8211 8210
3 8131 8132 8212
3 8131 8212 8211
3 8132 8133 8213
3 8132 8213 8212
3 8133 8134 8214
3 8133 8214 8213
3 8134 8135 8215
3 8134 8215 8214
3 8135 8136 8216
3 8135 8216 8215
3 8136 8137 8217
3 8136 8217 8216
3 8137 8138 8218
3 8137 8218 8217
3 8138 8139 8219
3 8138 8219 8218
3 8139 8140 8220
3 8139 8220 8219
3 8140 8141 8221
3 8140 8221 8220
3 8141 8142 8222
3 8141 8222 8221
3 8142 8143 8223
3 8142 8223 8222
3 8143 8144 8224
3 8143 8224 8223
3 8144 8145 8225
3 8144 8225 8224
3 8145 8146 8226
3 8145 8226 8225
3 8146 8147 8227
3 8146 8227 8226
3 8147 8148 8228
3 8147 8228 8227
3 8148 8149 8229
3 8148 8229 8228
3 8149 8150 8230
3 8149 8230 8229
3 8150 8151 8231
3 8150 8231 8230
3 8151 8152 8232
3 8151 8232 8231
3 8152 8153 8233
3 8152 8233 8232
3 8153 8154 8234
3 8153 8234 8233
3 8154 8155 8235
3 8154 8235 8234
3 8155 8156 8236
3 8155 8236 8235
3 8156 8157 8237
3 8156 8237 8236
3 8157 8158 8238
3 8157 8238 8237
3 8158 8159 8239
3 8158 8239 8238
3 8159 8080 8160
3 8159 8160 8239
3 8160 8161 8241
3 8160 8241 8240
3 8161 8162 8242
3 8161 8242 8241
3 8162 8163 8243
3 8162 8243 8242
3 8163 8164 8244
3 8163 8244 8243
3 8164 8165 8245
3 8164 8245 8244
3 8165 8166 8246
3 8165 8246 8245
3 8166 8167 8247
3 8166 8247 8246
3 8167 8168 8248
3 8167 8248 8247
3 8168 8169 8249
3 8168 8249 8248
3 8169 8170 8250
3 8169 8250 8249
3 8170 8171 8251
3 8170 8251 8250
3 8171 8172 8252
3 8171 8252 8251
3 8172 8173 8253
3 8172 8253 8252
3 8173 8174 8254
3 8173 8254 8253
3 8174 8175 8255
3 8174 8255 8254
3 8175 8176 8256
3 8175 8256 8255
3 8176 8177 8257
3 8176 8257 8256
3 8177 8178 8258
3 8177 8258 8257
3 8178 8179 8259
3 8178 8259 8258
3 8179 8180 8260
3 8179 8260 8259
3 8180 8181 8261
3 8180 8261 8260
3 8181 8182 8262
3 8181 8262 8261
3 8182 8183 8263
3 8182 8263 8262
3 8183 8184 8264
3 8183 8264 8263
3 8184 8185 8265
3 8184 8265 8264
3 8185 8186 8266
3 8185 8266 8265
3 8186 8187 8267
3 8186 8267 8266
3 8187 8188 8268
3 8187 8268 8267
3 8188 8189 8269
3 8188 8269 8268
3 8189 8190 8270
3 8189 8270 8269
3 8190 8191 8271
3 8190 8271 8270
3 8191 8192 8272
3 8191 8272 8271
3 8192 8193 8273
3 8192 8273 8272
3 8193 8194 8274
3 8193 8274 8273
3 8194 8195 8275
3 8194 8275 8274
3 8195 8196 8276
3 8195 8276 8275
3 8196 8197 8277
3 8196 8277 8276
3 8197 8198 8278
3 8197 8278 8277
3 8198 8199 8279
3 8198 8279 8278
3 8199 8200 8280
3 8199 8280 8279
3 8200 8201 8281
3 8200 8281 8280
3 8201 8202 8282
3 8201 8282 8281
3 8202 8203 8283
3 8202 8283 8282
3 8203 8204 8284
3 8203 8284 8283
3 8204 8205 8285
3 8204 8285 8284
3 8205 8206 8286
3 8205 8286 8285
3 8206 8207 8287
3 8206 8287 8286
3 8207 8208 8288
3 8207 8288 8287
3 8208 8209 8289
3 8208 8289 8288
3 8209 8210 8290
3 8209 8290 8289
3 8210 8211 8291
3 8210 8291 8290
3 8211 8212 8292
3 8211 8292 8291
3 8212 8213 8293
3 8212 8293 8292
3 8213 8214 8294
3 8213 8294 8293
3 8214 8215 8295
3 8214 8295 8294
3 8215 8216 8296
3 8215 8296 8295
3 8216 8217 8297
3 8216 8297 8296
3 8217 8218 8298
3 8217 8298 8297
3 8218 8219 8299
3 8218 8299 8298
3 8219 8220 8300
3 8219 8300 8299
3 8220 8221 8301
3 8220 8301 8300
3 8221 8222 8302
3 8221 8302 8301
3 8222 8223 8303
3 8222 8303 8302
3 8223 8224 8304
3 8223 8304 8303
3 8224 8225 8305
3 8224 8305 8304
3 8225 8226 8306
3 8225 8306 8305
3 8226 8227 8307
3 8226 8307 8306
3 8227 8228 8308
3 8227 8308 8307
3 8228 8229 8309
3 8228 8309 8308
3 8229 8230 8310
3 8229 8310 8309
3 8230 8231 8311
3 8230 8311 8310
3 8231 8232 8312
3 8231 8312 8311
3 8232 8233 8313
3 8232 8313 8312
3 8233 8234 8314
3 8233 8314 8313
3 8234 8235 8315
3 8234 8315 8314
3 8235 8236 8316
3 8235 8316 8315
3 8236 8237 8317
3 8236 8317 8316
3 8237 8238 8318
3 8237 8318 8317
3 8238 8239 8319
3 8238 8319 8318
3 8239 8160 8240
3 8239 8240 8319
3 8240 8241 8321
3 8240 8321 8320
3 8241 8242 8322
3 8241 8322 8321
3 8242 8243 8323
3 8242 8323 8322
3 8243 8244 8324
3 8243 8324 8323
3 8244 8245 8325
3 8244 8325 8324
3 8245 8246 8326
3 8245 8326 8325
3 8246 8247 8327
3 8246 8327 8326
3 8247 8248 8328
3 8247 8328 8327
3 8248 8249 8329
3 8248 8329 8328
3 8249 8250 8330
3 8249 8330 8329
3 8250 8251 8331
3 8250 8331 8330
3 8251 8252 8332
3 8251 8332 8331
3 8252 8253 8333
3 8252 8333 8332
3 8253 8254 8334
3 8253 8334 8333
3 8254 8255 8335
3 8254 8335 8334
3 8255 8256 8336
3 8255 8336 8335
3 8256 8257 8337
3 8256 8337 8336
3 8257 8258 8338
3 8257 8338 8337
3 8258 8259 8339
3 8258 8339 8338
3 8259 8260 8340
3 8259 8340 8339
3 8260 8261 8341
3 8260 8341 8340
3 8261 8262 8342
3 8261 8342 8341
3 8262 8263 8343
3 8262 8343 8342
3 8263 8264 8344
3 8263 8344 8343
3 8264 8265 8345
3 8264 8345 8344
3 8265 8266 8346
3 8265 8346 8345
3 8266 8267 8347
3 8266 8347 8346
3 8267 8268 8348
3 8267 8348 8347
3 8268 8269 8349
3 8268 8349 8348
3 8269 8270 8350
3 8269 8350 8349
3 8270 8271 8351
3 8270 8351 8350
3 8271 8272 8352
3 8271 8352 8351
3 8272 8273 8353
3 8272 8353 8352
3 8273 8274 8354
3 8273 8354 8353
3 8274 8275 8355
3 8274 8355 8354
3 8275 8276 8356
3 8275 8356 8355
3 8276 8277 8357
3 8276 8357 8356
3 8277 8278 8358
3 8277 8358 8357
3 8278 8279 8359
3 8278 8359 8358
3 8279 8280 8360
3 8279 8360 8359
3 8280 8281 8361
3 8280 8361 8360
3 8281 8282 8362
3 8281 8362 8361
3 8282 8283 8363
3 8282 8363 8362
3 8283 8284 8364
3 8283 8364 8363
3 8284 8285 8365
3 8284 8365 8364
3 8285 8286 8366
3 8285 8366 8365
3 8286 8287 8367
3 8286 8367 8366
3 8287 8288 8368
3 8287 8368 8367
3 8288 8289 8369
3 8288 8369 8368
3 8289 8290 8370
3 8289 8370 8369
3 8290 8291 8371
3 8290 8371 8370
3 8291 8292 8372
3 8291 8372 8371
3 8292 8293 8373
3 8292 8373 8372
3 8293 8294 8374
3 8293 8374 8373
3 8294 8295 8375
3 8294 8375 8374
3 8295 8296 8376
3 8295 8376 8375
3 8296 8297 8377
3 8296 8377 8376
3 8297 8298 8378
3 8297 8378 8377
3 8298 8299 8379
3 8298 8379 8378
3 8299 8300 8380
3 8299 8380 8379
3 8300 8301 8381
3 8300 8381 8380
3 8301 8302 8382
3 8301 8382 8381
3 8302 8303 8383
3 8302 8383 8382
3 8303 8304 8384
3 8303 8384 8383
3 8304 8305 8385
3 8304 8385 8384
3 8305 8306 8386
3 8305 8386 8385
3 8306 8307 8387
3 8306 8387 8386
3 8307 8308 8388
3 8307 8388 8387
3 8308 8309 8389
3 8308 8389 8388
3 8309 8310 8390
3 8309 8390 8389
3 8310 8311 8391
3 8310 8391 8390
3 8311 8312 8392
3 8311 8392 8391
3 8312 8313 8393
3 8312 8393 8392
3 8313 8314 8394
3 8313 8394 8393
3 8314 8315 8395
3 8314 8395 8394
3 8315 8316 8396
3 8315 8396 8395
3 8316 8317 8397
3 8316 8397 8396
3 8317 8318 8398
3 8317 8398 8397
3 8318 8319 8399
3 8318 8399 8398
3 8319 8240 8320
3 8319 8320 8399
3 8320 8321 8401
3 8320 8401 8400
3 8321 8322 8402
3 8321 8402 8401
3 8322 8323 8403
3 8322 8403 8402
3 8323 8324 8404
3 8323 8404 8403
3 8324 8325 8405
3 8324 8405 8404
3 8325 8326 8406
3 8325 8406 8405
3 8326 8327 8407
3 8326 8407 8406
3 8327 8328 8408
3 8327 8408 8407
3 8328 8329 8409
3 8328 8409 8408
3 8329 8330 8410
3 8329 8410 8409
3 8330 8331 8411
3 8330 8411 8410
3 8331 8332 8412
3 8331 8412 8411
3 8332 8333 8413
3 8332 8413 8412
3 8333 8334 8414
3 8333 8414 8413
3 8334 8335 8415
3 8334 8415 8414
3 8335 8336 8416
3 8335 8416 8415
3 8336 8337 8417
3 8336 8417 8416
3 8337 8338 8418
3 8337 8418 8417
3 8338 8339 8419
3 8338 8419 8418
3 8339 8340 8420
3 8339 8420 8419
3 8340 8341 8421
3 8340 8421 8420
3 8341 8342 8422
3 8341 8422 8421
3 8342 8343 8423
3 8342 8423 8422
3 8343 8344 8424
3 8343 8424 8423
3 8344 8345 8425
3 8344 8425 8424
3 8345 8346 8426
3 8345 8426 8425
3 8346 8347 8427
3 8346 8427 8426
3 8347 8348 8428
3 8347 8428 8427
3 8348 8349 8429
3 8348 8429 8428
3 8349 8350 8430
3 8349 8430 8429
3 8350 8351 8431
3 8350 8431 8430
3 8351 8352 8432
3 8351 8432 8431
3 8352 8353 8433
3 8352 8433 8432
3 8353 8354 8434
3 8353 8434 8433
3 8354 8355 8435
3 8354 8435 8434
3 8355 8356 8436
3 8355 8436 8435
3 8356 8357 8437
3 8356 8437 8436
3 8357 8358 8438
3 8357 8438 8437
3 8358 8359 8439
3 8358 8439 8438
3 8359 8360 8440
3 8359 8440 8439
3 8360 8361 8441
3 8360 8441 8440
3 8361 8362 8442
3 8361 8442 8441
3 8362 8363 8443
3 8362 8443 8442
3 8363 8364 8444
3 8363 8444 8443
3 8364 8365 8445
3 8364 8445 8444
3 8365 8366 8446
3 8365 8446 8445
3 8366 8367 8447
3 8366 8447 8446
3 8367 8368 8448
3 8367 8448 8447
3 8368 8369 8449
3 8368 8449 8448
3 8369 8370 8450
3 8369 8450 8449
3 8370 8371 8451
3 8370 8451 8450
3 8371 8372 8452
3 8371 8452 8451
3 8372 8373 8453
3 8372 8453 8452
3 8373 8374 8454
3 8373 8454 8453
3 8374 8375 8455
3 8374 8455 8454
3 8375 8376 8456
3 8375 8456 8455
3 8376 8377 8457
3 8376 8457 8456
3 8377 8378 8458
3 8377 8458 8457
3 8378 8379 8459
3 8378 8459 8458
3 8379 8380 8460
3 8379 8460 8459
3 8380 8381 8461
3 8380 8461 8460
3 8381 8382 8462
3 8381 8462 8461
3 8382 8383 8463
3 8382 8463 8462
3 8383 8384 8464
3 8383 8464 8463
3 8384 8385 8465
3 8384 8465 8464
3 8385 8386 8466
3 8385 8466 8465
3 8386 8387 8467
3 8386 8467 8466
3 8387 8388 8468
3 8387 8468 8467
3 8388 8389 8469
3 8388 8469 8468
3 8389 8390 8470
3 8389 8470 8469
3 8390 8391 8471
3 8390 8471 8470
3 8391 8392 8472
3 8391 8472 8471
3 8392 8393 8473
3 8392 8473 8472
3 8393 8394 8474
3 8393 8474 8473
3 8394 8395 8475
3 8394 8475 8474
3 8395 8396 8476
3 8395 8476 8475
3 8396 8397 8477
3 8396 8477 8476
3 8397 8398 8478
3 8397 8478 8477
3 8398 8399 8479
3 8398 8479 8478
3 8399 8320 8400
3 8399 8400 8479
3 8400 8401 8481
3 8400 8481 8480
3 8401 8402 8482
3 8401 8482 8481
3 8402 8403 8483
3 8402 8483 8482
3 8403 8404 8484
3 8403 8484 8483
3 8404 8405 8485
3 8404 8485 8484
3 8405 8406 8486
3 8405 8486 8485
3 8406 8407 8487
3 8406 8487 8486
3 8407 8408 8488
3 8407 8488 8487
3 8408 8409 8489
3 8408 8489 8488
3 8409 8410 8490
3 8409 8490 8489
3 8410 8411 8491
3 8410 8491 8490
3 8411 8412 8492
3 8411 8492 8491
3 8412 8413 8493
3 8412 8493 8492
3 8413 8414 8494
3 8413 8494 8493
3 8414 8415 8495
3 8414 8495 8494
3 8415 8416 8496
3 8415 8496 8495
3 8416 8417 8497
3 8416 8497 8496
3 8417 8418 8498
3 8417 8498 8497
3 8418 8419 8499
3 8418 8499 8498
3 8419 8420 8500
3 8419 8500 8499
3 8420 8421 8501
3 8420 8501 8500
3 8421 8422 8502
3 8421 8502 8501
3 8422 8423 8503
3 8422 8503 8502
3 8423 8424 8504
3 8423 8504 8503
3 8424 8425 8505
3 8424 8505 8504
3 8425 8426 8506
3 8425 8506 8505
3 8426 8427 8507
3 8426 8507 8506
3 8427 8428 8508
3 8427 8508 8507
3 8428 8429 8509
3 8428 8509 8508
3 8429 8430 8510
3 8429 8510 8509
3 8430 8431 8511
3 8430 8511 8510
3 8431 8432 8512
3 8431 8512 8511
3 8432 8433 8513
3 8432 8513 8512
3 8433 8434 8514
3 8433 8514 8513
3 8434 8435 8515
3 8434 8515 8514
3 8435 8436 8516
3 8435 8516 8515
3 8436 8437 8517
3 8436 8517 8516
3 8437 8438 8518
3 8437 8518 8517
3 8438 8439 8519
3 8438 8519 8518
3 8439 8440 8520
3 8439 8520 8519
3 8440 8441 8521
3 8440 8521 8520
3 8441 8442 8522
3 8441 8522 8521
3 8442 8443 8523
3 8442 8523 8522
3 8443 8444 8524
3 8443 8524 8523
3 8444 8445 8525
3 8444 8525 8524
3 8445 8446 8526
3 8445 8526 8525
3 8446 8447 8527
3 8446 8527 8526
3 8447 8448 8528
3 8447 8528 8527
3 8448 8449 8529
3 8448 8529 8528
3 8449 8450 8530
3 8449 8530 8529
3 8450 8451 8531
3 8450 8531 8530
3 8451 8452 8532
3 8451 8532 8531
3 8452 8453 8533
3 8452 8533 8532
3 8453 8454 8534
3 8453 8534 8533
3 8454 8455 8535
3 8454 8535 8534
3 8455 8456 8536
3 8455 8536 8535
3 8456 8457 8537
3 8456 8537 8536
3 8457 8458 8538
3 8457 8538 8537
3 8458 8459 8539
3 8458 8539 8538
3 8459 8460 8540
3 8459 8540 8539
3 8460 8461 8541
3 8460 8541 8540
3 8461 8462 8542
3 8461 8542 8541
3 8462 8463 8543
3 8462 8543 8542
3 8463 8464 8544
3 8463 8544 8543
3 8464 8465 8545
3 8464 8545 8544
3 8465 8466 8546
3 8465 8546 8545
3 8466 8467 8547
3 8466 8547 8546
3 8467 8468 8548
3 8467 8548 8547
3 8468 8469 8549
3 8468 8549 8548
3 8469 8470 8550
3 8469 8550 8549
3 8470 8471 8551
3 8470 8551 8550
3 8471 8472 8552
3 8471 8552 8551
3 8472 8473 8553
3 8472 8553 8552
3 8473 8474 8554
3 8473 8554 8553
3 8474 8475 8555
3 8474 8555 8554
3 8475 8476 8556
3 8475 8556 8555
3 8476 8477 8557
3 8476 8557 8556
3 8477 8478 8558
3 8477 8558 8557
3 8478 8479 8559
3 8478 8559 8558
3 8479 8400 8480
3 8479 8480 8559
3 8480 8481 8561
3 8480 8561 8560
3 8481 8482 8562
3 8481 8562 8561
3 8482 8483 8563
3 8482 8563 8562
3 8483 8484 8564
3 8483 8564 8563
3 8484 8485 8565
3 8484 8565 8564
3 8485 8486 8566
3 8485 8566 8565
3 8486 8487 8567
3 8486 8567 8566
3 8487 8488 8568
3 8487 8568 8567
3 8488 8489 8569
3 8488 8569 8568
3 8489 8490 8570
3 8489 8570 8569
3 8490 8491 8571
3 8490 8571 8570
3 8491 8492 8572
3 8491 8572 8571
3 8492 8493 8573
3 8492 8573 8572
3 8493 8494 8574
3 8493 8574 8573
3 8494 8495 8575
3 8494 8575 8574
3 8495 8496 8576
3 8495 8576 8575
3 8496 8497 8577
3 8496 8577 8576
3 8497 8498 8578
3 8497 8578 8577
3 8498 8499 8579
3 8498 8579 8578
3 8499 8500 8580
3 8499 8580 8579
3 8500 8501 8581
3 8500 8581 8580
3 8501 8502 8582
3 8501 8582 8581
3 8502 8503 8583
3 8502 8583 8582
3 8503 8504 8584
3 8503 8584 8583
3 8504 8505 8585
3 8504 8585 8584
3 8505 8506 8586
3 8505 8586 8585
3 8506 8507 8587
3 8506 8587 8586
3 8507 8508 8588
3 8507 8588 8587
3 8508 8509 8589
3 8508 8589 8588
3 8509 8510 8590
3 8509 8590 8589
3 8510 8511 8591
3 8510 8591 8590
3 8511 8512 8592
3 8511 8592 8591
3 8512 8513 8593
3 8512 8593 8592
3 8513 8514 8594
3 8513 8594 8593
3 8514 8515 8595
3 8514 8595 8594
3 8515 8516 8596
3 8515 8596 8595
3 8516 8517 8597
3 8516 8597 8596
3 8517 8518 8598
3 8517 8598 8597
3 8518 8519 8599
3 8518 8599 8598
3 8519 8520 8600
3 8519 8600 8599
3 8520 8521 8601
3 8520 8601 8600
3 8521 8522 8602
3 8521 8602 8601
3 8522 8523 8603
3 8522 8603 8602
3 8523 8524 8604
3 8523 8604 8603
3 8524 8525 8605
3 8524 8605 8604
3 8525 8526 8606
3 8525 8606 8605
3 8526 8527 8607
3 8526 8607 8606
3 8527 8528 8608
3 8527 8608 8607
3 8528 8529 8609
3 8528 8609 8608
3 8529 8530 8610
3 8529 8610 8609
3 8530 8531 8611
3 8530 8611 8610
3 8531 8532 8612
3 8531 8612 8611
3 8532 8533 8613
3 8532 8613 8612
3 8533 8534 8614
3 8533 8614 8613
3 8534 8535 8615
3 8534 8615 8614
3 8535 8536 8616
3 8535 8616 8615
3 8536 8537 8617
3 8536 8617 8616
3 8537 8538 8618
3 8537 8618 8617
3 8538 8539 8619
3 8538 8619 8618
3 8539 8540 8620
3 8539 8620 8619
3 8540 8541 8621
3 8540 8621 8620
3 8541 8542 8622
3 8541 8622 8621
3 8542 8543 8623
3 8542 8623 8622
3 8543 8544 8624
3 8543 8624 8623
3 8544 8545 8625
3 8544 8625 8624
3 8545 8546 8626
3 8545 8626 8625
3 8546 8547 8627
3 8546 8627 8626
3 8547 8548 8628
3 8547 8628 8627
3 8548 8549 8629
3 8548 8629 8628
3 8549 8550 8630
3 8549 8630 8629
3 8550 8551 8631
3 8550 8631 8630
3 8551 8552 8632
3 8551 8632 8631
3 8552 8553 8633
3 8552 8633 8632
3 8553 8554 8634
3 8553 8634 8633
3 8554 8555 8635
3 8554 8635 8634
3 8555 8556 8636
3 8555 8636 8635
3 8556 8557 8637
3 8556 8637 8636
3 8557 8558 8638
3 8557 8638 8637
3 8558 8559 8639
3 8558 8639 8638
3 8559 8480 8560
3 8559 8560 8639
3 8560 8561 8641
3 8560 8641 8640
3 8561 8562 8642
3 8561 8642 8641
3 8562 8563 8643
3 8562 8643 8642
3 8563 8564 8644
3 8563 8644 8643
3 8564 8565 8645
3 8564 8645 8644
3 8565 8566 8646
3 8565 8646 8645
3 8566 8567 8647
3 8566 8647 8646
3 8567 8568 8648
3 8567 8648 8647
3 8568 8569 8649
3 8568 8649 8648
3 8569 8570 8650
3 8569 8650 8649
3 8570 8571 8651
3 8570 8651 8650
3 8571 8572 8652
3 8571 8652 8651
3 8572 8573 8653
3 8572 8653 8652
3 8573 8574 8654
3 8573 8654 8653
3 8574 8575 8655
3 8574 8655 8654
3 8575 8576 8656
3 8575 8656 8655
3 8576 8577 8657
3 8576 8657 8656
3 8577 8578 8658
3 8577 8658 8657
3 8578 8579 8659
3 8578 8659 8658
3 8579 8580 8660
3 8579 8660 8659
3 8580 8581 8661
3 8580 8661 8660
3 8581 8582 8662
3 8581 8662 8661
3 8582 8583 8663
3 8582 8663 8662
3 8583 8584 8664
3 8583 8664 8663
3 8584 8585 8665
3 8584 8665 8664
3 8585 8586 8666
3 8585 8666 8665
3 8586 8587 8667
3 8586 8667 8666
3 8587 8588 8668
3 8587 8668 8667
3 8588 8589 8669
3 8588 8669 8668
3 8589 8590 8670
3 8589 8670 8669
3 8590 8591 8671
3 8590 8671 8670
3 8591 8592 8672
3 8591 8672 8671
3 8592 8593 8673
3 8592 8673 8672
3 8593 8594 8674
3 8593 8674 8673
3 8594 8595 8675
3 8594 8675 8674
3 8595 8596 8676
3 8595 8676 8675
3 8596 8597 8677
3 8596 8677 8676
3 8597 8598 8678
3 8597 8678 8677
3 8598 8599 8679
3 8598 8679 8678
3 8599 8600 8680
3 8599 8680 8679
3 8600 8601 8681
3 8600 8681 8680
3 8601 8602 8682
3 8601 8682 8681
3 8602 8603 8683
3 8602 8683 8682
3 8603 8604 8684
3 8603 8684 8683
3 8604 8605 8685
3 8604 8685 8684
3 8605 8606 8686
3 8605 8686 8685
3 8606 8607 8687
3 8606 8687 8686
3 8607 8608 8688
3 8607 8688 8687
3 8608 8609 8689
3 8608 8689 8688
3 8609 8610 8690
3 8609 8690 8689
3 8610 8611 8691
3 8610 8691 8690
3 8611 8612 8692
3 8611 8692 8691
3 8612 8613 8693
3 8612 8693 8692
3 8613 8614 8694
3 8613 8694 8693
3 8614 8615 8695
3 8614 8695 8694
3 8615 8616 8696
3 8615 8696 8695
3 8616 8617 8697
3 8616 8697 8696
3 8617 8618 8698
3 8617 8698 8697
3 8618 8619 8699
3 8618 8699 8698
3 8619 8620 8700
3 8619 8700 8699
3 8620 8621 8701
3 8620 8701 8700
3 8621 8622 8702
3 8621 8702 8701
3 8622 8623 8703
3 8622 8703 8702
3 8623 8624 8704
3 8623 8704 8703
3 8624 8625 8705
3 8624 8705 8704
3 8625 8626 8706
3 8625 8706 8705
3 8626 8627 8707
3 8626 8707 8706
3 8627 8628 8708
3 8627 8708 8707
3 8628 8629 8709
3 8628 8709 8708
3 8629 8630 8710
3 8629 8710 8709
3 8630 8631 8711
3 8630 8711 8710
3 8631 8632 8712
3 8631 8712 8711
3 8632 8633 8713
3 8632 8713 8712
3 8633 8634 8714
3 8633 8714 8713
3 8634 8635 8715
3 8634 8715 8714
3 8635 8636 8716
3 8635 8716 8715
3 8636 8637 8717
3 8636 8717 8716
3 8637 8638 8718
3 8637 8718 8717
3 8638 8639 8719
3 8638 8719 8718
3 8639 8560 8640
3 8639 8640 8719
3 8640 8641 8721
3 8640 8721 8720
3 8641 8642 8722
3 8641 8722 8721
3 8642 8643 8723
3 8642 8723 8722
3 8643 8644 8724
3 8643 8724 8723
3 8644 8645 8725
3 8644 8725 8724
3 8645 8646 8726
3 8645 8726 8725
3 8646 8647 8727
3 8646 8727 8726
3 8647 8648 8728
3 8647 8728 8727
3 8648 8649 8729
3 8648 8729 8728
3 8649 8650 8730
3 8649 8730 8729
3 8650 8651 8731
3 8650 8731 8730
3 8651 8652 8732
3 8651 8732 8731
3 8652 8653 8733
3 8652 8733 8732
3 8653 8654 8734
3 8653 8734 8733
3 8654 8655 8735
3 8654 8735 8734
3 8655 8656 8736
3 8655 8736 8735
3 8656 8657 8737
3 8656 8737 8736
3 8657 8658 8738
3 8657 8738 8737
3 8658 8659 8739
3 8658 8739 8738
3 8659 8660 8740
3 8659 8740 8739
3 8660 8661 8741
3 8660 8741 8740
3 8661 8662 8742
3 8661 8742 8741
3 8662 8663 8743
3 8662 8743 8742
3 8663 8664 8744
3 8663 8744 8743
3 8664 8665 8745
3 8664 8745 8744
3 8665 8666 8746
3 8665 8746 8745
3 8666 8667 8747
3 8666 8747 8746
3 8667 8668 8748
3 8667 8748 8747
3 8668 8669 8749
3 8668 8749 8748
3 8669 8670 8750
3 8669 8750 8749
3 8670 8671 8751
3 8670 8751 8750
3 8671 8672 8752
3 8671 8752 8751
3 8672 8673 8753
3 8672 8753 8752
3 8673 8674 8754
3 8673 8754 8753
3 8674 8675 8755
3 8674 8755 8754
3 8675 8676 8756
3 8675 8756 8755
3 8676 8677 8757
3 8676 8757 8756
3 8677 8678 8758
3 8677 8758 8757
3 8678 8679 8759
3 8678 8759 8758
3 8679 8680 8760
3 8679 8760 8759
3 8680 8681 8761
3 8680 8761 8760
3 8681 8682 8762
3 8681 8762 8761
3 8682 8683 8763
3 8682 8763 8762
3 8683 8684 8764
3 8683 8764 8763
3 8684 8685 8765
3 8684 8765 8764
3 8685 8686 8766
3 8685 8766 8765
3 8686 8687 8767
3 8686 8767 8766
3 8687 8688 8768
3 8687 8768 8767
3 8688 8689 8769
3 8688 8769 8768
3 8689 8690 8770
3 8689 8770 8769
3 8690 8691 8771
3 8690 8771 8770
3 8691 8692 8772
3 8691 8772 8771
3 8692 8693 8773
3 8692 8773 8772
3 8693 8694 8774
3 8693 8774 8773
3 8694 8695 8775
3 8694 8775 8774
3 8695 8696 8776
3 8695 8776 8775
3 8696 8697 8777
3 8696 8777 8776
3 8697 8698 8778
3 8697 8778 8777
3 8698 8699 8779
3 8698 8779 8778
3 8699 8700 8780
3 8699 8780 8779
3 8700 8701 8781
3 8700 8781 8780
3 8701 8702 8782
3 8701 8782 8781
3 8702 8703 8783
3 8702 8783 8782
3 8703 8704 8784
3 8703 8784 8783
3 8704 8705 8785
3 8704 8785 8784
3 8705 8706 8786
3 8705 8786 8785
3 8706 8707 8787
3 8706 8787 8786
3 8707 8708 8788
3 8707 8788 8787
3 8708 8709 8789
3 8708 8789 8788
3 8709 8710 8790
3 8709 8790 8789
3 8710 8711 8791
3 8710 8791 8790
3 8711 8712 8792
3 8711 8792 8791
3 8712 8713 8793
3 8712 8793 8792
3 8713 8714 8794
3 8713 8794 8793
3 8714 8715 8795
3 8714 8795 8794
3 8715 8716 8796
3 8715 8796 8795
3 8716 8717 8797
3 8716 8797 8796
3 8717 8718 8798
3 8717 8798 8797
3 8718 8719 8799
3 8718 8799 8798
3 8719 8640 8720
3 8719 8720 8799
3 8720 8721 8801
3 8720 8801 8800
3 8721 8722 8802
3 8721 8802 8801
3 8722 8723 8803
3 8722 8803 8802
3 8723 8724 8804
3 8723 8804 8803
3 8724 8725 8805
3 8724 8805 8804
3 8725 8726 8806
3 8725 8806 8805
3 8726 8727 8807
3 8726 8807 8806
3 8727 8728 8808
3 8727 8808 8807
3 8728 8729 8809
3 8728 8809 8808
3 8729 8730 8810
3 8729 8810 8809
3 8730 8731 8811
3 8730 8811 8810
3 8731 8732 8812
3 8731 8812 8811
3 8732 8733 8813
3 8732 8813 8812
3 8733 8734 8814
3 8733 8814 8813
3 8734 8735 8815
3 8734 8815 8814
3 8735 8736 8816
3 8735 8816 8815
3 8736 8737 8817
3 8736 8817 8816
3 8737 8738 8818
3 8737 8818 8817
3 8738 8739 8819
3 8738 8819 8818
3 8739 8740 8820
3 8739 8820 8819
3 8740 8741 8821
3 8740 8821 8820
3 8741 8742 8822
3 8741 8822 8821
3 8742 8743 8823
3 8742 8823 8822
3 8743 8744 8824
3 8743 8824 8823
3 8744 8745 8825
3 8744 8825 8824
3 8745 8746 8826
3 8745 8826 8825
3 8746 8747 8827
3 8746 8827 8826
3 8747 8748 8828
3 8747 8828 8827
3 8748 8749 8829
3 8748 8829 8828
3 8749 8750 8830
3 8749 8830 8829
3 8750 8751 8831
3 8750 8831 8830
3 8751 8752 8832
3 8751 8832 8831
3 8752 8753 8833
3 8752 8833 8832
3 8753 8754 8834
3 8753 8834 8833
3 8754 8755 8835
3 8754 8835 8834
3 8755 8756 8836
3 8755 8836 8835
3 8756 8757 8837
3 8756 8837 8836
3 8757 8758 8838
3 8757 8838 8837
3 8758 8759 8839
3 8758 8839 8838
3 8759 8760 8840
3 8759 8840 8839
3 8760 8761 8841
3 8760 8841 8840
3 8761 8762 8842
3 8761 8842 8841
3 8762 8763 8843
3 8762 8843 8842
3 8763 8764 8844
3 8763 8844 8843
3 8764 8765 8845
3 8764 8845 8844
3 8765 8766 8846
3 8765 8846 8845
3 8766 8767 8847
3 8766 8847 8846
3 8767 8768 8848
3 8767 8848 8847
3 8768 8769 8849
3 8768 8849 8848
3 8769 8770 8850
3 8769 8850 8849
3 8770 8771 8851
3 8770 8851 8850
3 8771 8772 8852
3 8771 8852 8851
3 8772 8773 8853
3 8772 8853 8852
3 8773 8774 8854
3 8773 8854 8853
3 8774 8775 8855
3 8774 8855 8854
3 8775 8776 8856
3 8775 8856 8855
3 8776 8777 8857
3 8776 8857 8856
3 8777 8778 8858
3 8777 8858 8857
3 8778 8779 8859
3 8778 8859 8858
3 8779 8780 8860
3 8779 8860 8859
3 8780 8781 8861
3 8780 8861 8860
3 8781 8782 8862
3 8781 8862 8861
3 8782 8783 8863
3 8782 8863 8862
3 8783 8784 8864
3 8783 8864 8863
3 8784 8785 8865
3 8784 8865 8864
3 8785 8786 8866
3 8785 8866 8865
3 8786 8787 8867
3 8786 8867 8866
3 8787 8788 8868
3 8787 8868 8867
3 8788 8789 8869
3 8788 8869 8868
3 8789 8790 8870
3 8789 8870 8869
3 8790 8791 8871
3 8790 8871 8870
3 8791 8792 8872
3 8791 8872 8871
3 8792 8793 8873
3 8792 8873 8872
3 8793 8794 8874
3 8793 8874 8873
3 8794 8795 8875
3 8794 8875 8874
3 8795 8796 8876
3 8795 8876 8875
3 8796 8797 8877
3 8796 8877 8876
3 8797 8798 8878
3 8797 8878 8877
3 8798 8799 8879
3 8798 8879 8878
3 8799 8720 8800
3 8799 8800 8879
3 8800 8801 8881
3 8800 8881 8880
3 8801 8802 8882
3 8801 8882 8881
3 8802 8803 8883
3 8802 8883 8882
3 8803 8804 8884
3 8803 8884 8883
3 8804 8805 8885
3 8804 8885 8884
3 8805 8806 8886
3 8805 8886 8885
3 8806 8807 8887
3 8806 8887 8886
3 8807 8808 8888
3 8807 8888 8887
3 8808 8809 8889
3 8808 8889 8888
3 8809 8810 8890
3 8809 8890 8889
3 8810 8811 8891
3 8810 8891 8890
3 8811 8812 8892
3 8811 8892 8891
3 8812 8813 8893
3 8812 8893 8892
3 8813 8814 8894
3 8813 8894 8893
3 8814 8815 8895
3 8814 8895 8894
3 8815 8816 8896
3 8815 8896 8895
3 8816 8817 8897
3 8816 8897 8896
3 8817 8818 8898
3 8817 8898 8897
3 8818 8819 8899
3 8818 8899 8898
3 8819 8820 8900
3 8819 8900 8899
3 8820 8821 8901
3 8820 8901 8900
3 8821 8822 8902
3 8821 8902 8901
3 8822 8823 8903
3 8822 8903 8902
3 8823 8824 8904
3 8823 8904 8903
3 8824 8825 8905
3 8824 8905 8904
3 8825 8826 8906
3 8825 8906 8905
3 8826 8827 8907
3 8826 8907 8906
3 8827 8828 8908
3 8827 8908 8907
3 8828 8829 8909
3 8828 8909 8908
3 8829 8830 8910
3 8829 8910 8909
3 8830 8831 8911
3 8830 8911 8910
3 8831 8832 8912
3 8831 8912 8911
3 8832 8833 8913
3 8832 8913 8912
3 8833 8834 8914
3 8833 8914 8913
3 8834 8835 8915
3 8834 8915 8914
3 8835 8836 8916
3 8835 8916 8915
3 8836 8837 8917
3 8836 8917 8916
3 8837 8838 8918
3 8837 8918 8917
3 8838 8839 8919
3 8838 8919 8918
3 8839 8840 8920
3 8839 8920 8919
3 8840 8841 8921
3 8840 8921 8920
3 8841 8842 8922
3 8841 8922 8921
3 8842 8843 8923
3 8842 8923 8922
3 8843 8844 8924
3 8843 8924 8923
3 8844 8845 8925
3 8844 8925 8924
3 8845 8846 8926
3 8845 8926 8925
3 8846 8847 8927
3 8846 8927 8926
3 8847 8848 8928
3 8847 8928 8927
3 8848 8849 8929
3 8848 8929 8928
3 8849 8850 8930
3 8849 8930 8929
3 8850 8851 8931
3 8850 8931 8930
3 8851 8852 8932
3 8851 8932 8931
3 8852 8853 8933
3 8852 8933 8932
3 8853 8854 8934
3 8853 8934 8933
3 8854 8855 8935
3 8854 8935 8934
3 8855 8856 8936
3 8855 8936 8935
3 8856 8857 8937
3 8856 8937 8936
3 8857 8858 8938
3 8857 8938 8937
3 8858 8859 8939
3 8858 8939 8938
3 8859 8860 8940
3 8859 8940 8939
3 8860 8861 8941
3 8860 8941 8940
3 8861 8862 8942
3 8861 8942 8941
3 8862 8863 8943
3 8862 8943 8942
3 8863 8864 8944
3 8863 8944 8943
3 8864 8865 8945
3 8864 8945 8944
3 8865 8866 8946
3 8865 8946 8945
3 8866 8867 8947
3 8866 8947 8946
3 8867 8868 8948
3 8867 8948 8947
3 8868 8869 8949
3 8868 8949 8948
3 8869 8870 8950
3 8869 8950 8949
3 8870 8871 8951
3 8870 8951 8950
3 8871 8872 8952
3 8871 8952 8951
3 8872 8873 8953
3 8872 8953 8952
3 8873 8874 8954
3 8873 8954 8953
3 8874 8875 8955
3 8874 8955 8954
3 8875 8876 8956
3 8875 8956 8955
3 8876 8877 8957
3 8876 8957 8956
3 8877 8878 8958
3 8877 8958 8957
3 8878 8879 8959
3 8878 8959 8958
3 8879 8800 8880
3 8879 8880 8959
3 8880 8881 8961
3 8880 8961 8960
3 8881 8882 8962
3 8881 8962 8961
3 8882 8883 8963
3 8882 8963 8962
3 8883 8884 8964
3 8883 8964 8963
3 8884 8885 8965
3 8884 8965 8964
3 8885 8886 8966
3 8885 8966 8965
3 8886 8887 8967
3 8886 8967 8966
3 8887 8888 8968
3 8887 8968 8967
3 8888 8889 8969
3 8888 8969 8968
3 8889 8890 8970
3 8889 8970 8969
3 8890 8891 8971
3 8890 8971 8970
3 8891 8892 8972
3 8891 8972 8971
3 8892 8893 8973
3 8892 8973 8972
3 8893 8894 8974
3 8893 8974 8973
3 8894 8895 8975
3 8894 8975 8974
3 8895 8896 8976
3 8895 8976 8975
3 8896 8897 8977
3 8896 8977 8976
3 8897 8898 8978
3 8897 8978 8977
3 8898 8899 8979
3 8898 8979 8978
3 8899 8900 8980
3 8899 8980 8979
3 8900 8901 8981
3 8900 8981 8980
3 8901 8902 8982
3 8901 8982 8981
3 8902 8903 8983
3 8902 8983 8982
3 8903 8904 8984
3 8903 8984 8983
3 8904 8905 8985
3 8904 8985 8984
3 8905 8906 8986
3 8905 8986 8985
3 8906 8907 8987
3 8906 8987 8986
3 8907 8908 8988
3 8907 8988 8987
3 8908 8909 8989
3 8908 8989 8988
3 8909 8910 8990
3 8909 8990 8989
3 8910 8911 8991
3 8910 8991 8990
3 8911 8912 8992
3 8911 8992 8991
3 8912 8913 8993
3 8912 8993 8992
3 8913 8914 8994
3 8913 8994 8993
3 8914 8915 8995
3 8914 8995 8994
3 8915 8916 8996
3 8915 8996 8995
3 8916 8917 8997
3 8916 8997 8996
3 8917 8918 8998
3 8917 8998 8997
3 8918 8919 8999
3 8918 8999 8998
3 8919 8920 9000
3 8919 9000 8999
3 8920 8921 9001
3 8920 9001 9000
3 8921 8922 9002
3 8921 9002 9001
3 8922 8923 9003
3 8922 9003 9002
3 8923 8924 9004
3 8923 9004 9003
3 8924 8925 9005
3 8924 9005 9004
3 8925 8926 9006
3 8925 9006 9005
3 8926 8927 9007
3 8926 9007 9006
3 8927 8928 9008
3 8927 9008 9007
3 8928 8929 9009
3 8928 9009 9008
3 8929 8930 9010
3 8929 9010 9009
3 8930 8931 9011
3 8930 9011 9010
3 8931 8932 9012
3 8931 9012 9011
3 8932 8933 9013
3 8932 9013 9012
3 8933 8934 9014
3 8933 9014 9013
3 8934 8935 9015
3 8934 9015 9014
3 8935 8936 9016
3 8935 9016 9015
3 8936 8937 9017
3 8936 9017 9016
3 8937 8938 9018
3 8937 9018 9017
3 8938 8939 9019
3 8938 9019 9018
3 8939 8940 9020
3 8939 9020 9019
3 8940 8941 9021
3 8940 9021 9020
3 8941 8942 9022
3 8941 9022 9021
3 8942 8943 9023
3 8942 9023 9022
3 8943 8944 9024
3 8943 9024 9023
3 8944 8945 9025
3 8944 9025 9024
3 8945 8946 9026
3 8945 9026 9025
3 8946 8947 9027
3 8946 9027 9026
3 8947 8948 9028
3 8947 9028 9027
3 8948 8949 9029
3 8948 9029 9028
3 8949 8950 9030
3 8949 9030 9029
3 8950 8951 9031
3 8950 9031 9030
3 8951 8952 9032
3 8951 9032 9031
3 8952 8953 9033
3 8952 9033 9032
3 8953 8954 9034
3 8953 9034 9033
3 8954 8955 9035
3 8954 9035 9034
3 8955 8956 9036
3 8955 9036 9035
3 8956 8957 9037
3 8956 9037 9036
3 8957 8958 9038
3 8957 9038 9037
3 8958 8959 9039
3 8958 9039 9038
3 8959 8880 8960
3 8959 8960 9039
3 8960 8961 9041
3 8960 9041 9040
3 8961 8962 9042
3 8961 9042 9041
3 8962 8963 9043
3 8962 9043 9042
3 8963 8964 9044
3 8963 9044 9043
3 8964 8965 9045
3 8964 9045 9044
3 8965 8966 9046
3 8965 9046 9045
3 8966 8967 9047
3 8966 9047 9046
3 8967 8968 9048
3 8967 9048 9047
3 8968 8969 9049
3 8968 9049 9048
3 8969 8970 9050
3 8969 9050 9049
3 8970 8971 9051
3 8970 9051 9050
3 8971 8972 9052
3 8971 9052 9051
3 8972 8973 9053
3 8972 9053 9052
3 8973 8974 9054
3 8973 9054 9053
3 8974 8975 9055
3 8974 9055 9054
3 8975 8976 9056
3 8975 9056 9055
3 8976 8977 9057
3 8976 9057 9056
3 8977 8978 9058
3 8977 9058 9057
3 8978 8979 9059
3 8978 9059 9058
3 8979 8980 9060
3 8979 9060 9059
3 8980 8981 9061
3 8980 9061 9060
3 8981 8982 9062
3 8981 9062 9061
3 8982 8983 9063
3 8982 9063 9062
3 8983 8984 9064
3 8983 9064 9063
3 8984 8985 9065
3 8984 9065 9064
3 8985 8986 9066
3 8985 9066 9065
3 8986 8987 9067
3 8986 9067 9066
3 8987 8988 9068
3 8987 9068 9067
3 8988 8989 9069
3 8988 9069 9068
3 8989 8990 9070
3 8989 9070 9069
3 8990 8991 9071
3 8990 9071 9070
3 8991 8992 9072
3 8991 9072 9071
3 8992 8993 9073
3 8992 9073 9072
3 8993 8994 9074
3 8993 9074 9073
3 8994 8995 9075
3 8994 9075 9074
3 8995 8996 9076
3 8995 9076 9075
3 8996 8997 9077
3 8996 9077 9076
3 8997 8998 9078
3 8997 9078 9077
3 8998 8999 9079
3 8998 9079 9078
3 8999 9000 9080
3 8999 9080 9079
3 9000 9001 9081
3 9000 9081 9080
3 9001 9002 9082
3 9001 9082 9081
3 9002 9003 9083
3 9002 9083 9082
3 9003 9004 9084
3 9003 9084 9083
3 9004 9005 9085
3 9004 9085 9084
3 9005 9006 9086
3 9005 9086 9085
3 9006 9007 9087
3 9006 9087 9086
3 9007 9008 9088
3 9007 9088 9087
3 9008 9009 9089
3 9008 9089 9088
3 9009 9010 9090
3 9009 9090 9089
3 9010 9011 9091
3 9010 9091 9090
3 9011 9012 9092
3 9011 9092 9091
3 9012 9013 9093
3 9012 9093 9092
3 9013 9014 9094
3 9013 9094 9093
3 9014 9015 9095
3 9014 9095 9094
3 9015 9016 9096
3 9015 9096 9095
3 9016 9017 9097
3 9016 9097 9096
3 9017 9018 9098
3 9017 9098 9097
3 9018 9019 9099
3 9018 9099 9098
3 9019 9020 9100
3 9019 9100 9099
3 9020 9021 9101
3 9020 9101 9100
3 9021 9022 9102
3 9021 9102 9101
3 9022 9023 9103
3 9022 9103 9102
3 9023 9024 9104
3 9023 9104 9103
3 9024 9025 9105
3 9024 9105 9104
3 9025 9026 9106
3 9025 9106 9105
3 9026 9027 9107
3 9026 9107 9106
3 9027 9028 9108
3 9027 9108 9107
3 9028 9029 9109
3 9028 9109 9108
3 9029 9030 9110
3 9029 9110 9109
3 9030 9031 9111
3 9030 9111 9110
3 9031 9032 9112
3 9031 9112 9111
3 9032 9033 9113
3 9032 9113 9112
3 9033 9034 9114
3 9033 9114 9113
3 9034 9035 9115
3 9034 9115 9114
3 9035 9036 9116
3 9035 9116 9115
3 9036 9037 9117
3 9036 9117 9116
3 9037 9038 9118
3 9037 9118 9117
3 9038 9039 9119
3 9038 9119 9118
3 9039 8960 9040
3 9039 9040 9119
3 9040 9041 9121
3 9040 9121 9120
3 9041 9042 9122
3 9041 9122 9121
3 9042 9043 9123
3 9042 9123 9122
3 9043 9044 9124
3 9043 9124 9123
3 9044 9045 9125
3 9044 9125 9124
3 9045 9046 9126
3 9045 9126 9125
3 9046 9047 9127
3 9046 9127 9126
3 9047 9048 9128
3 9047 9128 9127
3 9048 9049 9129
3 9048 9129 9128
3 9049 9050 9130
3 9049 9130 9129
3 9050 9051 9131
3 9050 9131 9130
3 9051 9052 9132
3 9051 9132 9131
3 9052 9053 9133
3 9052 9133 9132
3 9053 9054 9134
3 9053 9134 9133
3 9054 9055 9135
3 9054 9135 9134
3 9055 9056 9136
3 9055 9136 9135
3 9056 9057 9137
3 9056 9137 9136
3 9057 9058 9138
3 9057 9138 9137
3 9058 9059 9139
3 9058 9139 9138
3 9059 9060 9140
3 9059 9140 9139
3 9060 9061 9141
3 9060 9141 9140
3 9061 9062 9142
3 9061 9142 9141
3 9062 9063 9143
3 9062 9143 9142
3 9063 9064 9144
3 9063 9144 9143
3 9064 9065 9145
3 9064 9145 9144
3 9065 9066 9146
3 9065 9146 9145
3 9066 9067 9147
3 9066 9147 9146
3 9067 9068 9148
3 9067 9148 9147
3 9068 9069 9149
3 9068 9149 9148
3 9069 9070 9150
3 9069 9150 9149
3 9070 9071 9151
3 9070 9151 9150
3 9071 9072 9152
3 9071 9152 9151
3 9072 9073 9153
3 9072 9153 9152
3 9073 9074 9154
3 9073 9154 9153
3 9074 9075 9155
3 9074 9155 9154
3 9075 9076 9156
3 9075 9156 9155
3 9076 9077 9157
3 9076 9157 9156
3 9077 9078 9158
3 9077 9158 9157
3 9078 9079 9159
3 9078 9159 9158
3 9079 9080 9160
3 9079 9160 9159
3 9080 9081 9161
3 9080 9161 9160
3 9081 9082 9162
3 9081 9162 9161
3 9082 9083 9163
3 9082 9163 9162
3 9083 9084 9164
3 9083 9164 9163
3 9084 9085 9165
3 9084 9165 9164
3 9085 9086 9166
3 9085 9166 9165
3 9086 9087 9167
3 9086 9167 9166
3 9087 9088 9168
3 9087 9168 9167
3 9088 9089 9169
3 9088 9169 9168
3 9089 9090 9170
3 9089 9170 9169
3 9090 9091 9171
3 9090 9171 9170
3 9091 9092 9172
3 9091 9172 9171
3 9092 9093 9173
3 9092 9173 9172
3 9093 9094 9174
3 9093 9174 9173
3 9094 9095 9175
3 9094 9175 9174
3 9095 9096 9176
3 9095 9176 9175
3 9096 9097 9177
3 9096 9177 9176
3 9097 9098 9178
3 9097 9178 9177
3 9098 9099 9179
3 9098 9179 9178
3 9099 9100 9180
3 9099 9180 9179
3 9100 9101 9181
3 9100 9181 9180
3 9101 9102 9182
3 9101 9182 9181
3 9102 9103 9183
3 9102 9183 9182
3 9103 9104 9184
3 9103 9184 9183
3 9104 9105 9185
3 9104 9185 9184
3 9105 9106 9186
3 9105 9186 9185
3 9106 9107 9187
3 9106 9187 9186
3 9107 9108 9188
3 9107 9188 9187
3 9108 9109 9189
3 9108 9189 9188
3 9109 9110 9190
3 9109 9190 9189
3 9110 9111 9191
3 9110 9191 9190
3 9111 9112 9192
3 9111 9192 9191
3 9112 9113 9193
3 9112 9193 9192
3 9113 9114 9194
3 9113 9194 9193
3 9114 9115 9195
3 9114 9195 9194
3 9115 9116 9196
3 9115 9196 9195
3 9116 9117 9197
3 9116 9197 9196
3 9117 9118 9198
3 9117 9198 9197
3 9118 9119 9199
3 9118 9199 9198
3 9119 9040 9120
3 9119 9120 9199
3 9120 9121 9201
3 9120 9201 9200
3 9121 9122 9202
3 9121 9202 9201
3 9122 9123 9203
3 9122 9203 9202
3 9123 9124 9204
3 9123 9204 9203
3 9124 9125 9205
3 9124 9205 9204
3 9125 9126 9206
3 9125 9206 9205
3 9126 9127 9207
3 9126 9207 9206
3 9127 9128 9208
3 9127 9208 9207
3 9128 9129 9209
3 9128 9209 9208
3 9129 9130 9210
3 9129 9210 9209
3 9130 9131 9211
3 9130 9211 9210
3 9131 9132 9212
3 9131 9212 9211
3 9132 9133 9213
3 9132 9213 9212
3 9133 9134 9214
3 9133 9214 9213
3 9134 9135 9215
3 9134 9215 9214
3 9135 9136 9216
3 9135 9216 9215
3 9136 9137 9217
3 9136 9217 9216
3 9137 9138 9218
3 9137 9218 9217
3 9138 9139 9219
3 9138 9219 9218
3 9139 9140 9220
3 9139 9220 9219
3 9140 9141 9221
3 9140 9221 9220
3 9141 9142 9222
3 9141 9222 9221
3 9142 9143 9223
3 9142 9223 9222
3 9143 9144 9224
3 9143 9224 9223
3 9144 9145 9225
3 9144 9225 9224
3 9145 9146 9226
3 9145 9226 9225
3 9146 9147 9227
3 9146 9227 9226
3 9147 9148 9228
3 9147 9228 9227
3 9148 9149 9229
3 9148 9229 9228
3 9149 9150 9230
3 9149 9230 9229
3 9150 9151 9231
3 9150 9231 9230
3 9151 9152 9232
3 9151 9232 9231
3 9152 9153 9233
3 9152 9233 9232
3 9153 9154 9234
3 9153 9234 9233
3 9154 9155 9235
3 9154 9235 9234
3 9155 9156 9236
3 9155 9236 9235
3 9156 9157 9237
3 9156 9237 9236
3 9157 9158 9238
3 9157 9238 9237
3 9158 9159 9239
3 9158 9239 9238
3 9159 9160 9240
3 9159 9240 9239
3 9160 9161 9241
3 9160 9241 9240
3 9161 9162 9242
3 9161 9242 9241
3 9162 9163 9243
3 9162 9243 9242
3 9163 9164 9244
3 9163 9244 9243
3 9164 9165 9245
3 9164 9245 9244
3 9165 9166 9246
3 9165 9246 9245
3 9166 9167 9247
3 9166 9247 9246
3 9167 9168 9248
3 9167 9248 9247
3 9168 9169 9249
3 9168 9249 9248
3 9169 9170 9250
3 9169 9250 9249
3 9170 9171 9251
3 9170 9251 9250
3 9171 9172 9252
3 9171 9252 9251
3 9172 9173 9253
3 9172 9253 9252
3 9173 9174 9254
3 9173 9254 9253
3 9174 9175 9255
3 9174 9255 9254
3 9175 9176 9256
3 9175 9256 9255
3 9176 9177 9257
3 9176 9257 9256
3 9177 9178 9258
3 9177 9258 9257
3 9178 9179 9259
3 9178 9259 9258
3 9179 9180 9260
3 9179 9260 9259
3 9180 9181 9261
3 9180 9261 9260
3 9181 9182 9262
3 9181 9262 9261
3 9182 9183 9263
3 9182 9263 9262
3 9183 9184 9264
3 9183 9264 9263
3 9184 9185 9265
3 9184 9265 9264
3 9185 9186 9266
3 9185 9266 9265
3 9186 9187 9267
3 9186 9267 9266
3 9187 9188 9268
3 9187 9268 9267
3 9188 9189 9269
3 9188 9269 9268
3 9189 9190 9270
3 9189 9270 9269
3 9190 9191 9271
3 9190 9271 9270
3 9191 9192 9272
3 9191 9272 9271
3 9192 9193 9273
3 9192 9273 9272
3 9193 9194 9274
3 9193 9274 9273
3 9194 9195 9275
3 9194 9275 9274
3 9195 9196 9276
3 9195 9276 9275
3 9196 9197 9277
3 9196 9277 9276
3 9197 9198 9278
3 9197 9278 9277
3 9198 9199 9279
3 9198 9279 9278
3 9199 9120 9200
3 9199 9200 9279
3 9200 9201 9281
3 9200 9281 9280
3 9201 9202 9282
3 9201 9282 9281
3 9202 9203 9283
3 9202 9283 9282
3 9203 9204 9284
3 9203 9284 9283
3 9204 9205 9285
3 9204 9285 9284
3 9205 9206 9286
3 9205 9286 9285
3 9206 9207 9287
3 9206 9287 9286
3 9207 9208 9288
3 9207 9288 9287
3 9208 9209 9289
3 9208 9289 9288
3 9209 9210 9290
3 9209 9290 9289
3 9210 9211 9291
3 9210 9291 9290
3 9211 9212 9292
3 9211 9292 9291
3 9212 9213 9293
3 9212 9293 9292
3 9213 9214 9294
3 9213 9294 9293
3 9214 9215 9295
3 9214 9295 9294
3 9215 9216 9296
3 9215 9296 9295
3 9216 9217 9297
3 9216 9297 9296
3 9217 9218 9298
3 9217 9298 9297
3 9218 9219 9299
3 9218 9299 9298
3 9219 9220 9300
3 9219 9300 9299
3 9220 9221 9301
3 9220 9301 9300
3 9221 9222 9302
3 9221 9302 9301
3 9222 9223 9303
3 9222 9303 9302
3 9223 9224 9304
3 9223 9304 9303
3 9224 9225 9305
3 9224 9305 9304
3 9225 9226 9306
3 9225 9306 9305
3 9226 9227 9307
3 9226 9307 9306
3 9227 9228 9308
3 9227 9308 9307
3 9228 9229 9309
3 9228 9309 9308
3 9229 9230 9310
3 9229 9310 9309
3 9230 9231 9311
3 9230 9311 9310
3 9231 9232 9312
3 9231 9312 9311
3 9232 9233 9313
3 9232 9313 9312
3 9233 9234 9314
3 9233 9314 9313
3 9234 9235 9315
3 9234 9315 9314
3 9235 9236 9316
3 9235 9316 9315
3 9236 9237 9317
3 9236 9317 9316
3 9237 9238 9318
3 9237 9318 9317
3 9238 9239 9319
3 9238 9319 9318
3 9239 9240 9320
3 9239 9320 9319
3 9240 9241 9321
3 9240 9321 9320
3 9241 9242 9322
3 9241 9322 9321
3 9242 9243 9323
3 9242 9323 9322
3 9243 9244 9324
3 9243 9324 9323
3 9244 9245 9325
3 9244 9325 9324
3 9245 9246 9326
3 9245 9326 9325
3 9246 9247 9327
3 9246 9327 9326
3 9247 9248 9328
3 9247 9328 9327
3 9248 9249 9329
3 9248 9329 9328
3 9249 9250 9330
3 9249 9330 9329
3 9250 9251 9331
3 9250 9331 9330
3 9251 9252 9332
3 9251 9332 9331
3 9252 9253 9333
3 9252 9333 9332
3 9253 9254 9334
3 9253 9334 9333
3 9254 9255 9335
3 9254 9335 9334
3 9255 9256 9336
3 9255 9336 9335
3 9256 9257 9337
3 9256 9337 9336
3 9257 9258 9338
3 9257 9338 9337
3 9258 9259 9339
3 9258 9339 9338
3 9259 9260 9340
3 9259 9340 9339
3 9260 9261 9341
3 9260 9341 9340
3 9261 9262 9342
3 9261 9342 9341
3 9262 9263 9343
3 9262 9343 9342
3 9263 9264 9344
3 9263 9344 9343
3 9264 9265 9345
3 9264 9345 9344
3 9265 9266 9346
3 9265 9346 9345
3 9266 9267 9347
3 9266 9347 9346
3 9267 9268 9348
3 9267 9348 9347
3 9268 9269 9349
3 9268 9349 9348
3 9269 9270 9350
3 9269 9350 9349
3 9270 9271 9351
3 9270 9351 9350
3 9271 9272 9352
3 9271 9352 9351
3 9272 9273 9353
3 9272 9353 9352
3 9273 9274 9354
3 9273 9354 9353
3 9274 9275 9355
3 9274 9355 9354
3 9275 9276 9356
3 9275 9356 9355
3 9276 9277 9357
3 9276 9357 9356
3 9277 9278 9358
3 9277 9358 9357
3 9278 9279 9359
3 9278 9359 9358
3 9279 9200 9280
3 9279 9280 9359
3 9280 9281 9361
3 9280 9361 9360
3 9281 9282 9362
3 9281 9362 9361
3 9282 9283 9363
3 9282 9363 9362
3 9283 9284 9364
3 9283 9364 9363
3 9284 9285 9365
3 9284 9365 9364
3 9285 9286 9366
3 9285 9366 9365
3 9286 9287 9367
3 9286 9367 9366
3 9287 9288 9368
3 9287 9368 9367
3 9288 9289 9369
3 9288 9369 9368
3 9289 9290 9370
3 9289 9370 9369
3 9290 9291 9371
3 9290 9371 9370
3 9291 9292 9372
3 9291 9372 9371
3 9292 9293 9373
3 9292 9373 9372
3 9293 9294 9374
3 9293 9374 9373
3 9294 9295 9375
3 9294 9375 9374
3 9295 9296 9376
3 9295 9376 9375
3 9296 9297 9377
3 9296 9377 9376
3 9297 9298 9378
3 9297 9378 9377
3 9298 9299 9379
3 9298 9379 9378
3 9299 9300 9380
3 9299 9380 9379
3 9300 9301 9381
3 9300 9381 9380
3 9301 9302 9382
3 9301 9382 9381
3 9302 9303 9383
3 9302 9383 9382
3 9303 9304 9384
3 9303 9384 9383
3 9304 9305 9385
3 9304 9385 9384
3 9305 9306 9386
3 9305 9386 9385
3 9306 9307 9387
3 9306 9387 9386
3 9307 9308 9388
3 9307 9388 9387
3 9308 9309 9389
3 9308 9389 9388
3 9309 9310 9390
3 9309 9390 9389
3 9310 9311 9391
3 9310 9391 9390
3 9311 9312 9392
3 9311 9392 9391
3 9312 9313 9393
3 9312 9393 9392
3 9313 9314 9394
3 9313 9394 9393
3 9314 9315 9395
3 9314 9395 9394
3 9315 9316 9396
3 9315 9396 9395
3 9316 9317 9397
3 9316 9397 9396
3 9317 9318 9398
3 9317 9398 9397
3 9318 9319 9399
3 9318 9399 9398
3 9319 9320 9400
3 9319 9400 9399
3 9320 9321 9401
3 9320 9401 9400
3 9321 9322 9402
3 9321 9402 9401
3 9322 9323 9403
3 9322 9403 9402
3 9323 9324 9404
3 9323 9404 9403
3 9324 9325 9405
3 9324 9405 9404
3 9325 9326 9406
3 9325 9406 9405
3 9326 9327 9407
3 9326 9407 9406
3 9327 9328 9408
3 9327 9408 9407
3 9328 9329 9409
3 9328 9409 9408
3 9329 9330 9410
3 9329 9410 9409
3 9330 9331 9411
3 9330 9411 9410
3 9331 9332 9412
3 9331 9412 9411
3 9332 9333 9413
3 9332 9413 9412
3 9333 9334 9414
3 9333 9414 9413
3 9334 9335 9415
3 9334 9415 9414
3 9335 9336 9416
3 9335 9416 9415
3 9336 9337 9417
3 9336 9417 9416
3 9337 9338 9418
3 9337 9418 9417
3 9338 9339 9419
3 9338 9419 9418
3 9339 9340 9420
3 9339 9420 9419
3 9340 9341 9421
3 9340 9421 9420
3 9341 9342 9422
3 9341 9422 9421
3 9342 9343 9423
3 9342 9423 9422
3 9343 9344 9424
3 9343 9424 9423
3 9344 9345 9425
3 9344 9425 9424
3 9345 9346 9426
3 9345 9426 9425
3 9346 9347 9427
3 9346 9427 9426
3 9347 9348 9428
3 9347 9428 9427
3 9348 9349 9429
3 9348 9429 9428
3 9349 9350 9430
3 9349 9430 9429
3 9350 9351 9431
3 9350 9431 9430
3 9351 9352 9432
3 9351 9432 9431
3 9352 9353 9433
3 9352 9433 9432
3 9353 9354 9434
3 9353 9434 9433
3 9354 9355 9435
3 9354 9435 9434
3 9355 9356 9436
3 9355 9436 9435
3 9356 9357 9437
3 9356 9437 9436
3 9357 9358 9438
3 9357 9438 9437
3 9358 9359 9439
3 9358 9439 9438
3 9359 9280 9360
3 9359 9360 9439
3 9360 9361 9441
3 9360 9441 9440
3 9361 9362 9442
3 9361 9442 9441
3 9362 9363 9443
3 9362 9443 9442
3 9363 9364 9444
3 9363 9444 9443
3 9364 9365 9445
3 9364 9445 9444
3 9365 9366 9446
3 9365 9446 9445
3 9366 9367 9447
3 9366 9447 9446
3 9367 9368 9448
3 9367 9448 9447
3 9368 9369 9449
3 9368 9449 9448
3 9369 9370 9450
3 9369 9450 9449
3 9370 9371 9451
3 9370 9451 9450
3 9371 9372 9452
3 9371 9452 9451
3 9372 9373 9453
3 9372 9453 9452
3 9373 9374 9454
3 9373 9454 9453
3 9374 9375 9455
3 9374 9455 9454
3 9375 9376 9456
3 9375 9456 9455
3 9376 9377 9457
3 9376 9457 9456
3 9377 9378 9458
3 9377 9458 9457
3 9378 9379 9459
3 9378 9459 9458
3 9379 9380 9460
3 9379 9460 9459
3 9380 9381 9461
3 9380 9461 9460
3 9381 9382 9462
3 9381 9462 9461
3 9382 9383 9463
3 9382 9463 9462
3 9383 9384 9464
3 9383 9464 9463
3 9384 9385 9465
3 9384 9465 9464
3 9385 9386 9466
3 9385 9466 9465
3 9386 9387 9467
3 9386 9467 9466
3 9387 9388 9468
3 9387 9468 9467
3 9388 9389 9469
3 9388 9469 9468
3 9389 9390 9470
3 9389 9470 9469
3 9390 9391 9471
3 9390 9471 9470
3 9391 9392 9472
3 9391 9472 9471
3 9392 9393 9473
3 9392 9473 9472
3 9393 9394 9474
3 9393 9474 9473
3 9394 9395 9475
3 9394 9475 9474
3 9395 9396 9476
3 9395 9476 9475
3 9396 9397 9477
3 9396 9477 9476
3 9397 9398 9478
3 9397 9478 9477
3 9398 9399 9479
3 9398 9479 9478
3 9399 9400 9480
3 9399 9480 9479
3 9400 9401 9481
3 9400 9481 9480
3 9401 9402 9482
3 9401 9482 9481
3 9402 9403 9483
3 9402 9483 9482
3 9403 9404 9484
3 9403 9484 9483
3 9404 9405 9485
3 9404 9485 9484
3 9405 9406 9486
3 9405 9486 9485
3 9406 9407 9487
3 9406 9487 9486
3 9407 9408 9488
3 9407 9488 9487
3 9408 9409 9489
3 9408 9489 9488
3 9409 9410 9490
3 9409 9490 9489
3 9410 9411 9491
3 9410 9491 9490
3 9411 9412 9492
3 9411 9492 9491
3 9412 9413 9493
3 9412 9493 9492
3 9413 9414 9494
3 9413 9494 9493
3 9414 9415 9495
3 9414 9495 9494
3 9415 9416 9496
3 9415 9496 9495
3 9416 9417 9497
3 9416 9497 9496
3 9417 9418 9498
3 9417 9498 9497
3 9418 9419 9499
3 9418 9499 9498
3 9419 9420 9500
3 9419 9500 9499
3 9420 9421 9501
3 9420 9501 9500
3 9421 9422 9502
3 9421 9502 9501
3 9422 9423 9503
3 9422 9503 9502
3 9423 9424 9504
3 9423 9504 9503
3 9424 9425 9505
3 9424 9505 9504
3 9425 9426 9506
3 9425 9506 9505
3 9426 9427 9507
3 9426 9507 9506
3 9427 9428 9508
3 9427 9508 9507
3 9428 9429 9509
3 9428 9509 9508
3 9429 9430 9510
3 9429 9510 9509
3 9430 9431 9511
3 9430 9511 9510
3 9431 9432 9512
3 9431 9512 9511
3 9432 9433 9513
3 9432 9513 9512
3 9433 9434 9514
3 9433 9514 9513
3 9434 9435 9515
3 9434 9515 9514
3 9435 9436 9516
3 9435 9516 9515
3 9436 9437 9517
3 9436 9517 9516
3 9437 9438 9518
3 9437 9518 9517
3 9438 9439 9519
3 9438 9519 9518
3 9439 9360 9440
3 9439 9440 9519
3 9440 9441 9521
3 9440 9521 9520
3 9441 9442 9522
3 9441 9522 9521
3 9442 9443 9523
3 9442 9523 9522
3 9443 9444 9524
3 9443 9524 9523
3 9444 9445 9525
3 9444 9525 9524
3 9445 9446 9526
3 9445 9526 9525
3 9446 9447 9527
3 9446 9527 9526
3 9447 9448 9528
3 9447 9528 9527
3 9448 9449 9529
3 9448 9529 9528
3 9449 9450 9530
3 9449 9530 9529
3 9450 9451 9531
3 9450 9531 9530
3 9451 9452 9532
3 9451 9532 9531
3 9452 9453 9533
3 9452 9533 9532
3 9453 9454 9534
3 9453 9534 9533
3 9454 9455 9535
3 9454 9535 9534
3 9455 9456 9536
3 9455 9536 9535
3 9456 9457 9537
3 9456 9537 9536
3 9457 9458 9538
3 9457 9538 9537
3 9458 9459 9539
3 9458 9539 9538
3 9459 9460 9540
3 9459 9540 9539
3 9460 9461 9541
3 9460 9541 9540
3 9461 9462 9542
3 9461 9542 9541
3 9462 9463 9543
3 9462 9543 9542
3 9463 9464 9544
3 9463 9544 9543
3 9464 9465 9545
3 9464 9545 9544
3 9465 9466 9546
3 9465 9546 9545
3 9466 9467 9547
3 9466 9547 9546
3 9467 9468 9548
3 9467 9548 9547
3 9468 9469 9549
3 9468 9549 9548
3 9469 9470 9550
3 9469 9550 9549
3 9470 9471 9551
3 9470 9551 9550
3 9471 9472 9552
3 9471 9552 9551
3 9472 9473 9553
3 9472 9553 9552
3 9473 9474 9554
3 9473 9554 9553
3 9474 9475 9555
3 9474 9555 9554
3 9475 9476 9556
3 9475 9556 9555
3 9476 9477 9557
3 9476 9557 9556
3 9477 9478 9558
3 9477 9558 9557
3 9478 9479 9559
3 9478 9559 9558
3 9479 9480 9560
3 9479 9560 9559
3 9480 9481 9561
3 9480 9561 9560
3 9481 9482 9562
3 9481 9562 9561
3 9482 9483 9563
3 9482 9563 9562
3 9483 9484 9564
3 9483 9564 9563
3 9484 9485 9565
3 9484 9565 9564
3 9485 9486 9566
3 9485 9566 9565
3 9486 9487 9567
3 9486 9567 9566
3 9487 9488 9568
3 9487 9568 9567
3 9488 9489 9569
3 9488 9569 9568
3 9489 9490 9570
3 9489 9570 9569
3 9490 9491 9571
3 9490 9571 9570
3 9491 9492 9572
3 9491 9572 9571
3 9492 9493 9573
3 9492 9573 9572
3 9493 9494 9574
3 9493 9574 9573
3 9494 9495 9575
3 9494 9575 9574
3 9495 9496 9576
3 9495 9576 9575
3 9496 9497 9577
3 9496 9577 9576
3 9497 9498 9578
3 9497 9578 9577
3 9498 9499 9579
3 9498 9579 9578
3 9499 9500 9580
3 9499 9580 9579
3 9500 9501 9581
3 9500 9581 9580
3 9501 9502 9582
3 9501 9582 9581
3 9502 9503 9583
3 9502 9583 9582
3 9503 9504 9584
3 9503 9584 9583
3 9504 9505 9585
3 9504 9585 9584
3 9505 9506 9586
3 9505 9586 9585
3 9506 9507 9587
3 9506 9587 9586
3 9507 9508 9588
3 9507 9588 9587
3 9508 9509 9589
3 9508 9589 9588
3 9509 9510 9590
3 9509 9590 9589
3 9510 9511 9591
3 9510 9591 9590
3 9511 9512 9592
3 9511 9592 9591
3 9512 9513 9593
3 9512 9593 9592
3 9513 9514 9594
3 9513 9594 9593
3 9514 9515 9595
3 9514 9595 9594
3 9515 9516 9596
3 9515 9596 9595
3 9516 9517 9597
3 9516 9597 9596
3 9517 9518 9598
3 9517 9598 9597
3 9518 9519 9599
3 9518 9599 9598
3 9519 9440 9520
3 9519 9520 9599
3 9520 9521 1
3 9520 1 0
3 9521 9522 2
3 9521 2 1
3 9522 9523 3
3 9522 3 2
3 9523 9524 4
3 9523 4 3
3 9524 9525 5
3 9524 5 4
3 9525 9526 6
3 9525 6 5
3 9526 9527 7
3 9526 7 6
3 9527 9528 8
3 9527 8 7
3 9528 9529 9
3 9528 9 8
3 9529 9530 10
3 9529 10 9
3 9530 9531 11
3 9530 11 10
3 9531 9532 12
3 9531 12 11
3 9532 9533 13
3 9532 13 12
3 9533 9534 14
3 9533 14 13
3 9534 9535 15
3 9534 15 14
3 9535 9536 16
3 9535 16 15
3 9536 9537 17
3 9536 17 16
3 9537 9538 18
3 9537 18 17
3 9538 9539 19
3 9538 19 18
3 9539 9540 20
3 9539 20 19
3 9540 9541 21
3 9540 21 20
3 9541 9542 22
3 9541 22 21
3 9542 9543 23
3 9542 23 22
3 9543 9544 24
3 9543 24 23
3 9544 9545 25
3 9544 25 24
3 9545 9546 26
3 9545 26 25
3 9546 9547 27
3 9546 27 26
3 9547 9548 28
3 9547 28 27
3 9548 9549 29
3 9548 29 28
3 9549 9550 30
3 9549 30 29
3 9550 9551 31
3 9550 31 30
3 9551 9552 32
3 9551 32 31
3 9552 9553 33
3 9552 33 32
3 9553 9554 34
3 9553 34 33
3 9554 9555 35
3 9554 35 34
3 9555 9556 36
3 9555 36 35
3 9556 9557 37
3 9556 37 36
3 9557 9558 38
3 9557 38 37
3 9558 9559 39
3 9558 39 38
3 9559 9560 40
3 9559 40 39
3 9560 9561 41
3 9560 41 40
3 9561 9562 42
3 9561 42 41
3 9562 9563 43
3 9562 43 42
3 9563 9564 44
3 9563 44 43
3 9564 9565 45
3 9564 45 44
3 9565 9566 46
3 9565 46 45
3 9566 9567 47
3 9566 47 46
3 9567 9568 48
3 9567 48 47
3 9568 9569 49
3 9568 49 48
3 9569 9570 50
3 9569 50 49
3 9570 9571 51
3 9570 51 50
3 9571 9572 52
3 9571 52 51
3 9572 9573 53
3 9572 53 52
3 9573 9574 54
3 9573 54 53
3 9574 9575 55
3 9574 55 54
3 9575 9576 56
3 9575 56 55
3 9576 9577 57
3 9576 57 56
3 9577 9578 58
3 9577 58 57
3 9578 9579 59
3 9578 59 58
3 9579 9580 60
3 9579 60 59
3 9580 9581 61
3 9580 61 60
3 9581 9582 62
3 9581 62 61
3 9582 9583 63
3 9582 63 62
3 9583 9584 64
3 9583 64 63
3 9584 9585 65
3 9584 65 64
3 9585 9586 66
3 9585 66 65
3 9586 9587 67
3 9586 67 66
3 9587 9588 68
3 9587 68 67
3 9588 9589 69
3 9588 69 68
3 9589 9590 70
3 9589 70 69
3 9590 9591 71
3 9590 71 70
3 9591 9592 72
3 9591 72 71
3 9592 9593 73
3 9592 73 72
3 9593 9594 74
3 9593 74 73
3 9594 9595 75
3 9594 75 74
3 9595 9596 76
3 9595 76 75
3 9596 9597 77
3 9596 77 76
3 9597 9598 78
3 9597 78 77
3 9598 9599 79
3 9598 79 78
3 9599 9520 0
3 9599 0 79
