NOFF
15512 0 0
0.980942 -0.970627 -0.114381 0.904599 -0.334392 -0.264354
0.334693 -1.312058 0.170035 -0.187893 -0.898843 0.395951
0.652647 -1.33653 -0.063369 0.284866 -0.950082 -0.127258
0.453302 -0.88603 0.495385 -0.16251 -0.072553 0.984036
0.664017 -0.485605 -0.266604 -0.171695 0.624191 -0.762172
0.414276 -0.429049 0.074963 0.026005 0.991291 0.1291
-0.779187 -1.072274 0.353977 -0.592634 -0.377876 0.711333
0.492295 1.320179 -0.197172 -0.019789 0.912402 -0.408817
-0.057915 0.934643 -0.300158 0.238491 -0.187401 -0.952892
-0.704818 0.338955 -0.220547 0.738291 -0.002484 -0.674478
-0.365296 -0.610171 0.407579 0.227541 0.535523 0.81329
-0.715094 0.973357 0.43157 -0.480544 0.161919 0.861893
0.944208 0.494441 0.295803 0.12734 0.220736 0.966985
-0.92529 1.070623 -0.152654 -0.844267 0.428248 -0.322206
-0.158694 0.606059 0.133289 0.841257 -0.483047 0.242802
0.930564 0.500961 -0.296184 0.11757 0.177199 -0.977127
0.372585 -0.521472 -0.323919 -0.012258 0.803034 -0.595807
0.952961 -1.054077 -0.086306 0.886668 -0.423231 -0.186265
-0.661283 -1.287104 0.214201 -0.303087 -0.850927 0.429024
-0.592553 0.863293 -0.486994 -0.258914 -0.064692 -0.963732
-0.608735 -0.591566 0.361059 -0.174837 0.63299 0.754159
1.030665 0.766086 0.153717 0.847132 0.273072 0.45585
-0.488945 -1.118314 -0.424619 0.090451 -0.520735 -0.848913
-0.715291 -0.617804 -0.353357 -0.225155 0.464099 -0.85669
0.281629 1.132148 0.351745 -0.349754 0.479841 0.804627
0.514196 -0.841863 0.498719 0.062299 0.069692 0.995621
-0.497261 -0.881577 0.499671 0.019087 -0.038656 0.99907
1.110112 -0.602762 0.146513 0.730409 -0.480867 0.485047
-1.020898 0.222407 -0.425643 0.013112 0.491247 -0.870922
-0.680915 -1.183137 -0.341628 -0.361069 -0.634658 -0.683255
-0.031448 0.771831 0.200054 0.214562 -0.729948 0.648953
-1.187463 0.219167 0.394552 -0.345402 0.474626 0.809585
-0.941788 -0.707329 -0.272089 -0.606407 -0.055821 -0.793193
0.554321 -0.110399 0.054027 -0.831456 -0.548576 0.088011
0.061624 -0.839982 0.266273 -0.324932 0.465295 0.823359
-0.628895 0.359136 -0.118182 0.80962 -0.435264 -0.393777
0.884836 1.040023 0.256319 0.770657 0.346098 0.535074
0.403064 -1.183801 -0.360219 -0.214564 -0.624696 -0.750811
1.349689 0.363207 0.036243 0.78118 0.618711 0.083395
-1.009188 -0.246739 -0.411332 0.038601 -0.502035 -0.863986
-0.416605 1.032772 0.452621 0.261064 0.348961 0.90004
0.948215 1.010242 -0.16379 0.864986 0.349743 -0.359832
0.660932 -0.784332 0.448175 0.380379 0.253914 0.889291
-0.884238 0.711233 0.311746 -0.528399 -0.073477 0.845811
1.262457 0.310856 -0.282495 0.543303 0.562648 -0.623096
-0.568972 0.116984 -0.115225 0.818461 0.542102 -0.190385
-0.913965 0.0753 -0.480983 0.186065 0.281569 -0.941328
-0.10265 0.794462 0.261134 0.527725 -0.473505 0.705195
1.120478 -0.388114 0.306392 0.30835 -0.549034 0.776841
-0.444312 -1.146039 0.399303 0.170417 -0.563578 0.808293
-0.760378 -1.033436 -0.386101 -0.559825 -0.29336 -0.774942
0.6573 -1.270924 0.246092 0.294807 -0.818716 0.49274
-1.168013 0.576223 0.056106 -0.791778 0.583792 0.179654
0.896904 0.833418 -0.30444 0.685736 0.048246 -0.726249
0.4747 -1.323834 -0.187409 -0.043888 -0.918888 -0.392069
-1.050549 -0.816807 0.029583 -0.939299 -0.33251 0.084587
-0.384938 -1.055758 -0.432955 0.308199 -0.37796 -0.873017
-0.907865 -1.145292 0.045498 -0.825814 -0.55613 0.093544
-0.823163 0.666317 -0.335978 -0.384285 -0.224621 -0.895472
0.758778 -0.782226 -0.399143 0.47906 0.196617 -0.855479
1.159856 0.33605 0.3277 0.337827 0.558416 0.757658
-0.283256 -1.296678 0.177571 0.21721 -0.872626 0.437429
-1.458562 -0.169872 0.088797 -0.914767 -0.361579 0.180174
-0.837323 -0.248785 -0.362421 0.42129 -0.460185 -0.781502
0.227222 -0.488884 0.15489 -0.793357 0.541828 0.277501
0.469626 0.444798 0.150214 -0.02854 -0.956989 0.288716
1.263412 -0.04456 -0.421872 0.524322 -0.11771 -0.843345
-0.560118 0.74607 -0.470268 -0.234906 -0.338843 -0.911046
-0.61259 -1.01999 -0.461993 -0.24 -0.298555 -0.923723
-1.087861 -0.683361 -0.10224 -0.847522 -0.410707 -0.336195
-0.791016 1.100287 0.326842 -0.613199 0.438435 0.657085
1.314663 -0.377233 -0.128249 0.721603 -0.623039 -0.301848
-0.187573 -0.828662 -0.345384 0.624791 0.195961 -0.755801
-0.831231 0.609987 -0.319304 -0.271586 -0.216025 -0.937856
-0.086312 1.228971 -0.203678 0.142957 0.748902 -0.647077
0.469855 -1.188736 0.370674 -0.109673 -0.650157 0.751843
1.074321 -0.418557 0.302326 0.250827 -0.506259 0.825099
1.136746 0.498302 0.21211 0.544708 0.550083 0.633011
0.316542 -1.05071 -0.4069 -0.394159 -0.332814 -0.856664
0.744192 -0.718185 0.387844 0.401766 0.306682 0.862862
-0.742768 -0.282739 -0.274306 0.663303 -0.310105 -0.681076
0.163182 -0.97133 -0.345529 -0.455972 -0.037307 -0.889212
1.316002 -0.283391 0.254032 0.642569 -0.539309 0.544289
0.891031 -0.548414 -0.297847 0.180398 0.001548 -0.983592
1.348847 0.215328 0.275735 0.689653 0.450785 0.56672
-0.2554 -1.321374 0.095404 0.199943 -0.948321 0.246393
1.278236 -0.305037 0.273411 0.57367 -0.559066 0.598622
-0.443602 0.678149 -0.456657 0.006595 -0.441056 -0.897456
0.103689 -0.688681 -0.147685 -0.663203 0.654552 -0.362938
-0.41053 0.431678 -0.093737 -0.035608 -0.986466 -0.160051
-0.891303 1.010186 0.264725 -0.773133 0.297516 0.560134
-0.07124 0.677995 -0.022799 0.549456 -0.833109 -0.063466
1.342632 0.370958 -0.043546 0.774758 0.62411 -0.101178
-1.03023 0.238296 0.416609 -0.006914 0.499892 0.86606
0.611429 0.671533 -0.417749 0.274256 -0.494807 -0.82459
-0.008967 1.097883 -0.283696 0.024094 0.326361 -0.944938
0.415258 0.926549 0.481515 -0.28161 0.159263 0.946219
-0.222116 0.850642 0.377291 0.608807 -0.101473 0.786802
1.213242 0.271499 0.348173 0.413771 0.526663 0.742576
0.578375 -0.448599 -0.195099 -0.234121 0.830643 -0.505192
0.430657 0.579357 -0.387393 0.069418 -0.693269 -0.717328
0.417802 1.247677 -0.300599 -0.159625 0.756302 -0.63445
-0.39979 0.546769 0.355128 -0.029859 -0.756789 0.652977
-0.08975 -1.305234 0.00549 0.112706 -0.993474 0.017511
0.975931 -0.592309 -0.265452 0.437049 -0.184922 -0.880222
-0.174262 0.668298 -0.247161 0.783181 -0.405501 -0.471377
1.085116 -0.49352 0.251407 0.422532 -0.4845 0.765981
-0.621714 0.684919 -0.421985 -0.290999 -0.464837 -0.836209
0.894285 -0.692338 0.304138 0.511668 0.057934 0.857228
-0.08076 -0.888469 -0.295348 0.356669 0.292914 -0.887124
0.349443 0.422508 0.041862 0.056604 -0.996092 0.067791
-0.383405 -0.78945 0.475446 0.350754 0.096189 0.931515
-1.128346 0.451334 0.256224 -0.429451 0.548802 0.717209
0.779944 -0.170375 -0.377143 -0.49841 -0.490416 -0.714898
0.281872 -0.688505 -0.392881 -0.645425 0.245167 -0.723408
1.046951 0.106049 0.479365 0.071534 0.317585 0.945528
0.961354 0.27663 0.388993 -0.140828 0.492309 0.858952
-0.74511 0.528483 0.303172 0.020746 -0.418535 0.907964
0.353345 0.65576 -0.428225 -0.363471 -0.379795 -0.850673
0.886141 -0.782509 0.314707 0.622435 0.020581 0.782401
-0.097114 -1.085287 -0.300935 0.244925 -0.297801 -0.922674
0.567921 0.027988 -0.244108 -0.845388 0.252389 -0.470764
-0.808097 0.725099 -0.357998 -0.46341 -0.207584 -0.861487
-0.271936 0.908469 0.414125 0.536798 0.050926 0.842173
-0.722169 -0.162913 -0.334826 0.605849 -0.497475 -0.620859
-0.291212 0.421026 0.013999 0.10138 -0.994531 0.025115
-1.06596 0.694226 0.138115 -0.819586 0.35759 0.44767
-0.854403 -0.920798 0.335684 -0.683494 -0.115955 0.720688
-0.356375 -1.346144 0.067031 0.15079 -0.976402 0.154599
-0.495043 1.360161 0.047811 -0.002564 0.994984 0.099998
0.71492 0.151714 -0.336737 -0.609228 0.499587 -0.615837
0.669337 -1.21804 0.311816 0.327773 -0.709616 0.623707
-0.44913 1.322444 0.186644 0.078736 0.914967 0.395774
0.377822 0.527866 0.332432 -0.006237 -0.790466 0.612474
-1.093102 0.173786 0.445875 -0.147455 0.430987 0.890229
-0.926652 -0.403232 0.322005 0.111173 -0.332626 0.936483
1.009738 0.108615 -0.479782 -0.005324 0.33524 -0.942118
-0.988853 0.989132 -0.033892 -0.926219 0.368861 -0.077852
0.518285 -0.830285 -0.497419 0.083465 0.101973 -0.99128
1.015072 -0.880989 0.102102 0.917682 -0.297361 0.263506
-0.740752 -1.280077 -0.143527 -0.481877 -0.827886 -0.287054
0.97068 -0.507158 0.287849 0.212824 -0.26436 0.940648
-1.240427 0.486531 0.059705 -0.742827 0.648391 0.166723
-1.357928 -0.25865 -0.223211 -0.721366 -0.509277 -0.469326
-0.085287 -1.135986 -0.27693 0.189744 -0.453222 -0.870969
-0.662673 1.337052 0.023848 -0.306274 0.95074 0.047857
0.249929 0.868371 -0.399583 -0.583444 -0.03572 -0.811367
-0.957173 -0.221682 0.420019 0.150572 -0.491855 0.857558
0.210983 0.489616 0.095161 -0.853099 -0.496068 0.161674
-0.255683 -1.23927 0.251636 0.264551 -0.731397 0.628547
-1.173183 0.408793 -0.262558 -0.455275 0.582486 -0.673375
-0.818237 -1.211288 0.167467 -0.656594 -0.675167 0.336205
-1.321021 0.384527 -0.092909 -0.744571 0.630159 -0.220259
0.535156 -1.093551 -0.440963 0.01727 -0.474715 -0.87997
-0.58741 -0.145954 0.114266 0.833272 -0.516166 0.198066
-0.957795 0.511214 -0.289582 -0.197438 0.229058 -0.953179
1.20037 -0.077469 -0.448905 0.391971 -0.210552 -0.895559
-1.094921 0.438647 -0.282134 -0.331916 0.519107 -0.78763
0.610009 0.35251 -0.051985 -0.851718 -0.494519 -0.173283
0.747718 0.043688 -0.425398 -0.504638 0.235961 -0.83046
-0.638459 0.404251 -0.17919 0.567779 -0.583425 -0.580726
-1.334686 -0.155186 0.330544 -0.656627 -0.352984 0.666516
-0.105098 1.237052 0.19856 0.164577 0.768601 0.618196
-0.795262 -0.086915 0.435706 0.42242 -0.371032 0.826981
-0.681354 0.124977 -0.323791 0.646987 0.500244 -0.575467
0.647218 -0.466787 -0.24544 -0.242991 0.661447 -0.709537
1.064319 -0.746968 0.090851 0.893492 -0.349487 0.282013
0.258427 0.506997 0.243823 -0.651196 -0.59716 0.468341
-1.29962 -0.079009 -0.39021 -0.59304 -0.198378 -0.780352
0.809722 1.254716 -0.047868 0.634122 0.76726 -0.095921
-0.014619 0.91059 0.286889 0.067985 -0.295535 0.95291
0.537474 1.048052 0.462574 0.030137 0.383372 0.923102
0.091068 1.029653 -0.311871 -0.271085 0.127391 -0.954088
-0.796678 -1.257782 -0.089495 -0.606371 -0.774724 -0.179213
-0.522355 0.982513 0.484875 -0.007153 0.251082 0.96794
0.817895 -1.177809 0.222693 0.659162 -0.604249 0.447649
0.62066 -0.221305 0.092722 -0.918462 -0.338678 0.204267
0.470923 -1.277776 0.27108 -0.071292 -0.824577 0.56124
0.663091 0.654691 -0.390268 0.277196 -0.486707 -0.82842
-0.970193 0.329843 -0.360625 0.096025 0.46944 -0.877727
0.547093 0.043933 0.187776 -0.857384 0.383786 0.342929
0.149747 -0.710372 0.24585 -0.724292 0.446132 0.525707
1.134285 -0.613112 0.084306 0.805082 -0.523529 0.278856
-0.27033 -0.488953 -0.233757 0.528214 0.7106 -0.464798
-0.80272 1.245681 0.116243 -0.62064 0.748709 0.232897
0.015592 1.041124 -0.297559 -0.049577 0.137859 -0.98921
0.300928 0.439786 0.146857 -0.113735 -0.956573 0.26839
-1.460385 0.132621 -0.135205 -0.91709 0.291107 -0.272402
-0.637454 -1.338166 -0.080813 -0.25298 -0.953723 -0.162521
-0.885994 0.460742 -0.30347 0.075496 0.135536 -0.987892
-0.560156 -1.037373 0.46532 -0.09403 -0.355635 0.929883
-0.605315 -0.830654 -0.479591 -0.297253 0.148947 -0.94311
0.843365 -0.420317 -0.3012 -0.26362 -0.117779 -0.957409
0.494217 -1.315292 -0.207834 -0.018983 -0.902593 -0.430077
-0.321142 -1.228175 -0.290687 0.257687 -0.702759 -0.663119
-1.062357 0.17897 -0.447278 -0.081541 0.444385 -0.892117
-1.229308 0.145582 -0.412303 -0.438056 0.354363 -0.826156
1.245711 0.429775 -0.167045 0.647682 0.629159 -0.42973
-1.431333 0.058436 -0.244844 -0.86095 0.136234 -0.490107
-0.292827 -0.465243 0.211305 0.264553 0.871762 0.412362
1.419535 0.14454 -0.223902 0.832911 0.319841 -0.451621
-0.076492 1.172979 0.252564 0.153976 0.571314 0.806158
-0.150664 0.591948 -0.050689 0.852859 -0.513925 -0.092267
1.205466 -0.401241 -0.245138 0.515143 -0.597918 -0.614102
1.44757 0.087048 -0.202365 0.892239 0.19828 -0.405703
-0.373269 -0.978013 -0.455441 0.362669 -0.237578 -0.901126
-1.014843 0.289891 -0.386193 0.016331 0.50742 -0.861544
0.72293 0.585261 0.333929 0.149866 -0.473672 0.867857
0.539196 0.432805 -0.14071 -0.229356 -0.911394 -0.341698
0.481731 1.30344 0.230224 -0.043292 0.87755 0.477526
0.854835 -0.475366 0.299668 -0.092223 -0.016256 0.995606
-1.003354 0.843493 0.161986 -0.868533 0.247399 0.429469
-0.109959 -1.043127 0.315437 0.302436 -0.177873 0.936426
0.484422 0.483343 -0.244555 0.044861 -0.886534 -0.460483
-0.011615 -1.296986 0.043072 0.015975 -0.989527 0.14346
1.115047 -0.619318 -0.120005 0.777901 -0.485523 -0.39892
-0.837302 -1.125595 0.254933 -0.698549 -0.496069 0.515698
0.267006 0.913979 0.410641 -0.535916 0.054349 0.84252
0.192174 -0.512433 -0.045171 -0.890064 0.449916 -0.073218
0.661791 -0.666174 -0.397327 0.291832 0.470116 -0.832961
1.33382 -0.360841 -0.114453 0.744143 -0.613893 -0.263413
0.847641 0.391089 0.307533 -0.314954 0.204325 0.926852
1.473811 -0.149587 0.027041 0.945109 -0.322152 0.054645
-0.260168 0.964147 -0.401057 0.497969 0.131347 -0.85719
1.242964 -0.409041 0.198652 0.608815 -0.618481 0.496816
-1.200515 -0.529764 0.071448 -0.752255 -0.622793 0.215039
-0.647711 -1.342146 -0.006786 -0.274808 -0.961402 -0.013638
-1.221673 0.261137 0.350681 -0.428147 0.517161 0.741104
0.566893 0.118929 -0.099665 -0.823901 0.542298 -0.164623
-0.414847 -0.592247 -0.400064 -0.012834 0.650643 -0.759275
-1.14489 -0.287671 0.367433 -0.271486 -0.533766 0.800868
-0.642895 0.713636 -0.428941 -0.326879 -0.400529 -0.855994
0.786702 0.099419 -0.425145 -0.44336 0.407664 -0.798274
-0.609574 1.226238 -0.326646 -0.187884 0.732683 -0.654121
-0.662368 0.406676 -0.202908 0.560438 -0.489248 -0.66824
-0.887999 -1.171057 -0.056842 -0.791694 -0.599854 -0.115742
-1.402293 0.107936 0.272908 -0.798945 0.248464 0.54768
1.056616 0.334585 0.357345 0.105522 0.518705 0.848416
1.301708 0.072616 -0.390179 0.598118 0.182933 -0.78025
0.90866 0.293962 0.367082 -0.257422 0.456789 0.851515
0.752755 0.978416 -0.407524 0.546721 0.173963 -0.819044
-1.003581 0.327909 -0.363909 0.020483 0.492258 -0.870208
-1.43804 -0.039771 -0.237209 -0.875281 -0.092946 -0.474599
-0.517488 -0.414213 -0.03018 0.269865 0.96016 -0.072569
-0.032164 1.200854 0.224185 0.06179 0.667853 0.741723
-0.349094 0.964697 -0.448284 0.409527 0.202881 -0.889453
1.297414 -0.014197 0.401601 0.594599 -0.036834 0.803178
1.496291 0.046644 0.035114 0.991959 0.105256 0.070278
0.320474 -1.322281 -0.136788 -0.18689 -0.92703 -0.325095
0.820372 -1.236557 0.094723 0.658203 -0.728461 0.190036
1.315221 0.392628 0.089173 0.742654 0.63464 0.213771
0.462846 1.259899 0.294581 -0.091708 0.787685 0.609214
-1.181085 -0.216447 -0.39879 -0.331524 -0.472113 -0.816824
0.969415 -0.957636 0.159877 0.878878 -0.302069 0.369226
-1.326766 0.098174 -0.362317 -0.645733 0.238168 -0.725469
-0.247297 0.543593 -0.267714 0.741092 -0.464383 -0.484903
-0.166189 1.102575 0.317454 0.336655 0.368306 0.866611
-0.379328 -1.29055 -0.229348 0.172555 -0.844905 -0.50632
-0.700241 -0.161986 -0.312631 0.647214 -0.499684 -0.5757
-1.055264 0.065035 0.489922 -0.101176 0.207301 0.973031
0.927439 -0.787069 -0.278799 0.68686 -0.059538 -0.724347
-0.577907 -0.091039 -0.196598 0.787182 -0.521011 -0.329987
1.108404 0.0071 0.488026 0.216702 0.022183 0.975986
-1.083358 -0.716013 -0.06917 -0.89119 -0.395199 -0.222707
0.588444 1.070699 0.447248 0.159373 0.418308 0.894214
-0.692593 -1.278714 0.205779 -0.374029 -0.831012 0.41173
0.590475 1.045279 -0.457853 0.172749 0.363003 -0.915635
-1.149842 0.188084 -0.425371 -0.265389 0.440232 -0.857767
-0.21507 0.556473 0.220796 0.831385 -0.411086 0.373908
-0.668487 -0.212203 0.223468 0.7814 -0.419 0.462442
0.275039 -0.992643 0.40398 -0.467472 -0.196043 0.861996
0.678447 -0.677533 0.397468 0.313032 0.437073 0.843195
0.087605 1.282509 -0.116246 -0.120108 0.920926 -0.370767
0.477749 0.721538 0.474595 0.055357 -0.354257 0.933508
1.446701 0.19161 0.101333 0.892427 0.401014 0.206789
-0.691574 -0.944736 -0.448173 -0.439892 -0.099551 -0.892516
-0.392075 1.356198 0.003392 0.117692 0.993021 0.00759
-0.704888 -0.006551 0.403449 0.590099 -0.0419 0.806243
-0.460089 0.966887 0.483698 0.164636 0.233616 0.958289
0.074069 0.804569 -0.249435 -0.412863 -0.532983 -0.738562
0.606526 1.317527 -0.180078 0.186562 0.913017 -0.362759
1.305789 -0.40364 0.089006 0.737544 -0.639536 0.216846
0.103031 1.269884 0.148213 -0.144559 0.873639 0.464605
-0.513379 0.90737 0.49805 -0.015713 0.088833 0.995923
0.519459 -0.036562 -0.107856 -0.91019 -0.363479 -0.198588
0.931244 1.098451 -0.080317 0.860005 0.481645 -0.16855
-0.931583 -0.351891 -0.343825 0.167822 -0.413564 -0.894874
-0.954152 -1.060743 0.061751 -0.890487 -0.43514 0.13299
1.28162 0.340807 0.233519 0.609997 0.58872 0.530389
0.923729 -1.008315 -0.215407 0.824258 -0.32216 -0.46563
0.78996 -1.21745 -0.203822 0.597694 -0.689941 -0.408342
0.980751 -0.971485 0.113948 0.904644 -0.335218 0.263149
-0.709803 -0.648953 0.371505 -0.283028 0.439638 0.852416
-0.783331 -0.568274 -0.317214 -0.123045 0.331548 -0.93538
-1.023201 0.376371 0.336347 -0.072926 0.480747 0.873822
0.474997 -0.42362 -0.045653 -0.111801 0.989353 -0.093172
0.683068 -0.264482 0.209556 -0.812007 -0.272661 0.516044
-1.141753 0.409835 0.280586 -0.387316 0.562658 0.730344
1.026008 0.890635 -0.014563 0.944792 0.325502 -0.037636
0.60636 0.414436 -0.16036 -0.474121 -0.73387 -0.486461
-0.687646 -0.120191 0.334719 0.632712 -0.493521 0.596751
-0.815971 -0.579367 0.315432 -0.178254 0.247208 0.952425
-1.234133 0.260269 -0.343792 -0.45487 0.516094 -0.725769
0.205345 1.168776 -0.295682 -0.309694 0.551099 -0.774842
-0.541587 0.654286 0.427683 -0.213034 -0.546628 0.809824
-0.768616 -1.286806 0.026903 -0.542259 -0.838486 0.053814
-0.707334 -0.320832 0.224601 0.752796 -0.090291 0.652033
0.156348 0.809376 0.312731 -0.619885 -0.296002 0.726723
0.816134 0.834118 0.370661 0.581849 -0.05804 0.811223
-0.197102 -0.842773 0.356352 0.614259 0.156136 0.773504
-0.881118 0.974857 0.29346 -0.745532 0.229001 0.625892
0.181966 0.789511 0.328047 -0.662566 -0.263548 0.701105
-0.462248 -1.171673 -0.383617 0.129293 -0.616138 -0.776954
1.431058 0.184796 -0.162346 0.858804 0.3914 -0.330548
-0.805344 -0.157722 -0.401675 0.439368 -0.481385 -0.758435
-0.562895 0.414298 -0.112275 0.389196 -0.867877 -0.308732
1.374976 -0.144787 -0.291264 0.740732 -0.32691 -0.586896
0.30331 0.468341 -0.223549 -0.202246 -0.880245 -0.429262
0.574597 0.569599 0.348509 0.145154 -0.694666 0.704535
-1.45539 -0.197997 -0.007533 -0.911653 -0.410672 -0.015405
-0.261804 0.597914 -0.329429 0.705175 -0.380067 -0.598563
0.254987 -0.812732 0.398385 -0.623793 0.106205 0.77434
0.621113 0.253103 0.040417 -0.97581 0.193391 0.101955
-0.639197 0.142827 -0.247988 0.73753 0.515226 -0.436569
0.516919 -0.413566 0.016312 -0.271773 0.961561 0.039233
-1.120986 0.592145 0.140807 -0.729061 0.504237 0.462833
0.441944 -1.359066 0.040646 -0.066572 -0.99393 0.087582
-0.634553 -0.223379 -0.139069 0.885475 -0.350138 -0.305511
-0.559157 0.434263 -0.157552 0.267618 -0.874929 -0.403584
-0.727924 -1.076185 0.389315 -0.49085 -0.390656 0.778752
0.365325 -0.840364 0.470302 -0.414123 -0.00347 0.910214
-0.154838 1.15098 0.288436 0.284087 0.499984 0.818114
0.504341 -0.802875 -0.494799 0.062787 0.161347 -0.984898
-0.005299 -1.264765 0.141111 0.008226 -0.882475 0.470288
-0.563479 -0.86476 0.493771 -0.18708 0.045661 0.981283
-0.562061 -0.058055 0.206619 0.819196 -0.441938 0.365525
-0.853309 1.216378 -0.022068 -0.725592 0.686687 -0.044463
-0.784673 -0.38493 0.281156 0.469446 -0.060658 0.880875
1.208559 0.472122 0.161255 0.644899 0.619375 0.447749
-0.704287 -0.279325 0.232715 0.764422 -0.255974 0.591723
0.446455 -1.062385 -0.447628 -0.192099 -0.409972 -0.891639
0.420285 -0.871991 0.489137 -0.260437 -0.055507 0.963894
-0.926767 0.28512 -0.376959 0.217701 0.473871 -0.85326
0.946547 0.436717 -0.311765 -0.003014 0.314905 -0.949119
0.501515 1.152977 -0.402545 -0.057734 0.587694 -0.807021
0.055939 1.301985 -0.008314 -0.073785 0.996903 -0.027226
-0.070091 0.689266 -0.081952 0.528771 -0.816713 -0.231043
-1.322575 -0.175467 -0.330912 -0.630818 -0.391053 -0.670183
-1.493692 0.023155 0.075224 -0.987215 0.052582 0.150474
-0.135599 -0.767815 -0.272147 0.637496 0.418938 -0.646599
1.235254 0.475533 -0.106682 0.709305 0.640627 -0.294079
0.372193 -0.940243 -0.463574 -0.3786 -0.173554 -0.909143
0.27447 -0.488263 0.23721 -0.494266 0.729132 0.473358
0.928923 -1.115954 0.006893 0.858987 -0.511795 0.01438
0.827624 -1.238696 0.051042 0.672725 -0.732765 0.102452
0.280251 0.916757 -0.418735 -0.523847 0.07247 -0.848724
0.699937 -1.161372 0.3502 0.410102 -0.584145 0.700422
0.008865 -1.134536 -0.268247 -0.021274 -0.448448 -0.893556
-0.396283 1.233899 0.310486 0.192845 0.724492 0.661756
-0.196712 0.601361 -0.227493 0.831781 -0.393314 -0.391719
1.31391 -0.339142 0.192387 0.678809 -0.592327 0.434011
1.050926 0.801175 -0.064889 0.925659 0.327939 -0.188711
-0.526516 1.355014 0.080203 -0.048525 0.985031 0.165408
-0.646385 -0.300717 -0.126358 0.928715 0.000945 -0.370793
-1.365652 0.339032 0.056837 -0.791006 0.598416 0.127311
-1.277947 -0.196908 -0.355627 -0.537101 -0.432536 -0.724179
1.352876 0.271654 -0.216537 0.716224 0.525478 -0.459235
-0.929082 0.037068 0.492173 0.145454 0.145481 0.97861
0.115999 -1.267483 0.156774 -0.160624 -0.860238 0.483932
-0.623158 -1.275195 0.256492 -0.218504 -0.829235 0.514418
0.144643 -0.613466 0.095908 -0.82739 0.530876 0.183296
-0.771862 -1.271454 0.107562 -0.551354 -0.806039 0.215197
1.169996 -0.099571 -0.455094 0.325169 -0.270331 -0.906193
-1.054208 -0.793093 -0.062932 -0.924576 -0.333 -0.185122
-0.356058 0.72543 0.452981 0.416463 -0.212724 0.883916
0.650119 0.295622 -0.135711 -0.920086 0.041592 -0.389503
0.425877 -0.459446 -0.197527 0.060955 0.937798 -0.341787
-0.688494 -0.898141 0.452128 -0.437248 0.005177 0.899326
0.971817 -0.918069 -0.182239 0.862504 -0.258359 -0.43513
1.124843 0.634287 0.072285 0.831198 0.50117 0.240705
-0.983055 0.969547 0.108359 -0.907794 0.335952 0.251092
0.537707 -0.088179 -0.029944 -0.83673 -0.545462 -0.048519
0.853905 0.356966 -0.319348 -0.349242 0.298248 -0.888301
0.203827 -0.498757 -0.083341 -0.871778 0.470001 -0.138215
0.972754 -0.479295 0.295882 0.148746 -0.305307 0.940565
-0.719834 0.203004 -0.300404 0.652697 0.464875 -0.598229
0.83559 0.952226 0.347441 0.66953 0.154841 0.726467
-0.210595 -0.508881 0.140009 0.85357 0.464697 0.235531
0.976981 1.020284 -0.017195 0.917179 0.396623 -0.038373
1.476995 -0.106785 -0.098173 0.951324 -0.236835 -0.197208
0.507817 1.335703 0.158173 0.010899 0.944927 0.327099
-0.087852 1.162769 -0.261831 0.179471 0.537633 -0.823857
0.796696 -0.994663 0.370871 0.620527 -0.21724 0.753494
0.630838 -0.500429 0.274341 -0.083191 0.70254 0.706765
0.833786 0.650167 0.327695 0.363197 -0.207409 0.908333
0.434072 0.539838 -0.342899 0.0984 -0.783971 -0.612949
-1.273856 0.094626 -0.404264 -0.538328 0.23867 -0.808232
-0.793645 -0.335826 -0.295399 0.518916 -0.241788 -0.819918
0.861348 0.756427 0.331223 0.560946 -0.087554 0.82321
0.51572 1.242618 0.32024 -0.008541 0.761018 0.648675
0.975831 -0.004883 -0.499371 -0.048402 -0.018214 -0.998662
1.391647 -0.109971 -0.286933 0.777053 -0.25421 -0.575818
-1.476719 0.092546 0.11423 -0.951121 0.207004 0.229169
-0.955129 -0.746329 -0.256835 -0.683561 -0.09586 -0.723571
0.392702 1.355391 0.028166 -0.117703 0.99105 0.062969
-0.233571 1.312996 0.108438 0.203959 0.935709 0.287836
-1.185777 -0.159963 -0.426221 -0.344828 -0.389405 -0.854083
-0.439634 -0.570152 0.377097 -0.093711 0.718515 0.689169
-0.989078 0.930623 0.13263 -0.899449 0.299162 0.31858
-1.133753 -0.629885 0.045802 -0.840873 -0.519373 0.152265
0.916555 -0.35675 0.338579 -0.198588 -0.389649 0.899298
0.723437 0.718758 0.397561 0.387758 -0.329477 0.860865
0.811022 1.216357 -0.171094 0.641396 0.686151 -0.343232
-0.879433 1.047052 -0.259443 -0.763391 0.35578 -0.539124
0.401852 0.621945 -0.422128 -0.080644 -0.554274 -0.828418
-1.327441 0.016838 0.37739 -0.6546 0.042649 0.754772
-0.545892 0.094497 0.07106 0.829406 0.546606 0.115358
0.610182 0.505761 0.278025 -0.042982 -0.736945 0.674584
-0.631759 0.156693 -0.217261 0.770248 0.504889 -0.389623
-0.128716 -0.843395 -0.305017 0.536725 0.301803 -0.787935
-0.044097 -1.283514 0.102291 0.062937 -0.939382 0.337046
-0.965276 -0.562077 -0.276271 -0.342977 -0.185911 -0.920763
1.328986 -0.371317 0.103052 0.745582 -0.62163 0.240174
0.388072 -1.259923 0.277054 -0.184842 -0.77833 0.60003
-1.14278 -0.563109 -0.140007 -0.707242 -0.547106 -0.447755
-1.029422 -0.443252 0.300261 -0.19477 -0.439604 0.87682
0.458274 -0.437187 0.120462 -0.029186 0.9733 0.227675
-1.490676 -0.042862 0.084561 -0.980781 -0.097115 0.169223
-0.571584 1.047186 0.460121 -0.121771 0.373115 0.919759
-0.845458 1.21518 -0.083066 -0.710348 0.683702 -0.167204
-0.20122 1.023421 -0.357934 0.438128 0.193654 -0.877805
0.690857 -0.535221 0.306356 0.00414 0.561412 0.827526
0.637264 0.485316 -0.260454 -0.150196 -0.692502 -0.705608
-0.991405 -0.546115 -0.270273 -0.352589 -0.2669 -0.896909
-0.837653 0.207127 0.388098 0.402507 0.485872 0.775833
-0.575279 0.507975 0.279542 -0.002131 -0.783455 0.621444
1.332462 -0.164289 -0.32778 0.651664 -0.369914 -0.662191
0.802152 0.427961 0.288032 -0.324547 -0.025098 0.945536
-1.028411 0.640419 0.215556 -0.643475 0.285254 0.710331
-0.016762 -0.764461 -0.187422 0.119413 0.775722 -0.619674
0.58276 -1.023444 -0.467277 0.160016 -0.317915 -0.934519
-1.468554 0.053538 0.164823 -0.936036 0.122398 0.329931
-1.257336 -0.418574 0.165818 -0.654809 -0.629544 0.41821
-0.701979 -0.830485 -0.439505 -0.44592 0.146972 -0.882924
0.629064 -1.330084 0.127143 0.234693 -0.937821 0.255755
0.84065 -1.20757 -0.124025 0.701475 -0.667555 -0.249607
-0.095021 -0.664952 0.062152 0.667536 0.728395 0.154391
-1.435707 0.219327 -0.090913 -0.8746 0.447194 -0.187329
-0.315333 0.675112 0.414736 0.542192 -0.283307 0.791053
-1.29301 0.334724 0.226824 -0.629237 0.58572 0.510874
-0.371359 -0.781081 -0.469705 0.388007 0.107137 -0.915408
1.044424 0.527676 -0.253784 0.41526 0.395863 -0.819055
0.10155 0.658194 0.059618 -0.697376 -0.702321 0.14287
0.880106 -1.11568 0.196905 0.774446 -0.48743 0.403294
-1.143838 0.531114 -0.174179 -0.634373 0.553781 -0.53935
-0.044915 0.961428 0.301572 0.175327 -0.113623 0.977932
0.573604 0.098493 0.172799 -0.795929 0.533039 0.286995
-0.488039 -0.487216 0.251501 -0.048916 0.878653 0.474949
0.749458 1.264952 -0.169077 0.503211 0.795244 -0.338179
-1.277063 -0.012367 0.415974 -0.553937 -0.032635 0.831919
-0.131966 0.85776 -0.312284 0.527165 -0.264626 -0.807509
-0.581332 -0.073732 -0.22811 0.783151 -0.480457 -0.394759
-0.235365 0.86774 -0.388964 0.590349 -0.056305 -0.805182
-0.519153 -0.92278 0.496307 -0.024689 -0.120992 0.992346
0.209027 -0.484214 0.062499 -0.858619 0.501555 0.1059
-1.309933 -0.275239 0.268731 -0.625277 -0.530528 0.572336
0.274855 0.56604 -0.321784 -0.638487 -0.470293 -0.609228
1.031652 0.722607 -0.175728 0.792849 0.27203 -0.545335
1.421585 -0.207674 -0.158222 0.84226 -0.430447 -0.32452
0.917055 1.130823 -0.047772 0.840442 0.532813 -0.098827
0.465069 0.556222 0.357365 0.126483 -0.753189 0.645529
0.644108 -0.168994 0.225599 -0.765495 -0.491012 0.415842
-0.616639 -0.185308 -0.138273 0.852572 -0.449368 -0.266814
0.046723 -0.807147 0.238615 -0.279324 0.591734 0.756194
-0.173786 1.312806 0.059051 0.180729 0.968632 0.170554
-0.478346 -0.555758 0.354131 -0.133933 0.754162 0.642886
-0.121997 1.282915 0.127858 0.15821 0.905924 0.392774
0.30327 0.449917 0.17965 -0.135842 -0.932866 0.333629
1.140768 0.025206 0.478779 0.280308 0.075538 0.956933
-0.01084 1.246617 -0.170992 0.017946 0.82177 -0.569536
0.467027 -0.430311 0.089244 -0.068808 0.982141 0.175113
-0.84803 1.154358 0.206141 -0.718081 0.557326 0.41683
-9.9e-5 1.26975 0.131281 0.000151 0.899168 0.437603
-0.743935 -0.158999 0.357601 0.560274 -0.494709 0.664347
-1.487439 0.097045 -0.042706 -0.972759 0.215387 -0.085719
0.328804 0.438052 0.145377 0.005927 -0.968767 0.247901
-1.345751 -0.304503 -0.187078 -0.719918 -0.562192 -0.407011
-0.128165 0.789696 0.278785 0.597589 -0.405614 0.691639
-0.182556 1.196361 0.265333 0.272728 0.626661 0.730011
0.432364 -0.639093 0.434661 0.005908 0.538533 0.842584
-0.384286 0.547123 -0.355704 0.017374 -0.745888 -0.665845
-0.614203 -0.433577 -0.193285 0.374413 0.733271 -0.567563
-0.372628 0.926816 -0.466151 0.381843 0.151243 -0.911768
0.695211 1.072342 -0.409874 0.421055 0.389223 -0.819279
-1.075008 0.701651 -0.112808 -0.850869 0.377554 -0.365343
-0.379818 1.322858 0.164424 0.150242 0.917863 0.367362
-0.582728 1.152333 -0.399627 -0.129026 0.587367 -0.79897
0.779147 -0.590901 0.326185 0.183742 0.345586 0.920222
0.438829 0.504149 0.28967 0.096721 -0.855711 0.508334
-0.410128 -1.058461 -0.440009 0.264562 -0.392637 -0.880819
1.419325 -0.266305 0.01037 0.856325 -0.515974 0.021875
-0.839681 0.709845 0.337554 -0.473459 -0.164928 0.865237
0.994929 0.37486 -0.338418 0.00597 0.455666 -0.890131
0.632989 0.059988 0.319339 -0.710326 0.386753 0.588098
-1.049162 0.629607 0.200801 -0.662658 0.339854 0.66737
-1.126442 -0.342602 0.336123 -0.269501 -0.548936 0.791226
-0.932598 -1.033697 0.177075 -0.846811 -0.37152 0.380635
0.814608 0.92792 -0.369756 0.630634 0.096904 -0.770007
0.733873 0.231889 -0.294328 -0.650775 0.424825 -0.629298
-0.806011 -0.789675 0.372351 -0.533739 0.133376 0.835065
0.469625 -0.774181 0.490126 -0.024672 0.205684 0.978307
-0.521369 1.320733 -0.195685 -0.027046 0.915481 -0.40145
-0.787304 -1.173057 0.267578 -0.598256 -0.595198 0.536497
-0.096428 -1.274282 0.137534 0.134533 -0.890597 0.434441
0.2759 1.320478 -0.11396 -0.199845 0.937102 -0.286186
-0.74465 -1.301096 -0.029258 -0.487983 -0.870889 -0.058517
1.369416 0.13504 0.30327 0.72971 0.308773 0.610068
0.447491 0.674894 -0.455019 0.010581 -0.453941 -0.890969
0.145837 0.628363 0.135416 -0.812201 -0.520482 0.263491
-0.018024 -0.787005 0.212809 0.119898 0.70069 0.703319
-0.280014 -0.860387 -0.420536 0.564721 0.012647 -0.825185
1.341429 -0.238673 -0.265275 0.67915 -0.48445 -0.551419
0.896353 -0.23468 0.396698 -0.285441 -0.486897 0.825503
0.021579 0.984707 0.300486 -0.080673 -0.04813 0.995578
-0.238024 -0.442729 -0.031686 0.647761 0.759304 -0.06215
0.881555 -0.195023 -0.414923 -0.303949 -0.485727 -0.819564
1.271512 -0.42164 -0.135617 0.690464 -0.637494 -0.341848
0.938585 1.095974 -0.039238 0.872085 0.482315 -0.0827
-0.80221 1.123953 0.298277 -0.632948 0.489374 0.599908
-0.006813 -0.7215 -0.112034 0.055785 0.926219 -0.372835
-1.200309 0.462825 -0.184076 -0.608725 0.610898 -0.50622
-0.571166 0.697831 -0.44551 -0.253608 -0.451335 -0.855558
-0.261964 -1.044608 -0.382701 0.428457 -0.28519 -0.857375
0.700646 1.318623 -0.067301 0.389171 0.91126 -0.134725
-0.606541 0.206246 0.038815 0.922704 0.376849 0.081255
-1.370085 0.042618 0.332887 -0.738762 0.103948 0.665902
-0.750672 0.606777 -0.339013 -0.210625 -0.405649 -0.88943
0.712242 0.26843 0.247866 -0.736433 0.30754 0.602566
-0.209031 -0.539226 0.184733 0.849376 0.427727 0.309209
0.843142 1.186888 -0.164029 0.707645 0.624443 -0.33062
0.810318 -0.261908 0.33891 -0.488337 -0.428372 0.760279
0.511329 -0.561205 -0.353267 0.145152 0.738938 -0.657952
-1.466479 -0.025505 0.177895 -0.93269 -0.058797 0.355854
0.045832 -1.271962 -0.130338 -0.068176 -0.900761 -0.428931
1.168205 0.245605 0.386301 0.307732 0.503822 0.807134
-0.978195 -1.018297 -0.001454 -0.91859 -0.395199 -0.003251
0.87679 -0.445895 -0.3046 -0.132021 -0.143521 -0.980802
0.788274 -1.224028 0.194855 0.59323 -0.704092 0.390298
1.121986 0.655854 -0.01621 0.869486 0.490995 -0.054019
-0.740168 -1.288678 0.116973 -0.479513 -0.845776 0.233947
1.432373 -0.176962 -0.167947 0.860791 -0.377629 -0.341225
0.745326 -0.048672 0.42243 -0.509441 -0.260265 0.820202
-1.352416 -0.004549 -0.354651 -0.704814 -0.011324 -0.709302
0.249138 -0.658217 -0.347328 -0.726001 0.292672 -0.622307
0.961733 -0.365407 0.341681 -0.082523 -0.430577 0.898773
0.487373 0.649854 -0.43659 0.137004 -0.54666 -0.826071
-1.166568 -0.530899 -0.143867 -0.682422 -0.583236 -0.440609
-0.779673 0.804319 -0.391279 -0.518202 -0.141491 -0.843474
-0.622745 -0.188099 0.152248 0.84455 -0.446222 0.296008
-0.565038 -0.464057 0.215635 0.139658 0.844745 0.516626
-0.305946 0.629653 -0.388714 0.552895 -0.371314 -0.745944
-0.704654 -0.756823 -0.419865 -0.408934 0.284589 -0.867054
1.279975 0.069289 0.406657 0.554603 0.177834 0.81289
0.134782 -1.306803 0.054406 -0.156281 -0.973799 0.165199
-0.606584 -0.523575 -0.297089 -0.018073 0.725339 -0.688154
-0.157269 -1.092379 -0.318143 0.335652 -0.337745 -0.879355
0.528244 0.0442 -0.130584 -0.8834 0.405296 -0.235243
-1.325505 0.278838 -0.247035 -0.66073 0.534321 -0.527197
-0.575689 -0.51233 0.284975 -0.014548 0.777488 0.62873
0.630238 0.799008 -0.464486 0.343027 -0.226449 -0.911621
-1.455494 -0.17342 -0.096774 -0.908689 -0.368326 -0.196521
0.141966 0.773236 -0.281743 -0.641534 -0.391338 -0.659765
-1.109099 -0.162593 0.44819 -0.183446 -0.410522 0.893207
-1.276683 0.212437 0.346961 -0.535629 0.455337 0.711175
1.220015 0.011176 -0.448798 0.439839 0.031036 -0.89754
-0.745938 -0.687468 -0.375506 -0.361776 0.343457 -0.866692
0.926581 0.659534 -0.284383 0.499526 0.019484 -0.86608
-0.699631 -0.231415 -0.254585 0.732594 -0.398183 -0.552048
-1.230802 -0.42084 -0.198768 -0.600592 -0.61772 -0.507652
0.261958 -0.826348 -0.405487 -0.607295 0.079727 -0.790466
0.025767 0.87774 -0.275817 -0.130572 -0.397665 -0.908192
-0.811886 -0.046468 0.457514 0.380011 -0.219497 0.898562
-0.229545 -1.281386 0.180068 0.227375 -0.849949 0.475277
-0.728228 1.028813 -0.409163 -0.499292 0.284784 -0.818294
-0.00095 -1.299852 -0.009442 0.001294 -0.999504 -0.031474
0.644681 0.255763 0.137661 -0.910316 0.234126 0.341335
-0.121205 -1.040821 -0.319669 0.326089 -0.177902 -0.928448
0.656886 0.812727 -0.457018 0.382449 -0.194762 -0.903217
-1.031642 0.836884 0.094178 -0.917794 0.301125 0.258803
-0.931445 0.369338 0.336015 0.149077 0.390616 0.908403
-0.669371 -0.637131 -0.377704 -0.252492 0.505659 -0.824958
0.630011 -1.011297 -0.459695 0.287306 -0.27177 -0.918475
-0.743977 -0.864097 -0.420486 -0.511338 0.063036 -0.857065
-0.054842 -1.007617 -0.305139 0.18532 -0.039441 -0.981886
0.990423 -0.616888 -0.251748 0.52036 -0.203949 -0.829235
-0.995805 0.544403 -0.269049 -0.356983 0.278877 -0.89151
0.699031 1.112097 -0.38622 0.419661 0.476816 -0.772354
0.65286 0.075225 0.332001 -0.67475 0.427266 0.601794
-0.843141 0.849243 0.350775 -0.626076 -0.00542 0.779743
-1.097793 0.62606 0.143035 -0.756036 0.448572 0.476647
-0.637771 0.270073 -0.108625 0.946464 0.14614 -0.287834
1.092276 -0.355049 -0.337817 0.205297 -0.534506 -0.819851
1.391443 0.195426 0.232249 0.776851 0.414411 0.474095
0.874572 -0.130324 -0.448428 -0.287435 -0.428006 -0.85685
-0.139853 -1.311536 -0.020576 0.157696 -0.985531 -0.062137
-0.926932 -0.582059 -0.287318 -0.326668 -0.063214 -0.943023
0.378379 -0.446149 -0.166726 0.066197 0.958719 -0.276543
-0.881083 -1.029101 0.268246 -0.76202 -0.323848 0.560756
0.064195 -1.302103 -0.01991 -0.084008 -0.994353 -0.064842
0.626493 -1.088734 0.429417 0.251905 -0.446036 0.858834
0.623774 1.177234 -0.37044 0.225465 0.632641 -0.740899
0.28683 -1.323409 0.111877 -0.196015 -0.94058 0.277285
-0.801682 -1.261171 -0.04817 -0.616485 -0.781434 -0.096474
0.683941 1.03403 -0.431261 0.406002 0.305544 -0.861281
-0.190998 1.295999 0.129931 0.201998 0.908999 0.36458
0.828978 0.545815 0.306042 0.092268 -0.183566 0.978668
0.719218 0.317494 -0.238383 -0.723736 0.13751 -0.676238
0.553582 -0.815474 -0.490403 0.190371 0.163533 -0.967996
0.316346 -1.338772 -0.07072 -0.176186 -0.969563 -0.170015
-1.404942 -0.092352 -0.275609 -0.805426 -0.214674 -0.552452
0.979586 0.910791 -0.170835 0.871719 0.262748 -0.413606
-1.293472 0.42871 0.04745 -0.749446 0.651122 0.119877
-0.171587 0.939997 -0.350349 0.497012 -0.021207 -0.867484
0.757458 1.169243 -0.301271 0.536413 0.590319 -0.603145
-1.235809 -0.257024 0.345038 -0.457393 -0.512769 0.72654
-0.56009 0.456162 0.200695 0.16447 -0.859249 0.484397
-0.084234 0.956418 -0.311026 0.309363 -0.09455 -0.946232
-1.482661 0.034748 0.125137 -0.964904 0.07923 0.250366
1.48204 0.124212 0.020715 0.961474 0.271715 0.0417
-0.488236 0.423319 -0.058625 0.146352 -0.981323 -0.124845
-0.504136 1.360332 -0.045195 -0.015963 0.99543 -0.094146
1.007651 0.938492 -0.037384 0.93702 0.33727 -0.090789
0.569175 -1.082342 0.444459 0.106058 -0.447359 0.888044
0.514257 -1.207264 0.357725 -0.020474 -0.692689 0.720945
0.408195 0.741342 -0.475011 -0.223064 -0.227337 -0.947924
-0.818003 -0.878009 0.370523 -0.61221 -0.012912 0.79059
-0.771485 -0.557043 0.314361 -0.082934 0.359468 0.929465
0.373722 -0.479559 0.254642 0.047787 0.896581 0.440293
-0.239882 1.328316 0.040702 0.193397 0.975195 0.107664
1.000198 -0.579141 -0.256394 0.451291 -0.256788 -0.854632
-1.13982 0.377382 0.30601 -0.337508 0.559688 0.756861
-0.523874 -1.031385 0.469368 0.002703 -0.352082 0.935965
0.643181 1.075641 0.430619 0.29759 0.412174 0.861135
0.54691 -0.419735 -0.109502 -0.317866 0.904873 -0.283136
-0.371082 0.51526 0.315305 0.006379 -0.817338 0.576123
0.846815 -1.212717 -0.087224 0.713172 -0.678632 -0.175627
1.487758 -0.097988 -0.036209 0.973388 -0.217332 -0.072683
-0.313749 0.895071 -0.440681 0.500128 0.06834 -0.863251
0.221905 0.700878 -0.334407 -0.736782 -0.278517 -0.616101
-0.948861 -0.13138 -0.465921 0.138298 -0.40298 -0.904699
0.583848 -1.232187 -0.326168 0.130017 -0.74512 -0.654134
-0.876726 1.184563 -0.061365 -0.77114 0.624386 -0.124439
-0.388413 -1.102918 0.410958 0.278915 -0.46519 0.840122
0.099678 0.945333 -0.315367 -0.36198 -0.107756 -0.925937
-1.278419 0.443065 -0.060878 -0.741273 0.652433 -0.157627
0.286141 -1.043924 0.394928 -0.420106 -0.300468 0.856288
0.952497 -0.064012 -0.489909 -0.105342 -0.232584 -0.966854
1.468912 0.016787 0.172618 0.937708 0.038691 0.345262
-0.126 1.207718 -0.236091 0.208781 0.670998 -0.711458
0.750231 0.325835 -0.266125 -0.637359 0.181317 -0.748931
-0.519405 -0.998343 -0.480467 0.006464 -0.285281 -0.958422
-1.259228 -0.436287 0.133027 -0.688027 -0.639163 0.343642
-1.327767 0.316432 -0.200972 -0.689616 0.573188 -0.442588
-1.298971 0.393609 -0.131333 -0.708705 0.630519 -0.316517
-0.959443 0.768535 0.249239 -0.717943 0.1142 0.686671
0.806188 -0.237398 -0.350705 -0.487489 -0.457788 -0.743495
0.034451 0.840108 0.257825 -0.192217 -0.510152 0.83833
-0.996617 -0.04396 -0.496517 0.011643 -0.154955 -0.987853
1.112119 -0.668613 -0.041868 0.872897 -0.467648 -0.139129
1.054746 -0.572696 -0.225081 0.54509 -0.384647 -0.744932
-1.36966 0.100084 0.31828 -0.73299 0.236118 0.637945
-0.433672 -0.462403 -0.204109 -0.058713 0.932336 -0.356795
-0.259141 -0.56328 0.301439 0.704158 0.444411 0.55377
-0.66867 0.582967 -0.341971 -0.145584 -0.572355 -0.806979
-1.124353 -0.412254 0.287432 -0.352424 -0.550203 0.757017
-0.846912 0.473184 -0.298869 0.112114 -0.00291 -0.993691
1.128027 0.499307 -0.218518 0.528107 0.539295 -0.655946
-0.841923 0.057879 0.466203 0.323417 0.252137 0.912046
-0.970486 -0.003303 -0.499108 0.059056 -0.012423 -0.998177
1.414639 0.062883 -0.270917 0.827071 0.147788 -0.54232
0.569044 0.480096 0.24127 -0.08299 -0.823417 0.561334
-0.817527 -1.17616 0.225438 -0.658581 -0.600748 0.45318
-0.61602 0.016316 0.31854 0.76426 0.132062 0.631242
0.650347 0.323445 -0.138819 -0.892911 -0.122544 -0.433235
-0.056676 1.185036 -0.24026 0.112446 0.612856 -0.782153
1.324879 0.01184 -0.379837 0.649616 0.03007 -0.759668
-1.401442 -0.178129 0.230216 -0.796231 -0.383887 0.467597
-0.827547 -1.048591 -0.321219 -0.677865 -0.335929 -0.65395
0.991128 -0.844058 -0.184659 0.846498 -0.223815 -0.483061
-0.211091 0.739422 0.33841 0.712024 -0.259857 0.652301
-1.03638 -0.018604 -0.498082 -0.071911 -0.063397 -0.995394
-0.891319 0.958618 -0.28692 -0.754586 0.211686 -0.62112
-1.433155 -0.060544 0.241011 -0.864507 -0.140873 0.482476
1.414374 0.057853 0.272632 0.826846 0.136293 0.545665
0.630616 0.345318 -0.107589 -0.867826 -0.347355 -0.355279
0.318294 0.708639 -0.427275 -0.54202 -0.220795 -0.810841
-0.380573 -0.935258 0.467912 0.362738 -0.168171 0.916592
0.559298 -0.588274 0.369929 0.175227 0.671948 0.71957
-0.57155 -0.4032 0.092545 0.47952 0.835309 0.268925
-0.335935 -0.846506 0.455443 0.482718 -0.006884 0.875749
-0.543438 -0.071098 0.132849 0.832783 -0.506513 0.223421
-0.364276 1.348073 0.062178 0.144293 0.97924 0.14237
-0.881452 -1.180909 0.048904 -0.779874 -0.618008 0.09931
0.654461 -0.996544 0.455181 0.35077 -0.228488 0.908159
0.311324 1.130204 -0.365632 -0.338151 0.486814 -0.805398
-0.638397 1.291437 0.220278 -0.252365 0.860914 0.441746
-0.318011 1.333269 0.098301 0.179661 0.955163 0.235341
0.799573 0.629289 -0.33423 0.289701 -0.290863 -0.911851
-1.238675 -0.495669 0.016673 -0.758237 -0.65027 0.047179
-0.074819 1.075679 -0.298461 0.201991 0.262142 -0.943653
-0.206016 0.971662 0.368747 0.490237 0.087744 0.867161
-0.730179 1.294333 0.116357 -0.456692 0.858644 0.23273
-0.737855 -0.639537 -0.357761 -0.276318 0.40636 -0.870931
0.267192 -1.194829 0.300725 -0.30064 -0.620738 0.724086
0.83879 -0.353447 -0.314172 -0.390002 -0.279941 -0.87723
0.651304 1.239659 -0.294774 0.283253 0.756171 -0.589892
0.267378 -0.561326 0.309853 -0.668562 0.4656 0.579864
0.824925 -0.751446 0.35393 0.513527 0.153288 0.844271
-0.802324 1.216787 -0.185648 -0.623495 0.687547 -0.372201
1.272776 -0.456823 -0.006763 0.753943 -0.656697 -0.017883
0.580587 0.882622 -0.49072 0.221119 -0.011159 -0.975183
0.905885 -0.908101 0.284038 0.751229 -0.153136 0.642031
0.486173 -0.515333 0.298688 0.097788 0.829698 0.549581
-0.120623 1.243156 -0.195177 0.180028 0.782108 -0.596572
-0.620126 0.340728 -0.070482 0.898596 -0.371821 -0.232971
-0.705638 0.069099 0.385925 0.584026 0.368547 0.723247
-0.045409 -0.807017 0.238034 0.272376 0.594776 0.756342
-1.314427 -0.123291 0.363832 -0.617382 -0.294019 0.729652
0.345231 0.499263 0.289827 -0.069231 -0.83981 0.538448
1.236381 0.492267 -0.055344 0.74613 0.647256 -0.156045
-0.735258 0.906916 -0.426805 -0.511221 0.019691 -0.859224
-0.940091 0.955266 0.219286 -0.829179 0.260596 0.494522
0.620047 -1.248978 -0.295749 0.211316 -0.777334 -0.592535
-1.176124 0.573021 -0.016838 -0.801495 0.595594 -0.053601
-0.200221 -0.671615 0.290028 0.774907 0.341501 0.531879
-0.477136 -1.286753 0.258145 0.057802 -0.843348 0.53425
-1.16736 0.390577 0.281557 -0.416019 0.575952 0.70371
0.610058 0.364466 0.080687 -0.785951 -0.557266 0.267834
-0.200401 1.154551 -0.30334 0.319085 0.51336 -0.796647
1.475867 0.123513 0.080479 0.948836 0.271062 0.161975
-0.598006 -0.523519 0.297303 -0.025437 0.736923 0.675498
-0.366628 1.315529 -0.176417 0.165454 0.902367 -0.397943
0.538204 -1.250173 -0.310632 0.036708 -0.777994 -0.627199
-0.298201 -1.261259 0.241929 0.241391 -0.781113 0.575841
-0.85748 -0.065624 -0.469237 0.294916 -0.273231 -0.915625
0.267904 -0.472414 -0.202798 -0.494756 0.76881 -0.405152
0.510049 -1.362227 0.010358 0.02569 -0.999438 0.021532
0.650167 -1.201112 -0.338886 0.285111 -0.67766 -0.677856
-1.094632 0.568757 0.193837 -0.618757 0.464644 0.633439
-0.837397 -1.225733 -0.072382 -0.693591 -0.705523 -0.145492
0.72659 1.30905 0.047964 0.447257 0.889244 0.095949
0.542303 0.096442 -0.006583 -0.834863 0.550355 -0.010635
-0.781348 1.013074 -0.377517 -0.596872 0.251672 -0.761843
1.441773 -0.007132 0.234044 0.88352 -0.016719 0.468094
-0.602578 0.597739 -0.367692 -0.185895 -0.628516 -0.755255
-1.086494 -0.256482 -0.401365 -0.13216 -0.511506 -0.849056
-0.937653 -0.273483 0.38614 0.19497 -0.484915 0.852551
0.886171 1.16968 0.073886 0.788324 0.596594 0.150403
-0.959821 0.38313 0.333298 0.06472 0.408683 0.910379
1.42848 0.248229 -0.03547 0.868202 0.490652 -0.074063
0.88452 0.762636 -0.315189 0.597882 -0.04036 -0.800568
-0.476085 -0.657714 -0.443277 -0.108202 0.521569 -0.84632
0.40893 0.497353 -0.283364 0.08186 -0.867011 -0.491518
-0.296572 -1.177675 0.326891 0.307926 -0.585077 0.750244
0.354822 0.463678 -0.221187 0.029094 -0.924228 -0.380732
1.191856 -0.115762 -0.441443 0.366236 -0.301964 -0.880164
1.210618 -0.489396 0.131824 0.684787 -0.625051 0.37467
-0.616055 1.157798 0.388365 -0.209708 0.594022 0.776634
-0.153975 -1.039459 0.33261 0.378865 -0.195778 0.904507
0.974495 0.241276 -0.41141 -0.114747 0.497538 -0.859819
-0.673652 -0.509165 0.286791 0.081999 0.604424 0.792431
1.174609 -0.032246 -0.466911 0.347409 -0.092983 -0.933092
-1.118461 0.010897 0.485575 -0.236677 0.033632 0.971006
-0.435673 -1.329401 -0.166561 0.091055 -0.929665 -0.356975
-0.41197 1.109922 -0.414271 0.23981 0.486765 -0.839971
0.483862 1.351721 -0.100762 -0.017357 0.977241 -0.211421
0.980155 -0.20926 0.430382 -0.099011 -0.485457 0.868636
-1.389067 0.293327 0.1009 -0.806126 0.550534 0.216965
1.244767 -0.488092 0.022571 0.755367 -0.652263 0.063041
-0.114301 1.046499 -0.316193 0.308315 0.190022 -0.932112
-0.635977 1.246379 -0.292963 -0.247568 0.771131 -0.586573
0.52383 -0.963317 0.489399 0.018987 -0.209184 0.977692
0.302182 1.069889 0.392477 -0.390353 0.360844 0.847004
0.601798 -0.190932 -0.057396 -0.89894 -0.423116 -0.113486
-0.187847 -0.537484 -0.104719 0.882722 0.437572 -0.171268
0.097601 0.668934 0.087012 -0.670698 -0.709981 0.214687
-0.416395 0.884537 0.487162 0.274861 0.0808 0.958083
0.252773 -0.785433 -0.392059 -0.645876 0.143528 -0.749829
-1.289356 -0.435395 0.035367 -0.751677 -0.653323 0.090278
0.361393 1.082934 -0.411709 -0.326022 0.416587 -0.848625
-1.305012 -0.150489 0.359632 -0.595135 -0.349291 0.723748
0.779042 1.249147 -0.158068 0.569996 0.758295 -0.316376
-0.106834 -1.002305 -0.319519 0.329421 -0.058787 -0.942351
0.582074 0.159691 0.002276 -0.870605 0.491965 0.004073
1.118666 -0.307039 -0.362612 0.224363 -0.537733 -0.812715
0.666833 -1.2461 -0.27806 0.318464 -0.767497 -0.556353
-1.424197 0.182631 0.181456 -0.844221 0.388579 0.369185
0.805805 -1.260746 0.009765 0.625197 -0.780221 0.019561
-0.294759 -0.422288 0.04441 0.086453 0.993111 0.079097
-0.227448 0.520666 0.205796 0.804857 -0.47204 0.3597
0.826788 0.330724 0.316214 -0.439423 0.313529 0.841788
-0.745314 0.711026 -0.38475 -0.393678 -0.314867 -0.863641
-1.459868 0.110049 0.157408 -0.916343 0.24558 0.316238
-0.867004 -0.894632 0.327381 -0.687266 -0.087912 0.721067
1.196797 -0.419526 0.234579 0.524065 -0.598654 0.60578
-0.34378 -1.349398 -0.008904 0.155807 -0.987568 -0.020837
-1.160702 0.040239 0.470958 -0.318499 0.117149 0.940656
-0.731996 -0.385071 0.248549 0.576114 0.114155 0.809359
-1.45489 0.137892 0.147303 -0.905816 0.30215 0.29699
-0.783529 0.007678 0.450537 0.432998 0.040706 0.900475
-0.025863 -0.709368 0.085094 0.214621 0.936654 0.276798
0.524878 -0.680676 -0.448202 0.191193 0.485103 -0.8533
-1.495242 0.061791 -0.020598 -0.989455 0.13884 -0.041249
-0.143231 1.05562 0.324486 0.349471 0.231763 0.90783
-0.166036 0.560378 -0.010965 0.88205 -0.470791 -0.018523
-0.838556 1.228856 -0.047277 -0.695629 0.712089 -0.095026
-1.075539 -0.045879 -0.490818 -0.146437 -0.146005 -0.978386
1.032388 0.871878 0.016013 0.945113 0.323975 0.042442
-0.532095 -0.019577 -0.170243 0.920497 -0.20575 -0.332192
0.704873 -1.192406 -0.318526 0.414978 -0.649568 -0.637067
-0.197181 1.321491 -0.023744 0.186551 0.980189 -0.066538
1.138213 -0.262369 0.385991 0.246814 -0.517468 0.819335
-0.741614 0.189801 0.332353 0.592675 0.484182 0.643665
0.985114 -0.898757 -0.166746 0.874179 -0.259616 -0.410379
0.685797 0.988116 0.443674 0.421207 0.199853 0.884671
-0.248623 1.237961 0.250184 0.265145 0.729034 0.631037
1.269216 0.176572 -0.373334 0.518592 0.401701 -0.754784
0.989563 -0.983068 0.050028 0.92499 -0.362025 0.115465
-0.70857 -0.666138 -0.380601 -0.31031 0.419949 -0.852848
0.6954 0.792093 -0.434624 0.422178 -0.225372 -0.878051
-0.896076 0.186822 0.424762 0.270093 0.481021 0.834068
-0.394517 -0.461326 0.2089 -0.072538 0.933206 0.351944
-0.306753 0.497869 0.275914 0.283427 -0.788974 0.545151
-0.588231 0.037076 0.272778 0.800371 0.301702 0.518056
-0.574893 1.352253 -0.069757 -0.131697 0.98109 -0.141839
0.607143 0.369864 -0.083891 -0.753038 -0.596938 -0.276764
1.139379 -0.576724 -0.128554 0.732087 -0.539331 -0.416137
0.362739 1.272551 -0.251434 -0.198429 0.80465 -0.559611
-0.638787 0.698685 0.423186 -0.312861 -0.430562 0.846602
0.246314 0.478116 -0.179781 -0.674917 -0.651918 -0.345673
-0.872678 0.94389 0.312521 -0.720415 0.17036 0.672294
0.578592 1.248611 -0.307541 0.119835 0.777201 -0.617737
1.219747 0.137361 -0.420646 0.419533 0.340505 -0.841456
1.06979 0.252374 -0.406046 0.094793 0.508437 -0.855866
0.129088 -0.634245 -0.090619 -0.787366 0.587079 -0.188127
1.153098 -0.577894 0.098865 0.76398 -0.561009 0.318754
-0.830997 -0.74248 -0.348635 -0.509046 0.15263 -0.847099
0.66498 -0.107027 -0.320596 -0.662932 -0.489679 -0.566335
1.200871 0.242917 -0.373884 0.377865 0.499738 -0.77941
0.634288 0.67514 0.412075 0.289668 -0.475788 0.830493
0.832236 -1.173163 -0.206792 0.687443 -0.594922 -0.416521
0.665221 1.33398 -0.051822 0.31164 0.944496 -0.103963
-1.44794 0.207475 -0.052549 -0.897762 0.427085 -0.107802
1.07462 -0.754865 0.019401 0.925498 -0.373935 0.060217
0.410358 0.58344 0.392384 0.011108 -0.670488 0.741837
0.309993 0.827747 0.439663 -0.540442 -0.034671 0.840666
0.168571 1.202425 0.254894 -0.256969 0.645951 0.718828
-0.527275 0.412399 0.042483 0.307447 -0.945645 0.105982
0.601959 1.34451 -0.090158 0.1817 0.966324 -0.182218
1.038399 0.84531 0.048933 0.937951 0.319768 0.134151
-1.065376 -0.779981 0.003931 -0.934588 -0.355536 0.011829
0.343145 0.445923 -0.172505 0.028001 -0.955975 -0.292109
-1.092801 -0.034558 0.489383 -0.183026 -0.108756 0.977074
-1.068207 0.533791 0.2371 -0.479878 0.435195 0.761789
0.851227 0.244154 0.372308 -0.388299 0.469947 0.7927
-1.143893 -0.603834 0.073603 -0.804579 -0.542328 0.241936
0.853813 0.466489 0.299778 -0.120096 0.032998 0.992214
1.062157 0.206055 0.433191 0.076834 0.47489 0.876685
-0.995672 -0.01171 0.499733 0.009013 -0.042343 0.999062
0.484234 0.428867 -0.090061 -0.113753 -0.975808 -0.186707
0.789585 -1.120652 0.313632 0.608821 -0.48224 0.629906
0.667628 -0.586703 0.344809 0.15446 0.570043 0.806965
0.983537 0.820951 0.20622 0.813334 0.19314 0.548803
1.473833 -0.137018 -0.067622 0.944773 -0.29801 -0.13636
-0.412933 -0.486437 0.262327 -0.083692 0.888297 0.451579
-0.813719 1.142924 -0.268318 -0.653742 0.530136 -0.539979
0.591177 -0.595498 0.368602 0.183439 0.640672 0.74558
0.324273 0.457725 0.205833 -0.054233 -0.927625 0.369556
-0.341031 -1.037291 -0.42301 0.378709 -0.322897 -0.867362
-0.406461 0.851049 -0.485922 0.297153 0.018104 -0.954658
-0.942804 -1.088828 -0.035718 -0.877845 -0.472938 -0.075622
-1.040872 -0.812745 -0.089903 -0.915751 -0.309735 -0.255861
-0.460418 0.479702 -0.240169 -0.062041 -0.898793 -0.433961
-0.931554 1.111392 -0.010014 -0.862794 0.505122 -0.020941
-0.439713 0.588641 -0.39521 -0.081144 -0.674992 -0.73335
-0.217736 -0.724821 -0.339879 0.721016 0.262491 -0.641275
-0.406336 -1.149029 -0.38771 0.229128 -0.558256 -0.797403
-1.301925 0.251312 -0.29761 -0.598259 0.503397 -0.62344
-1.028848 0.247525 -0.411262 -0.004528 0.503818 -0.863798
1.134401 0.450595 -0.253091 0.441361 0.554587 -0.705432
-0.969884 1.029546 -0.052907 -0.908078 0.402168 -0.116859
-0.920905 0.346822 0.34397 0.197935 0.408319 0.891121
-0.554351 -0.114604 0.010988 0.83635 -0.547903 0.017931
0.378706 0.72492 -0.46223 -0.327086 -0.235905 -0.915076
1.219667 -0.417362 -0.215155 0.570724 -0.610633 -0.549001
-0.252272 1.106143 -0.352868 0.376293 0.410626 -0.830536
0.036021 -1.296536 0.051014 -0.04919 -0.984428 0.168767
-1.316934 -0.259034 -0.275746 -0.633356 -0.511833 -0.58042
0.873236 0.858736 -0.324813 0.672557 0.044985 -0.738676
0.912617 -0.804253 0.291518 0.682043 -0.045642 0.729886
-0.523429 -0.000528 0.151256 0.953129 -0.005982 0.302507
0.884389 0.511144 -0.299231 0.062787 0.034419 -0.997433
-0.893101 -0.927573 -0.294038 -0.742785 -0.165733 -0.648693
-0.890477 -1.066938 -0.227715 -0.785478 -0.399018 -0.473085
0.752304 -1.296006 -0.038186 0.505422 -0.859486 -0.076373
-0.202059 1.13107 0.318006 0.340338 0.452943 0.824022
1.249653 0.154696 0.396756 0.479266 0.367248 0.79714
0.62479 0.325191 -0.068227 -0.943544 -0.248018 -0.219572
-0.512127 0.773263 0.487936 -0.110018 -0.244612 0.963359
-1.32852 -0.389657 -0.03356 -0.767514 -0.636032 -0.07991
1.294805 0.13868 -0.373174 0.575072 0.328473 -0.749264
0.156648 1.257618 0.187251 -0.206424 0.811733 0.546332
1.189591 -0.093647 0.449288 0.366589 -0.252148 0.895563
-0.849708 1.177098 0.167992 -0.720627 0.604694 0.339178
1.216192 0.500716 0.098295 0.720907 0.632634 0.282962
0.011513 0.71387 -0.091998 -0.09621 -0.947422 -0.30518
-0.392463 -0.442235 -0.148814 -0.063293 0.966702 -0.247953
0.475481 0.706407 -0.468632 0.063497 -0.393074 -0.917312
1.01223 0.73159 -0.19825 0.767186 0.225611 -0.600438
0.916624 0.231471 0.404992 -0.24034 0.490495 0.837646
-0.066642 -1.300835 -0.036028 0.087424 -0.989262 -0.11712
0.614182 0.835148 0.477407 0.313091 -0.14069 0.939245
-0.468492 0.463135 -0.202028 -0.020692 -0.926082 -0.376755
0.243251 1.269835 -0.20554 -0.238988 0.814 -0.529423
0.231974 -0.52054 -0.21538 -0.78941 0.481287 -0.381045
-1.199322 -0.040088 0.456075 -0.396083 -0.112376 0.911312
0.921948 0.881558 -0.271133 0.758959 0.141164 -0.635652
-0.84933 0.26628 -0.358594 0.397674 0.448184 -0.800616
0.727778 1.024895 0.410777 0.498939 0.276079 0.821486
0.732294 0.1917 0.322048 -0.614029 0.481123 0.62569
-0.131984 -0.630834 0.092253 0.795341 0.576079 0.188589
0.364294 0.430091 -0.099567 0.061563 -0.984805 -0.162388
0.433056 -0.424316 -0.011648 -0.016116 0.999649 -0.021038
-0.753916 -0.51161 -0.2963 0.078696 0.377039 -0.922848
0.983598 -0.13561 -0.468019 -0.06902 -0.399093 -0.914309
0.97701 -0.849359 0.205782 0.825539 -0.201013 0.527332
-0.692769 0.101754 -0.354271 0.613833 0.465249 -0.637771
-0.752091 0.33962 0.264794 0.620423 0.134796 0.772597
1.471353 0.088664 0.137457 0.940368 0.199282 0.27567
0.186052 -0.649033 -0.250839 -0.800026 0.387593 -0.457963
0.718621 -0.428371 -0.25202 -0.435792 0.32945 -0.837585
0.126198 -0.631424 0.066469 -0.786463 0.601809 0.13893
0.315278 0.550581 0.341112 -0.380706 -0.624323 0.682117
-1.390294 0.140991 0.273024 -0.772554 0.317248 0.550012
0.845588 -0.739985 0.339319 0.521929 0.129909 0.843039
-0.223757 -1.191253 0.285798 0.298488 -0.610188 0.733877
-0.531898 1.048647 -0.462463 -0.01519 0.38559 -0.922545
1.098672 0.66205 -0.102195 0.831428 0.439872 -0.339471
-1.294799 0.36519 0.185842 -0.664132 0.609433 0.433037
1.034314 0.832619 -0.089586 0.919659 0.304528 -0.24797
0.574498 0.653621 -0.417963 0.23933 -0.543099 -0.804838
-0.589231 -0.07462 0.242127 0.77195 -0.47632 0.420967
-0.296708 1.153116 0.344823 0.327466 0.530645 0.781782
0.202188 1.304171 -0.114532 -0.201171 0.926836 -0.317025
0.770134 -0.7151 -0.374512 0.417338 0.276409 -0.865695
1.299401 0.217888 0.324889 0.584806 0.460239 0.667969
1.21918 -0.127372 -0.424835 0.420198 -0.320567 -0.848923
1.180908 -0.548649 0.084838 0.754313 -0.601428 0.263243
-1.137588 -0.266578 -0.383511 -0.246787 -0.520318 -0.817536
0.604958 -0.88481 -0.484453 0.278223 0.017684 -0.960354
0.334664 0.642435 0.413135 -0.435543 -0.385147 0.813612
-0.982298 -0.723756 0.234338 -0.700192 -0.153803 0.697192
-0.082536 0.831952 0.271408 0.417952 -0.440788 0.794369
-1.097153 0.700397 0.033909 -0.896522 0.428896 0.110889
0.282565 -1.271567 0.220508 -0.236938 -0.808944 0.538024
1.097114 0.373336 0.324503 0.236906 0.535723 0.810479
0.55574 -0.398341 -0.020296 -0.473402 0.878964 -0.057558
-0.609395 0.437568 -0.195469 0.345241 -0.751346 -0.562395
1.027022 -0.861213 -0.081022 0.927149 -0.306186 -0.215973
-0.939035 -0.981217 -0.205944 -0.838862 -0.296332 -0.456616
0.579842 -0.678257 0.431927 0.256278 0.491968 0.832039
-0.807151 0.545382 -0.307759 -0.070175 -0.248879 -0.965989
-1.302771 0.278744 0.273167 -0.611507 0.534356 0.583544
-1.123596 -0.538385 0.189424 -0.608187 -0.523499 0.596705
0.725348 0.026262 0.415312 -0.548396 0.155594 0.821616
-1.438802 -0.206723 0.104821 -0.87837 -0.426919 0.214959
-1.168376 -0.340543 -0.320383 -0.360799 -0.562582 -0.743859
0.335757 0.420486 -0.011611 0.044793 -0.998817 -0.018917
-0.642797 0.513307 -0.287658 0.046185 -0.672327 -0.738812
0.217437 -1.242374 -0.231913 -0.254511 -0.746981 -0.614201
0.628 0.58016 0.347419 0.148604 -0.629859 0.762361
-0.890242 0.803088 0.311524 -0.649027 0.005857 0.760743
-1.052659 0.208669 -0.432491 -0.056251 0.478411 -0.876332
0.584847 -0.460806 0.216653 -0.187913 0.812569 0.551743
-1.033131 0.68279 0.192661 -0.732806 0.281399 0.619524
0.073631 -1.120571 0.281997 -0.174667 -0.403945 0.897953
0.336968 -0.696505 0.435264 -0.472051 0.258355 0.842864
0.243541 0.450501 -0.10278 -0.625786 -0.753305 -0.202295
-1.468226 0.166018 -0.020789 -0.934536 0.353363 -0.042152
-1.28691 0.058847 0.403966 -0.569968 0.151304 0.807616
0.645644 -1.050934 0.440657 0.311652 -0.356182 0.880913
0.615375 -0.836894 0.477266 0.314955 0.136849 0.939189
0.696772 0.154445 0.315302 -0.645921 0.502493 0.574706
-0.371638 0.452258 -0.187941 -0.062248 -0.947422 -0.313873
-0.229893 -1.126981 -0.332067 0.355383 -0.450535 -0.818976
0.042988 1.065634 0.295522 -0.124687 0.222779 0.966862
0.808348 0.545119 -0.307605 0.070369 -0.245037 -0.966957
0.369487 -1.184898 -0.348788 -0.252257 -0.617985 -0.744621
0.680957 0.231499 0.227677 -0.779056 0.379456 0.499084
-0.910958 -0.371528 0.331243 0.194872 -0.359693 0.912495
0.663526 0.323334 -0.163495 -0.861762 -0.069237 -0.502565
-0.249315 -1.308182 -0.132818 0.20972 -0.915167 -0.344218
-1.255059 -0.31886 -0.281624 -0.533091 -0.568115 -0.626945
-1.42623 0.237002 0.091271 -0.859492 0.474715 0.189525
-1.333836 -0.339092 -0.156992 -0.722078 -0.594887 -0.353147
-0.563936 1.358127 0.022182 -0.113423 0.992515 0.04526
-0.445177 -1.360405 0.024633 0.06209 -0.996663 0.052985
-0.70035 -1.323303 -0.019017 -0.388298 -0.920747 -0.038074
0.656755 -0.553877 0.32182 0.074023 0.618774 0.782074
-0.97154 -1.026991 0.04863 -0.910077 -0.400203 0.107688
-1.481032 -0.119054 0.052524 -0.959412 -0.261468 0.10566
0.090795 -0.805823 0.260414 -0.475997 0.483244 0.734781
-0.503657 -0.452787 0.17818 0.067799 0.926614 0.369852
0.47705 0.520365 0.307882 0.107138 -0.822321 0.558846
0.878257 -1.188281 -0.017188 0.773975 -0.632256 -0.034853
1.092764 -0.35754 0.336068 0.209031 -0.534615 0.818836
-0.595847 -1.267617 -0.277716 -0.158639 -0.814672 -0.557802
-0.240632 -1.264229 0.212759 0.243047 -0.799781 0.548888
0.367514 0.616898 -0.412529 -0.229358 -0.518595 -0.823683
-0.903091 1.143986 -0.081189 -0.817262 0.551626 -0.166706
1.090301 -0.21926 0.422472 0.136542 -0.484359 0.864149
-1.3895 0.266348 -0.152935 -0.792448 0.517477 -0.322868
-0.422824 -1.129129 -0.405536 0.213636 -0.525907 -0.823275
0.81287 -1.231028 -0.133511 0.643473 -0.717112 -0.267755
0.618961 1.217084 -0.333837 0.209949 0.713778 -0.668164
-0.752818 -1.237172 -0.219429 -0.514824 -0.736377 -0.438981
-0.595986 -0.753048 -0.462374 -0.291339 0.328805 -0.898337
1.003313 0.747827 0.203836 0.771581 0.206394 0.601718
0.696046 0.907416 -0.448337 0.449846 0.015475 -0.892972
0.051867 1.171526 0.249595 -0.107972 0.569211 0.815071
0.615611 0.184115 -0.136996 -0.852406 0.451694 -0.263394
0.580297 -0.422017 0.148779 -0.38148 0.824511 0.417917
1.14084 0.545145 0.163197 0.660778 0.547297 0.513652
-0.072502 -1.14144 0.271447 0.161774 -0.470532 0.867427
-1.35942 0.169655 0.295532 -0.707991 0.375195 0.598312
1.229013 0.377557 -0.248148 0.534958 0.598121 -0.596717
0.477575 -0.439605 -0.133476 -0.060212 0.962425 -0.264786
0.025258 -1.300007 -0.015999 -0.034207 -0.998001 -0.053134
-0.206857 -0.631516 0.272596 0.801059 0.358432 0.479407
1.071278 -0.101138 0.478466 0.122859 -0.298848 0.946359
-0.495227 0.746007 -0.481845 -0.084488 -0.303345 -0.949128
0.916773 1.029722 0.21217 0.819736 0.35126 0.452381
-0.786657 1.180929 0.259311 -0.595871 0.612158 0.519808
0.741226 1.005335 -0.40842 0.526217 0.231843 -0.818135
-0.898177 0.374619 -0.327159 0.221227 0.335322 -0.915761
-0.596177 -0.4811 0.247296 0.118362 0.779609 0.61498
-1.208449 0.226373 0.380537 -0.391255 0.480964 0.784598
-0.613146 1.323207 -0.161162 -0.200916 0.924279 -0.324563
-1.242248 0.317606 0.293118 -0.504097 0.565497 0.652762
0.875339 -0.886991 -0.320285 0.694317 -0.08636 -0.714469
0.844606 0.770487 -0.344214 0.557203 -0.101941 -0.824095
0.696147 -0.230183 -0.250796 -0.739635 -0.398034 -0.542686
0.980714 0.751301 0.229763 0.734256 0.155079 0.660923
0.16834 -0.76411 -0.303409 -0.681286 0.329773 -0.653528
-0.660116 1.197713 -0.337901 -0.309224 0.669042 -0.675843
0.462887 -1.277302 -0.270669 -0.083418 -0.822674 -0.56236
0.90089 -0.981051 -0.265831 0.778265 -0.256786 -0.573031
1.173471 0.445892 0.228852 0.518294 0.587634 0.621336
-1.304627 -0.044424 -0.393277 -0.607156 -0.113544 -0.786428
-0.238708 0.629858 -0.319397 0.757426 -0.329203 -0.563853
0.438189 1.355235 0.070185 -0.073061 0.985765 0.151428
-0.524509 -0.504527 0.277003 -0.048356 0.832552 0.551833
-1.061229 -0.123988 -0.471683 -0.094784 -0.352802 -0.930885
-0.727311 -0.715582 -0.394603 -0.386795 0.329928 -0.861125
0.556732 1.123644 0.422309 0.068137 0.53254 0.843658
0.562139 1.141301 -0.410154 0.079992 0.567107 -0.819751
-1.168666 0.00602 -0.470637 -0.337266 0.0176 -0.941245
-0.846488 -1.111765 -0.255285 -0.71493 -0.469403 -0.518205
-0.519252 0.057919 -0.031995 0.872728 0.485155 -0.05451
0.526064 -1.328998 -0.175214 0.037966 -0.93237 -0.359505
-0.986609 -0.47211 0.296072 -0.161597 -0.341493 0.925888
-0.723782 0.325192 -0.241708 0.706472 0.117292 -0.697954
0.355577 -0.462073 0.217179 0.032704 0.927468 0.372469
-0.097389 -0.906926 0.307599 0.391604 0.214965 0.894671
-0.45918 -0.437001 -0.119787 0.031471 0.973382 -0.227017
0.583618 1.346224 0.09727 0.146553 0.969335 0.197261
0.217465 -1.131308 0.324331 -0.347561 -0.457472 0.818487
-0.460156 -0.614073 -0.414565 -0.104665 0.622386 -0.775681
-0.84563 0.741796 0.339571 -0.524302 -0.128233 0.841821
1.341936 -0.023156 0.363879 0.683378 -0.057948 0.727762
0.862685 0.892122 -0.331742 0.679817 0.079426 -0.729068
1.053377 -0.264759 0.400154 0.061358 -0.512337 0.85659
-0.443842 0.436605 -0.116803 0.004339 -0.977041 -0.213008
-0.32559 1.344957 0.035889 0.167888 0.982086 0.085562
1.333492 0.118253 -0.348856 0.657157 0.280363 -0.699672
0.709927 -0.895707 0.441167 0.471341 0.008999 0.881905
1.039248 -0.618288 -0.215393 0.618295 -0.322583 -0.716695
0.147108 0.689245 0.222319 -0.745517 -0.475302 0.467217
-0.21782 0.630295 0.289414 0.789781 -0.344845 0.507275
0.502861 0.001805 0.053226 -0.994075 0.022113 0.106423
-0.627456 -0.025472 0.329631 0.737877 -0.194657 0.646255
1.040265 0.776245 0.126812 0.878028 0.297213 0.375142
0.425307 -0.747439 0.479918 -0.161281 0.230384 0.959641
0.779242 0.110264 0.415027 -0.462187 0.434362 0.773119
0.564455 1.332047 0.158725 0.107008 0.940492 0.322528
-0.211942 -0.473823 0.023462 0.846804 0.530362 0.040486
-1.360996 -0.346068 0.052291 -0.78768 -0.604678 0.118007
-1.196288 0.487033 -0.158483 -0.648969 0.611962 -0.452042
1.286763 0.428495 0.07937 0.734586 0.648089 0.200906
-0.345063 1.117236 0.387052 0.321524 0.474468 0.819453
0.406736 0.989867 0.464225 -0.293143 0.270324 0.917056
-1.405893 -0.234884 -0.160346 -0.815589 -0.47346 -0.332642
-0.65926 0.818567 0.457224 -0.386678 -0.181846 0.904109
0.577165 -0.396411 -0.081962 -0.536766 0.807111 -0.245876
1.018634 -0.148084 -0.463847 -0.001293 -0.409944 -0.91211
-1.103331 -0.239446 0.408571 -0.165924 -0.500524 0.849674
-0.496897 -0.802303 0.495095 -0.039948 0.156705 0.986837
-1.399424 0.123815 -0.269366 -0.792113 0.281765 -0.541447
-0.963016 -0.809448 0.237137 -0.766954 -0.144711 0.625172
0.066189 -1.22655 0.202489 -0.113362 -0.746517 0.655638
-0.612637 -1.334219 0.125909 -0.20137 -0.946055 0.25383
0.746855 0.490025 -0.286572 -0.164002 -0.370718 -0.914151
0.548216 1.040318 -0.465173 0.060864 0.365064 -0.928991
-0.883146 -0.117847 -0.45714 0.264561 -0.402129 -0.876527
0.693461 0.039077 0.388702 -0.608545 0.24134 0.755929
-0.06065 -1.194188 -0.233391 0.116332 -0.642152 -0.757699
-0.546496 -0.405001 0.042181 0.405372 0.906992 0.114189
-0.692699 -1.006593 -0.435679 -0.431488 -0.24063 -0.869434
-0.942402 0.21003 0.423834 0.179919 0.487869 0.854174
1.055068 -0.611275 0.204661 0.634892 -0.362673 0.682188
0.812215 0.772429 -0.365532 0.523425 -0.147742 -0.839165
0.54389 1.287708 -0.256905 0.056808 0.851721 -0.520907
1.373559 0.173092 -0.275626 0.73764 0.379111 -0.558714
-0.446405 -1.322136 0.186803 0.082311 -0.91424 0.396724
0.873469 0.801149 -0.325357 0.624616 -0.023531 -0.780577
-0.478152 -1.22655 0.335599 0.081304 -0.724462 0.684503
-0.924527 -0.857172 0.273006 -0.745518 -0.117514 0.656043
0.533843 -1.349712 -0.10535 0.058566 -0.974524 -0.2165
-0.680897 0.842296 -0.451609 -0.420941 -0.127822 -0.898037
0.73453 1.306706 -0.027512 0.465046 0.883575 -0.05503
-0.737017 1.255569 0.205087 -0.476951 0.777345 0.410186
1.397317 0.14127 -0.262713 0.787056 0.316744 -0.529354
0.789731 0.226515 0.346232 -0.518299 0.462674 0.719235
-1.481858 0.017211 -0.13219 -0.963608 0.039372 -0.264404
-0.756653 -0.976586 0.405286 -0.553175 -0.170571 0.815416
-1.027896 0.84895 -0.093453 -0.919821 0.300228 -0.252573
0.811721 -1.147816 0.265869 0.649546 -0.540463 0.53478
-0.518597 1.26286 -0.294917 -0.002726 0.800739 -0.599008
-1.368641 -0.117786 0.312316 -0.729346 -0.273894 0.626927
0.487704 -0.864715 0.499765 -0.038859 -0.005313 0.999231
0.899719 0.296591 -0.362871 -0.277608 0.448313 -0.849676
-0.898017 1.111715 0.163966 -0.805096 0.487305 0.338162
-0.105576 -1.278109 -0.132461 0.14326 -0.898708 -0.414489
-0.653392 0.212712 -0.195231 0.818524 0.404959 -0.407464
0.062927 0.965636 0.305823 -0.235844 -0.087123 0.967878
0.534607 0.908819 0.496912 0.079065 0.079696 0.993679
-0.495927 -1.196257 0.366981 0.059094 -0.669107 0.740813
0.239324 -1.070127 0.362556 -0.407419 -0.324127 0.853787
0.557069 -0.070975 -0.176064 -0.816195 -0.493738 -0.300081
0.598359 1.11095 0.424116 0.174661 0.50052 0.847923
-0.986323 -0.518586 -0.280382 -0.273168 -0.285472 -0.918632
0.938008 0.361127 0.340706 -0.143055 0.40929 0.90112
-0.944807 0.938625 -0.219865 -0.828644 0.244312 -0.503648
0.751301 -0.845266 0.414362 0.512272 0.094551 0.853603
-0.502226 0.439128 -0.139488 0.115096 -0.947692 -0.297712
0.841963 -0.929601 -0.345843 0.669906 -0.119903 -0.7327
-1.072648 0.731532 -0.083959 -0.89065 0.369063 -0.265585
-0.671364 0.151043 -0.287363 0.689457 0.507035 -0.517267
0.326644 0.61595 0.394962 -0.440566 -0.443623 0.780449
1.193356 -0.379551 -0.274313 0.458966 -0.585211 -0.668489
-0.215834 0.748584 -0.346957 0.702078 -0.241503 -0.669898
0.472771 -0.431616 -0.098402 -0.07706 0.977609 -0.19581
1.466426 -0.051491 -0.17146 0.931832 -0.117939 -0.343191
1.044905 -0.640189 -0.199796 0.676035 -0.32493 -0.66136
-0.235341 -0.78903 0.377484 0.657483 0.163064 0.735613
-0.633541 1.041214 0.44852 -0.28516 0.33856 0.896694
0.761971 -1.291644 0.013914 0.527149 -0.849317 0.02783
0.517878 -0.057079 -0.00962 -0.875405 -0.483112 -0.016413
-0.85456 0.915416 0.336369 -0.681092 0.107379 0.724281
0.40256 -1.012116 0.455811 -0.295187 -0.307966 0.904446
-0.330909 0.823962 0.452301 0.500055 -0.030271 0.865464
0.075041 0.706918 0.135916 -0.530386 -0.757578 0.380481
1.134983 -0.572379 0.141173 0.712545 -0.533046 0.456225
0.148762 -0.591951 0.028162 -0.852105 0.520829 0.05152
0.203604 -0.623136 -0.260469 -0.810049 0.369136 -0.455586
1.349302 -0.215996 0.274647 0.690737 -0.451721 0.564652
-0.34344 -1.137389 -0.374129 0.309078 -0.513693 -0.800369
-0.65433 -0.421629 -0.208493 0.479952 0.567649 -0.668895
0.736369 -1.17039 0.317659 0.490435 -0.596255 0.635573
0.736618 0.27901 -0.269902 -0.678013 0.311863 -0.665612
1.376833 0.328246 0.031062 0.805533 0.588544 0.068795
-0.253644 0.753725 -0.385848 0.666687 -0.180513 -0.723148
-0.725003 0.365159 -0.240999 0.641857 -0.053789 -0.764936
-0.031696 0.818855 0.24295 0.188723 -0.581292 0.791507
-0.192191 0.52619 0.097957 0.88339 -0.440596 0.159679
-0.934736 -0.919265 0.243488 -0.80209 -0.205749 0.560641
-0.298485 0.850549 0.432788 0.547482 -0.009899 0.836759
0.499977 -0.528972 -0.315727 0.110258 0.801418 -0.587854
0.548899 1.347624 0.109717 0.083567 0.970915 0.224367
-0.601904 -0.122945 -0.202077 0.775748 -0.529892 -0.342679
0.665863 -0.968874 -0.456487 0.384117 -0.160468 -0.909233
0.463829 1.283612 0.261347 -0.079006 0.835565 0.543681
-1.301774 -0.328 0.223559 -0.642456 -0.581254 0.499394
0.511248 -0.033238 -0.068846 -0.929196 -0.346816 -0.127724
0.213586 0.629845 -0.282407 -0.79515 -0.350273 -0.495021
0.992518 0.220413 0.425344 -0.074145 0.491048 0.867971
-0.387911 0.569417 0.378899 0.043422 -0.688974 0.723484
0.459243 1.361371 -0.020255 -0.04474 0.998064 -0.043197
-0.139522 0.657144 0.168571 0.77394 -0.528886 0.348275
-1.191456 -0.392339 -0.264322 -0.471697 -0.588387 -0.656736
-0.768648 1.060029 0.368597 -0.573637 0.351248 0.739977
1.490001 -0.007819 0.099142 0.979982 -0.017817 0.198289
-0.404623 1.278071 -0.25681 0.156428 0.818511 -0.552784
1.132091 -0.410127 -0.285296 0.366308 -0.555952 -0.746147
-0.588189 0.9334 -0.486476 -0.21491 0.108114 -0.970631
0.1392 -0.636176 -0.130894 -0.797577 0.542861 -0.263008
0.653046 0.170366 0.239788 -0.749823 0.49074 0.443779
-0.689042 -0.135526 -0.323202 0.642095 -0.503063 -0.578482
0.564396 0.126363 0.050687 -0.838164 0.538884 0.084172
0.662468 -0.71579 -0.422272 0.342974 0.385676 -0.856518
0.30494 0.433516 -0.123574 -0.071996 -0.972816 -0.220105
-0.415244 0.817693 0.487856 0.255198 -0.054412 0.965356
-0.981336 0.228839 -0.419425 0.099163 0.494714 -0.86338
0.049569 0.764302 -0.199323 -0.331187 -0.709967 -0.6215
0.597552 1.333289 0.139667 0.170935 0.944025 0.282131
0.79821 0.791644 0.37762 0.527212 -0.140112 0.838103
0.735917 0.444873 -0.266119 -0.35384 -0.311809 -0.8818
0.770088 1.057327 -0.36875 0.576506 0.345391 -0.740504
0.451285 1.068856 0.445611 -0.180475 0.422801 0.88807
-1.025796 0.405401 0.320398 -0.11993 0.464137 0.877607
-0.194787 1.283669 -0.159069 0.212922 0.871268 -0.442218
0.24741 0.774933 0.385176 -0.658724 -0.163078 0.734498
-0.243349 1.144831 0.32741 0.342383 0.497037 0.797325
-0.757448 -0.622191 0.3441 -0.248826 0.383429 0.88942
-0.592818 1.079089 -0.442418 -0.168403 0.434926 -0.884579
0.57046 -0.0913 0.177295 -0.797113 -0.526569 0.295525
0.935761 -0.142428 -0.458562 -0.169624 -0.425827 -0.888763
0.286193 1.309864 0.150083 -0.206514 0.905674 0.370279
0.173256 0.572955 -0.120065 -0.869052 -0.450594 -0.20424
-0.025793 1.220818 0.203963 0.046484 0.734734 0.67676
-0.400689 -0.433531 -0.106948 -0.049048 0.982502 -0.179675
-0.680239 0.623994 0.366444 -0.231496 -0.509649 0.828654
0.416922 0.845085 -0.489037 -0.262175 0.002456 -0.965017
0.262531 1.222966 -0.272346 -0.27783 0.689604 -0.668773
0.798908 1.11559 -0.308275 0.627204 0.471414 -0.619987
1.478887 0.095919 -0.101396 0.955425 0.213914 -0.203482
-0.601862 -0.100816 -0.233576 0.757671 -0.51838 -0.396505
-0.43624 -1.310371 -0.209746 0.101352 -0.888967 -0.446616
-0.049329 -0.689923 -0.021015 0.405004 0.912074 -0.063979
-0.656132 0.8748 -0.465917 -0.383089 -0.055993 -0.922013
-0.97129 -0.618939 0.262762 -0.489915 -0.153336 0.858179
0.289501 -0.894745 -0.426051 -0.530851 -0.047383 -0.84614
-0.442659 -0.495404 0.273663 -0.090693 0.872055 0.480931
0.569623 -0.114589 0.124469 -0.814752 -0.542158 0.205533
0.781599 -0.058199 0.439951 -0.440986 -0.281568 0.852203
-1.168836 -0.053383 -0.466229 -0.332793 -0.152704 -0.930554
0.319172 -0.872094 0.445242 -0.503891 -0.037185 0.862967
-0.004071 1.211823 -0.212462 0.007606 0.706048 -0.708124
-0.31247 -1.255716 -0.25513 0.240637 -0.7667 -0.595202
-0.273901 -1.297412 -0.171381 0.217859 -0.877323 -0.4276
-0.158103 -0.975921 0.34276 0.445086 -0.042085 0.894498
1.435982 -0.023009 -0.243511 0.871683 -0.05404 -0.487082
-1.12698 -0.141191 0.453422 -0.225875 -0.369024 0.901555
-1.425955 0.247155 0.062093 -0.86242 0.489326 0.129584
1.085367 -0.143489 -0.460829 0.138711 -0.383849 -0.912918
-0.535652 -0.704722 0.458466 -0.203012 0.430889 0.879273
0.536025 1.068566 -0.453542 0.02251 0.425031 -0.904899
-0.656828 1.206269 0.330722 -0.300108 0.687256 0.661524
1.238678 -0.160134 -0.400627 0.455685 -0.379113 -0.805372
0.732791 -0.997305 0.415893 0.51126 -0.214318 0.832274
0.967986 0.887947 0.204633 0.837601 0.220177 0.499946
0.523957 -1.026028 0.471348 -0.001277 -0.341176 0.939999
-0.786949 0.32512 0.294323 0.543333 0.260186 0.798181
-0.531061 -0.066151 -0.090729 0.850554 -0.503259 -0.152601
-1.280589 -0.413299 -0.132686 -0.697174 -0.636558 -0.329761
-0.384269 0.489585 0.272903 -0.056585 -0.878585 0.474221
0.342701 1.349086 -0.014101 -0.156614 0.987107 -0.033034
0.114077 -0.941019 0.320872 -0.401576 0.100186 0.91033
0.223658 0.569625 0.251506 -0.809505 -0.397834 0.431774
-1.003999 -0.95144 0.023877 -0.936705 -0.34542 0.057168
1.075762 0.751636 0.021822 0.923948 0.376428 0.067981
-0.929073 1.043445 -0.175206 -0.843785 0.384623 -0.374289
1.164791 0.389555 -0.283889 0.408932 0.574423 -0.709093
0.381762 0.926535 0.469911 -0.362296 0.153726 0.919299
-0.686224 -0.387185 -0.212431 0.636898 0.307505 -0.706967
0.390395 0.565966 0.375683 -0.028231 -0.700752 0.712846
-0.291195 -0.701087 -0.404905 0.619939 0.226397 -0.751279
1.033878 -0.787938 0.132596 0.877518 -0.285704 0.385143
-0.298203 -1.285616 0.204988 0.222478 -0.841081 0.493038
0.546714 -1.180425 -0.381422 0.044185 -0.643711 -0.763992
0.632526 -0.213893 0.144576 -0.872526 -0.380379 0.30661
0.761301 0.028424 0.43679 -0.477669 0.154548 0.864839
0.356454 -0.545471 0.351023 -0.128964 0.721854 0.679923
-0.290631 -1.117086 -0.364319 0.358892 -0.450949 -0.817216
0.52213 0.426956 -0.109848 -0.216512 -0.941653 -0.257706
-0.687325 1.247692 0.262849 -0.365414 0.768128 0.525787
-0.973678 0.784251 0.23011 -0.759954 0.152048 0.631942
0.362346 -1.349751 0.046767 -0.144399 -0.983678 0.107358
0.269438 -1.198357 -0.298598 -0.297531 -0.629396 -0.717869
-0.126026 0.763333 -0.259642 0.624646 -0.456591 -0.633515
1.143666 -0.372357 0.308012 0.339885 -0.561018 0.754809
0.316276 1.313947 0.156414 -0.194822 0.907426 0.37232
0.398651 -1.328816 -0.156378 -0.129965 -0.929758 -0.344469
-0.842586 0.67016 0.328227 -0.410569 -0.181171 0.89365
-0.815883 -0.505241 0.298999 0.052746 0.167164 0.984517
-0.663214 -0.758592 -0.43905 -0.371832 0.304845 -0.876818
0.185315 1.22404 -0.239954 -0.252768 0.704013 -0.663682
-1.440028 0.102209 -0.210596 -0.876202 0.231574 -0.422662
0.666531 0.452427 -0.240649 -0.327301 -0.585135 -0.741951
-0.391226 -1.239004 -0.303313 0.19507 -0.734354 -0.650132
-0.412114 0.427498 -0.062399 -0.026167 -0.993901 -0.107129
0.898936 1.122177 0.145306 0.807891 0.507764 0.299147
0.562322 -0.005314 -0.241452 -0.874523 -0.052088 -0.482179
0.664821 0.249025 -0.187202 -0.844962 0.300035 -0.44274
0.681253 -0.084285 0.355397 -0.628144 -0.433309 0.64628
1.011497 -0.661122 -0.223331 0.651106 -0.234793 -0.721757
0.71414 0.26856 -0.250101 -0.731494 0.310043 -0.607281
-0.729658 0.110137 0.380776 0.553096 0.459461 0.694968
-1.280836 0.181536 0.36235 -0.542961 0.407922 0.734025
1.098499 -0.192938 -0.435333 0.155783 -0.455315 -0.876596
-0.3458 1.32164 -0.1521 0.174779 0.919808 -0.351291
0.118722 -1.192172 -0.247779 -0.209562 -0.624971 -0.751994
1.207567 0.449213 0.19181 0.598783 0.613054 0.515387
0.017017 -1.17492 -0.244103 -0.035835 -0.582753 -0.811859
0.82638 -0.149018 0.418313 -0.392616 -0.468952 0.791161
0.867529 -1.18409 -0.104787 0.753998 -0.621687 -0.212116
1.498969 -0.011875 -0.029498 0.997895 -0.02692 -0.058998
0.630538 0.129825 -0.248804 -0.73717 0.520419 -0.430981
1.107365 0.205125 0.4272 0.173588 0.468175 0.866418
-0.95572 -1.04213 -0.098824 -0.887914 -0.406773 -0.21481
-1.241843 0.290609 -0.315832 -0.485414 0.544206 -0.68426
0.014309 0.782108 0.207223 -0.096917 -0.720222 0.686941
0.391255 -1.028767 -0.446049 -0.309921 -0.332879 -0.890585
-0.276067 -1.178175 -0.318004 0.31318 -0.582392 -0.750159
-1.038349 0.410141 -0.315862 -0.155963 0.474367 -0.866401
0.058485 0.821509 0.253638 -0.326613 -0.524845 0.786042
0.321162 0.718477 0.431733 -0.534626 -0.204199 0.820048
0.219272 -0.488093 0.127436 -0.824889 0.519631 0.222581
-1.098566 0.27665 -0.386868 -0.16467 0.522572 -0.836542
-1.442059 0.197358 -0.109628 -0.883562 0.411211 -0.224107
-1.446532 -0.184001 0.115592 -0.891085 -0.388037 0.23536
-0.660087 -0.913567 0.464756 -0.384942 -0.033022 0.92235
-0.582802 -0.498696 -0.268003 0.036101 0.784869 -0.61861
0.590146 -1.338829 0.124524 0.157465 -0.95483 0.252
-1.090617 -0.715199 0.030748 -0.905696 -0.412111 0.099395
0.091912 0.712673 0.168823 -0.593079 -0.671126 0.444801
1.412327 -0.131604 0.244931 0.818299 -0.295585 0.492967
-0.846955 1.038928 -0.305174 -0.708831 0.323929 -0.626601
-0.927693 -0.483792 -0.299745 -0.067039 -0.197876 -0.977932
-0.330939 -1.086754 0.397511 0.355789 -0.408943 0.840345
-0.331639 -0.746935 -0.444431 0.50621 0.156785 -0.848039
0.647286 0.766049 -0.448196 0.358311 -0.295256 -0.885684
1.394926 -0.113522 0.280837 0.783512 -0.261201 0.563812
0.609322 0.202474 -0.073197 -0.907034 0.393175 -0.150674
1.099328 -0.698752 0.019776 0.898547 -0.434071 0.064777
-0.674558 0.015269 -0.378524 0.649606 0.104841 -0.753008
0.520321 0.561618 0.351747 0.145486 -0.735701 0.661497
1.413969 -0.115071 -0.25147 0.822385 -0.261805 -0.505116
0.948994 0.966145 -0.197038 0.848671 0.28665 -0.444511
1.140502 0.33294 -0.337867 0.292137 0.551549 -0.781313
-0.737802 -1.153917 0.331243 -0.496795 -0.56024 0.662817
0.077653 1.192359 -0.237879 -0.14676 0.633361 -0.759813
1.186259 0.480859 0.179445 0.614453 0.602064 0.509869
-1.108789 -0.231517 -0.412107 -0.17692 -0.493897 -0.851331
1.233883 0.037703 0.439724 0.465744 0.102512 0.878962
-0.633545 -1.050685 0.444815 -0.281879 -0.359849 0.889412
-0.585215 0.788635 0.476862 -0.269812 -0.243881 0.931517
0.640014 -0.586463 0.350085 0.1589 0.60751 0.778256
-0.129229 -1.244412 -0.196195 0.188887 -0.782707 -0.593036
0.331781 -0.903182 0.449954 -0.46786 -0.093198 0.878875
0.928291 1.094787 0.102617 0.854288 0.473124 0.215279
-1.326409 -0.351517 0.150956 -0.718131 -0.604728 0.344371
-0.531887 -0.538848 -0.322729 -0.110659 0.771591 -0.62642
1.304569 0.417497 0.037454 0.755585 0.648428 0.092916
1.221424 -0.504862 0.071982 0.741111 -0.638399 0.207849
1.260716 0.461291 -0.067874 0.736354 0.651812 -0.181447
-1.099803 0.660225 0.101799 -0.830326 0.442806 0.338352
1.366116 0.310165 0.134735 0.767997 0.568959 0.294052
0.414936 -0.798585 0.486286 -0.244928 0.096419 0.964735
0.757005 0.700966 -0.375819 0.38842 -0.311812 -0.867123
1.203439 0.054945 -0.452097 0.402256 0.151946 -0.90283
-0.206287 -0.797671 -0.353314 0.65974 0.202002 -0.723836
-0.7651 -0.921978 -0.407179 -0.558251 -0.059881 -0.827508
0.254452 -1.239523 0.250823 -0.264295 -0.732214 0.627703
-0.623162 1.070143 0.439499 -0.249228 0.406523 0.87899
-0.294643 0.579715 0.350213 0.556075 -0.478542 0.679542
1.421254 0.018563 -0.268581 0.842305 0.044031 -0.5372
0.117071 0.78045 -0.263327 -0.583808 -0.456151 -0.671636
0.775206 0.406135 -0.276096 -0.436427 -0.042688 -0.898726
-0.643058 -0.255785 0.13324 0.915026 -0.230558 0.331013
1.104418 -0.041011 -0.486286 0.205336 -0.126759 -0.970448
-0.212261 0.519221 -0.164073 0.847852 -0.45249 -0.276405
0.859539 -0.534159 -0.30165 0.093666 0.075935 -0.992704
-0.964358 -1.049054 -0.001415 -0.90463 -0.426187 -0.003082
-1.151264 0.144287 -0.445338 -0.275692 0.368978 -0.887608
0.058889 -1.146069 0.266582 -0.131807 -0.485768 0.864093
-0.512056 -1.261772 -0.296328 0.009493 -0.797877 -0.602745
-0.492045 -0.937065 0.493681 0.064345 -0.165268 0.984147
0.462024 0.928372 0.491812 -0.151049 0.157155 0.975954
-0.288733 -0.975143 0.41523 0.472762 -0.176823 0.863267
0.532474 -0.530507 -0.312141 0.095581 0.785385 -0.611584
0.21358 -0.743089 0.342531 -0.707811 0.251412 0.660148
1.012612 0.803873 0.165894 0.851481 0.244594 0.463847
-0.557039 0.921476 0.493336 -0.136679 0.096623 0.985892
-0.28596 0.811728 -0.422111 0.587826 -0.074908 -0.805512
0.040808 1.250066 0.168178 -0.065897 0.82948 0.554635
-0.563495 -0.985808 -0.481257 -0.122591 -0.24205 -0.962488
0.831936 0.583164 0.313145 0.203334 -0.205005 0.957407
0.109092 1.289305 0.106327 -0.141328 0.932669 0.331895
-0.713987 0.028608 -0.407013 0.570441 0.173246 -0.802859
1.03438 0.082835 -0.487268 0.053707 0.262846 -0.963342
-0.069801 -0.757682 -0.204772 0.444489 0.664055 -0.601216
0.239269 0.987356 -0.385291 -0.481996 0.153509 -0.862621
0.688347 -1.327905 -0.024542 0.361812 -0.930954 -0.049164
-0.720292 0.16942 -0.327728 0.615869 0.495448 -0.612566
-0.560982 0.428432 0.145909 0.302928 -0.872982 0.382278
-0.564397 -0.599212 0.378587 -0.188447 0.649932 0.736258
-0.286863 -1.154321 -0.339862 0.330043 -0.530468 -0.780817
-0.745006 -0.262419 0.286749 0.647826 -0.368135 0.666932
0.268758 -1.2952 -0.17326 -0.219982 -0.873184 -0.434922
0.528011 0.471941 0.222592 -0.046694 -0.87949 0.473622
1.13788 -0.625503 -0.037294 0.840204 -0.527954 -0.12378
-0.905012 0.67646 0.296979 -0.49908 -0.035185 0.865841
-1.172687 -0.305519 0.344199 -0.342825 -0.547518 0.763345
-0.682627 -1.325285 -0.071142 -0.349348 -0.926088 -0.142537
-0.568388 1.331451 0.159114 -0.114197 0.939477 0.32302
0.162775 -0.621441 -0.171579 -0.827096 0.464661 -0.316231
1.353285 -0.294791 -0.186954 0.729839 -0.551973 -0.403312
0.598711 0.951471 -0.481658 0.233488 0.145888 -0.961353
-1.320315 -0.242768 0.285979 -0.6351 -0.49153 0.595858
0.707719 0.290194 0.232746 -0.759097 0.221399 0.612171
-0.332926 -1.336386 -0.096716 0.170862 -0.95858 -0.227884
-0.226893 -0.518755 -0.202002 0.806358 0.474574 -0.35294
-0.507652 0.427539 0.100325 0.177138 -0.958225 0.224562
-1.152735 0.117215 -0.455215 -0.285323 0.31413 -0.90549
-1.029135 -0.70885 0.185781 -0.767351 -0.266973 0.583007
0.674677 -1.045826 0.431113 0.381897 -0.335098 0.861315
-0.865348 -0.659277 0.315845 -0.415368 0.132 0.900025
0.066594 0.702503 -0.114002 -0.493655 -0.805222 -0.328516
-1.072175 -0.581199 -0.20632 -0.601186 -0.415407 -0.682651
-0.606589 0.349495 -0.006519 0.868542 -0.495139 -0.021731
-0.57188 -0.033679 -0.24786 0.831871 -0.292011 -0.471932
-0.097673 -0.852658 -0.289687 0.447357 0.353432 -0.821558
-0.218597 -0.540128 0.210005 0.828636 0.430836 0.357412
-0.862323 1.190448 0.104353 -0.744065 0.633939 0.210921
-0.305732 -0.889125 -0.436367 0.514786 -0.053055 -0.855675
-0.671558 -0.390901 0.200757 0.633921 0.387967 0.669048
-1.389653 0.079578 0.300986 -0.775406 0.188192 0.602768
-0.549166 -0.565987 0.350187 -0.14661 0.716157 0.682367
0.8318 1.236177 0.040249 0.681418 0.727418 0.080824
0.609068 1.111077 -0.421657 0.201773 0.498392 -0.843145
0.550558 0.404168 -0.049595 -0.421568 -0.896516 -0.136161
0.51297 0.577182 -0.370075 0.158967 -0.70798 -0.688109
-0.789767 -0.274488 0.318003 0.541745 -0.388943 0.745141
0.825507 -0.707821 -0.344729 0.455797 0.193089 -0.868888
0.585385 -1.3426 -0.112503 0.149094 -0.962185 -0.227971
-0.774283 1.27171 -0.100114 -0.556566 0.806296 -0.200304
0.311026 -0.448228 0.177446 -0.087941 0.94265 0.321988
0.092509 -0.66979 0.073252 -0.652235 0.735121 0.184899
0.95095 -0.935918 0.210882 0.83727 -0.249139 0.486733
0.29035 1.230933 0.275418 -0.267432 0.708257 0.653339
-0.834416 0.799066 0.354524 -0.574314 -0.083916 0.814322
-0.234179 -0.9328 -0.388636 0.531969 -0.047753 -0.845416
-1.255535 -0.06291 -0.423599 -0.506128 -0.165371 -0.846455
1.185538 0.179313 0.417054 0.341837 0.420972 0.840196
0.978576 1.001194 0.074338 0.913029 0.37169 0.168004
1.055082 0.044154 0.493701 0.105672 0.144253 0.983882
0.954952 -0.94593 -0.198234 0.848957 -0.267393 -0.455821
0.894172 0.239837 0.392898 -0.291351 0.484946 0.824586
0.284834 0.531519 -0.301029 -0.532622 -0.603045 -0.593844
0.852219 -1.111713 -0.247248 0.725132 -0.470699 -0.502619
-0.783102 1.277798 -0.009673 -0.574779 0.818079 -0.019357
0.632212 1.267293 -0.264951 0.238499 0.813155 -0.53094
1.092903 -0.500353 -0.242453 0.45466 -0.492362 -0.742202
1.466562 0.072333 -0.162271 0.9313 0.164314 -0.325086
0.709548 -0.091517 0.376336 -0.581122 -0.433264 0.688897
0.653542 0.714723 -0.425324 0.335659 -0.392907 -0.856129
-0.451855 1.128893 -0.412321 0.162941 0.533474 -0.829973
-0.078579 0.805039 -0.252348 0.430962 -0.51946 -0.737857
-0.296972 1.333759 0.078097 0.185966 0.963642 0.191862
-0.568868 0.058245 -0.22102 0.809601 0.436164 -0.392819
0.206618 1.285886 0.160452 -0.216583 0.872146 0.438695
0.213109 0.505433 -0.142199 -0.847194 -0.473441 -0.241072
-0.761483 -1.276119 -0.115696 -0.5281 -0.817039 -0.231425
-0.745131 -0.527308 0.302632 0.024867 0.417699 0.908245
0.317134 1.342206 -0.048311 -0.17333 0.977986 -0.116193
0.890919 1.050138 -0.240231 0.782823 0.368352 -0.501502
0.910978 -1.143945 -0.017021 0.831187 -0.554887 -0.035041
-0.792253 0.751728 0.373113 -0.481119 -0.200918 0.853321
-0.485992 0.750719 0.483959 -0.052403 -0.283094 0.95766
0.461916 0.639254 -0.43299 0.089557 -0.560464 -0.823322
0.876469 0.062455 0.475808 -0.256467 0.254436 0.932463
0.001775 -0.965193 0.29798 -0.007073 0.116002 0.993224
-0.829064 -1.223267 0.112466 -0.677168 -0.700294 0.225902
0.249363 0.896675 -0.399701 -0.559921 0.006619 -0.828519
0.374824 -1.313022 -0.18526 -0.160957 -0.895817 -0.414252
-0.727915 1.295516 -0.116404 -0.451531 0.861342 -0.232829
0.060195 -0.696092 0.0851 -0.465901 0.848738 0.250158
-0.479167 -1.125285 0.419109 0.109966 -0.532355 0.839349
0.987094 -0.254827 0.405024 -0.086591 -0.500909 0.861157
-0.597054 0.822803 0.480824 -0.283261 -0.165245 0.9447
-0.318822 -0.452637 0.191649 0.064101 0.936555 0.34461
-0.355757 0.441691 -0.155818 -0.052406 -0.964567 -0.258583
0.072261 -1.272275 0.134987 -0.104783 -0.893751 0.436154
0.718298 -0.926215 -0.435742 0.487064 -0.057842 -0.871449
-0.392988 -0.428305 -0.075647 -0.049627 0.990809 -0.125833
1.186093 -0.316431 0.329744 0.379887 -0.555821 0.739425
0.906856 -1.110807 0.142693 0.820209 -0.489928 0.295342
0.795173 0.094767 0.432011 -0.425484 0.391954 0.815681
-0.033541 1.041553 0.29891 0.105332 0.142066 0.984237
0.751554 0.684311 0.371927 0.360525 -0.338961 0.868981
0.249919 -1.004262 0.387717 -0.465869 -0.195958 0.862883
0.714646 0.892399 0.438576 0.478085 -0.015298 0.87818
-1.276601 0.261648 -0.312018 -0.547319 0.516412 -0.658605
-1.355535 -0.358134 0.006529 -0.788289 -0.615124 0.014928
-0.470412 0.493881 0.266016 -0.07637 -0.871703 0.484048
-0.561141 -0.102034 0.124033 0.814734 -0.543005 0.203358
0.267305 1.264791 -0.223729 -0.243989 0.794752 -0.555733
0.123482 -1.024608 0.323212 -0.344235 -0.134216 0.929241
0.29994 -0.420909 0.028862 -0.05634 0.997136 0.050462
-1.196766 0.39107 -0.261587 -0.481664 0.590489 -0.647552
0.420455 -0.527938 0.329186 0.085693 0.806605 0.584846
1.028939 0.834006 0.106253 0.910092 0.293942 0.292113
1.054375 -0.401648 -0.317534 0.179012 -0.495016 -0.850243
-0.344083 -1.007427 0.434534 0.393255 -0.272207 0.878211
-0.599122 0.705089 -0.44045 -0.285002 -0.432643 -0.855332
0.765541 -1.19812 0.261669 0.548869 -0.651403 0.523848
1.199949 0.531838 -0.067311 0.755811 0.62248 -0.203145
0.581001 0.38119 0.020493 -0.648566 -0.758432 0.064365
-0.607539 1.350583 0.035327 -0.193814 0.978438 0.071385
-1.263376 0.145267 0.392448 -0.509022 0.347052 0.787688
-1.315309 -0.03105 0.386457 -0.629619 -0.079113 0.772866
0.421458 -0.782409 -0.485853 -0.209076 0.139234 -0.967936
-0.136989 -0.661952 -0.170298 0.765291 0.535525 -0.35713
-0.321954 0.955571 0.436926 0.453129 0.170317 0.875023
-0.920196 0.882887 -0.272925 -0.757167 0.140199 -0.637998
-0.597078 0.157137 -0.125583 0.836395 0.500403 -0.223697
-0.382399 1.133191 0.390897 0.269978 0.519918 0.81043
0.946811 -0.646784 0.273284 0.506741 -0.075157 0.858816
0.691475 -0.233522 0.241852 -0.755343 -0.384856 0.530417
0.970258 -1.035087 0.021167 0.910499 -0.410874 0.04663
0.642968 -1.342688 -0.028311 0.264906 -0.962593 -0.056924
1.174827 -0.518291 -0.147996 0.671232 -0.593067 -0.444656
0.297459 0.444921 -0.162307 -0.153088 -0.940683 -0.302786
0.840139 1.180411 0.18159 0.702227 0.610669 0.366007
-0.804589 1.253919 0.078247 -0.623506 0.765942 0.156758
1.268598 -0.007579 0.421638 0.537123 -0.020156 0.843263
0.07683 -1.198181 0.232745 -0.142665 -0.652243 0.744463
0.711104 -1.007371 -0.425825 0.468713 -0.238902 -0.850432
0.638447 -0.318317 -0.109043 -0.929618 0.141024 -0.340473
1.097433 0.628712 0.141102 0.760969 0.446939 0.470288
-0.719752 -0.237685 -0.275059 0.690313 -0.401461 -0.601911
0.802919 1.236038 0.143167 0.622287 0.728315 0.286906
-0.533137 0.926246 -0.495252 -0.064706 0.121341 -0.9905
-0.865865 0.630323 0.311439 -0.355896 -0.13047 0.925373
-0.606342 -0.799091 0.472952 -0.305259 0.224028 0.925542
0.954326 0.774168 0.253667 0.715789 0.106052 0.690217
0.643935 1.302981 0.192489 0.264734 0.883651 0.386104
-1.181683 0.283445 -0.355734 -0.350197 0.534686 -0.769073
0.528251 -0.039662 0.137886 -0.891582 -0.375977 0.252434
1.173865 -0.492322 -0.180909 0.61183 -0.591158 -0.525545
1.441188 0.224733 0.034924 0.887588 0.454956 0.072123
-1.120493 -0.033106 0.483528 -0.23877 -0.101041 0.965805
-1.079981 0.592017 -0.19207 -0.642598 0.42575 -0.637028
-1.186425 0.344671 -0.307714 -0.404654 0.569565 -0.715438
0.001461 -1.079235 -0.28935 -0.004159 -0.26412 -0.964481
-1.292374 0.298184 -0.265786 -0.599959 0.553643 -0.57752
0.622119 0.194734 0.140296 -0.859415 0.428473 0.278958
1.406423 -0.281466 0.053706 0.836453 -0.535959 0.11443
0.251543 0.956886 0.397016 -0.507152 0.10971 0.854846
0.783672 -0.367657 0.282365 -0.504572 -0.11711 0.85539
-0.770495 -1.00267 -0.388995 -0.577867 -0.227987 -0.78364
-0.335098 -0.491564 -0.275896 0.095523 0.851384 -0.515772
0.34415 -0.803137 0.458613 -0.47181 0.061219 0.879572
1.193015 -0.37466 0.2788 0.452114 -0.583394 0.674718
0.598663 -0.04193 -0.285493 -0.778256 -0.323594 -0.538148
-0.188916 -0.713698 -0.300081 0.740162 0.331767 -0.584886
-0.971917 -0.647826 0.257356 -0.551931 -0.139741 0.822098
-0.784155 0.107232 -0.419586 0.451551 0.425953 -0.784006
-0.140193 -0.793551 0.291412 0.615125 0.364384 0.699175
1.038608 -0.169239 0.453592 0.033908 -0.436544 0.899044
-0.602258 0.56074 0.334791 -0.116682 -0.684206 0.719894
-0.950049 0.341427 0.351996 0.133856 0.443466 0.88624
-0.898416 -0.760132 -0.304511 -0.613824 0.015852 -0.789284
-0.312568 -1.217762 0.298009 0.269834 -0.678312 0.683434
-1.062285 0.481735 0.269506 -0.346989 0.458251 0.818294
-0.394787 1.207709 -0.336643 0.210585 0.670468 -0.711426
0.250103 -0.462661 -0.154446 -0.609083 0.732419 -0.30427
-1.36486 -0.255429 0.215804 -0.734969 -0.504764 0.452806
-0.689649 0.20348 0.263211 0.720012 0.451062 0.527375
0.947427 -0.262051 -0.394808 -0.174171 -0.491921 -0.85304
-0.184494 -1.028533 0.348658 0.421615 -0.19171 0.886277
-1.212354 -0.369509 -0.269581 -0.488562 -0.58858 -0.644113
-1.350488 0.28051 -0.209945 -0.715545 0.535919 -0.448092
-1.066311 0.398212 -0.316888 -0.200883 0.50717 -0.838108
-1.357384 -0.022953 0.348747 -0.714317 -0.0568 0.697513
-0.151275 -0.613714 0.123065 0.831062 0.506002 0.230864
0.63721 1.110455 -0.414034 0.272553 0.489922 -0.828065
-0.858055 1.192891 -0.111705 -0.73589 0.638421 -0.225576
1.271855 -0.455153 -0.037406 0.748869 -0.655324 -0.098715
-0.200202 0.550303 -0.175199 0.859385 -0.42031 -0.291198
1.194261 0.547571 0.031553 0.780205 0.617925 0.097206
1.390989 -0.146871 -0.268562 0.77383 -0.328464 -0.54157
-0.949664 0.889295 -0.232609 -0.807938 0.192034 -0.5571
-0.281127 0.510905 -0.274719 0.509398 -0.665198 -0.545917
-0.721874 -1.046798 0.406259 -0.483727 -0.325968 0.812252
0.815584 -1.057084 0.328914 0.658095 -0.350114 0.666581
1.138486 0.626705 0.026472 0.844128 0.52889 0.08788
1.346806 -0.018591 -0.359574 0.6933 -0.046398 -0.719154
1.263422 -0.104977 -0.407831 0.515294 -0.263843 -0.815389
0.967253 0.866362 -0.214532 0.821492 0.198062 -0.534717
0.139931 -0.885581 -0.324982 -0.511333 0.18931 -0.838272
0.828601 -0.053898 -0.46236 -0.348655 -0.242623 -0.905303
0.258204 -0.688835 -0.370181 -0.69602 0.251906 -0.672383
-0.695733 1.31907 0.077496 -0.378314 0.912581 0.15516
-0.608968 -1.089055 -0.433912 -0.207267 -0.451748 -0.867735
-1.196706 -0.322731 0.319192 -0.408071 -0.561314 0.720003
0.35523 -1.252691 0.275285 -0.218108 -0.760071 0.612144
-0.798335 1.264736 -0.039655 -0.60897 0.789209 -0.079404
0.581438 0.585088 -0.361707 0.168759 -0.664591 -0.7279
-0.876482 0.654583 -0.310066 -0.419693 -0.105525 -0.901511
-0.543331 -0.484251 0.245008 0.030485 0.848345 0.528565
-0.990201 -0.959603 0.094923 -0.915823 -0.333979 0.222994
-0.345419 -1.040202 0.423811 0.37168 -0.330596 0.867502
0.654241 -0.134663 -0.28033 -0.702171 -0.513488 -0.493241
-1.040595 0.487438 -0.27507 -0.312692 0.420686 -0.851614
-1.229135 -0.335367 0.287583 -0.490058 -0.575203 0.654969
-1.471262 0.071069 -0.148813 -0.940832 0.161127 -0.298115
0.649479 0.188607 -0.213097 -0.786344 0.459677 -0.412746
1.193961 -0.357341 -0.292898 0.434263 -0.577183 -0.691575
-0.784761 -0.59444 -0.326328 -0.196254 0.331749 -0.922728
-0.125998 0.629438 0.055859 0.788555 -0.603827 0.116509
0.757429 1.292006 -0.047511 0.51716 0.850597 -0.095025
-0.409309 -0.80134 0.485052 0.266728 0.086372 0.959894
0.903366 0.537445 -0.29592 0.169106 0.048554 -0.984401
0.52151 1.022832 0.472486 -0.007185 0.335166 0.942132
0.794153 0.663462 -0.347142 0.354521 -0.285014 -0.890552
-0.622323 -0.508411 -0.281613 0.045804 0.71404 -0.698605
0.579919 1.164273 0.391018 0.121259 0.611423 0.781958
-1.224446 0.466396 0.145016 -0.667931 0.629793 0.39652
1.37595 0.128456 -0.298599 0.743584 0.294621 -0.600235
0.687232 1.154324 0.362969 0.382147 0.571818 0.725939
0.533274 1.158862 0.399093 0.012457 0.601588 0.798709
0.22473 -0.660101 -0.31763 -0.762469 0.311382 -0.56717
-0.37606 0.651887 0.434492 0.248733 -0.427785 0.868983
-0.480337 0.778465 -0.491117 -0.007585 -0.204383 -0.978862
-0.139534 -1.07935 0.316199 0.323584 -0.295066 0.899016
0.135038 -0.770282 0.273187 -0.633598 0.41687 0.651746
0.894038 0.98297 0.274117 0.768352 0.253705 0.587595
1.269197 -0.365928 -0.219318 0.609095 -0.603731 -0.514307
0.634854 -0.116147 -0.271534 -0.717522 -0.514464 -0.469563
-0.453497 -0.435281 0.111333 0.025472 0.977701 0.208454
-0.049369 1.093668 0.288468 0.130909 0.315078 0.939994
0.376001 -1.135474 0.387264 -0.27646 -0.521984 0.806909
-0.62292 0.448361 -0.216306 0.307023 -0.719539 -0.622898
1.101147 0.695168 0.018678 0.89653 0.438717 0.061325
0.555388 0.39791 -0.005186 -0.47538 -0.879658 -0.014712
-0.587495 0.668652 -0.423727 -0.257196 -0.509522 -0.82112
0.273705 1.174781 0.319623 -0.316376 0.574078 0.755209
0.908257 -1.076905 -0.18499 0.817038 -0.427936 -0.386419
-0.152707 0.68975 0.231667 0.750298 -0.455595 0.479048
-0.637369 -0.185356 -0.19225 0.807051 -0.460524 -0.369575
0.25806 -0.437814 -0.089415 -0.443723 0.878203 -0.178519
-0.183753 0.531559 0.057507 0.890888 -0.444503 0.093463
0.921213 0.208579 -0.419616 -0.224802 0.487994 -0.843402
0.083433 -0.906892 -0.301845 -0.348998 0.237178 -0.906613
0.625059 -0.041873 -0.320288 -0.73284 -0.302124 -0.609645
-0.67224 0.286466 -0.182209 0.856617 0.154592 -0.492249
-1.202285 0.491119 0.143484 -0.670498 0.618063 0.410403
0.416661 -1.104692 -0.418585 -0.234441 -0.478703 -0.846097
-0.859831 -1.190851 -0.11165 -0.739335 -0.634431 -0.225568
1.23243 -0.345256 0.27618 0.506568 -0.581883 0.636239
0.362547 -1.229879 0.304094 -0.228271 -0.710891 0.665227
0.473933 -0.704208 0.467788 0.061089 0.397705 0.915478
0.584967 -0.791499 0.477673 0.268627 0.236924 0.933652
-1.399073 -0.017383 -0.300627 -0.797941 -0.041836 -0.601282
0.091525 0.762648 0.227146 -0.528981 -0.57666 0.622609
0.389411 -1.294684 0.225691 -0.160832 -0.854047 0.494709
0.795783 0.4702 0.290485 -0.196967 -0.1619 0.96695
0.709707 0.560315 0.32142 0.080015 -0.512449 0.854981
0.37331 -0.626508 -0.419974 -0.218494 0.499024 -0.838591
0.69168 -0.849198 -0.447361 0.437358 0.111196 -0.892386
0.397842 0.512728 0.310107 0.060942 -0.83368 0.548875
-0.96079 -0.910567 -0.206484 -0.839509 -0.232962 -0.490869
1.323776 -0.142949 0.34701 0.634731 -0.331688 0.697925
-1.260871 0.242601 -0.338313 -0.507272 0.495676 -0.704969
-0.520325 -0.560325 0.350304 -0.144053 0.738086 0.659149
0.472203 0.866106 0.498743 -0.090677 0.018664 0.995705
0.820805 0.350289 -0.306588 -0.437606 0.254484 -0.862403
-0.550586 -1.348244 -0.106339 -0.086719 -0.972227 -0.217381
0.373189 0.549875 0.358059 -0.063917 -0.728666 0.68188
0.201708 1.323101 -0.006212 -0.187243 0.982161 -0.017305
-0.513978 -0.84108 0.498677 -0.062216 0.071494 0.995499
-0.99183 -0.984963 -0.009063 -0.929772 -0.367541 -0.020931
-1.275321 -0.362959 -0.215446 -0.619113 -0.603297 -0.502724
0.239078 -0.446892 -0.070017 -0.65166 0.74603 -0.137033
0.901687 -0.76992 -0.302028 0.629918 0.002456 -0.776658
-0.204319 -0.487846 -0.034488 0.872004 0.486112 -0.057485
-0.204917 0.485033 0.012896 0.870554 -0.4916 0.021563
1.010944 -0.685553 0.215856 0.693941 -0.226276 0.683553
-0.637073 0.334212 -0.114196 0.89553 -0.247815 -0.369613
-0.423623 0.501159 0.287422 -0.09122 -0.860933 0.500474
-1.043131 0.809935 0.085118 -0.917798 0.31362 0.243493
1.409084 0.270554 0.078903 0.836443 0.522016 0.166921
-0.349755 0.753115 -0.455575 0.450542 -0.151931 -0.879732
-1.364669 -0.341659 -0.050194 -0.791357 -0.600871 -0.112729
1.485463 0.019258 -0.117908 0.970796 0.043956 -0.235843
0.726715 -0.160154 0.341374 -0.594497 -0.497377 0.631814
1.434451 -0.235952 0.043979 0.876621 -0.472445 0.091276
-0.596382 0.413011 0.147938 0.466634 -0.766234 0.441744
-0.351506 -0.430319 -0.105406 -0.054815 0.983492 -0.172449
0.610284 1.048282 0.452341 0.223578 0.36274 0.904672
1.353527 0.180194 0.295668 0.695906 0.394345 0.600172
0.205759 0.678074 -0.301865 -0.766467 -0.325799 -0.55352
0.983716 0.954456 0.124354 0.902013 0.318364 0.291575
0.557413 1.078268 0.447694 0.076332 0.441272 0.894121
-1.334743 0.355599 0.123683 -0.740492 0.609575 0.283002
0.42251 -0.577757 -0.386538 0.051895 0.693006 -0.719061
1.487319 -0.064733 -0.088152 0.973418 -0.145898 -0.176555
0.476807 1.205379 0.356587 -0.09144 0.683342 0.724349
1.255344 0.47289 0.044134 0.747246 0.653593 0.120163
-1.088225 -0.192216 -0.437403 -0.134033 -0.456141 -0.879756
0.663822 0.164844 0.262807 -0.720827 0.49813 0.481949
0.245924 1.314783 0.111381 -0.204358 0.934723 0.290743
-0.827812 -1.170347 -0.217762 -0.679085 -0.588752 -0.438423
-1.210474 -0.270246 0.350584 -0.40723 -0.525518 0.74699
-0.897991 -0.117576 0.461465 0.234869 -0.395593 0.887887
-0.430821 0.434606 0.107363 -0.012542 -0.981619 0.190439
0.828065 0.126788 0.431757 -0.377212 0.440672 0.814567
-0.143048 0.894622 -0.328762 0.506865 -0.16403 -0.846275
0.372408 0.464008 0.219903 0.057689 -0.926208 0.372574
-0.547681 0.084256 -0.116761 0.824434 0.532327 -0.192186
0.183688 -0.761014 0.318029 -0.692571 0.295127 0.658214
-0.680346 1.275978 -0.22141 -0.346588 0.826766 -0.443097
-0.953357 0.739722 0.259321 -0.671956 0.089747 0.735133
1.34398 -0.333453 -0.144976 0.738942 -0.590823 -0.323872
-1.4243 -0.214059 0.141742 -0.849278 -0.440224 0.291428
-1.026591 -0.521033 -0.265079 -0.361964 -0.367077 -0.856876
0.328716 0.445531 0.171762 -0.009112 -0.954617 0.297698
-1.200576 0.026396 0.45693 -0.400028 0.074378 0.91348
-0.807136 0.427252 -0.28971 0.317514 -0.007127 -0.948227
-0.515234 -0.475523 -0.228475 0.015459 0.884087 -0.467066
-0.653744 0.083778 0.326668 0.673647 0.451238 0.585307
-0.795149 1.244841 -0.137009 -0.604859 0.74756 -0.274409
0.019295 -1.266809 -0.137786 -0.02965 -0.888344 -0.45822
-0.873084 -1.071944 0.250788 -0.757286 -0.399503 0.516639
-0.62212 0.296109 0.008608 0.997603 -0.06425 0.025695
-0.188872 -1.140685 0.307241 0.323504 -0.475251 0.818219
-0.1727 -0.584234 -0.14063 0.859991 0.448921 -0.242661
-1.104955 -0.363842 -0.3285 -0.243365 -0.540808 -0.805171
1.06689 -0.711566 -0.121449 0.849214 -0.357064 -0.389025
-0.422212 -1.238194 -0.312667 0.159472 -0.73765 -0.656081
0.168661 -1.053691 -0.335373 -0.383065 -0.241959 -0.891469
-1.006957 0.910208 -0.096657 -0.920478 0.307987 -0.240551
-0.636816 -1.172125 0.370507 -0.25779 -0.620038 0.741011
0.483948 0.523355 -0.310906 0.108643 -0.815554 -0.568392
1.183695 0.27973 -0.357391 0.35286 0.532142 -0.76962
0.953223 -1.002241 0.159374 0.870414 -0.34322 0.352958
-0.692953 -1.245613 -0.261894 -0.378595 -0.763056 -0.523843
0.290892 -1.091739 0.377456 -0.379236 -0.398332 0.835172
-0.472199 1.361248 0.031181 0.028319 0.997418 0.065999
0.517308 1.089046 0.443272 -0.026636 0.466724 0.884002
0.325111 0.647636 -0.410069 -0.48475 -0.356671 -0.798625
-0.999042 -0.210051 0.431653 0.058729 -0.484563 0.872783
-0.325299 1.122798 -0.375856 0.334377 0.477248 -0.812666
-0.091764 1.292695 0.088525 0.120488 0.95197 0.281488
-0.555552 1.295556 -0.241964 -0.080976 0.867942 -0.490021
-0.817849 1.20755 0.175494 -0.656203 0.667266 0.352354
-0.245479 1.301105 0.148177 0.214818 0.897536 0.385075
0.032113 -0.750048 -0.172755 -0.233157 0.79624 -0.558247
-0.536708 -0.847654 -0.497 -0.124837 0.071311 -0.989611
-1.154132 0.508666 0.185555 -0.605167 0.569372 0.556406
0.88016 0.581981 0.301537 0.25651 -0.068106 0.964139
-1.095851 0.081512 0.480165 -0.178805 0.242949 0.953417
1.008993 -0.920722 0.071787 0.930147 -0.321543 0.177303
-0.686223 0.480471 0.268094 0.206061 -0.555757 0.805402
0.396887 -0.716064 0.465382 -0.242401 0.279461 0.929055
0.726785 0.065409 0.403728 -0.545356 0.341058 0.765681
-1.462673 0.165853 -0.074681 -0.922994 0.353779 -0.1514
-0.986712 0.438413 -0.309256 -0.089938 0.381641 -0.919925
-1.413558 0.157826 0.225048 -0.820622 0.345744 0.455018
-0.471683 1.337276 -0.151799 0.041361 0.946774 -0.319232
-1.041116 -0.636811 -0.205193 -0.661446 -0.317499 -0.679473
0.483143 -1.178874 -0.38074 -0.088461 -0.633905 -0.768335
0.642571 0.390252 -0.170076 -0.646451 -0.515886 -0.562105
-0.081946 -1.239373 0.19001 0.131819 -0.783711 0.606976
-0.609501 -0.725092 0.446439 -0.302836 0.388905 0.870082
-0.865669 -0.847651 -0.332017 -0.654211 -0.020474 -0.756035
0.835605 0.026729 0.470407 -0.330272 0.12509 0.93556
1.107701 0.638253 -0.111718 0.802918 0.465453 -0.372391
1.013229 0.468291 0.292171 0.210771 0.392678 0.895198
-1.183102 -0.513026 0.142391 -0.677099 -0.601979 0.42327
0.765975 0.358158 -0.27235 -0.561858 0.102816 -0.82082
0.392753 -1.158739 0.37671 -0.242048 -0.572678 0.783232
-0.088665 -0.708575 0.157932 0.586292 0.69276 0.419936
0.785053 0.896902 0.394585 0.57804 0.021399 0.815727
0.288491 0.774046 0.419295 -0.603064 -0.124086 0.787982
-0.413786 1.155222 0.385387 0.215216 0.572353 0.791261
1.334951 -0.108545 0.351221 0.661225 -0.259545 0.70386
-0.437897 0.634464 0.431516 -0.029312 -0.556049 0.830632
0.513487 0.419257 0.064443 -0.232326 -0.96091 0.150585
-0.116348 -1.302303 0.063382 0.141906 -0.970164 0.19658
0.40778 -0.847301 -0.486385 -0.292 -0.010303 -0.956363
-0.906704 0.845686 -0.293774 -0.709887 0.077007 -0.700094
-0.85966 -0.171304 0.420327 0.338015 -0.477966 0.810737
1.04128 0.581025 -0.230668 0.537337 0.350334 -0.76716
0.51721 -0.647803 -0.429255 0.184793 0.559526 -0.807949
-1.146847 -0.601837 -0.068053 -0.806311 -0.547726 -0.22329
0.476369 -0.501426 0.278197 0.083603 0.856962 0.508553
-1.176316 0.468557 0.203879 -0.567901 0.592005 0.571855
0.4858 -0.731762 0.477812 0.069733 0.33362 0.940125
0.329954 -0.6277 0.403228 -0.439987 0.416883 0.795374
0.334569 0.803628 0.453334 -0.49601 -0.061526 0.866134
0.709471 -0.824246 -0.434604 0.452772 0.156452 -0.877793
0.790243 0.701675 -0.360723 0.414614 -0.260133 -0.872024
0.989761 0.94811 -0.111964 0.909573 0.319846 -0.265285
-1.078366 -0.548589 -0.221317 -0.536604 -0.444889 -0.717029
-1.119365 0.505879 -0.220108 -0.524117 0.526575 -0.669342
0.01312 1.177504 0.242075 -0.027429 0.591484 0.80585
1.189478 0.318814 -0.326174 0.389124 0.557759 -0.733136
-0.891643 -0.581012 0.298349 -0.269889 0.034681 0.962267
-0.794349 0.950718 0.382636 -0.608429 0.12875 0.783095
-0.905898 0.99511 -0.251952 -0.791238 0.284273 -0.541417
-1.185599 -0.561195 -0.002467 -0.793779 -0.608158 -0.007736
-1.201422 -0.536145 0.044862 -0.768875 -0.62477 0.135989
-0.397606 0.424761 0.035387 -0.040225 -0.99743 0.059293
-0.211337 -0.759497 0.346181 0.694188 0.237943 0.679328
0.581141 0.761511 -0.469942 0.268019 -0.307366 -0.913068
0.550318 -1.356542 -0.058106 0.088962 -0.988905 -0.118965
-0.640822 -0.668688 -0.406074 -0.28617 0.482677 -0.827725
-1.316811 0.364131 0.148554 -0.71085 0.613355 0.344222
-0.177076 -1.315462 0.045929 0.180825 -0.974597 0.132145
1.276619 0.235067 -0.331789 0.539304 0.485326 -0.688193
-0.646683 0.632142 -0.381365 -0.240735 -0.53655 -0.808802
0.971739 -0.548734 -0.276857 0.321135 -0.216669 -0.921915
-0.638713 -0.268546 -0.112468 0.942284 -0.156792 -0.295832
0.576186 -1.314941 0.1986 0.12529 -0.907155 0.401711
-1.187924 -0.488132 -0.168522 -0.633244 -0.60445 -0.483366
0.595168 1.35223 -0.043316 0.169996 0.981532 -0.087724
0.269074 0.992765 0.400708 -0.470189 0.191116 0.861625
-0.809182 -1.188424 -0.22074 -0.640792 -0.626895 -0.443156
0.159688 1.310035 -0.060118 -0.173532 0.968814 -0.176876
0.495071 -1.01708 0.473322 -0.077342 -0.327849 0.941559
1.019758 -0.539623 -0.260453 0.393328 -0.336473 -0.855616
0.213528 1.164466 0.302011 -0.317251 0.540521 0.779223
0.211966 -0.939079 -0.374492 -0.523939 -0.031359 -0.851178
-0.186243 0.61393 0.217977 0.829632 -0.406313 0.38291
0.082797 -0.941959 0.308762 -0.316879 0.138138 0.938353
-0.886348 1.178465 -0.009678 -0.788848 0.614273 -0.019681
0.395525 0.423809 -0.014741 0.041204 -0.998847 -0.024625
-0.65546 0.327763 -0.150007 0.873199 -0.127215 -0.470468
0.136505 0.721591 -0.237926 -0.693944 -0.479254 -0.537361
1.389259 0.086412 -0.299268 0.774046 0.203515 -0.599529
0.815054 0.302833 -0.321062 -0.480388 0.359022 -0.800207
-0.444777 1.050622 -0.452502 0.198161 0.388199 -0.900019
-0.600858 -0.656601 0.411839 -0.256258 0.527642 0.809892
-0.845532 -0.874112 0.348347 -0.64579 -0.033788 0.762767
-0.170084 -0.627829 -0.197861 0.821656 0.440175 -0.362115
-0.527375 0.617783 0.404047 -0.189344 -0.624519 0.757711
-0.697276 -1.096342 -0.396415 -0.41961 -0.44234 -0.79263
0.608778 1.343252 0.089773 0.195006 0.963912 0.181233
-0.821177 1.247985 -0.002536 -0.658582 0.752491 -0.005085
-0.912569 0.730367 -0.29335 -0.595439 -0.003915 -0.803391
-0.449073 0.832642 0.495561 0.147094 -0.042958 0.988189
0.563838 -0.128897 -0.019135 -0.843059 -0.536876 -0.031869
-0.730004 -1.246389 -0.228928 -0.462643 -0.759158 -0.457865
0.840056 1.093048 -0.279193 0.702738 0.429655 -0.567059
0.58789 0.503918 -0.274739 -0.024804 -0.772309 -0.634763
-0.877209 0.325786 0.340637 0.318703 0.390162 0.86383
1.172955 0.428446 -0.245367 0.48641 0.585277 -0.648734
0.113173 -1.248746 -0.185384 -0.168017 -0.802476 -0.572541
0.86315 -0.042287 0.47675 -0.277925 -0.183684 0.942878
0.347254 0.762359 0.455778 -0.460723 -0.133441 0.877455
-0.294138 1.255708 0.247599 0.246878 0.767992 0.590965
0.292772 -0.437631 -0.134711 -0.155084 0.95561 -0.250518
-1.2443 0.487358 0.033238 -0.752843 0.651632 0.092759
0.482462 0.874767 -0.49931 -0.062462 0.032152 -0.997529
0.146866 -1.062333 0.324094 -0.348682 -0.251896 0.902756
0.656048 -0.507082 -0.283278 -0.079003 0.646244 -0.75903
0.618733 -0.32319 0.027505 -0.960436 0.264003 0.088683
0.53258 1.21624 -0.348892 0.018442 0.711874 -0.702065
-0.368098 -0.862128 0.471016 0.405376 -0.041157 0.913223
0.435088 -0.597695 0.40371 0.062472 0.650263 0.757136
-0.390777 1.03037 0.445281 0.310085 0.335497 0.889544
0.414662 -0.731043 -0.473752 -0.185784 0.261343 -0.947198
0.51234 0.448942 -0.170462 -0.098933 -0.925385 -0.365888
-0.048184 1.028433 -0.302479 0.154824 0.103379 -0.982518
-0.852175 -0.399466 -0.307215 0.289041 -0.193513 -0.937554
0.812617 0.411653 -0.29206 -0.348392 0.056338 -0.935655
0.69428 -0.571399 -0.330085 0.11263 0.538292 -0.835198
-0.910531 -0.548703 -0.293939 -0.211987 -0.053943 -0.975783
0.338714 0.431745 -0.116384 0.037473 -0.980484 -0.192997
0.230993 -0.937671 0.386354 -0.527687 -0.052486 0.847816
0.238303 -0.556231 -0.265163 -0.77446 0.425959 -0.46773
-0.759079 -0.400798 -0.267377 0.481349 0.078583 -0.872999
-0.389474 1.225239 -0.317701 0.205619 0.705367 -0.678364
-1.11372 -0.589948 -0.153847 -0.708612 -0.491677 -0.506085
0.023508 -1.222748 -0.201697 -0.042127 -0.741372 -0.669771
-0.517534 -0.638801 0.422776 -0.185186 0.579681 0.793521
0.806591 0.985638 0.365111 0.634768 0.202589 0.745672
-1.042547 -0.088322 0.485214 -0.068499 -0.275048 0.958987
-0.158846 0.73879 -0.278442 0.701289 -0.386719 -0.598868
-0.526675 -0.050329 -0.112178 0.875151 -0.4417 -0.197513
-0.434568 -0.62068 0.421994 -0.035902 0.59035 0.806348
-0.118002 -1.240267 0.19813 0.178697 -0.774081 0.607343
0.369365 1.288886 -0.228632 -0.181901 0.841323 -0.509007
-0.031217 -1.113181 -0.279177 0.07928 -0.377801 -0.922486
-0.090815 1.109163 -0.290625 0.216558 0.369819 -0.903514
-0.689026 -0.29374 -0.206588 0.811192 -0.163565 -0.561439
1.162167 -0.593106 -0.00264 0.818828 -0.573974 -0.008577
0.859082 -1.049974 0.284632 0.730564 -0.350752 0.585875
-0.088453 1.281019 -0.120149 0.121795 0.915746 -0.382853
-0.667323 -1.291673 -0.200278 -0.316409 -0.859653 -0.401102
0.381314 0.692891 0.453338 -0.282304 -0.320687 0.904138
0.543887 1.300403 0.234923 0.060243 0.876694 0.47726
-0.836845 -1.010099 0.328996 -0.687269 -0.263509 0.676923
-0.434426 -0.520154 -0.315753 -0.100162 0.824433 -0.557026
-0.473559 -0.421822 0.013352 0.115263 0.992961 0.027247
-1.233136 0.45784 -0.143967 -0.670309 0.632929 -0.38741
0.59813 0.062269 0.269607 -0.764237 0.42595 0.484261
-1.131209 0.492523 0.221575 -0.520088 0.544564 0.657996
0.448743 0.865816 -0.495688 -0.167761 0.031415 -0.985327
0.957271 -0.435237 -0.312191 0.017844 -0.336514 -0.941509
-1.452495 0.088548 -0.190382 -0.902151 0.200998 -0.381737
-1.112197 0.233341 -0.410322 -0.184459 0.495278 -0.848925
-0.612074 0.199608 0.094339 0.893815 0.405361 0.191773
-0.647101 -0.313551 0.129354 0.915732 0.075574 0.394617
-0.195197 1.071045 0.341688 0.389872 0.300691 0.870394
-0.577211 0.150527 -0.020757 0.860485 0.508186 -0.036238
1.009762 0.157371 0.459449 -0.0228 0.426799 0.904059
0.629221 0.273659 0.073129 -0.974756 0.101544 0.198846
0.326489 0.476173 0.246742 -0.094577 -0.884397 0.457053
-0.930181 -0.539406 0.290412 -0.220224 -0.120331 0.967999
0.941731 -0.999985 -0.187212 0.850577 -0.327285 -0.411588
-0.355988 -0.537213 -0.341874 0.111576 0.745648 -0.656932
-0.934999 -1.072392 0.12146 -0.860987 -0.438605 0.257541
0.432232 0.426893 0.054582 -0.007951 -0.995151 0.098033
-0.341062 -0.425147 0.074294 -0.047444 0.991464 0.121443
-0.610921 0.654336 0.407164 -0.258739 -0.526705 0.809714
0.188425 -0.580188 -0.183089 -0.853993 0.417613 -0.310316
0.446789 1.14346 0.401606 -0.167046 0.559379 0.811906
-1.468693 -0.107673 -0.131226 -0.934395 -0.239625 -0.263603
-0.282429 0.437765 -0.127239 0.228887 -0.94255 -0.243332
-1.195163 0.523026 0.102572 -0.725456 0.616021 0.306971
-0.486426 -1.087188 -0.442021 0.100001 -0.461997 -0.881225
0.176974 -0.574714 0.138326 -0.86585 0.441729 0.234902
0.122346 -1.268775 -0.156622 -0.166726 -0.861389 -0.479803
-1.47694 -0.043206 -0.142799 -0.953212 -0.098628 -0.285761
-0.882918 -0.440806 -0.306243 0.131866 -0.170182 -0.97655
0.499669 -1.342088 -0.138583 0.001112 -0.95764 -0.287966
1.015736 0.63915 0.226991 0.616015 0.254785 0.745393
-0.574915 -1.238481 -0.320539 -0.110943 -0.75733 -0.643539
-0.200657 0.58738 0.221711 0.83723 -0.395923 0.377214
-0.235023 0.663094 0.332579 0.74702 -0.297527 0.594508
1.468598 0.144304 -0.085102 0.934166 0.312757 -0.171802
0.043886 -1.279657 0.112428 -0.063549 -0.926675 0.370452
-0.988298 0.89562 -0.161888 -0.877874 0.261989 -0.400874
1.164754 0.165782 0.431421 0.299762 0.403583 0.864444
0.384624 -1.354137 -0.032029 -0.12516 -0.989514 -0.072092
0.772808 -1.262606 0.134511 0.554635 -0.787365 0.269141
0.720473 -1.283669 0.164063 0.436229 -0.837865 0.328156
1.179462 -0.23695 -0.387209 0.33041 -0.494872 -0.803698
-1.246289 -0.470062 0.090473 -0.722206 -0.646335 0.246312
0.797836 0.381234 -0.28834 -0.447463 0.110012 -0.88751
-0.5449 -0.408125 -0.058522 0.381492 0.911094 -0.156116
0.401778 0.461077 0.206729 0.072813 -0.934151 0.349371
0.868659 -0.242429 0.381361 -0.348687 -0.476994 0.806781
1.068379 0.756304 -0.06119 0.913841 0.359488 -0.188846
-1.310279 -0.350691 0.181979 -0.682203 -0.601364 0.415884
-0.717772 -0.87702 -0.436322 -0.479874 0.046888 -0.876083
-0.640981 -0.020578 -0.345684 0.714059 -0.153406 -0.683071
-0.978393 0.694568 -0.243998 -0.64842 0.144326 -0.747477
1.14648 0.543904 -0.157099 0.669872 0.555535 -0.492597
-0.918605 0.774279 0.287667 -0.659477 0.033372 0.750983
1.013737 0.914536 0.056534 0.935545 0.323813 0.141072
-0.887189 -0.07521 -0.47491 0.239281 -0.292029 -0.925993
-0.362079 -1.346038 -0.072958 0.147193 -0.974858 -0.167289
0.159132 -0.844596 0.327296 -0.584254 0.230007 0.778296
-0.93346 0.449688 0.307754 0.003699 0.268265 0.963338
0.723129 -0.217394 0.293114 -0.661082 -0.444279 0.604638
0.993144 -0.948727 0.098818 0.915875 -0.325673 0.234754
1.040334 -0.842363 -0.041968 0.939576 -0.322219 -0.115637
0.941941 -1.048198 0.136664 0.866498 -0.403657 0.29367
1.364628 -0.080479 -0.330407 0.724638 -0.193195 -0.661495
0.656874 -0.209128 0.205581 -0.804085 -0.417508 0.423243
-0.730137 -0.746331 0.404179 -0.421358 0.280632 0.862383
-0.741978 -0.828392 -0.417605 -0.492715 0.131323 -0.860224
-0.287821 -0.631077 -0.374628 0.624682 0.344859 -0.700603
0.957097 -0.151356 0.457845 -0.12959 -0.432585 0.892231
-0.708099 -0.199331 -0.290031 0.674059 -0.465745 -0.573346
-0.557598 0.515698 -0.290079 -0.04218 -0.790944 -0.610433
1.114986 -0.669029 0.011099 0.879897 -0.47373 0.036893
0.977921 -1.002874 0.074172 0.912532 -0.373194 0.167366
0.992911 -0.647889 -0.24242 0.590235 -0.193416 -0.783717
0.482981 -1.361007 -0.037629 -0.013986 -0.996762 -0.079186
-1.19025 0.078709 -0.452905 -0.371178 0.215515 -0.903206
-0.599454 1.084186 0.438547 -0.184171 0.443965 0.876913
1.210535 -0.529785 -0.001974 0.773657 -0.633577 -0.005912
0.873115 -1.153282 -0.157307 0.764138 -0.560174 -0.31984
-0.30741 -0.895629 0.436924 0.508626 -0.064293 0.858584
-0.12921 -0.949609 0.328525 0.425103 0.057707 0.903303
-0.632088 0.424198 -0.194695 0.449376 -0.65863 -0.603545
-0.626912 0.783137 -0.461464 -0.336943 -0.261805 -0.904394
0.764553 0.356356 0.271598 -0.568018 0.105538 0.816222
0.196111 -1.254223 0.207778 -0.235796 -0.786367 0.570988
-0.551272 0.06204 0.174528 0.829796 0.46886 0.30267
-0.961525 0.899264 -0.210404 -0.833905 0.221573 -0.505478
0.774555 -1.175081 -0.278984 0.571591 -0.60075 -0.558912
0.636374 0.192222 -0.181452 -0.821792 0.444715 -0.356213
-0.695943 -1.319526 0.074234 -0.378757 -0.913483 0.148631
0.947107 -0.734972 -0.265424 0.655248 -0.074193 -0.751761
-0.657601 -1.056196 -0.434041 -0.338812 -0.364007 -0.867586
0.714723 -0.135025 0.349855 -0.595586 -0.494219 0.633265
-1.340692 -0.365361 0.078663 -0.764095 -0.618981 0.181715
0.284055 -1.27791 -0.211339 -0.231703 -0.824643 -0.516021
-0.620388 -0.256534 0.024086 0.982963 -0.173132 0.061722
-1.174627 -0.413117 -0.257797 -0.465139 -0.584088 -0.665197
0.53142 0.987726 -0.48332 0.031138 0.25907 -0.965357
-1.024781 -0.132753 0.470405 -0.016712 -0.381031 0.924411
-0.976112 -0.403525 -0.324752 -0.003319 -0.40614 -0.913805
-0.549437 0.400966 -0.004874 0.439348 -0.898216 -0.013477
-0.93953 -0.509183 -0.293383 -0.156561 -0.187259 -0.969754
-0.471436 1.270693 -0.281283 0.07374 0.810427 -0.581181
-0.955616 0.024149 -0.496902 0.090322 0.09211 -0.991644
0.99518 -0.801925 -0.195747 0.816738 -0.206381 -0.538838
0.401133 1.175018 -0.366807 -0.22202 0.606917 -0.763124
-0.574423 0.141353 -0.056117 0.847511 0.522036 -0.09593
0.976863 0.241753 0.411443 -0.109568 0.497858 0.86031
0.56151 0.043528 0.220752 -0.836426 0.366946 0.407114
-0.494448 -0.607671 0.403138 -0.158325 0.646019 0.746721
0.47691 -0.539271 0.334062 0.123892 0.786617 0.604883
-0.186767 0.563795 -0.153597 0.866918 -0.427353 -0.25656
-0.338497 0.46473 0.224012 0.017116 -0.917943 0.396344
-1.149411 0.611517 0.010868 -0.833805 0.550896 0.035806
-0.18231 0.550055 0.108295 0.880272 -0.439508 0.178757
0.012899 1.082918 0.288557 -0.036235 0.276648 0.960288
1.285672 0.161297 0.369453 0.553961 0.372509 0.744556
-0.593492 0.180882 0.011221 0.894713 0.446127 0.021456
-1.396532 -0.295189 0.059766 -0.823378 -0.552722 0.128637
0.761146 -0.265001 0.300208 -0.608881 -0.379658 0.696508
-0.087024 0.862028 -0.28822 0.403322 -0.352642 -0.844378
-0.231791 0.707757 0.348809 0.722449 -0.257513 0.641681
0.717117 -0.392287 0.23923 -0.577883 0.201429 0.790872
-1.036253 0.177447 0.449623 -0.026857 0.447756 0.893752
-0.188509 -1.304858 -0.103553 0.194372 -0.936348 -0.292355
-0.682421 -0.073588 0.363294 0.625043 -0.400266 0.670155
1.342851 0.25363 0.249717 0.68706 0.503803 0.523575
1.367034 0.306534 -0.13927 0.767372 0.565088 -0.303012
-0.284821 0.750068 0.412049 0.620214 -0.158704 0.76821
-0.959162 0.800885 -0.243605 -0.752129 0.131429 -0.645777
1.087513 0.660417 0.127922 0.804508 0.415587 0.424328
-1.056369 0.804302 0.00168 -0.940023 0.341076 0.004894
0.776585 -0.747202 -0.380611 0.461648 0.22741 -0.857418
0.901804 0.792109 0.301744 0.654222 0.015705 0.75614
-0.461241 1.050071 0.456022 0.161647 0.389969 0.906529
-0.344196 1.199083 -0.327643 0.264662 0.641706 -0.719839
-1.340795 0.12922 -0.337173 -0.671101 0.301708 -0.677197
-1.113701 0.667911 -0.033462 -0.874991 0.471186 -0.11124
-0.627876 -0.469042 -0.241295 0.211945 0.714632 -0.666618
0.484788 -1.241343 -0.31997 -0.064395 -0.754327 -0.653333
0.771366 -1.212222 0.236353 0.559089 -0.680822 0.473181
-0.159993 -1.291414 -0.124831 0.186036 -0.912019 -0.365529
-0.877137 -0.969929 0.299866 -0.737653 -0.217351 0.639239
0.68906 -0.341962 0.202559 -0.769828 0.073494 0.634006
0.649966 1.312082 -0.165291 0.278082 0.901516 -0.331572
0.869957 -1.01334 -0.290811 0.740336 -0.288073 -0.607386
-1.377213 -0.263913 -0.183439 -0.764987 -0.514955 -0.386802
0.974276 -0.893297 0.191127 0.851835 -0.236021 0.467624
0.911824 0.037062 0.489296 -0.179934 0.149526 0.972248
-0.496864 0.491652 -0.258605 -0.04879 -0.867759 -0.494584
1.295557 -0.422787 -0.063823 0.74439 -0.648324 -0.159875
0.965501 0.468608 -0.300326 0.108306 0.305087 -0.946146
-0.67756 0.222679 -0.229295 0.775161 0.400129 -0.488899
1.337283 0.360865 0.104095 0.751685 0.614526 0.239433
0.18578 0.954277 0.358408 -0.495231 0.027778 0.868317
1.255958 -0.321584 -0.27837 0.53719 -0.570294 -0.621443
-0.461283 1.360681 -0.033747 0.042585 0.996505 -0.071867
-0.204023 0.989252 -0.365527 0.472311 0.121968 -0.872952
-0.433314 1.218867 0.335806 0.15483 0.701007 0.696145
0.666878 1.003628 -0.448326 0.376626 0.240803 -0.89452
0.592662 0.170536 -0.06638 -0.872931 0.472169 -0.122671
-0.471006 -1.349823 0.107638 0.035837 -0.973179 0.227242
-0.065539 -0.867739 -0.281584 0.317889 0.377931 -0.869548
-0.526213 1.145999 -0.408507 0.004431 0.576544 -0.817054
-0.077852 1.21217 0.219908 0.137927 0.697095 0.703587
1.033389 -0.010403 -0.498698 0.066509 -0.035695 -0.997147
-0.096785 0.702637 -0.160053 0.623188 -0.665973 -0.410021
-0.71793 0.41376 -0.246235 0.496603 -0.282339 -0.820774
0.890299 0.316976 0.349399 -0.292055 0.416583 0.860908
-1.070979 0.581232 0.207349 -0.59878 0.412969 0.686235
-0.975107 0.889891 0.191326 -0.851084 0.234013 0.469993
1.026847 0.669775 0.205249 0.697162 0.269754 0.664228
0.203163 0.52571 0.145033 -0.865518 -0.439647 0.239978
-1.004756 -0.910427 0.104475 -0.916549 -0.304393 0.259391
0.653167 0.931266 0.466528 0.367245 0.076119 0.927004
1.45839 -0.163853 0.100772 0.91396 -0.350692 0.204188
0.514324 -1.262816 0.294968 -0.005067 -0.800178 0.599741
-0.827547 0.055833 -0.461424 0.351161 0.250566 -0.902165
1.008308 0.325501 -0.365365 -0.011419 0.495984 -0.868257
0.887463 1.15275 -0.118708 0.79001 0.563195 -0.242273
-0.696999 -0.001657 -0.39772 0.605992 -0.01084 -0.795397
1.007688 0.876818 0.128732 0.901013 0.280223 0.331136
-0.786277 -1.252849 0.134137 -0.584956 -0.765324 0.268525
-0.986593 0.995248 0.031487 -0.924682 0.373889 0.071897
0.890426 0.759405 0.31061 0.60196 -0.031739 0.797895
-0.514078 -0.684964 -0.452872 -0.171213 0.47144 -0.865119
0.024158 0.707557 0.077303 -0.202239 -0.946312 0.252177
0.182924 -0.548838 -0.10833 -0.880553 0.439005 -0.178607
-0.782902 -0.798883 -0.388368 -0.517271 0.146559 -0.843179
-0.888662 1.003161 -0.271896 -0.766823 0.283328 -0.575941
-0.285187 1.339257 -0.004361 0.184253 0.982818 -0.010898
0.455859 -0.590369 -0.39468 0.110318 0.677063 -0.72761
-0.90892 0.821626 0.29382 -0.69284 0.055427 0.718958
-0.514659 -1.353301 0.092231 -0.02897 -0.981166 0.190982
-0.565271 0.797205 -0.48424 -0.226817 -0.215468 -0.949804
1.144614 -0.292753 -0.364126 0.273473 -0.536453 -0.798393
-0.695999 -0.873162 0.447511 -0.447523 0.059374 0.892299
-1.299113 -0.243375 -0.306526 -0.589755 -0.493888 -0.638956
-0.684945 0.541719 -0.310945 -0.027143 -0.572631 -0.819364
-0.840708 0.171949 0.411481 0.376962 0.481756 0.791082
0.399653 0.426306 0.054665 0.040158 -0.994963 0.091851
-0.201752 -1.174131 0.290378 0.303259 -0.565095 0.767269
-0.490948 -0.436251 -0.125273 0.100922 0.960232 -0.260327
0.295377 0.831188 -0.430128 -0.562918 -0.040081 -0.825541
-0.470552 -1.323813 -0.186963 0.049698 -0.918644 -0.391947
1.129572 -0.629779 -0.065064 0.83168 -0.511351 -0.216401
0.624811 0.919297 -0.477623 0.309922 0.057304 -0.949034
-0.970497 -0.952296 -0.161619 -0.878177 -0.296855 -0.375076
0.317653 -0.829154 0.444545 -0.525618 0.028196 0.850253
-0.519086 -0.052602 -0.061522 0.880715 -0.461464 -0.106731
0.369817 -1.202285 0.333777 -0.240434 -0.653852 0.717404
-0.673191 0.097266 -0.337787 0.645074 0.468645 -0.603533
0.778069 -0.699661 0.365798 0.401959 0.281792 0.871219
0.27707 0.624783 -0.361343 -0.65996 -0.34626 -0.666751
1.405963 0.276816 -0.074664 0.832947 0.530138 -0.158599
-0.462259 -0.835173 -0.497341 0.10336 0.04653 -0.993555
-0.441988 1.146195 0.398698 0.174381 0.563266 0.807665
0.709654 1.184059 -0.32371 0.42762 0.630825 -0.647457
0.680571 0.850357 -0.45283 0.421726 -0.110545 -0.89996
0.647362 -0.250832 0.148069 -0.895992 -0.261597 0.358839
-1.116369 0.159511 -0.448038 -0.199369 0.40386 -0.892832
-1.406484 0.229825 -0.165951 -0.815389 0.466027 -0.343454
0.643792 1.342949 0.018269 0.266651 0.963093 0.03673
-0.664707 0.693491 0.410795 -0.324071 -0.42302 0.846187
-0.645481 -0.176033 -0.219887 0.773963 -0.480816 -0.412064
0.163391 -1.206716 0.249137 -0.249185 -0.659327 0.709363
0.205628 -0.787338 0.349691 -0.66956 0.21629 0.710569
-1.017098 0.701644 0.203551 -0.732346 0.238576 0.63777
-0.555423 0.116377 -0.005561 0.837109 0.546961 -0.009091
-0.181338 -0.616686 0.210202 0.829541 0.415998 0.372569
-1.2876 0.111013 0.389441 -0.563887 0.272739 0.779516
0.579371 -0.820382 -0.485351 0.247577 0.164393 -0.95482
0.942959 -0.058039 0.49017 -0.1227 -0.216063 0.968639
0.357493 0.680565 -0.440084 -0.373907 -0.320243 -0.870424
0.303685 -0.836237 -0.43588 -0.547198 0.026563 -0.836581
0.43636 -0.964459 -0.4794 -0.227193 -0.229718 -0.946368
1.126794 -0.464172 -0.247321 0.451129 -0.545095 -0.70665
0.636949 0.33056 0.111516 -0.905878 -0.225463 0.358542
-1.381681 -0.036624 0.320451 -0.762378 -0.088804 0.64101
-0.206088 0.505665 -0.114851 0.865124 -0.463667 -0.191242
-0.652119 0.93129 0.46694 -0.365072 0.076473 0.927833
-0.253072 1.017979 -0.386046 0.4533 0.225403 -0.862388
-1.319987 -0.379813 0.108558 -0.73636 -0.626296 0.255983
0.28901 1.33777 -0.041882 -0.184685 0.977269 -0.104098
-0.279675 1.165458 -0.329033 0.322884 0.553768 -0.76752
0.229598 -0.891416 -0.386077 -0.570326 0.027649 -0.820953
0.445621 -1.319635 0.192303 -0.084673 -0.90892 0.408282
-0.934108 0.907541 -0.248449 -0.794322 0.190143 -0.576973
-0.620494 -0.312377 0.017864 0.981745 0.181743 0.056091
0.612609 0.033377 -0.308827 -0.76058 0.258353 -0.595627
-1.103233 -0.46312 -0.261758 -0.397368 -0.519919 -0.756163
0.58564 -0.004216 0.279688 -0.82833 -0.038232 0.558934
-1.127719 -0.149311 -0.449835 -0.225438 -0.383705 -0.895515
1.426039 -0.237462 0.090984 0.859234 -0.475402 0.188971
-1.294709 -0.425714 -0.055348 -0.747248 -0.649799 -0.13922
0.179905 0.710234 0.286399 -0.742746 -0.357196 0.566339
-0.574372 -0.110647 0.150737 0.80394 -0.539793 0.249607
-0.588586 0.375422 0.031273 0.700007 -0.707025 0.100529
1.361285 0.109969 0.3239 0.714963 0.258569 0.649592
-0.264415 0.818977 0.406605 0.610145 -0.086721 0.78753
-0.620003 0.313765 -0.01336 0.98019 -0.19353 -0.042118
0.117312 -0.909174 -0.31746 -0.44074 0.175977 -0.880216
0.595388 -1.057255 -0.451957 0.181702 -0.387392 -0.903832
-0.077913 0.701719 0.129464 0.550345 -0.75472 0.357097
0.976569 -0.79993 0.222451 0.781181 -0.166327 0.60174
-0.645201 1.101921 -0.416234 -0.294693 0.469226 -0.832456
-0.805912 -0.49497 -0.296407 0.098921 0.180982 -0.978499
-0.612969 0.97921 0.472884 -0.25753 0.204548 0.944372
0.598692 -0.156152 -0.133563 -0.831462 -0.502293 -0.237428
0.939321 0.074789 0.485433 -0.13521 0.270576 0.953156
-0.727831 1.195229 -0.299169 -0.466622 0.651254 -0.598441
0.716262 -0.441047 0.256198 -0.382643 0.376302 0.84379
-0.858322 -0.060635 0.470942 0.291832 -0.255349 0.921754
0.582777 1.080449 -0.443506 0.141915 0.440366 -0.886532
-0.295388 1.19432 -0.31278 0.295081 0.622677 -0.724708
0.593269 -0.7648 0.467345 0.287165 0.301715 0.909123
-0.918471 -0.847747 -0.281223 -0.729011 -0.0978 -0.677479
0.436979 -0.640194 -0.435297 0.019405 0.539696 -0.841637
0.734492 0.97248 0.420394 0.515302 0.159695 0.841999
0.568353 0.067839 -0.208314 -0.803291 0.473537 -0.361229
1.416627 -0.195822 -0.184289 0.829893 -0.41182 -0.376407
-0.891821 0.890447 0.303147 -0.719917 0.111364 0.685067
-0.192625 -0.573523 -0.185714 0.854789 0.414269 -0.312599
0.485734 0.822232 -0.497789 -0.013384 -0.096616 -0.995232
0.025947 -1.052157 0.296484 -0.079424 -0.175689 0.981237
-1.213724 0.33086 -0.302253 -0.452228 0.569349 -0.686535
0.003668 1.112705 0.278043 -0.009426 0.37569 0.926697
0.26478 -0.594874 -0.330949 -0.694746 0.388893 -0.605054
-0.652339 0.043535 -0.349734 0.683443 0.291552 -0.669256
-0.421089 0.441693 0.140439 -0.03954 -0.969233 0.242949
0.872989 0.924556 -0.316601 0.711843 0.139857 -0.688273
-0.630856 -0.534493 -0.307031 -0.032002 0.678265 -0.73412
1.091386 0.714925 -0.024164 0.906955 0.413914 -0.078154
0.303865 0.742559 0.425167 -0.581495 -0.162499 0.797156
0.666193 -0.257127 -0.184623 -0.85111 -0.270769 -0.449773
0.61579 -0.528231 -0.301593 0.024369 0.707298 -0.706495
0.327624 0.854651 -0.450666 -0.496542 0.015652 -0.867871
0.892298 -1.165828 -0.054129 0.799315 -0.590681 -0.110415
1.153644 0.109247 -0.457607 0.289236 0.29632 -0.91024
-0.587997 -1.151406 0.399414 -0.14196 -0.584944 0.798554
0.097516 -1.304662 0.030963 -0.121417 -0.987751 0.098015
-0.707695 0.632085 0.363236 -0.25198 -0.461809 0.850435
0.515367 1.214297 0.350866 -0.016622 0.706324 0.707693
-1.159057 -0.067129 0.467066 -0.310414 -0.191419 0.931129
-0.49443 -1.358101 -0.065135 -0.000712 -0.990681 -0.1362
0.815537 -0.318227 -0.314826 -0.474429 -0.32554 -0.817888
-0.993093 -0.977215 -0.038738 -0.928767 -0.359559 -0.090051
0.259433 -0.472796 0.192105 -0.564975 0.73193 0.380896
-0.646787 1.268978 -0.255188 -0.271174 0.815621 -0.511104
-0.858195 -0.217349 -0.391795 0.363138 -0.485425 -0.795295
0.173337 1.020674 -0.344957 -0.418916 0.163815 -0.893126
0.160136 0.644876 -0.196774 -0.80296 -0.462079 -0.376481
0.017685 0.724624 -0.122188 -0.141992 -0.904154 -0.40292
-0.976026 -0.041595 0.496216 0.052418 -0.151316 0.987095
-1.050297 -0.814583 -0.03945 -0.936794 -0.331117 -0.113039
-0.66551 -0.206561 -0.223625 0.77958 -0.430267 -0.45511
1.424881 -0.206326 0.151262 0.848961 -0.427903 0.310104
-0.165871 0.699241 -0.259499 0.749076 -0.40581 -0.523644
-0.405838 -0.85584 -0.485612 0.300265 -0.027628 -0.953456
0.947498 1.056395 -0.104958 0.878067 0.422058 -0.225535
0.467342 0.425811 0.059095 -0.085209 -0.989446 0.117202
0.95976 -0.839516 -0.233769 0.788071 -0.161086 -0.594134
0.418514 0.626578 0.426285 -0.024169 -0.559823 0.828259
-0.657265 1.218633 -0.317164 -0.299422 0.7126 -0.634466
0.967051 -0.105119 0.478855 -0.0907 -0.341774 0.935395
0.758558 -0.21057 0.332351 -0.575389 -0.46879 0.670197
0.78579 0.257782 -0.324214 -0.545207 0.416552 -0.727484
-0.04846 1.301169 -0.015807 0.064497 0.996563 -0.051988
0.297864 0.694876 0.408393 -0.602392 -0.237159 0.762155
-0.301967 1.045898 -0.401883 0.408982 0.314672 -0.856572
0.044674 -1.044359 -0.299867 -0.13765 -0.15388 -0.978455
-1.039113 0.263549 0.401631 -0.029622 0.510135 0.859584
-0.171075 1.066194 0.332764 0.374098 0.275205 0.885615
-0.302415 -1.093577 -0.381755 0.371778 -0.407913 -0.833899
-1.427444 -0.021812 -0.25832 -0.854621 -0.051511 -0.516692
-0.300145 -1.339111 0.048406 0.181108 -0.976274 0.1187
-1.370182 -0.181228 -0.274436 -0.730918 -0.393659 -0.557487
0.918514 -1.126859 0.055894 0.842493 -0.526115 0.115796
-1.259041 -0.448057 0.109523 -0.708291 -0.644664 0.28763
0.627971 -0.225754 -0.115218 -0.907622 -0.331996 -0.256905
-0.281538 -0.880186 0.4215 0.549329 -0.017801 0.835416
0.882812 -1.07062 -0.237055 0.773359 -0.401758 -0.490415
-0.456031 1.341307 0.136619 0.059733 0.955111 0.290163
-0.785918 -0.914255 -0.393156 -0.585595 -0.054412 -0.808776
-1.005347 -0.589826 0.25026 -0.48675 -0.260605 0.833762
-0.60818 0.000514 -0.310606 0.783635 0.00434 -0.621206
1.176255 0.47401 -0.198237 0.578747 0.592376 -0.560484
-0.693246 0.937716 -0.448065 -0.443682 0.083465 -0.892289
0.730706 -1.272642 -0.177301 0.460471 -0.813771 -0.354604
-0.711893 -0.152951 0.332698 0.616055 -0.500185 0.608515
0.601374 -0.179845 -0.089046 -0.874793 -0.453936 -0.169347
-0.482121 0.511674 -0.293799 -0.094785 -0.837248 -0.538545
-0.610757 -0.341375 0.004563 0.905386 0.424318 0.015153
-0.556381 0.406789 0.077003 0.419912 -0.882214 0.213008
1.0166 0.888232 0.087367 0.925252 0.306012 0.2242
0.604027 0.141431 -0.177216 -0.796756 0.520674 -0.306723
-1.425207 0.182755 -0.178997 -0.846346 0.388659 -0.364201
-0.537137 0.064057 0.124709 0.845358 0.490217 0.212268
1.324215 0.04166 0.37774 0.646732 0.105033 0.755451
0.135005 -0.685411 -0.198113 -0.73484 0.523659 -0.431035
-0.688525 1.104237 0.396422 -0.397575 0.462135 0.792695
0.846861 1.049249 0.299726 0.710242 0.344065 0.614147
-0.550657 -1.126489 -0.420936 -0.053063 -0.538577 -0.840904
-0.17628 1.261753 0.188747 0.218272 0.815718 0.535688
0.593554 -1.092711 0.435303 0.166702 -0.463483 0.870284
0.611962 -0.338634 -0.001025 -0.9162 0.400707 -0.003395
-0.384386 -1.355271 -0.000999 0.124581 -0.992207 -0.002251
-0.500941 1.066486 0.453656 0.066242 0.423395 0.90352
0.257053 0.551209 0.288589 -0.706025 -0.46755 0.531907
-0.246484 -0.51743 0.238485 0.728108 0.525572 0.440038
0.575055 -1.329136 -0.163299 0.126255 -0.935157 -0.33097
-0.972017 -0.883556 -0.19977 -0.841595 -0.222574 -0.492116
-0.817667 -1.251011 0.004299 -0.651022 -0.75901 0.008619
-0.767656 0.869691 0.406087 -0.543886 -0.039487 0.83823
-0.65909 -1.196193 0.339864 -0.307043 -0.666064 0.679767
-0.048427 -1.284146 -0.101369 0.068741 -0.940336 -0.333231
0.841066 1.213435 0.105663 0.701854 0.679855 0.212599
-0.710275 0.663625 -0.378746 -0.307161 -0.420997 -0.853471
-0.471988 -0.465524 0.207598 -0.021357 0.921005 0.388965
0.931782 0.92847 0.244274 0.802455 0.213771 0.557107
1.420562 -0.021142 0.269438 0.84086 -0.050151 0.538925
-0.33647 1.047511 -0.417106 0.377199 0.3387 -0.861976
-0.539066 -0.893533 0.497432 -0.10154 -0.040373 0.994012
0.99584 0.08209 -0.488068 -0.024012 0.272536 -0.961846
-1.116661 0.413822 0.289788 -0.337781 0.544183 0.767964
-0.16938 -0.662834 -0.233895 0.787708 0.42299 -0.447879
0.111959 -0.656772 0.095232 -0.726913 0.651202 0.218023
-0.474967 0.945486 0.490565 0.118033 0.188475 0.974959
0.571484 -1.327824 0.168246 0.119143 -0.932419 0.341173
-0.662213 1.233946 -0.296553 -0.309096 0.743272 -0.593301
-0.620294 -1.277143 -0.254537 -0.212283 -0.833177 -0.510638
0.220742 -1.198448 0.278446 -0.291469 -0.629013 0.720686
-0.840008 1.173584 -0.192753 -0.702328 0.596382 -0.388669
-0.088898 0.722872 -0.17975 0.568735 -0.665711 -0.483083
0.94324 1.03822 0.145951 0.8658 0.388603 0.315242
-0.086525 -0.808199 0.259278 0.458064 0.489636 0.741912
-1.263868 0.425321 0.1438 -0.679796 0.635977 0.365255
-0.739764 0.243292 -0.292886 0.646825 0.406555 -0.645237
-1.375573 -0.210219 -0.244066 -0.745465 -0.439897 -0.500772
-0.180338 0.68946 0.273098 0.763211 -0.373672 0.527141
-1.239129 0.210764 0.373229 -0.455341 0.457786 0.763607
-0.46333 0.949487 -0.488144 0.15261 0.19915 -0.968013
0.830488 -0.742396 -0.348926 0.508395 0.15356 -0.847322
-1.056687 0.644599 -0.184639 -0.709002 0.350699 -0.611823
0.280879 -1.147307 0.34198 -0.337496 -0.513103 0.789191
1.336529 -0.37062 0.078168 0.761128 -0.622611 0.181767
-0.660875 1.323726 0.116479 -0.302006 0.924236 0.233625
0.079431 -1.010378 0.310583 -0.255227 -0.062121 0.964883
-1.072874 -0.086514 -0.482567 -0.130675 -0.261883 -0.956212
0.608137 -0.957324 -0.478336 0.254766 -0.155285 -0.954453
-1.471683 -0.156007 -0.025128 -0.941029 -0.334484 -0.050841
0.371848 -1.348691 -0.06538 -0.138579 -0.979135 -0.14863
-0.370743 0.844282 -0.472686 0.399627 0.010495 -0.916618
0.921881 -0.050924 -0.488583 -0.162931 -0.198009 -0.966564
-0.475285 0.599387 0.399646 -0.136116 -0.661489 0.737499
-0.817708 0.681572 0.342276 -0.406364 -0.226986 0.885068
-0.978266 0.976142 -0.116505 -0.902365 0.337822 -0.267605
0.345871 -1.287563 0.221979 -0.199458 -0.839406 0.505583
0.901645 0.645432 -0.297394 0.434639 -0.041471 -0.899649
1.011751 -0.873195 -0.120506 0.90618 -0.285028 -0.312406
-1.229768 0.208235 -0.380141 -0.435186 0.455586 -0.776566
-0.96877 -0.288601 -0.383283 0.120839 -0.49112 -0.86267
-1.230898 -0.488752 -0.086832 -0.727002 -0.641718 -0.244265
0.925059 -1.121118 -0.025859 0.853075 -0.519009 -0.053786
-1.114845 0.654319 0.066298 -0.85102 0.47642 0.220882
-0.531394 -0.564823 -0.352822 -0.148231 0.726065 -0.671459
0.884723 -0.081695 -0.472133 -0.246459 -0.312702 -0.91732
0.817813 1.152684 -0.253135 0.660967 0.55099 -0.509443
-0.211576 0.799429 -0.358585 0.657661 -0.189858 -0.728996
-0.557428 -0.096114 -0.124929 0.815844 -0.540786 -0.204815
0.73614 -0.002409 -0.424689 -0.527715 -0.014273 -0.849301
1.006597 -0.172516 0.451971 -0.034114 -0.44798 0.893392
0.534567 0.467443 -0.215038 -0.073099 -0.879486 -0.470278
-0.761529 0.452164 0.277643 0.301743 -0.236802 0.923513
0.243345 0.540518 -0.258485 -0.754717 -0.463099 -0.464696
0.646367 0.049163 -0.340836 -0.691838 0.325574 -0.644486
-0.984541 0.70447 0.236407 -0.675379 0.158738 0.720184
0.98976 0.690547 0.234771 0.662427 0.172907 0.728899
-0.669094 0.644663 0.382353 -0.264283 -0.495368 0.827505
0.562458 -0.035052 0.229492 -0.845973 -0.310043 0.433823
0.30491 -0.969864 -0.425073 -0.462711 -0.181131 -0.867807
-0.707042 0.912581 0.44253 -0.46807 0.027279 0.88327
-0.684684 0.235697 0.230291 0.775202 0.371531 0.510908
0.742667 -0.545196 0.311072 0.035249 0.433075 0.900668
-1.233669 0.431241 0.182002 -0.623944 0.623337 0.471322
-0.371674 1.084346 -0.414873 0.312117 0.42388 -0.85024
0.349642 -0.75163 0.455258 -0.450485 0.154748 0.87927
-0.62305 -1.182471 -0.366124 -0.222999 -0.643432 -0.732303
-0.522795 -0.065805 -0.001327 0.860013 -0.510267 -0.002214
-1.265517 0.32825 -0.263392 -0.563562 0.576669 -0.591481
-0.503342 -1.350207 -0.107876 -0.010257 -0.974478 -0.224247
-0.777485 -1.237724 0.185443 -0.568317 -0.734317 0.371207
1.290184 0.294798 -0.271236 0.593103 0.550321 -0.587687
-1.218002 -0.025555 -0.448963 -0.435008 -0.07085 -0.897635
-0.570325 0.869032 0.492595 -0.202362 -0.039034 0.978533
0.97369 -1.021599 -0.050308 0.911958 -0.394725 -0.111912
-1.149775 0.539984 0.157068 -0.667709 0.560633 0.489751
-0.840485 0.952873 -0.34274 -0.676914 0.159392 -0.718597
0.55245 -1.003629 -0.477539 0.084452 -0.285808 -0.954558
1.366082 0.246395 -0.223652 0.734309 0.492814 -0.466824
-0.954698 1.000858 -0.157063 -0.872357 0.342843 -0.348499
0.904342 1.102001 0.162593 0.814657 0.472072 0.336872
0.421907 -1.255446 0.292119 -0.150133 -0.772866 0.616553
0.198966 -0.812533 -0.350833 -0.644796 0.196443 -0.73868
-0.795516 0.02897 -0.453908 0.410099 0.146346 -0.900223
-0.904599 -0.33803 0.34392 0.244288 -0.402301 0.882313
1.214501 0.32301 -0.308199 0.447439 0.564804 -0.693394
-0.785019 -1.276218 -0.016655 -0.579103 -0.814573 -0.033328
0.025991 0.699166 -0.035782 -0.2224 -0.968003 -0.116227
-0.492509 1.318847 0.200129 0.020052 0.909702 0.414778
-0.844606 -1.05905 -0.296671 -0.707744 -0.362559 -0.606341
-0.243235 0.438472 -0.02982 0.587173 -0.807289 -0.059258
0.407454 0.463544 -0.212041 0.073544 -0.930045 -0.36001
-1.484238 -0.100496 -0.064514 -0.966186 -0.222953 -0.129527
-0.395242 0.677499 -0.451069 0.199406 -0.382903 -0.90201
1.079712 -0.56185 -0.211935 0.571077 -0.440329 -0.692807
-0.021053 -0.744812 -0.160914 0.158263 0.833755 -0.528966
0.49769 -1.085166 -0.444185 -0.07391 -0.458986 -0.885364
0.687169 -0.778088 0.434666 0.406245 0.256244 0.8771
1.386473 0.258114 -0.172216 0.782366 0.506966 -0.361787
-0.63848 0.988325 0.462993 -0.316361 0.215227 0.923901
1.328646 0.168796 0.328962 0.643595 0.378523 0.665211
-0.53071 1.172645 -0.388379 -0.008007 0.627939 -0.778222
1.201611 0.4607 -0.185077 0.607445 0.611447 -0.507092
-0.602848 -0.115411 0.215419 0.766674 -0.528478 0.364585
0.707058 1.236126 0.264851 0.412267 0.741247 0.529706
-0.818689 -0.283494 0.332533 0.472489 -0.400274 0.785197
-0.228169 -0.461839 -0.086644 0.760754 0.628768 -0.160949
-0.508985 0.036983 0.031391 0.923972 0.378142 0.057319
-0.639986 0.467121 0.243298 0.234325 -0.682001 0.692796
0.401903 1.328134 0.159407 -0.12737 0.928006 0.350117
-1.192752 -0.24366 -0.377236 -0.360471 -0.500912 -0.786859
0.659101 0.562142 0.32802 0.095695 -0.607576 0.788476
0.860273 0.425807 0.30465 -0.21504 0.147914 0.965339
0.895263 -0.652449 0.300895 0.440018 0.058787 0.896063
0.179321 -0.611468 0.199534 -0.834702 0.423102 0.352502
-0.717986 -1.313158 -0.048917 -0.427864 -0.898529 -0.097872
1.369575 -0.242666 -0.222043 0.740551 -0.487514 -0.462509
-0.509959 -0.039726 -0.028323 0.91656 -0.396606 -0.051196
1.045047 0.806161 0.082749 0.918226 0.316492 0.238103
-0.714736 -0.123841 -0.358427 0.587615 -0.4851 -0.6476
-0.582834 0.384061 -0.050582 0.631957 -0.758665 -0.1583
0.415618 1.301152 0.222097 -0.13041 0.868569 0.478102
0.728251 0.840923 -0.427146 0.482377 -0.115397 -0.868329
0.607457 -1.308393 0.201138 0.187326 -0.895002 0.404821
-0.726449 -0.009841 0.418183 0.546959 -0.059492 0.835043
-0.127604 0.692294 -0.194235 0.714465 -0.546134 -0.437354
0.20056 -1.315963 0.069747 -0.191921 -0.962003 0.19421
0.032935 0.784291 -0.213704 -0.216148 -0.688285 -0.692491
-0.438953 0.490725 0.265693 -0.087509 -0.880841 0.465254
-0.928237 0.48532 -0.299398 -0.072062 0.196668 -0.977818
-0.014375 -1.151188 0.259391 0.03269 -0.503853 0.863171
1.06148 -0.759213 -0.084589 0.902666 -0.343651 -0.259031
0.789725 1.180811 0.255892 0.602198 0.61166 0.513059
0.58016 0.499542 0.26894 -0.030076 -0.787452 0.615642
0.768487 1.225734 -0.219252 0.550786 0.709975 -0.438829
-0.259987 -1.332004 -0.043276 0.19192 -0.975055 -0.111507
0.061083 -1.223643 -0.204906 -0.106226 -0.738223 -0.66614
0.488622 -0.985748 0.482556 -0.089331 -0.26669 0.959634
0.416611 0.429 -0.074145 0.022557 -0.99148 -0.128291
0.292516 1.289595 0.195416 -0.220858 0.852249 0.47423
-1.167641 -0.180111 -0.423483 -0.303913 -0.425503 -0.852399
0.884904 -1.170035 -0.078938 0.786024 -0.596962 -0.160632
0.087713 -0.67715 -0.085102 -0.624375 0.749247 -0.220874
0.864633 -0.932673 -0.323481 0.703662 -0.1447 -0.695645
-1.277614 0.192036 -0.358747 -0.536224 0.425125 -0.7292
0.928069 -1.0429 -0.178003 0.841977 -0.382865 -0.380118
-0.591743 -0.176959 0.0186 0.889459 -0.455664 0.035102
0.836192 -1.021701 -0.324922 0.688422 -0.285701 -0.666671
0.693185 1.190512 0.327692 0.388308 0.647831 0.655386
-1.024134 -0.409245 -0.318606 -0.122266 -0.459516 -0.879713
-0.619228 -0.921705 -0.479248 -0.29634 -0.065339 -0.952845
0.183004 0.52778 0.020162 -0.894012 -0.44685 0.032663
-0.191914 1.030597 0.351752 0.425358 0.202448 0.882092
0.138997 1.30148 -0.082438 -0.163039 0.954746 -0.248753
-1.249475 -0.183424 0.38252 -0.476721 -0.41614 0.774315
0.762669 -1.282565 -0.086306 0.529837 -0.830344 -0.172632
0.771101 0.170323 -0.370846 -0.516015 0.491451 -0.701573
-0.579358 -1.319244 0.187508 -0.132385 -0.915767 0.379269
0.697335 -1.129514 0.375803 0.411515 -0.515535 0.751585
-0.401738 1.349013 -0.085859 0.113985 0.975139 -0.19003
1.123061 -0.184088 -0.434739 0.209052 -0.439522 -0.873566
-1.275659 0.426808 0.11611 -0.707789 0.642187 0.294333
0.75052 -1.26261 0.172936 0.505892 -0.790204 0.345905
-0.32516 0.557042 0.352042 0.334858 -0.626422 0.703893
0.031574 1.299959 -0.020769 -0.042653 0.996716 -0.068833
1.388853 0.253071 0.17407 0.785449 0.500135 0.364602
0.005957 -1.172977 0.245156 -0.012655 -0.576552 0.816962
-0.598731 -0.767338 0.46643 -0.295441 0.296499 0.908186
1.276506 0.367756 0.208098 0.627171 0.606811 0.488301
-0.176742 -0.566149 -0.120013 0.872633 0.44469 -0.201896
-0.915747 0.571149 0.291497 -0.280562 0.042845 0.958879
1.308147 0.314229 -0.231141 0.645321 0.569631 -0.509
-1.03354 -0.838118 -0.085591 -0.922569 -0.305752 -0.235335
1.102661 0.559071 0.193275 0.612711 0.482905 0.62561
-0.667041 -0.835996 -0.456972 -0.40017 0.14317 -0.905189
-0.807081 0.908482 -0.377677 -0.612522 0.056764 -0.788413
-0.438658 0.424847 -0.029125 0.025674 -0.998247 -0.053333
-1.282611 -0.303571 -0.270537 -0.582215 -0.558065 -0.591261
-0.120012 0.655931 -0.117754 0.745386 -0.613539 -0.26071
1.042993 0.121743 -0.474027 0.058026 0.353535 -0.93362
-0.196904 -0.622103 0.247344 0.816426 0.380994 0.433927
1.094348 0.630715 -0.144166 0.758726 0.43978 -0.48055
0.969099 -0.221345 -0.422122 -0.124775 -0.491802 -0.86172
-0.384487 0.448872 0.174472 -0.067792 -0.954488 0.290441
0.275555 1.129015 -0.350941 -0.353943 0.470761 -0.808151
0.790546 0.969962 -0.381975 0.60681 0.165327 -0.777463
0.878836 0.672223 0.310926 0.456275 -0.098123 0.884412
0.156893 -0.644095 0.188755 -0.802336 0.473196 0.363788
-0.905148 -0.789397 -0.298906 -0.656185 -0.019428 -0.75435
-0.365864 1.193068 0.340627 0.250367 0.633858 0.731806
-0.632949 1.317215 0.164586 -0.241776 0.912254 0.330662
-0.574228 -1.090401 -0.439667 -0.117388 -0.462951 -0.878576
1.160306 0.222078 0.403344 0.28728 0.480737 0.82847
0.794006 -0.27404 0.321279 -0.531219 -0.393998 0.750048
-0.350871 1.168627 -0.355121 0.28076 0.579528 -0.765063
-0.39355 -0.496258 0.28376 -0.065641 0.866903 0.494136
-0.448197 0.739094 0.480389 0.064193 -0.277572 0.958558
-0.709876 0.519172 -0.296671 0.056409 -0.512554 -0.8568
0.391687 0.875919 0.479764 -0.343476 0.066981 0.93677
-0.215533 -1.069237 -0.351636 0.402366 -0.308055 -0.862092
0.775576 -0.327131 0.285704 -0.571192 -0.232018 0.787342
0.342552 -0.92906 -0.452048 -0.43756 -0.14081 -0.888096
0.241653 0.61781 -0.316164 -0.756045 -0.342154 -0.557966
0.294181 -1.017755 -0.407411 -0.436018 -0.256965 -0.862472
0.783181 1.273198 0.061541 0.575556 0.808436 0.123151
-0.033949 1.20074 -0.224441 0.065175 0.667288 -0.741943
0.617996 -0.608423 -0.372358 0.201984 0.598972 -0.774877
-0.79318 0.939515 -0.385212 -0.603745 0.106454 -0.790038
0.37421 0.57277 -0.380614 -0.106637 -0.663938 -0.740145
-0.171496 -0.74103 0.294502 0.707975 0.348603 0.614205
-0.247408 -0.460809 -0.144181 0.62513 0.727368 -0.283104
-1.486715 -0.07748 -0.079522 -0.971808 -0.173743 -0.15938
1.216671 -0.484317 -0.129204 0.687207 -0.628913 -0.363614
1.021552 -0.830591 -0.129818 0.892751 -0.276678 -0.355592
-0.649124 -1.275327 -0.243458 -0.276234 -0.828176 -0.487667
0.544748 -0.96555 -0.487877 0.078673 -0.205001 -0.975595
-0.776631 -1.106837 0.335414 -0.584854 -0.45276 0.673018
0.326838 0.670136 0.42036 -0.495337 -0.305899 0.81306
-0.315645 -1.239526 0.276039 0.251685 -0.728643 0.636973
-1.478248 0.130617 0.047599 -0.953747 0.284903 0.095897
-1.238185 -0.36635 -0.251092 -0.54166 -0.59536 -0.593422
0.114592 1.024608 0.320012 -0.327035 0.127832 0.936326
0.611082 -0.000212 0.314233 -0.777836 -0.001776 0.628465
-0.434669 1.273057 -0.271599 0.124228 0.81075 -0.572059
0.513697 -1.172712 -0.388097 -0.028594 -0.626595 -0.77882
-0.297053 1.233205 -0.275671 0.263729 0.713641 -0.648971
0.199033 -0.904525 -0.365829 -0.553175 0.050128 -0.831556
0.553436 0.938625 -0.491746 0.117075 0.139054 -0.98334
-0.311772 1.344028 -0.009013 0.17389 0.984523 -0.021831
0.617332 -1.349443 -0.019445 0.213126 -0.976237 -0.039233
-0.24258 -0.481327 -0.17823 0.704718 0.623808 -0.337988
0.501181 -0.611528 -0.404988 0.165577 0.638183 -0.751869
1.163454 0.055895 -0.467696 0.321502 0.160398 -0.933225
0.496552 -1.031349 -0.468236 -0.075183 -0.355631 -0.931598
0.995593 -0.739483 -0.215929 0.746242 -0.187045 -0.638857
-1.338813 0.364561 0.088634 -0.759115 0.617954 0.204639
1.011714 -0.564935 0.254987 0.439348 -0.296221 0.848072
0.844749 0.882624 0.348569 0.649909 0.045959 0.758621
0.610257 -0.049359 0.297128 -0.75326 -0.355496 0.553373
-0.076729 1.24363 -0.183266 0.122454 0.799108 -0.588585
-0.620666 0.517872 0.291144 0.012129 -0.70948 0.704622
-0.79517 1.21338 0.202952 -0.609123 0.680826 0.406749
0.311966 -0.624496 -0.390398 -0.521972 0.393479 -0.756782
-1.406287 0.016487 0.290869 -0.812397 0.039496 0.581765
0.074883 -0.799517 -0.246184 -0.421607 0.543713 -0.725688
-0.208077 -1.019443 -0.362264 0.445438 -0.190637 -0.874781
-0.436641 -0.992353 0.471886 0.225221 -0.280898 0.932937
0.915729 0.670569 0.290614 0.503903 -0.009027 0.863713
0.031187 -1.260433 0.150447 -0.048806 -0.865558 0.498425
0.638392 -0.547642 -0.318311 0.065336 0.65399 -0.753676
-0.743313 1.170873 -0.31171 -0.505574 0.596081 -0.623765
-0.612901 0.499286 0.271161 0.069029 -0.737271 0.672061
1.405786 0.165433 0.232879 0.804662 0.360772 0.471553
0.719048 1.280324 0.174151 0.433418 0.831153 0.348331
-0.499431 0.470637 -0.218408 0.005427 -0.901351 -0.433056
-1.031546 0.683276 -0.194308 -0.730475 0.277413 -0.624057
-0.730781 0.985165 -0.420035 -0.50833 0.187532 -0.840495
0.656065 -0.89932 0.466681 0.37976 -0.000698 0.925085
0.764579 -0.293693 0.289159 -0.608804 -0.311906 0.729433
-1.039818 0.705571 0.172751 -0.783787 0.293196 0.547461
0.975395 -0.325434 0.363547 -0.087121 -0.475998 0.87512
0.075656 0.753261 0.204408 -0.47652 -0.653992 0.587557
0.251461 -0.883252 0.401097 -0.570229 0.011512 0.821405
0.781554 1.189476 -0.254844 0.584082 0.63097 -0.510612
-0.835761 1.190498 -0.172591 -0.693142 0.631529 -0.347456
-0.75236 0.906327 0.416302 -0.535984 0.023784 0.843893
1.246235 -0.36395 0.245988 0.55658 -0.596342 0.578442
-0.23541 0.527207 -0.230263 0.779144 -0.474782 -0.409287
-0.479878 1.024196 -0.469191 0.117549 0.342571 -0.932109
-1.12582 -0.450682 0.258214 -0.422656 -0.546493 0.722985
-0.772941 1.108707 -0.337331 -0.577373 0.457015 -0.676592
-0.503122 0.00245 0.055456 0.993384 0.029983 0.110855
-8.7e-5 -0.922833 0.289906 0.00039 0.257223 0.966352
0.492116 0.421637 -0.0496 -0.163744 -0.980635 -0.107438
0.34071 -1.15635 0.360303 -0.298006 -0.551196 0.779343
-1.139337 0.023669 -0.479314 -0.277587 0.071089 -0.958067
0.507447 0.006115 -0.084655 -0.982927 0.073261 -0.168784
1.111341 0.601432 -0.145984 0.729979 0.483631 -0.482941
0.047966 -1.012563 -0.303697 -0.161333 -0.052144 -0.985521
0.674385 0.146096 0.296098 -0.678505 0.507906 0.530719
1.249959 -0.419489 -0.175562 0.640196 -0.626571 -0.444474
0.930479 0.556854 0.288351 0.267332 0.099465 0.958457
-0.707647 -1.147583 0.3567 -0.430883 -0.552569 0.713447
1.119463 0.302314 0.365512 0.223248 0.536284 0.813977
1.24287 0.120591 -0.414778 0.470355 0.3016 -0.829339
1.179918 0.362485 0.297121 0.408871 0.574172 0.709332
-0.232137 0.446945 0.00897 0.706023 -0.707979 0.017235
-1.438109 -0.124898 -0.200637 -0.871454 -0.278633 -0.403648
0.604499 0.200921 0.040924 -0.915555 0.393329 0.083966
1.233499 0.461459 -0.137276 0.677963 0.634456 -0.371257
1.032126 -0.326034 0.364615 0.043245 -0.50835 0.860064
0.688677 0.717372 -0.412175 0.362601 -0.364155 -0.857853
0.775821 0.135735 0.397504 -0.482628 0.472807 0.73724
-0.76286 0.414167 0.270791 0.434112 -0.113211 0.893717
-0.333314 -0.701922 0.434793 0.488506 0.243654 0.837851
-0.551463 1.343448 -0.125601 -0.08674 0.962648 -0.256487
0.827395 1.058369 -0.316164 0.678498 0.3557 -0.642742
-1.197469 0.419619 -0.233904 -0.525689 0.599069 -0.603959
0.6262 0.386148 0.145072 -0.665535 -0.574518 0.476438
-1.405098 0.143022 0.249652 -0.803095 0.318991 0.503272
-0.70005 -1.244436 0.258339 -0.395012 -0.759592 0.516706
0.353877 0.963998 0.450622 -0.402205 0.204395 0.892442
-0.731253 -0.00558 -0.421523 0.537455 -0.033427 -0.842629
-0.094576 0.724063 0.188053 0.587872 -0.639675 0.495199
-0.557286 -0.797859 -0.486212 -0.208696 0.209955 -0.955178
-0.837919 1.209204 0.127246 -0.69599 0.670872 0.255985
0.929904 -0.903276 -0.255471 0.785145 -0.17894 -0.592898
-0.430491 -0.735837 -0.47769 0.127995 0.266804 -0.955214
-1.494387 0.067829 0.019773 -0.987567 0.152126 0.03961
0.830554 -0.308973 0.327126 -0.44044 -0.365533 0.819999
-0.558466 0.45433 -0.196842 0.169456 -0.863343 -0.475314
-0.506978 -1.035416 -0.467359 0.048426 -0.36266 -0.930662
0.882529 1.16187 0.113055 0.781472 0.57994 0.230155
1.350934 0.334364 0.126039 0.754838 0.592399 0.281572
-0.565534 0.492451 0.258639 0.034824 -0.813942 0.579902
-0.637225 1.3108 -0.178403 -0.250518 0.899424 -0.358159
0.956647 0.185652 -0.440101 -0.142852 0.471359 -0.870295
0.055612 -1.073047 -0.295545 -0.155581 -0.249293 -0.955849
0.590943 0.875 0.488024 0.250006 -0.035202 0.967604
0.120971 0.634205 0.046617 -0.77435 -0.624833 0.099828
-1.29814 -0.132729 -0.373158 -0.582661 -0.316082 -0.748731
-0.75537 -0.164144 -0.363198 0.542239 -0.49326 -0.6802
-1.006019 -0.92566 0.078152 -0.927344 -0.321424 0.191622
0.428723 -0.431335 -0.088989 0.008666 0.987455 -0.157666
0.811058 -0.044456 0.457645 -0.381304 -0.211295 0.899979
-0.350879 1.337541 0.104671 0.160306 0.956948 0.241977
-0.92961 -1.114895 -1.3e-5 -0.860008 -0.51028 -2.6e-5
-0.681621 -0.604809 -0.354024 -0.193602 0.529986 -0.825611
0.569586 0.460828 -0.211699 -0.161447 -0.840113 -0.517826
0.235776 -1.105374 0.345791 -0.375644 -0.401756 0.835155
-1.035849 -0.827997 0.089581 -0.918899 -0.305514 0.24957
-1.001212 0.779956 -0.195151 -0.805379 0.210103 -0.554275
-0.519747 -0.429601 -0.117397 0.197795 0.94196 -0.271272
0.767865 -0.927489 -0.404859 0.56362 -0.07194 -0.822896
0.688117 -1.319978 0.089394 0.36151 -0.915017 0.179037
0.143875 0.74655 0.266505 -0.675415 -0.423099 0.603988
0.849922 -0.171352 -0.416094 -0.357891 -0.479807 -0.801062
-1.079726 0.107637 0.475193 -0.138068 0.311742 0.940082
-0.595913 -0.612088 -0.38111 -0.20682 0.609719 -0.765159
0.545278 -0.003641 0.207746 -0.908958 -0.03796 0.415156
0.628034 -0.08951 -0.288994 -0.714924 -0.48299 -0.505574
0.58799 0.151267 -0.102421 -0.842128 0.508494 -0.179593
0.554606 -0.444819 -0.177058 -0.205285 0.877091 -0.434245
-0.964437 -0.936427 0.185741 -0.859959 -0.268731 0.433883
0.672091 -1.302822 -0.169964 0.326646 -0.881704 -0.340442
-0.981363 -0.993511 -0.075987 -0.914883 -0.364792 -0.172962
-0.444434 0.987769 -0.47504 0.206485 0.273233 -0.939525
0.989457 -0.458354 -0.300858 0.137258 -0.362997 -0.921626
1.463727 0.061205 0.175077 0.926034 0.139909 0.350552
0.852216 0.864427 -0.343055 0.648349 0.026946 -0.760866
-1.419072 -0.051929 -0.266813 -0.836632 -0.122277 -0.533944
1.026146 0.318255 0.369438 0.024199 0.507328 0.861413
0.460094 -0.570076 -0.373754 0.122359 0.723462 -0.679434
-0.190408 -1.198023 -0.266862 0.276751 -0.630338 -0.725315
-1.265786 -0.46483 0.007418 -0.754005 -0.656568 0.019888
0.701571 0.429515 -0.243411 -0.440915 -0.400754 -0.803113
-0.793127 1.156507 0.278584 -0.612101 0.559269 0.559062
-1.318557 0.203129 0.317358 -0.623681 0.436285 0.648597
-0.458829 0.703172 0.467977 -0.014826 -0.386944 0.921984
-1.292405 0.156492 -0.36674 -0.568384 0.362631 -0.738538
-0.169658 0.71569 0.276558 0.733699 -0.379805 0.563413
-0.308446 -0.952036 -0.430418 0.471333 -0.154307 -0.868351
1.378514 0.246361 0.202806 0.760889 0.491833 0.423259
1.494032 -0.072423 -0.004488 0.986724 -0.162157 -0.008992
0.935686 -0.224576 -0.413964 -0.197554 -0.491842 -0.847976
-1.302609 0.035561 -0.395977 -0.603841 0.091368 -0.791851
-0.223073 1.106234 -0.339704 0.371724 0.398511 -0.838457
0.12297 -0.87009 -0.3106 -0.494875 0.257321 -0.829991
0.608805 0.560951 -0.333946 0.114054 -0.676987 -0.727104
-0.795397 -1.138869 -0.292765 -0.618473 -0.521309 -0.587986
0.684184 0.344969 -0.197004 -0.774312 -0.10778 -0.623557
0.707484 0.690307 0.392464 0.343663 -0.388209 0.855096
-0.283214 0.675534 -0.389494 0.643765 -0.264771 -0.717958
-0.599448 0.068678 -0.265838 0.759254 0.448743 -0.471342
-0.226394 1.314067 -0.099568 0.201641 0.942339 -0.267092
-0.286842 -0.583304 0.34598 0.598549 0.45156 0.661689
0.984538 0.098607 0.482478 -0.052794 0.319812 0.946009
-0.238281 -1.128064 0.335119 0.356179 -0.455767 0.815728
-0.463651 0.601327 -0.403364 -0.118127 -0.654045 -0.747175
-0.585835 -0.099852 0.201363 0.779931 -0.526977 0.337643
-0.248404 -0.944859 0.396502 0.518552 -0.085224 0.850788
0.237565 -0.442916 0.02907 -0.65218 0.755922 0.056949
-0.586727 0.468519 0.228324 0.156816 -0.804784 0.572478
1.085012 0.665617 -0.127628 0.809111 0.40852 -0.422433
0.073024 -1.303496 0.005234 -0.094197 -0.99541 0.016935
-0.915702 0.77942 -0.289999 -0.660882 0.031369 -0.749834
-1.380957 0.324023 0.013781 -0.810886 0.584414 0.030395
0.357946 -0.588705 -0.390313 -0.221194 0.589802 -0.776664
0.95554 -0.967238 0.183293 0.859972 -0.296352 0.41548
1.3706 -0.337446 -0.02365 0.800242 -0.597343 -0.052862
0.067141 0.79687 0.239798 -0.39025 -0.571946 0.721514
0.136251 -0.983703 -0.332131 -0.404658 -0.036869 -0.913724
-0.371089 -1.173886 -0.358213 0.257809 -0.596093 -0.7604
-0.532053 0.080188 0.019591 0.842622 0.537558 0.031939
-0.191136 1.1084 -0.324926 0.353312 0.391902 -0.849461
-0.60142 -0.881302 -0.485387 -0.271599 0.024668 -0.962094
0.418379 -0.553914 -0.361952 0.065626 0.748418 -0.659972
0.111111 -0.966989 0.321545 -0.370292 0.034888 0.92826
-0.825325 -0.90211 0.363559 -0.634358 -0.059499 0.770746
-1.158389 -0.366493 0.305484 -0.365697 -0.566679 0.738336
0.737853 -1.028366 0.403295 0.518 -0.282875 0.807253
0.594494 0.752916 0.462808 0.289205 -0.329016 0.898949
0.602857 -0.196952 0.041938 -0.910378 -0.404995 0.084796
-0.522635 -0.056952 0.070841 0.870202 -0.477482 0.12149
-0.759105 1.135811 0.329197 -0.545484 0.517428 0.65933
-1.495506 0.040842 0.050835 -0.990517 0.092341 0.101726
-0.392908 -0.848036 0.481438 0.337407 -0.015483 0.941232
0.846295 0.014475 -0.475276 -0.307873 0.067164 -0.949054
-0.718642 -0.26783 0.25581 0.719126 -0.319096 0.617281
1.213478 0.525542 -0.016915 0.770249 0.635753 -0.050341
0.531073 1.357163 0.064354 0.05677 0.989547 0.13257
0.734182 1.106834 -0.368072 0.498193 0.457583 -0.736493
-0.275037 -0.424305 -0.029995 0.225789 0.972509 -0.056966
-1.166629 0.321654 0.335237 -0.340865 0.55441 0.759237
0.563207 0.521917 -0.297527 0.052638 -0.776953 -0.627354
-0.568848 1.088767 0.441201 -0.103841 0.460637 0.881493
-0.723709 -1.244576 0.238013 -0.448756 -0.756317 0.476029
0.835 -1.15557 -0.225683 0.693616 -0.55824 -0.455264
0.10782 1.111966 -0.293849 -0.246723 0.380933 -0.891077
0.240293 0.632318 0.322928 -0.753422 -0.325853 0.571117
-0.634266 -0.757351 -0.45033 -0.340651 0.316412 -0.885347
-0.95313 0.590119 -0.276361 -0.390911 0.127008 -0.911624
0.498393 1.33253 -0.167121 -0.005047 0.937978 -0.346658
-0.49674 -0.805379 -0.495577 -0.036817 0.148639 -0.988206
-1.079507 0.4037 0.310011 -0.238837 0.516414 0.822358
-0.874139 -0.248805 -0.379936 0.337852 -0.474934 -0.812585
-0.064155 -1.201898 0.227188 0.119537 -0.666668 0.735707
-0.21079 0.527453 0.172652 0.849426 -0.441086 0.289686
1.028881 0.821646 -0.118002 0.899538 0.287635 -0.328781
-0.945699 0.637219 0.274758 -0.485211 0.076168 0.871073
0.155681 0.953383 -0.341883 -0.464499 -0.01335 -0.885473
-1.08753 0.714864 -0.052475 -0.89848 0.405004 -0.169426
0.683029 -0.54299 -0.311906 0.031779 0.576189 -0.816698
0.051466 -1.298574 -0.044026 -0.069026 -0.987089 -0.144539
0.680291 -0.990428 -0.445723 0.409213 -0.206504 -0.888764
0.438289 -1.213747 0.341975 -0.150218 -0.69193 0.706163
1.328025 0.236407 -0.282844 0.649842 0.482581 -0.587214
-0.40819 -1.009555 -0.458478 0.284794 -0.305315 -0.908667
-0.835416 -1.175233 0.198382 -0.693441 -0.599476 0.39971
-0.380669 0.437034 0.130222 -0.063579 -0.974609 0.214697
0.341641 -0.785829 -0.455752 -0.479226 0.09059 -0.873004
0.287642 -1.22663 0.278906 -0.271528 -0.697951 0.662674
-1.275737 0.030039 0.415667 -0.550368 0.079026 0.831174
-0.821393 -0.599592 -0.319446 -0.23671 0.23951 -0.941596
-0.320099 -0.436335 0.138349 0.017451 0.97083 0.239134
0.757681 -0.899904 0.413037 0.54174 -0.013087 0.840444
0.720693 -1.035341 -0.411348 0.483306 -0.300438 -0.822285
-0.946497 -1.019433 -0.158737 -0.865294 -0.362061 -0.346667
-0.219035 -0.605603 -0.273519 0.802307 0.364294 -0.472856
1.078135 -0.620399 0.174695 0.702554 -0.409071 0.582304
0.162963 1.301202 0.098794 -0.18161 0.940011 0.288785
0.596073 -0.369645 -0.043587 -0.746677 0.649721 -0.142604
0.368644 0.858899 -0.471394 -0.40433 0.035706 -0.913916
0.270407 1.152835 0.333861 -0.335088 0.522665 0.783924
-0.550764 -0.73631 -0.468863 -0.220728 0.359488 -0.906668
-0.644446 -1.141357 0.391514 -0.282627 -0.554083 0.783016
-0.354188 -0.780732 0.461761 0.442546 0.10155 0.890977
1.034686 -0.488492 0.276681 0.302349 -0.410056 0.860488
0.738626 -0.448442 0.268433 -0.337156 0.311393 0.888459
-1.131338 0.598028 0.115275 -0.764568 0.52132 0.379027
0.585231 -1.307762 -0.211291 0.141809 -0.893339 -0.426422
-0.183103 -0.527323 0.016233 0.894183 0.446929 0.02629
0.255228 -0.503562 -0.234763 -0.664735 0.597013 -0.449114
-0.346661 1.031402 0.427615 0.375572 0.315634 0.87139
-0.719972 0.453033 0.263166 0.328597 -0.39298 0.858831
0.578143 -0.152209 0.019327 -0.862224 -0.505392 0.033889
0.908557 -0.182433 0.431074 -0.242285 -0.476651 0.845045
0.128304 0.682408 -0.182527 -0.727805 -0.553355 -0.40509
1.126282 0.241453 -0.402185 0.216017 0.501526 -0.83774
0.436781 0.461665 -0.201676 0.054901 -0.933498 -0.354355
1.017103 -0.748454 0.184831 0.798921 -0.238685 0.552045
0.720184 -0.602812 -0.344033 0.192783 0.467899 -0.862499
-0.454121 -0.748948 0.483491 0.053462 0.257276 0.964858
-0.986979 -0.798339 0.208932 -0.798207 -0.187237 0.572545
-1.322723 -0.068061 -0.374193 -0.641161 -0.169418 -0.748472
1.021738 0.874451 -0.084914 0.926076 0.305057 -0.222089
-1.108672 0.607612 -0.143885 -0.738338 0.476544 -0.477246
-1.068831 -0.630158 -0.179225 -0.704186 -0.384475 -0.59691
0.228336 -0.476894 -0.132379 -0.778269 0.579722 -0.241289
0.683144 -1.086441 0.408849 0.389899 -0.424063 0.817404
-0.039757 -0.969811 -0.301579 0.152565 0.089691 -0.984215
-0.626154 -0.559725 0.330275 -0.103013 0.657966 0.745969
1.361862 0.350002 0.004202 0.793492 0.608506 0.009518
1.41289 -0.057226 -0.275023 0.823895 -0.134975 -0.550435
-1.158211 0.562584 0.113072 -0.7388 0.570216 0.359204
1.051913 -0.785861 -0.083699 0.912378 -0.325984 -0.247589
-0.739956 -0.659106 0.365942 -0.313108 0.383862 0.868685
-0.761087 0.430555 -0.272609 0.381666 -0.174461 -0.907686
-1.027856 0.869156 -0.064247 -0.934353 0.313189 -0.169993
0.354446 0.853673 0.46495 -0.439678 0.024345 0.897825
1.004313 -0.763494 -0.196917 0.792639 -0.212035 -0.571633
-1.079959 0.069892 -0.485666 -0.149772 0.215297 -0.964995
-0.932208 0.53135 0.291038 -0.202153 0.136602 0.96978
-0.187426 0.54638 -0.123446 0.877734 -0.433926 -0.203202
0.115082 -1.070516 0.310617 -0.290625 -0.259894 0.920865
-0.901191 0.233072 0.399283 0.274457 0.488083 0.828522
-0.840124 0.420146 0.300315 0.270819 0.109534 0.956378
0.469032 -1.071506 0.447552 -0.141255 -0.430703 0.891371
0.573773 -0.933145 -0.489405 0.176689 -0.115123 -0.977511
0.599698 1.206294 0.350214 0.165713 0.693617 0.701024
-0.824499 0.304452 -0.325827 0.456615 0.367207 -0.810347
-0.93383 0.805402 0.270601 -0.715403 0.085441 0.693468
-0.930972 0.960466 -0.231472 -0.816944 0.25693 -0.516323
0.317894 -1.141862 0.361065 -0.325214 -0.513523 0.794059
-0.402239 -0.508415 -0.302876 -0.070657 0.843746 -0.532072
-1.437257 -0.21536 -0.093049 -0.876936 -0.440837 -0.19143
-0.897078 0.93642 0.28698 -0.753142 0.183304 0.631804
-0.831306 1.087127 0.29395 -0.687046 0.41548 0.596107
-0.453207 1.018108 -0.467066 0.183527 0.330004 -0.925967
-0.590595 -0.80589 -0.479425 -0.275461 0.203984 -0.939421
0.3902 0.511448 -0.308922 0.047855 -0.834261 -0.549289
0.29712 -0.845905 0.431813 -0.552106 0.017701 0.833586
0.947649 -0.250237 0.401688 -0.174016 -0.493955 0.851896
1.17673 -0.148626 -0.434759 0.327894 -0.371194 -0.868735
0.110397 -1.160745 -0.268607 -0.217991 -0.529585 -0.819768
-0.734024 0.723783 0.394582 -0.400941 -0.310643 0.861828
-0.969559 -0.759604 0.240148 -0.724746 -0.132621 0.676132
0.204129 0.763423 0.340221 -0.692154 -0.247591 0.677954
-0.327781 -1.289821 -0.210748 0.207881 -0.84654 -0.490057
0.213903 1.086568 -0.34427 -0.385933 0.347718 -0.854487
-0.153893 -0.74252 0.27513 0.692283 0.397098 0.602542
-0.552073 -0.105215 -0.064207 0.829245 -0.549059 -0.104344
0.759504 -1.264293 -0.154738 0.52541 -0.792548 -0.309536
1.076168 -0.446139 -0.284834 0.304298 -0.496001 -0.813256
-0.788798 0.885618 0.392099 -0.578227 0.003179 0.81587
0.077692 0.714853 -0.15397 -0.532499 -0.729621 -0.429066
0.641887 -1.233012 -0.307311 0.262034 -0.743705 -0.615013
0.146486 -1.252905 0.190375 -0.200694 -0.801777 0.562917
0.088852 -0.878604 0.295441 -0.393037 0.30525 0.867378
0.181074 1.085578 0.330297 -0.365847 0.329697 0.870319
1.25625 0.275971 -0.316876 0.509278 0.531383 -0.676955
-0.797096 -0.232574 -0.347582 0.505447 -0.459104 -0.73058
1.063796 0.784114 0.004958 0.935615 0.352711 0.014838
1.302783 -0.014838 -0.39754 0.60532 -0.038325 -0.795059
-0.725394 1.308033 0.061131 -0.444701 0.887292 0.122288
-0.587507 -1.327298 -0.163287 -0.149976 -0.93194 -0.330143
-0.265615 0.57177 -0.3159 0.6828 -0.437529 -0.58511
-0.966061 -0.691334 -0.254828 -0.62133 -0.11419 -0.775184
1.176562 -0.138435 0.439048 0.329613 -0.352018 0.876036
0.22054 -1.24794 0.22628 -0.251142 -0.761347 0.597727
-0.608418 0.082304 0.266659 0.743494 0.481219 0.464375
-0.447587 0.877722 0.494947 0.177079 0.057446 0.982519
-0.18586 0.792696 -0.332869 0.660983 -0.250561 -0.707333
1.005329 0.412663 0.319081 0.085094 0.434498 0.896644
1.475835 -0.130342 0.067986 0.948795 -0.28466 0.136959
0.616166 -1.333893 -0.124263 0.208511 -0.945424 -0.250395
1.021021 -0.803568 0.149763 0.86751 -0.262701 0.422392
0.326113 0.589247 -0.377873 -0.399313 -0.522825 -0.753129
-0.674298 0.130303 0.310824 0.663477 0.50598 0.551165
1.15832 0.058411 0.468991 0.310679 0.168088 0.935534
0.810956 -1.174643 -0.236626 0.645737 -0.597535 -0.475369
0.689889 -0.059178 0.377716 -0.612349 -0.340518 0.713495
-0.266931 0.451049 0.152727 0.420175 -0.85474 0.304749
-0.257194 -0.509906 -0.245756 0.663145 0.583018 -0.469392
0.591863 0.371845 -0.029862 -0.728034 -0.678648 -0.09697
0.693362 0.948704 -0.446824 0.442764 0.108353 -0.890067
-0.231615 0.81005 -0.378548 0.642038 -0.142396 -0.753333
0.20956 -0.823369 0.362508 -0.635245 0.161599 0.755215
-0.711214 1.176137 0.330221 -0.432814 0.613531 0.660493
-0.083067 0.676493 0.068395 0.60644 -0.774268 0.180941
-0.550191 -1.35932 -0.026412 -0.089667 -0.994501 -0.054104
-0.8886 -0.654436 -0.304295 -0.435009 0.075616 -0.897245
-1.492947 -0.007082 -0.083343 -0.985878 -0.016112 -0.166688
-0.912934 0.119637 0.464245 0.205865 0.393848 0.895825
-0.421393 -0.849291 0.490195 0.249379 -0.00925 0.968362
-0.136584 -1.175681 -0.265906 0.243984 -0.572446 -0.782801
-0.709552 -0.50661 -0.289157 0.103921 0.507049 -0.855629
1.086919 -0.022352 -0.491575 0.172733 -0.071327 -0.982383
-0.627895 -1.328725 -0.133049 -0.23212 -0.935142 -0.267638
0.691825 1.313377 0.112361 0.369937 0.901409 0.224964
1.245737 0.060955 -0.42968 0.486636 0.161757 -0.858499
0.958961 0.22164 -0.420352 -0.146704 0.491862 -0.858225
0.816432 -0.37844 0.297705 -0.409539 -0.166149 0.897035
-0.98936 0.668653 -0.240244 -0.62337 0.176768 -0.761685
-0.63694 -0.067282 -0.319119 0.701682 -0.412512 -0.580927
0.795629 -0.407411 -0.285437 -0.393447 -0.018551 -0.91916
-1.327852 -0.114499 -0.355532 -0.645998 -0.273382 -0.712705
0.384145 -1.100424 0.410894 -0.286241 -0.458867 0.841134
-0.569217 -1.301974 0.227413 -0.108928 -0.881314 0.459804
1.220961 -0.418468 0.212559 0.575306 -0.611708 0.542988
-1.094247 -0.710746 -0.007723 -0.906742 -0.42094 -0.025075
-0.725662 0.328629 0.243036 0.698658 0.107965 0.707263
-0.89803 -0.634341 0.298523 -0.40622 0.048043 0.912512
-0.463493 -0.424334 -0.041033 0.081471 0.993403 -0.080708
-1.120617 0.618229 -0.109994 -0.787344 0.496654 -0.365272
-0.636581 -0.14356 -0.242628 0.743057 -0.515274 -0.427036
-0.026182 -1.250406 -0.166231 0.042566 -0.832984 -0.551657
0.474914 -1.345829 -0.124035 -0.032629 -0.964781 -0.261023
-0.618638 -0.386999 -0.135273 0.656396 0.612112 -0.440979
-0.557317 -0.462307 -0.210614 0.133212 0.857833 -0.496364
-0.611076 0.984784 -0.472144 -0.250393 0.218373 -0.943195
0.570741 -0.545017 -0.323591 0.100063 0.736215 -0.669309
0.804412 0.143302 -0.410138 -0.432315 0.470399 -0.769304
-1.127435 0.33627 -0.340173 -0.265947 0.548068 -0.793028
-1.21524 -0.149476 0.417778 -0.40812 -0.364526 0.836994
0.40492 1.245284 0.300028 -0.176233 0.74946 0.638163
-0.007099 -0.699779 7.6e-5 0.062213 0.998063 0.000253
-0.75181 -0.857742 0.415266 -0.518668 0.071043 0.852019
1.254509 0.270065 0.322748 0.50287 0.525596 0.686201
-0.728522 -0.336886 -0.244704 0.682741 -0.081122 -0.726144
-0.434021 -0.898061 0.490449 0.225878 -0.103549 0.968637
-0.863701 -0.978133 -0.312201 -0.720227 -0.22082 -0.657656
0.393223 1.255028 -0.284854 -0.182825 0.768409 -0.613289
-0.438618 1.086294 -0.434171 0.201643 0.451656 -0.869107
-0.939692 -0.948099 0.223601 -0.825108 -0.250281 0.506514
0.780499 -1.14774 -0.299952 0.587706 -0.541154 -0.60146
-1.035477 0.602859 -0.225247 -0.576325 0.32291 -0.750719
-0.896359 -0.884818 -0.299267 -0.722925 -0.10968 -0.682166
0.977418 -1.019412 -0.015695 0.917633 -0.395881 -0.035055
0.206697 0.636468 0.275986 -0.797675 -0.355196 0.487392
-0.034364 -1.235726 0.187196 0.058581 -0.78312 0.619106
0.528102 0.045516 0.127721 -0.881301 0.413366 0.22899
-0.926413 0.064667 0.486179 0.157745 0.243372 0.95702
-1.075872 -0.752457 -0.014573 -0.925215 -0.376722 -0.045368
-0.400905 0.847596 0.484197 0.313313 0.012881 0.949563
-1.111318 -0.300096 0.369092 -0.203905 -0.533803 0.820657
0.846544 0.484621 -0.299018 -0.077742 -0.028911 -0.996554
1.023002 -0.425488 -0.310438 0.147267 -0.445582 -0.883046
0.194215 -1.305967 -0.103814 -0.196356 -0.936413 -0.290817
-1.385374 -0.318115 0.006855 -0.815651 -0.578349 0.015036
0.69441 0.372333 -0.214694 -0.679885 -0.204225 -0.704308
0.753299 0.908183 0.415647 0.537794 0.027855 0.842616
-0.562566 1.221923 0.340823 -0.082622 0.724726 0.684066
-0.445718 -1.203914 -0.352893 0.143657 -0.674298 -0.724352
0.796357 -0.176356 0.384062 -0.469654 -0.489097 0.734989
-0.545098 1.126108 0.421486 -0.039599 0.538097 0.841952
-0.790741 -0.973638 -0.381021 -0.607776 -0.172784 -0.775083
-1.208699 0.087009 0.442788 -0.40696 0.232455 0.883373
0.14211 -1.308788 -0.049499 -0.161176 -0.975617 -0.148977
-0.822616 -0.657147 0.333886 -0.36641 0.229926 0.901597
-0.745687 0.316955 -0.264461 0.65426 0.203068 -0.728496
-1.007876 -0.0785 -0.489198 -0.001491 -0.258747 -0.965944
-0.002149 0.703565 -0.04624 0.018644 -0.987878 -0.154107
0.118136 0.788741 0.269676 -0.576476 -0.437534 0.690101
-0.850701 -0.287742 -0.347697 0.395269 -0.421868 -0.81596
1.198656 -0.351466 0.294837 0.438447 -0.576143 0.6898
-1.48632 -0.048881 -0.103805 -0.971879 -0.110828 -0.20777
0.056266 -0.963895 -0.304111 -0.214383 0.097808 -0.97184
0.708077 -0.474866 0.270429 -0.235067 0.47792 0.846366
-0.852801 -0.235804 0.37806 0.382059 -0.476207 0.791996
-1.013367 -0.151473 -0.462266 0.013354 -0.416852 -0.908876
1.046575 0.82175 -0.048475 0.935405 0.325806 -0.137363
0.100285 0.865584 0.296292 -0.44156 -0.315852 0.839799
0.558998 0.814867 -0.489194 0.203852 -0.168118 -0.964459
-0.558858 1.23098 -0.331416 -0.075689 0.742174 -0.66592
1.301136 0.362741 -0.179361 0.67518 0.609017 -0.41621
-0.870388 -1.148168 0.171986 -0.759054 -0.549153 0.349669
-0.339772 -0.420653 -0.010325 -0.049482 0.998634 -0.016767
0.281981 -0.453162 -0.175046 -0.299498 0.890246 -0.343166
0.639824 0.17578 0.209216 -0.785187 0.479565 0.391788
-0.088577 -0.723858 0.180728 0.566253 0.665213 0.486672
0.215529 -0.488223 -0.112828 -0.838241 0.509374 -0.194655
-1.387268 -0.31209 -0.042458 -0.815113 -0.571845 -0.09265
0.904459 -0.259682 -0.384848 -0.270779 -0.479336 -0.834815
-0.204027 1.266812 -0.192704 0.229978 0.819114 -0.525512
-0.030875 -0.860828 -0.26865 0.163228 0.44799 -0.879012
1.097433 0.458449 -0.267859 0.375272 0.514983 -0.77069
1.28904 -0.427871 0.072754 0.738491 -0.64871 0.183867
0.665019 -1.317917 0.132747 0.310925 -0.912416 0.266126
0.799437 1.212317 -0.198238 0.618101 0.678243 -0.397413
-1.267831 -0.314534 0.274309 -0.557717 -0.566198 0.606937
-0.648907 -0.113767 0.294179 0.693203 -0.505875 0.513381
-0.099888 -0.768975 0.239839 0.549582 0.534697 0.641918
1.423063 0.254309 0.05341 0.859041 0.499528 0.111892
-0.722093 -0.937593 0.432677 -0.493792 -0.082888 0.865621
-0.041145 -0.70532 -0.086804 0.332462 0.90294 -0.27234
0.49597 1.285145 0.262197 -0.02873 0.842152 0.538474
1.100117 -0.528254 -0.218312 0.534415 -0.491163 -0.687866
0.769292 0.160715 0.376234 -0.512304 0.490434 0.704996
0.866621 -1.112493 0.224351 0.750595 -0.476432 0.457843
-0.700281 0.571524 0.329359 -0.112455 -0.526635 0.842621
0.401515 -0.425576 0.045163 0.036844 0.996416 0.076138
-0.248082 0.495747 0.212395 0.694652 -0.59632 0.40232
0.521695 0.662318 -0.43787 0.189622 -0.527174 -0.82833
-0.056888 -0.802578 -0.239211 0.33567 0.582471 -0.740306
-0.638723 -0.286575 0.105955 0.952624 -0.056262 0.2989
0.389626 -1.178947 0.3602 -0.23399 -0.611448 0.755897
-0.006679 -1.296571 -0.045431 0.009207 -0.98843 -0.151398
-0.331704 -1.20537 0.317274 0.268762 -0.653024 0.708044
0.728468 1.191708 -0.302461 0.468726 0.643602 -0.605039
0.95044 -0.347009 -0.349282 -0.127994 -0.438255 -0.889691
-0.623483 -0.178183 -0.16902 0.823621 -0.469083 -0.318764
-0.663303 -0.437754 -0.22742 0.399542 0.570467 -0.717589
0.187015 1.16219 0.293048 -0.303938 0.532553 0.789942
-0.798406 -1.072998 -0.336703 -0.62802 -0.380627 -0.678759
-1.166692 0.149902 0.437867 -0.306686 0.375751 0.874502
-0.951553 0.009276 0.49748 0.097125 0.035885 0.994625
1.161689 -0.541012 0.138109 0.695509 -0.576565 0.428767
-0.272723 -1.052013 0.385466 0.419158 -0.307368 0.854302
0.089126 1.056178 -0.306687 -0.247706 0.206533 -0.946565
-0.606988 0.182289 -0.10907 0.867703 0.451077 -0.208857
0.366669 1.278516 0.244041 -0.191213 0.818044 0.542441
1.409065 0.1948 -0.20115 0.813855 0.411097 -0.410657
0.197007 0.50122 -0.03236 -0.885899 -0.460864 -0.052805
0.349572 1.100544 0.398099 -0.32824 0.444216 0.833625
0.59941 -1.068176 0.446281 0.188753 -0.409723 0.892468
-0.064523 0.992929 0.307444 0.223674 -0.001275 0.974663
-0.46542 -1.232865 -0.327098 0.099791 -0.734605 -0.671116
0.878655 -0.663332 -0.310026 0.439442 0.099741 -0.892716
0.639432 -1.344463 0.004265 0.257694 -0.966189 0.008578
-0.77359 1.263664 0.129711 -0.556179 0.789497 0.259539
1.237866 0.403559 -0.211238 0.589551 0.613724 -0.525141
1.378997 0.315897 0.076914 0.800144 0.575657 0.168488
0.629099 -0.817514 -0.469062 0.341382 0.184482 -0.921642
0.616705 0.537699 -0.310882 0.051018 -0.695926 -0.716299
0.800086 1.150966 -0.27635 0.626533 0.547155 -0.555048
0.364279 0.435209 0.126694 0.061426 -0.976248 0.207767
0.627626 -0.479569 0.252417 -0.164536 0.715537 0.678922
0.096961 0.883693 -0.300918 -0.413187 -0.276633 -0.867612
0.192227 -0.549487 -0.148153 -0.87041 0.427126 -0.244847
1.026795 0.284313 -0.389549 0.008321 0.510978 -0.859554
0.203234 0.495057 0.064912 -0.873848 -0.474145 0.107591
-0.357995 0.422113 0.025412 -0.059949 -0.997356 0.041083
-0.10129 -0.709762 -0.17739 0.628429 0.634835 -0.449513
0.406393 -1.340987 0.121998 -0.114841 -0.95649 0.268213
-0.711009 -1.307986 -0.09972 -0.412795 -0.888699 -0.199533
-0.584827 0.463485 -0.220567 0.175822 -0.811224 -0.557676
-0.727869 -0.596003 -0.338751 -0.1779 0.457751 -0.8711
1.002191 -0.414159 0.318651 0.080463 -0.429165 0.899635
-0.541303 -0.094277 0.021994 0.834849 -0.549329 0.035549
0.953787 0.620242 -0.272148 0.462159 0.106527 -0.880376
0.903337 0.026806 -0.489035 -0.195199 0.111004 -0.974462
0.326988 1.108873 -0.384443 -0.343272 0.450146 -0.824338
-0.567589 -1.013074 0.472972 -0.122737 -0.300802 0.945756
-0.413634 -0.424999 -0.031009 -0.019135 0.998384 -0.053502
0.247547 -1.287857 0.176938 -0.225321 -0.860902 0.456156
0.26063 -0.648639 0.355858 -0.70499 0.301722 0.641835
-0.974418 -0.442947 -0.308522 -0.071669 -0.355901 -0.931772
-0.963443 -0.607321 -0.268962 -0.449714 -0.140683 -0.882024
0.689434 1.272063 0.221352 0.367511 0.8178 0.442875
0.769772 1.286849 0.007683 0.544769 0.838445 0.015368
0.33446 -0.441243 -0.157115 0.015177 0.963553 -0.267085
0.872723 -0.297289 -0.352609 -0.341235 -0.427044 -0.837372
0.307694 -0.501513 -0.281582 -0.289113 0.778364 -0.557281
1.291504 0.268176 -0.293582 0.582197 0.523134 -0.622397
0.411232 -0.934079 -0.478967 -0.291657 -0.172604 -0.940821
-0.15154 -0.82144 0.313532 0.60027 0.287855 0.746201
-0.653847 -1.339977 0.020007 -0.287614 -0.956903 0.040181
0.487187 -0.774627 -0.490136 0.03364 0.220636 -0.974776
0.855608 -0.661629 0.320679 0.408688 0.154422 0.899516
-1.014011 0.92567 0.005958 -0.942144 0.334885 0.014721
0.622005 0.274878 0.008719 -0.997143 0.071599 0.024066
-0.927986 1.08372 -0.125129 -0.851606 0.453224 -0.263355
0.294639 1.048316 -0.39748 -0.411858 0.314528 -0.855246
-1.498685 -0.018444 -0.030458 -0.997267 -0.041795 -0.060922
0.595612 -1.086678 -0.43806 0.173571 -0.45026 -0.875865
-0.574595 -0.391973 0.058291 0.561471 0.808552 0.176052
0.546134 -0.457863 -0.199466 -0.130784 0.877695 -0.461029
-0.993712 -0.678151 -0.234263 -0.648492 -0.185149 -0.738362
-1.464884 0.128024 0.124374 -0.926326 0.281432 0.250433
-0.269404 0.650749 -0.366142 0.682952 -0.299568 -0.66621
0.88124 0.225362 -0.396684 -0.31602 0.486599 -0.814465
-0.713649 -1.02822 -0.417919 -0.470277 -0.285565 -0.83504
-0.547555 -1.167933 -0.391571 -0.045386 -0.619535 -0.783656
-1.265732 -0.114428 0.403165 -0.518457 -0.28407 0.80654
0.957019 1.047766 -0.08102 0.891764 0.416953 -0.175803
-0.467958 -1.357163 0.068366 0.03599 -0.988795 0.144879
-1.028577 0.787841 0.144193 -0.866783 0.273764 0.416822
0.310824 -0.962365 0.429749 -0.461786 -0.173217 0.869914
0.634511 1.340708 -0.06961 0.247099 0.958815 -0.140057
0.387589 -1.349601 0.07302 -0.125828 -0.978463 0.163639
-0.440574 -0.432782 -0.097487 0.008206 0.984123 -0.177298
0.450838 0.597312 0.401686 0.09734 -0.658913 0.745894
0.737531 1.143278 -0.340133 0.498285 0.537085 -0.680626
1.099989 -0.687388 0.055201 0.880699 -0.437386 0.181831
0.846413 -1.163001 0.196973 0.714866 -0.575019 0.397894
-0.608851 -0.078903 0.2708 0.743012 -0.472205 0.474294
-0.127461 1.299256 0.0836 0.154156 0.95436 0.255799
0.60961 0.039184 0.302167 -0.761677 0.29794 0.575396
0.357402 1.33981 -0.099799 -0.154646 0.960976 -0.229366
-0.037404 -1.047088 0.29849 0.115182 -0.16104 0.980204
-0.783482 -0.317988 0.294323 0.555791 -0.274439 0.784716
-0.668899 0.509311 -0.286419 0.078809 -0.615979 -0.78381
-0.659861 -0.299753 -0.156305 0.891948 -0.050446 -0.449314
0.214342 1.324908 0.02198 -0.190334 0.979873 0.060189
0.518595 -0.668788 0.442595 0.183947 0.511498 0.839365
-1.124291 -0.185253 -0.433855 -0.211505 -0.440892 -0.872284
-1.392943 0.298097 0.069342 -0.817532 0.556112 0.149603
-0.506994 -0.034376 0.004486 0.932716 -0.360517 0.008265
0.129141 -1.296639 -0.093737 -0.157211 -0.945214 -0.286105
-0.76474 -0.199957 0.344974 0.553053 -0.480067 0.680932
-1.329871 -0.388363 0.030742 -0.768738 -0.635377 0.073066
0.620787 -0.910289 0.479371 0.304158 -0.037294 0.951891
-0.801828 -0.051527 -0.451788 0.400585 -0.244873 -0.882932
-1.303629 0.105021 -0.379406 -0.597579 0.25695 -0.759524
-0.593371 -0.16376 0.092908 0.856902 -0.487232 0.168297
-0.431648 1.359519 0.023396 0.077694 0.995683 0.050781
0.194536 0.504366 0.01121 -0.889438 -0.456693 0.018207
-0.198769 -0.678693 -0.292428 0.769637 0.339054 -0.541018
-0.405761 1.152802 -0.384879 0.227952 0.565287 -0.792773
1.005035 -0.291614 0.384875 -0.037711 -0.503984 0.862889
-0.667833 -0.571937 -0.334181 -0.118664 0.584406 -0.802738
-0.993853 -0.85648 0.17351 -0.861045 -0.238264 0.449257
-0.634379 1.004324 -0.460292 -0.300625 0.25398 -0.919303
-0.54579 -1.357266 -0.05526 -0.081422 -0.990219 -0.113302
0.608675 -0.923597 -0.48224 0.270761 -0.074519 -0.959758
-0.372301 -1.332622 -0.133984 0.14938 -0.941343 -0.302587
1.277338 -0.222419 0.339925 0.538394 -0.468914 0.70018
0.162381 -1.308642 0.069655 -0.176284 -0.962941 0.204128
0.24202 0.592018 0.299659 -0.761728 -0.375067 0.528294
-0.829201 0.9565 0.352351 -0.661596 0.158425 0.732934
-0.665519 -1.247868 -0.276358 -0.315262 -0.771252 -0.552974
0.744031 0.931122 -0.42015 0.528418 0.072254 -0.845904
-0.409761 1.303739 0.21568 0.135049 0.874036 0.466714
-1.256582 -0.256009 -0.331774 -0.502009 -0.510991 -0.697764
-1.2346 -0.445195 -0.16121 -0.650228 -0.629225 -0.425769
1.37029 -0.332549 -0.058249 0.795138 -0.592417 -0.129609
0.517557 -1.004518 -0.478563 -0.013413 -0.298549 -0.9543
0.295384 0.425513 0.074888 -0.09437 -0.986443 0.134259
-0.868463 0.814939 0.329749 -0.630938 -0.015974 0.775669
0.163808 0.914877 0.344217 -0.514468 -0.085601 0.853226
-1.113749 -0.533213 -0.203175 -0.575078 -0.510255 -0.639473
-0.181514 -0.677488 0.266111 0.774723 0.379757 0.505558
-0.866372 0.289605 -0.353907 0.357744 0.431856 -0.827961
1.074624 0.013458 0.494102 0.148835 0.043738 0.987894
-0.761171 1.268666 -0.139928 -0.528444 0.801497 -0.279908
-0.997453 0.055237 -0.494541 0.012638 0.191669 -0.981378
0.670118 0.889559 0.460543 0.406333 -0.023712 0.913417
-0.028118 -0.891136 0.281637 0.136777 0.352281 0.925846
-0.643202 0.599344 -0.359207 -0.184331 -0.586876 -0.788415
-0.734864 1.183268 0.306242 -0.484616 0.624318 0.612678
-0.725435 -1.22045 -0.271111 -0.456617 -0.705307 -0.542257
0.783198 0.70426 0.364854 0.412678 -0.268894 0.870283
0.13435 0.647548 -0.139675 -0.778789 -0.556282 -0.289894
-0.541398 0.805832 -0.490929 -0.165504 -0.180637 -0.969525
0.30511 -0.561897 -0.344579 -0.468828 0.559431 -0.683547
0.42019 1.096677 0.424002 -0.231776 0.465164 0.854343
0.966345 -0.82389 0.22929 0.785878 -0.161298 0.596975
1.361212 -0.163398 0.297266 0.711713 -0.363743 0.600962
-0.530349 -0.063287 0.095948 0.853982 -0.494252 0.162574
-1.442838 0.205943 0.088525 -0.886719 0.425193 0.181497
1.285956 -0.153325 -0.373138 0.55519 -0.357967 -0.750749
-1.042807 -0.213394 -0.430406 -0.034702 -0.483416 -0.874703
1.194102 0.137422 -0.432439 0.366265 0.346127 -0.86374
-0.264 -0.802312 -0.404189 0.622157 0.109008 -0.775266
0.963908 -0.875125 0.216411 0.822037 -0.200609 0.532928
0.326023 0.846897 0.449826 -0.502616 0.002963 0.864505
1.331166 -0.037617 -0.372217 0.660983 -0.094496 -0.744427
0.846881 0.931985 -0.340887 0.677917 0.127985 -0.723912
1.312746 -0.18388 -0.334975 0.610239 -0.406694 -0.679859
-1.031053 -0.117259 -0.476302 -0.035098 -0.347674 -0.936958
-0.375319 -0.471068 0.236217 -0.056907 0.913332 0.403221
-0.902143 0.738705 0.301178 -0.591871 -0.021858 0.805736
0.88237 0.196056 -0.414613 -0.302672 0.485967 -0.819894
0.814799 0.702053 -0.348856 0.436737 -0.217312 -0.872947
1.481429 0.063945 0.116517 0.961579 0.144617 0.23335
-0.929035 -0.070161 0.485159 0.154248 -0.260028 0.953201
-0.321781 0.920972 -0.442463 0.473929 0.114519 -0.873085
-0.908142 1.043154 -0.217011 -0.809328 0.367594 -0.458108
0.564624 0.410607 -0.103943 -0.416071 -0.861719 -0.290388
0.051571 -1.047584 0.300377 -0.156151 -0.166231 0.973645
0.435495 1.332848 0.15725 -0.089251 0.937108 0.337436
-0.606725 -0.167202 0.138638 0.837069 -0.484735 0.25367
-0.427649 -0.549167 -0.355353 -0.085838 0.762313 -0.641491
-0.993926 0.870162 0.165717 -0.871105 0.249289 0.42312
-0.247815 -0.700286 0.36352 0.707247 0.246843 0.662473
-0.644454 1.325808 -0.127666 -0.266817 0.929019 -0.256383
1.316914 0.151355 -0.349072 0.619845 0.348847 -0.702921
-0.62364 0.487928 -0.260418 0.124923 -0.722473 -0.68002
1.4378 -0.128078 0.199077 0.870749 -0.285051 0.400677
0.932757 0.918023 -0.246743 0.798257 0.201466 -0.567625
-0.862945 1.011492 0.300024 -0.728808 0.280303 0.624716
0.785059 -1.268668 0.079629 0.580192 -0.798736 0.159365
-1.225678 -0.496702 0.081436 -0.732605 -0.639847 0.232134
0.651778 0.158886 -0.250422 -0.735765 0.503255 -0.453192
0.56985 -0.130121 0.074999 -0.835581 -0.534827 0.125555
-0.873958 -0.261944 0.372275 0.340273 -0.465365 0.817099
0.80398 -0.524009 0.30253 -0.001941 0.234358 0.972149
0.161407 -0.969886 0.344677 -0.455263 -0.031863 0.889786
0.742022 0.793745 -0.411046 0.471364 -0.192523 -0.860669
-0.769783 0.625994 -0.342139 -0.263372 -0.356318 -0.896478
1.108513 0.672629 0.050276 0.872616 0.459039 0.166808
-0.857096 -1.151212 -0.194194 -0.734862 -0.552393 -0.393497
-1.362954 0.308036 -0.146551 -0.759619 0.566562 -0.319353
0.562594 -0.503648 -0.273962 0.003685 0.802946 -0.596041
-0.982653 0.224625 0.421983 0.095908 0.493118 0.86466
-0.262493 1.326357 0.080626 0.19619 0.958552 0.206608
1.396675 -0.000646 0.304382 0.79335 -0.001559 0.608764
0.529492 0.0754 -0.029433 -0.846648 0.529956 -0.048308
-1.090615 -0.615246 -0.162818 -0.717343 -0.437561 -0.542181
-0.409056 -0.921668 -0.480412 0.297692 -0.15008 -0.942791
0.576923 -0.386523 0.03784 -0.603863 0.788532 0.116478
-0.50309 1.1401 0.411743 0.056444 0.563498 0.824187
-0.966123 -0.962631 0.163568 -0.875617 -0.30402 0.375323
1.347032 -0.189923 0.296592 0.68277 -0.411495 0.603737
0.156991 -0.820166 0.317473 -0.608644 0.27684 0.743581
-0.200948 -0.850477 -0.360826 0.607703 0.137314 -0.782203
0.359987 -1.077842 -0.413631 -0.330837 -0.406516 -0.851641
-1.322657 -0.372991 -0.117214 -0.733829 -0.621603 -0.274051
1.322451 0.398016 0.023557 0.765698 0.640693 0.056744
-0.863154 1.152474 -0.180545 -0.745977 0.556203 -0.366273
-0.535674 1.348476 0.110288 -0.061184 0.972097 0.22646
-0.729501 0.249962 0.278084 0.677622 0.381852 0.628504
-0.300007 1.258438 -0.246463 0.243041 0.774084 -0.584573
-0.887414 -0.05196 0.481256 0.23189 -0.21283 0.949174
0.824254 -0.833863 0.364749 0.591397 0.04941 0.804866
0.65273 -0.14469 0.267477 -0.715838 -0.512216 0.474563
0.69427 -0.154555 0.312369 -0.650728 -0.502821 0.568968
-1.374845 -0.291714 0.1465 -0.774478 -0.54866 0.314891
-1.471831 -0.156309 0.019845 -0.941352 -0.335028 0.040156
0.406861 1.331788 -0.151214 -0.120277 0.935851 -0.331233
-0.687501 0.979986 -0.444606 -0.42638 0.180807 -0.88629
0.569376 -0.597521 -0.375824 0.186768 0.650504 -0.736181
0.820713 -0.909197 -0.366756 0.631404 -0.067978 -0.772468
-0.775055 -0.261414 -0.313836 0.57287 -0.400771 -0.714985
-0.129162 1.126586 -0.293416 0.270482 0.427445 -0.86263
-0.969184 -0.032656 -0.497044 0.064432 -0.121141 -0.990542
-0.606661 0.035616 0.300028 0.769568 0.277498 0.575118
0.244808 -0.528286 -0.248118 -0.743303 0.493533 -0.451582
0.655639 1.107678 0.409048 0.318615 0.478803 0.818066
-1.312791 0.227894 -0.305335 -0.615226 0.472576 -0.631006
-0.730902 1.066869 0.39196 -0.498701 0.369398 0.784119
0.57949 -1.170561 -0.386086 0.119863 -0.623931 -0.772232
-0.597723 -0.381535 0.086748 0.671068 0.686932 0.278912
0.720405 0.985874 -0.425996 0.489277 0.189539 -0.851283
-0.321076 -0.566104 -0.357723 0.381154 0.586141 -0.714954
-1.033187 -0.459675 -0.291148 -0.236168 -0.431589 -0.870607
0.15736 -1.032075 0.335581 -0.390048 -0.179267 0.903175
0.293768 -1.340302 -0.021365 -0.181775 -0.98192 -0.052834
1.383479 0.282755 -0.140394 0.787848 0.538036 -0.299687
0.146266 0.59598 -0.028069 -0.846793 -0.529373 -0.052017
0.53718 -0.413208 -0.070001 -0.330052 0.926729 -0.179551
0.602761 0.632158 0.394433 0.232615 -0.570828 0.78743
1.183412 0.394571 0.267979 0.457047 0.585056 0.669938
1.407288 0.223568 -0.172333 0.81546 0.456644 -0.35567
-1.019491 0.777221 -0.167517 -0.837502 0.250175 -0.485801
-0.604129 -1.156846 -0.392073 -0.180679 -0.59389 -0.783996
0.354156 -0.666376 -0.433122 -0.372957 0.352417 -0.858316
0.348317 -0.632992 -0.415011 -0.355596 0.435489 -0.826983
-0.785321 -0.512976 -0.299045 0.055338 0.27868 -0.958788
-0.762333 -0.079688 0.42063 0.482194 -0.368238 0.794915
0.878705 -0.945361 0.305575 0.729952 -0.178393 0.659807
-0.344159 1.301764 0.195828 0.190178 0.87283 0.449445
1.060512 0.150912 -0.460671 0.084842 0.403293 -0.911129
-0.451009 -1.296675 0.238042 0.090181 -0.86113 0.500323
-1.138903 -0.574336 0.132426 -0.725467 -0.539006 0.427984
0.516507 1.282242 -0.267157 0.00515 0.838547 -0.544805
-0.474227 1.353824 -0.089331 0.02948 0.981635 -0.188477
-0.24183 1.212816 -0.273886 0.28486 0.665092 -0.690295
0.80396 0.330452 -0.303474 -0.496839 0.276197 -0.822719
0.887404 0.880148 -0.309203 0.706999 0.091835 -0.701227
1.211852 0.300757 -0.327402 0.425851 0.549704 -0.718663
0.481675 1.361367 0.032515 -0.015591 0.997531 0.068477
-0.79164 -1.220305 -0.196375 -0.600821 -0.695862 -0.393434
-0.592815 0.102884 -0.212352 0.771835 0.525811 -0.357483
0.546597 0.452981 0.190137 -0.152149 -0.882151 0.445713
0.202371 1.268384 0.189504 -0.22803 0.824209 0.518346
-0.634696 -0.678353 0.413759 -0.292928 0.469825 0.832741
1.06762 -0.494278 -0.259988 0.386437 -0.45843 -0.800317
0.426708 -1.282697 -0.255606 -0.128674 -0.830012 -0.5427
-1.488873 -0.003726 0.104821 -0.977741 -0.008497 0.209643
0.942196 0.248885 -0.401318 -0.186062 0.493033 -0.849882
0.533686 0.698314 0.455713 0.201358 -0.445631 0.872278
0.004909 -1.299441 0.018575 -0.006694 -0.998059 0.061909
0.711505 -1.078656 0.397947 0.455394 -0.399445 0.795651
-0.024661 1.00234 -0.301076 0.08742 0.010898 -0.996112
0.304285 0.420716 -0.02904 -0.036973 -0.998057 -0.050156
0.441825 0.933641 -0.487143 -0.210377 0.171483 -0.962463
0.481439 0.682026 0.456475 0.102016 -0.462168 0.880905
-1.380678 0.167423 -0.269861 -0.752366 0.368017 -0.546359
0.894363 -0.465082 -0.303368 -0.047626 -0.148475 -0.987769
0.351932 0.736592 0.453504 -0.437215 -0.186017 0.879909
-0.767831 0.301801 0.288492 0.600311 0.294158 0.743705
0.402749 1.27624 0.258969 -0.159548 0.814464 0.557846
-0.736714 -1.14195 -0.341772 -0.496771 -0.534328 -0.683895
-0.967651 0.17406 0.447885 0.116045 0.458215 0.881233
-0.848241 -0.786306 -0.343441 -0.578243 0.079046 -0.812027
-1.040932 0.730961 -0.156586 -0.823428 0.294012 -0.485307
0.657427 -1.037645 -0.441385 0.344329 -0.322024 -0.881895
0.818488 0.761232 0.359644 0.517992 -0.152239 0.841729
1.079064 -0.182817 0.443499 0.11609 -0.446086 0.887429
0.796646 0.544011 0.308079 0.057421 -0.279001 0.958573
-0.892075 -0.237326 0.39363 0.295459 -0.485307 0.82291
1.254712 0.409887 -0.182175 0.635715 0.624021 -0.454384
0.553829 -0.105467 -0.075766 -0.827168 -0.548256 -0.123319
0.318048 1.168682 0.342464 -0.304714 0.570398 0.762755
-1.012622 0.705802 -0.207147 -0.73018 0.227173 -0.644383
0.504163 -1.273569 -0.279882 -0.019361 -0.820128 -0.571852
-0.089857 1.205402 -0.228914 0.160002 0.672603 -0.722498
0.536263 -0.086324 0.025538 -0.838004 -0.544091 0.041417
0.687769 0.857833 0.450254 0.433277 -0.093478 0.8964
-0.547621 -0.014398 0.210439 0.897654 -0.145993 0.415817
0.625567 -0.782789 0.461862 0.335038 0.262619 0.904865
0.377386 0.423817 0.036343 0.056587 -0.99663 0.059381
-0.820183 0.013141 -0.466092 0.359948 0.064273 -0.930756
0.930738 -1.092493 0.097807 0.858019 -0.470684 0.205572
1.222076 -0.059272 -0.442563 0.439151 -0.160689 -0.883926
1.275342 -0.087935 0.40518 0.542422 -0.22298 0.809974
-0.619651 0.193105 -0.135083 0.86181 0.431069 -0.267325
-1.009631 -0.295577 -0.382726 0.02568 -0.504985 -0.862746
0.157133 -0.744623 0.280191 -0.693206 0.384895 0.609361
1.103656 0.169435 0.446075 0.170561 0.422346 0.890243
0.48189 -0.93867 -0.492579 -0.095382 -0.172332 -0.98041
0.655495 -0.297123 -0.147616 -0.904746 -0.050809 -0.422909
0.690649 -0.256106 -0.225745 -0.783407 -0.31534 -0.535569
1.237204 0.256484 -0.344537 0.460237 0.512171 -0.725164
-1.330255 -0.380993 -0.068097 -0.760113 -0.629673 -0.160438
-0.465958 -0.811224 0.495816 0.071649 0.107559 0.991614
0.269321 -0.526038 0.279604 -0.61779 0.571449 0.540168
-1.481303 -0.128331 0.002127 -0.959989 -0.280005 0.004284
-0.238906 -0.97022 0.387812 0.497542 -0.120693 0.859002
1.430611 -0.053827 0.247332 0.859734 -0.125771 0.495013
-0.004696 -0.717243 0.100516 0.039004 0.941487 0.334785
-0.492485 0.455145 0.182516 0.039227 -0.929918 0.365669
0.671874 1.057233 -0.427712 0.372101 0.361802 -0.854775
-0.801554 1.016201 0.359805 -0.631073 0.262583 0.72993
-1.070795 0.729585 0.092412 -0.883963 0.364789 0.292471
0.352374 -1.350803 0.003989 -0.14991 -0.988656 0.009255
-0.26552 -1.334354 0.030121 0.190021 -0.978748 0.077103
-0.331176 -0.835677 -0.452741 0.496076 0.011935 -0.868197
0.284836 1.048778 0.39256 -0.416834 0.309002 0.854849
-1.042823 0.82635 -0.061484 -0.931643 0.319682 -0.172754
-0.286649 1.104414 -0.369284 0.370768 0.422501 -0.827058
-0.522128 0.58544 0.37622 -0.167764 -0.69009 0.70401
0.781412 1.267316 -0.097565 0.572547 0.796284 -0.195246
-1.473644 -0.001806 0.160181 -0.947286 -0.004154 0.320362
1.39873 0.22975 0.183362 0.798888 0.46667 0.37947
-0.145098 1.313025 0.001866 0.160952 0.986946 0.0056
0.443359 0.496256 -0.275069 0.091276 -0.870447 -0.483726
0.576811 -0.016145 -0.264004 -0.840251 -0.147742 -0.521681
0.087143 -1.293178 -0.084892 -0.114924 -0.955654 -0.271142
-0.42977 -0.829727 -0.491916 0.211924 0.036842 -0.976591
-0.413002 0.505599 -0.296731 -0.084066 -0.851225 -0.518023
-0.155259 -0.657227 -0.201644 0.787605 0.471086 -0.397186
0.462165 -0.46298 0.202063 0.028829 0.927867 0.371795
-0.183907 0.865669 0.350658 0.584433 -0.143627 0.79863
1.198272 0.392869 -0.258806 0.487454 0.591763 -0.642032
-1.100589 0.274073 0.388074 -0.168181 0.521635 0.836428
0.630688 -0.369259 0.132627 -0.75863 0.47885 0.441795
-0.975276 -0.746353 -0.236741 -0.718286 -0.141376 -0.681233
-0.458933 0.730906 -0.478314 0.016273 -0.31106 -0.950251
-1.408355 -0.084413 0.273559 -0.812921 -0.196836 0.548101
1.147617 0.592442 -0.086076 0.786292 0.550338 -0.280843
0.173111 0.983512 0.349839 -0.454818 0.076527 0.88729
-1.370203 0.338817 -0.010498 -0.800656 0.598664 -0.023496
0.748886 1.290874 -0.086938 0.498517 0.849263 -0.173877
0.462302 -1.030885 0.464026 -0.160913 -0.354536 0.921092
-0.883487 -1.111319 0.195619 -0.779916 -0.480212 0.401407
1.111379 0.298928 -0.369836 0.203383 0.533416 -0.821037
-1.477409 0.134137 -0.045299 -0.952071 0.291931 -0.091311
1.49044 -0.07457 0.056493 0.979416 -0.167117 0.113208
0.139424 1.105336 -0.306477 -0.30185 0.368066 -0.87944
-0.622967 0.127784 0.237968 0.747422 0.522807 0.409919
0.184589 1.312386 -0.07181 -0.187037 0.960875 -0.204294
0.859347 -0.699721 0.325 0.47972 0.131809 0.867465
0.085049 -1.194022 -0.237973 -0.158219 -0.637327 -0.754176
0.34703 1.175857 0.348129 -0.278972 0.593383 0.755031
1.018698 -0.216876 -0.42871 -0.01741 -0.487792 -0.872786
0.492326 -1.114046 0.427556 -0.083655 -0.513119 0.854231
0.849892 0.977776 0.326933 0.699203 0.210509 0.683229
0.694576 0.032087 -0.391626 -0.607596 0.201837 -0.768172
0.591248 0.808743 0.479843 0.275928 -0.197309 0.940709
0.226542 0.833534 0.378368 -0.623416 -0.118899 0.772797
-0.794852 -0.379363 -0.287045 0.457815 -0.108037 -0.882459
-0.781563 -0.878938 0.397102 -0.565831 0.013727 0.824407
-1.046499 -0.792597 0.094276 -0.908036 -0.315464 0.275595
-0.232578 0.458958 -0.095027 0.728557 -0.660949 -0.179865
0.952305 0.887393 0.229416 0.811017 0.194136 0.551872
-0.814569 0.867254 0.373181 -0.601691 -0.007807 0.798691
-0.9011 -0.907882 0.289617 -0.743967 -0.146861 0.651878
-0.168198 0.599657 -0.152848 0.847641 -0.45627 -0.270781
0.671663 1.099915 -0.406843 0.359281 0.457217 -0.813554
1.231116 -0.381541 -0.242185 0.544604 -0.600785 -0.585204
-0.367701 -0.692506 -0.448467 0.341805 0.30339 -0.889451
1.456645 0.147072 -0.131495 0.909584 0.319607 -0.265536
0.279557 -0.767464 0.411164 -0.621582 0.139152 0.770891
0.755834 -1.280896 -0.111371 0.515075 -0.827694 -0.222755
0.013496 1.299581 0.01804 -0.018372 0.998025 0.060071
-0.624622 -0.323631 -0.065723 0.947978 0.238469 -0.21088
0.000952 -1.018709 -0.299418 -0.003243 -0.062368 -0.998048
-0.581406 -1.352244 -0.063177 -0.143826 -0.981253 -0.128282
0.553476 0.660429 0.428551 0.226125 -0.532879 0.815418
-0.080782 1.265243 0.150541 0.11892 0.867772 0.482524
0.167347 1.031692 0.340057 -0.402161 0.185888 0.8965
-1.482367 0.075787 -0.103983 -0.963079 0.170459 -0.208379
0.933059 0.595792 -0.284068 0.370677 0.068106 -0.926262
-1.433571 -0.23974 0.030717 -0.875997 -0.478069 0.063865
-0.874032 1.180661 -0.090529 -0.766146 0.615897 -0.18355
-0.541426 0.047603 -0.168158 0.859979 0.411149 -0.302313
0.374951 1.321944 -0.164684 -0.154729 0.91627 -0.369471
0.862823 -1.20512 0.033048 0.744506 -0.664273 0.066727
0.477725 1.076661 -0.446307 -0.120957 0.441378 -0.889132
0.966106 0.532875 0.282378 0.269598 0.221241 0.937214
-0.606289 0.367132 0.075254 0.769097 -0.588716 0.248803
-1.01842 -0.912343 0.015967 -0.943121 -0.33002 0.040108
0.621928 -0.184326 -0.15565 -0.838873 -0.454808 -0.299068
0.352564 1.072969 0.412986 -0.342721 0.393915 0.852862
0.179733 -0.70712 0.284189 -0.745808 0.360426 0.560236
1.41764 0.092411 -0.256087 0.831218 0.213273 -0.513411
0.60371 -1.112568 0.42201 0.18786 -0.502733 0.843782
0.333057 0.938758 -0.445698 -0.447637 0.150609 -0.881441
0.906644 0.591333 0.293925 0.318208 -0.001148 0.94802
-0.521448 -0.021941 0.135177 0.935715 -0.236739 0.261519
-0.439955 -1.072206 -0.441546 0.203081 -0.426341 -0.881471
1.438475 0.157078 0.173324 0.8723 0.340878 0.350563
-0.664044 -0.131617 -0.296741 0.682351 -0.509968 -0.523765
-0.936793 1.019978 0.180733 -0.849437 0.35328 0.391983
1.09699 -0.335215 0.34962 0.196966 -0.536535 0.82057
-1.396344 0.238299 0.177644 -0.7963 0.479202 0.369149
-0.997281 -0.49281 -0.286143 -0.232618 -0.337888 -0.911987
0.005379 -0.706548 -0.062931 -0.046185 0.976709 -0.20954
0.452242 -1.120371 0.417763 -0.164941 -0.517753 0.83948
-0.464963 -0.739875 -0.481223 0.005279 0.292737 -0.956178
0.905206 -0.908931 -0.284634 0.750692 -0.153416 -0.642592
-0.255413 0.75851 0.388629 0.661416 -0.172881 0.729823
1.087705 0.711648 0.05885 0.893924 0.405754 0.19043
0.701531 1.309581 -0.111061 0.391646 0.892864 -0.222279
-1.236417 0.39329 0.224469 -0.571821 0.608374 0.550365
-0.650644 -0.702814 0.420795 -0.324109 0.416284 0.849506
-0.75724 0.198156 -0.340029 0.567453 0.480116 -0.668944
-0.340403 -1.313159 -0.170214 0.184023 -0.900471 -0.394066
0.999233 -0.768951 0.201936 0.789393 -0.202048 0.579686
-0.661195 0.84473 0.460808 -0.392154 -0.124266 0.911468
-0.385365 1.33717 0.125629 0.136024 0.95008 0.280795
1.044829 -0.08698 -0.485426 0.073564 -0.270875 -0.959799
0.645602 -1.115933 -0.407856 0.29181 -0.499462 -0.815711
-1.128913 -0.50383 0.214044 -0.540082 -0.539401 0.646033
0.712624 0.178782 -0.312053 -0.640988 0.489514 -0.591194
0.691833 -0.758194 -0.42628 0.398557 0.290755 -0.869835
0.175116 0.664151 0.244998 -0.787289 -0.405918 0.46412
1.145779 -0.555726 -0.144327 0.696196 -0.552793 -0.457965
-0.321507 -0.762971 0.44087 0.534298 0.128662 0.835447
-0.09036 1.013727 -0.31339 0.281199 0.079434 -0.956356
-1.422609 -0.23446 0.111683 -0.851001 -0.47132 0.231636
-0.190291 -0.893976 0.35911 0.559312 0.082885 0.824803
0.242 -1.270088 0.204585 -0.238613 -0.815051 0.527974
0.909998 0.383894 0.326348 -0.180392 0.337739 0.923792
1.253468 0.477384 -0.028736 0.752166 0.654247 -0.078788
0.793521 -1.023284 0.364052 0.618186 -0.275329 0.736233
1.186968 -0.209237 -0.400483 0.343792 -0.462547 -0.817226
-0.56372 0.601526 0.380794 -0.190976 -0.646057 0.739012
0.709746 1.291585 -0.157358 0.411386 0.85537 -0.314806
0.336221 -0.702533 -0.436641 -0.478105 0.244817 -0.843493
0.970175 1.000206 -0.112248 0.898227 0.36001 -0.252153
-0.305624 -1.272389 -0.229258 0.230385 -0.807343 -0.543249
0.240402 0.570675 0.280984 -0.768359 -0.405012 0.49557
-1.206121 -0.403774 0.242104 -0.520284 -0.599076 0.608616
-0.681974 -1.329202 -0.040652 -0.34788 -0.933993 -0.081462
-1.194284 0.111072 0.442004 -0.372278 0.291158 0.88127
1.011734 0.60765 0.240528 0.540299 0.263271 0.799228
-0.653472 0.5326 -0.304708 -0.011852 -0.640611 -0.767774
1.446179 0.082384 0.207576 0.889651 0.188282 0.416019
0.301033 0.994438 -0.417351 -0.448476 0.220339 -0.86621
0.941002 0.723634 0.271537 0.629495 0.05715 0.7749
-1.309844 -0.077371 0.382641 -0.61398 -0.1931 0.765337
-1.437739 -0.189666 -0.137067 -0.873382 -0.398846 -0.279509
-0.232529 0.590305 0.284047 0.784193 -0.374959 0.494416
-0.191848 -0.647161 -0.259303 0.799448 0.37575 -0.468716
-0.761789 0.847511 -0.408191 -0.525993 -0.083705 -0.84636
1.016864 0.839922 -0.134332 0.8913 0.272318 -0.362528
1.122005 0.390167 0.304324 0.314567 0.549923 0.773714
1.294871 0.431332 -0.008196 0.756787 0.653332 -0.02077
0.120992 -0.63088 0.015501 -0.778514 0.626757 0.033036
1.035485 -0.760174 0.148282 0.849907 -0.283224 0.444344
0.813771 0.216145 0.368893 -0.458886 0.478532 0.748619
0.355374 0.522507 -0.324019 -0.079948 -0.786674 -0.612171
-1.095362 0.638853 -0.134798 -0.777963 0.439271 -0.449238
-0.882383 -1.118756 -0.188603 -0.778693 -0.494323 -0.38637
-0.298524 1.331724 -0.089043 0.187113 0.957809 -0.218154
-1.110448 0.355431 0.332502 -0.246503 0.54351 0.802392
0.236587 -0.690723 0.347239 -0.728313 0.26849 0.630455
-1.190537 -0.208063 0.399627 -0.351388 -0.460583 0.815101
0.317297 -1.057278 0.404642 -0.388746 -0.345553 0.85409
-0.939136 0.629247 -0.278907 -0.457439 0.062652 -0.887031
0.24817 -0.594103 -0.309699 -0.745449 0.375215 -0.550926
-1.179978 0.080923 0.456454 -0.349843 0.223026 0.909873
0.003132 0.700083 -0.008683 -0.027464 -0.999204 -0.028932
-0.41804 1.229639 -0.321011 0.169579 0.719581 -0.673385
-1.148943 0.274764 0.37458 -0.274646 0.526398 0.804658
-0.301154 0.712494 0.416053 0.592551 -0.209247 0.777881
0.464751 -0.422778 -0.015041 -0.090034 0.995493 -0.029801
0.820708 1.24045 0.076872 0.658458 0.73665 0.154207
0.710023 -0.930442 0.439984 0.473418 -0.066642 0.878313
-1.082471 0.728138 0.047998 -0.907048 0.392205 0.153099
-0.35774 -0.446667 0.172909 -0.051313 0.956047 0.288688
-0.02933 1.241093 0.179749 0.049204 0.80164 0.595779
0.694835 -0.13792 -0.327473 -0.633819 -0.502086 -0.588374
0.912064 0.146164 -0.451487 -0.21946 0.438859 -0.871344
0.510759 -0.466384 0.210077 -0.03598 0.901116 0.432082
-0.630651 0.852979 0.47398 -0.340226 -0.102431 0.934748
-1.067374 0.774143 0.012698 -0.932482 0.359161 0.038495
-1.050929 0.423081 0.306035 -0.205949 0.479998 0.852752
1.312424 0.067051 0.382997 0.620472 0.168251 0.765967
-0.246545 -0.540592 0.263645 0.742675 0.469373 0.477623
1.208959 -0.249053 -0.365838 0.396867 -0.505611 -0.766064
-0.738661 0.479211 0.280404 0.210743 -0.380349 0.900512
-0.174464 -0.779769 -0.316906 0.668662 0.294141 -0.682914
-1.153184 0.426882 -0.260373 -0.44022 0.571124 -0.692838
0.583782 -1.217727 0.341963 0.129263 -0.716757 0.685237
0.340622 -0.898011 -0.455115 -0.45476 -0.090125 -0.886042
-0.137522 1.286719 -0.125531 0.170756 0.909744 -0.378429
0.775992 -0.547923 0.310594 0.056596 0.342241 0.937906
1.012242 0.050703 0.495341 0.018194 0.173616 0.984645
-0.269918 -0.453296 0.162745 0.403123 0.855744 0.324337
-1.406639 0.201589 0.199047 -0.809708 0.422485 0.407282
0.302847 1.285962 -0.206485 -0.220839 0.841051 -0.493825
1.058237 0.078689 0.486417 0.103325 0.244978 0.964007
-1.005266 0.188915 0.443469 0.041282 0.466334 0.883645
-0.448494 0.455101 0.182138 -0.030267 -0.944024 0.328486
0.070601 1.165994 -0.256285 -0.146417 0.549484 -0.822575
-1.345416 0.31351 -0.17477 -0.725672 0.571442 -0.383216
-0.96198 1.036542 0.081986 -0.896823 0.404362 0.179443
1.054696 -0.522345 0.251147 0.424089 -0.418631 0.803054
0.502924 -0.548103 0.339768 0.13224 0.765532 0.629662
0.620132 0.340602 0.070304 -0.899095 -0.370999 0.232352
-0.83758 0.583927 -0.312082 -0.211059 -0.189734 -0.958882
-0.034096 0.968531 -0.30064 0.132154 -0.0967 -0.986501
-0.748386 -0.359413 0.259592 0.601346 -0.047158 0.797596
0.54565 -0.078691 -0.123127 -0.827288 -0.523356 -0.204188
1.05747 0.458806 -0.284148 0.287917 0.466041 -0.836606
-0.622088 0.243991 0.06328 0.958135 0.241825 0.153287
0.985226 -0.997854 -0.035252 0.923305 -0.375587 -0.080268
-1.449343 0.066698 0.207224 -0.896813 0.153346 0.414983
-0.591261 -1.040637 0.459514 -0.176444 -0.352603 0.918988
0.131295 -1.232372 0.211798 -0.198853 -0.744919 0.63683
-0.549569 1.096391 -0.438843 -0.053216 0.479005 -0.876198
0.490437 -0.433728 0.115369 -0.109404 0.964378 0.240844
0.55488 -1.11373 0.428552 0.064506 -0.513014 0.855953
1.104733 0.491057 0.24145 0.459552 0.512145 0.725616
0.479212 1.359052 -0.056584 -0.020105 0.992662 -0.119242
0.204179 1.2117 0.259709 -0.273522 0.666033 0.693964
-0.547807 -1.271972 0.280671 -0.06047 -0.821215 0.567406
0.853559 -1.192546 0.126308 0.727335 -0.637193 0.254891
0.619088 -0.235589 -0.058533 -0.95147 -0.275469 -0.137193
0.949721 0.11579 0.472681 -0.13007 0.372059 0.919051
0.662492 1.328231 -0.094373 0.305607 0.933149 -0.189307
0.896211 0.466541 -0.30323 -0.040166 0.150344 -0.987817
-1.136408 0.239232 0.400766 -0.237628 0.499287 0.833214
-0.491867 -1.312649 -0.213176 0.023759 -0.897057 -0.441276
0.41033 -1.358169 -0.006262 -0.100099 -0.994882 -0.013807
1.150889 0.604171 0.042934 0.820276 0.554343 0.140894
0.611428 -1.24965 0.297792 0.19196 -0.779029 0.596879
1.229297 -0.496234 -0.070512 0.739358 -0.642757 -0.200533
0.653981 -1.062957 -0.432529 0.327975 -0.3804 -0.864713
-0.220572 1.185401 0.289274 0.302311 0.595011 0.744694
-0.909825 0.247435 -0.393634 0.257799 0.48616 -0.834978
0.846581 -0.90687 0.344829 0.665703 -0.086099 0.741233
-0.215405 -0.802452 0.362779 0.654245 0.179083 0.734774
-0.223372 0.784003 0.365366 0.668182 -0.188184 0.719805
0.300474 -0.500671 0.276329 -0.337518 0.763745 0.55025
-0.41119 -0.628176 -0.427007 0.053809 0.547347 -0.835174
0.236738 1.216328 -0.268361 -0.281066 0.674499 -0.682681
1.453346 0.175483 -0.102616 0.904407 0.372266 -0.208485
0.235622 1.033745 -0.372735 -0.439786 0.243573 -0.864443
-0.142368 1.271096 0.159818 0.184954 0.859114 0.477195
-0.635672 0.751331 -0.44759 -0.340132 -0.328609 -0.881094
0.659172 0.004535 -0.365734 -0.681504 0.032849 -0.731077
0.740466 0.737261 -0.396161 0.42055 -0.28392 -0.8617
-0.927342 -0.197654 -0.427452 0.208413 -0.483226 -0.850327
-0.427721 -0.507897 0.297949 -0.094501 0.848128 0.521295
-0.864693 -0.160107 -0.428855 0.322045 -0.468462 -0.822697
-0.076504 0.764235 -0.216651 0.467525 -0.62539 -0.624746
1.290027 -0.371245 -0.184599 0.660759 -0.612615 -0.433706
0.722185 0.709197 -0.39437 0.375847 -0.34481 -0.860142
-0.575048 -1.256297 0.298312 -0.113141 -0.792124 0.599782
0.522124 -0.437583 -0.143796 -0.16687 0.930102 -0.327206
0.998645 0.382734 0.334338 0.024733 0.452941 0.891197
-0.186802 -0.605752 -0.210317 0.835863 0.409058 -0.366066
-0.792987 -0.946233 -0.384398 -0.605268 -0.11939 -0.787018
1.004819 0.139752 -0.467324 -0.026929 0.399847 -0.916186
-0.776544 0.489317 -0.291319 0.147815 -0.268854 -0.951771
0.361237 -0.714532 0.452543 -0.389038 0.242052 0.888853
-0.316325 0.775616 -0.439317 0.545012 -0.109496 -0.831248
-0.504164 1.11881 -0.425634 0.05663 0.52326 -0.850289
0.000838 0.814928 0.236114 -0.00518 -0.616889 0.787033
1.017096 0.905314 -0.055322 0.936584 0.321391 -0.139707
0.984212 0.983128 -0.082225 0.915637 0.354854 -0.188911
0.306521 -0.800966 0.435599 -0.558121 0.075614 0.826307
0.632941 0.254663 -0.102049 -0.94298 0.213488 -0.255367
-0.402989 0.560431 -0.370097 -0.020779 -0.724786 -0.68866
1.368306 -0.121087 0.311243 0.728394 -0.280774 0.624986
-0.722826 0.449096 -0.262531 0.344391 -0.37257 -0.861734
1.381497 0.02941 0.321571 0.76235 0.071461 0.643208
-0.404737 0.465166 0.216733 -0.074721 -0.92698 0.367592
-1.17087 0.559187 0.089671 -0.75772 0.588282 0.282462
1.123415 0.214809 -0.418327 0.207714 0.476725 -0.854159
0.070667 1.116562 -0.283198 -0.170385 0.390964 -0.904498
1.360176 0.294626 0.174142 0.744622 0.551875 0.375463
-0.507925 -0.778135 0.489574 -0.094093 0.228667 0.968947
0.247687 -1.140649 0.331857 -0.346381 -0.488271 0.801007
1.002499 0.813347 -0.179139 0.841176 0.227646 -0.490511
1.073801 -0.571508 0.21083 0.5817 -0.423856 0.694241
0.790118 -0.454037 -0.28659 -0.260389 0.140373 -0.955245
-1.184581 0.562249 0.010644 -0.794096 0.606872 0.033433
1.449512 -0.108678 -0.185609 0.895265 -0.243986 -0.372789
0.323693 0.914007 0.444376 -0.475032 0.104889 0.873695
-0.393292 -0.647445 0.436257 0.16108 0.467406 0.869244
-1.447155 -0.077848 0.207484 -0.891852 -0.178246 0.415727
1.083136 0.691654 0.104194 0.85171 0.398201 0.340626
-1.134758 -0.634951 0.001302 -0.853905 -0.520411 0.004333
0.191553 0.578887 -0.189832 -0.852182 -0.413181 -0.321042
-0.099049 0.76861 0.238817 0.547341 -0.538297 0.640823
1.206541 0.162333 -0.416122 0.388041 0.389249 -0.83541
0.599885 1.353322 0.001536 0.179349 0.983781 0.003108
0.741079 1.24404 -0.221179 0.487762 0.752575 -0.442401
-0.341956 0.478704 -0.253786 0.034852 -0.888252 -0.458032
0.318846 0.900129 -0.443163 -0.489838 0.07985 -0.868149
0.51673 0.019445 -0.119476 -0.948363 0.215798 -0.232462
1.058838 0.663117 0.170939 0.749583 0.348917 0.56248
0.914547 -0.837799 0.286652 0.715074 -0.081048 0.694335
0.872617 1.141628 0.177205 0.762849 0.536566 0.360774
-0.065255 -0.727982 0.161893 0.455856 0.752473 0.475373
0.61913 0.235974 -0.058052 -0.952087 0.273783 -0.136286
0.632212 0.964986 0.469848 0.310137 0.162968 0.93662
-0.847141 -1.137427 -0.22838 -0.716567 -0.522207 -0.462419
0.823599 0.47513 0.295942 -0.142638 -0.080793 0.986472
-0.009184 -0.828986 0.246788 0.054314 0.568234 0.821073
0.440452 1.269917 -0.277214 -0.118395 0.804968 -0.581386
0.286722 -0.904255 0.423716 -0.52707 -0.059288 0.847751
-0.81756 1.046878 0.332143 -0.660789 0.329621 0.674321
0.845529 -0.564066 -0.307006 0.164379 0.152535 -0.974532
0.864159 -0.347049 -0.326868 -0.334327 -0.335336 -0.880781
1.336524 -0.262553 0.249274 0.676951 -0.51516 0.525687
0.042236 1.290794 -0.078691 -0.05873 0.963936 -0.259572
-0.471279 -0.426887 0.070043 0.090534 0.985971 0.140234
1.434548 0.182768 0.155483 0.865888 0.387454 0.316412
-0.37789 -0.563054 0.37197 0.071001 0.696507 0.714028
0.315146 0.497951 0.279952 -0.227351 -0.805705 0.546947
-0.410196 0.455787 0.190189 -0.066692 -0.94402 0.323078
0.217999 0.527946 -0.192982 -0.832228 -0.446507 -0.328676
-1.029341 0.012925 -0.498849 -0.058267 0.044559 -0.997306
0.235937 -0.486447 -0.172884 -0.749558 0.57976 -0.319437
0.838431 -0.658843 -0.327701 0.384965 0.194373 -0.902231
-1.075009 -0.382772 -0.324305 -0.199035 -0.519228 -0.831137
-0.165148 -1.159603 -0.286621 0.287733 -0.524666 -0.801209
0.421576 -0.464728 0.21227 0.069705 0.928358 0.365093
0.841744 0.361112 0.313077 -0.374007 0.266874 0.888199
1.285269 0.388127 -0.167224 0.671546 0.622655 -0.401654
-1.389148 0.279134 0.131578 -0.798063 0.533514 0.280103
0.534251 -0.077775 0.064982 -0.840628 -0.531003 0.106679
0.65435 -0.325598 0.147344 -0.879783 0.118934 0.460258
0.404375 1.35205 0.070369 -0.109601 0.981725 0.155574
-1.008921 -0.728384 -0.203559 -0.756363 -0.217572 -0.61691
-0.680749 1.181081 -0.343613 -0.361093 0.630344 -0.687225
-0.909538 -0.909088 -0.279475 -0.757293 -0.159111 -0.633397
-0.161573 0.658342 -0.215132 0.789715 -0.449633 -0.41735
0.581944 -0.694141 -0.440261 0.264254 0.458436 -0.848532
1.498246 -0.018145 0.037118 0.996392 -0.041127 0.074244
0.574902 -0.788225 -0.479627 0.250239 0.241533 -0.937573
-1.476013 -0.104838 0.104986 -0.949367 -0.232905 0.210851
-0.093803 0.663513 0.048612 0.665319 -0.736654 0.121207
1.296628 0.170593 -0.356174 0.576433 0.386934 -0.719727
0.997671 0.931217 0.104754 0.915114 0.313481 0.253566
1.035148 -0.864175 0.013136 0.945282 -0.32435 0.035191
-0.66346 0.750198 -0.435943 -0.367512 -0.321047 -0.872848
-0.876047 0.361029 0.325857 0.291022 0.326009 0.899458
-0.630371 0.814944 -0.468065 -0.343497 -0.190456 -0.919639
0.67153 -1.182244 -0.347219 0.339085 -0.634643 -0.694442
-0.605904 1.273421 -0.265866 -0.180764 0.826075 -0.533784
-0.940015 -1.009022 -0.183391 -0.851019 -0.339316 -0.400787
1.027622 -0.311899 -0.37315 0.02351 -0.509262 -0.86029
-0.778964 -1.217028 -0.219705 -0.574554 -0.69017 -0.439947
-0.371801 1.278428 0.24596 0.187135 0.817888 0.544095
1.217058 0.428693 0.20512 0.583451 0.613074 0.532658
0.711306 -0.313557 -0.230424 -0.746816 -0.133525 -0.651488
0.598055 0.015249 -0.295686 -0.799733 0.130706 -0.585955
0.213989 -0.686542 -0.317583 -0.754108 0.304175 -0.582064
0.174961 0.583119 0.146482 -0.860055 -0.443786 0.251714
0.593689 -0.430297 0.174352 -0.35949 0.791727 0.493898
-0.521146 -1.072672 -0.451637 0.016108 -0.43467 -0.900446
1.481576 -0.006489 -0.134298 0.963137 -0.01486 -0.2686
-0.758399 0.676651 0.366151 -0.352767 -0.336727 0.873024
0.606124 0.561458 0.334845 0.116442 -0.679181 0.724675
-0.032605 1.228909 -0.195352 0.056962 0.760776 -0.64651
0.58396 -0.667872 -0.424342 0.254245 0.512093 -0.820439
0.940055 0.730223 -0.271829 0.637298 0.056827 -0.768519
0.678671 -1.232744 0.288847 0.347422 -0.73856 0.577778
0.109605 -0.842765 -0.292324 -0.492369 0.348948 -0.797376
-0.141339 -0.642538 -0.149066 0.79256 0.530839 -0.300098
-0.972014 -0.718446 -0.245313 -0.674166 -0.128849 -0.727254
0.087918 1.206069 0.227866 -0.156668 0.675176 0.720827
-0.98709 -0.114814 0.476779 0.05381 -0.356718 0.932661
-0.201312 0.523472 -0.133776 0.869799 -0.441349 -0.220591
0.847916 -0.895926 -0.344784 0.661743 -0.069905 -0.746465
-0.550828 -0.60553 -0.387631 -0.192435 0.643682 -0.740704
-0.751058 -0.112003 0.395648 0.515258 -0.451627 0.728383
-0.402023 1.243608 -0.301179 0.180516 0.745553 -0.641533
-0.560141 0.866594 -0.494469 -0.177221 -0.039096 -0.983394
-0.609519 0.21822 0.010803 0.942036 0.334673 0.023717
-0.580537 -1.177514 -0.380198 -0.122015 -0.63764 -0.76061
-0.142633 -0.611408 -0.079429 0.82813 0.539457 -0.152272
0.148202 -1.06651 -0.323414 -0.346823 -0.263862 -0.90005
0.54073 -0.074286 0.114017 -0.834409 -0.51742 0.189837
-0.981068 -0.245603 -0.409726 0.100343 -0.498951 -0.860801
1.435058 -0.142598 -0.194103 0.864966 -0.313936 -0.391507
0.902248 0.352084 -0.3371 -0.23749 0.37874 -0.894514
-0.399393 -0.439702 0.13677 -0.057257 0.971663 0.229333
-0.078781 -0.699518 0.126105 0.557119 0.754883 0.346077
0.624322 -0.352664 -0.100154 -0.843068 0.422075 -0.333299
1.189265 -0.325406 -0.32124 0.39381 -0.561221 -0.727973
0.067472 -0.701867 -0.113769 -0.49909 0.802626 -0.326651
0.818683 0.583372 -0.315934 0.191606 -0.241557 -0.951282
0.41275 -0.984408 0.467684 -0.281391 -0.262306 0.923046
0.838721 -0.786093 0.350103 0.566782 0.093534 0.818541
-0.914565 0.854219 0.284485 -0.728173 0.098647 0.678257
0.174103 -1.291035 0.132967 -0.195926 -0.903283 0.381696
1.012032 -0.45174 0.299811 0.173072 -0.406948 0.896905
0.613023 1.333368 -0.128741 0.202033 0.944372 -0.259506
0.253352 0.461718 -0.158431 -0.579771 -0.751856 -0.313972
0.764568 0.809815 0.401355 0.506188 -0.146756 0.849845
0.264011 1.149454 -0.333348 -0.3387 0.513212 -0.788604
1.385125 -0.093803 0.301948 0.765034 -0.220337 0.605123
0.779226 -0.635881 -0.343017 0.290061 0.331638 -0.897709
-0.373212 -1.267051 0.262769 0.193721 -0.792761 0.577929
1.388848 -0.235933 -0.195792 0.779608 -0.476507 -0.40639
0.213689 -1.132376 -0.322135 -0.345055 -0.459134 -0.818617
0.025713 -1.288573 -0.083711 -0.036368 -0.959909 -0.277943
0.074802 1.269501 0.14113 -0.109241 0.883798 0.454936
0.862242 0.595123 -0.307774 0.267806 -0.12756 -0.954991
0.888768 -0.966022 0.287439 0.753768 -0.22118 0.6188
0.996057 0.973397 -0.017631 0.932398 0.359078 -0.041206
0.869602 0.671581 -0.315534 0.443672 -0.119792 -0.888147
-0.588554 0.168036 -0.042329 0.875939 0.476133 -0.077643
0.551332 -0.068961 0.163222 -0.824485 -0.492872 0.27803
-1.015009 0.511273 0.273629 -0.314167 0.353413 0.881135
0.923268 0.284243 -0.376536 -0.225927 0.472695 -0.851773
-0.463134 -0.881011 0.497166 0.12872 -0.057151 0.990033
-0.988387 -0.807488 -0.203817 -0.80966 -0.195033 -0.553546
-0.931543 -0.818541 -0.271301 -0.724203 -0.092012 -0.68342
-0.177577 -0.546266 -0.067919 0.886768 0.448487 -0.111815
1.104727 -0.077452 0.479419 0.197921 -0.230111 0.952825
0.956161 0.269384 -0.392261 -0.153803 0.492639 -0.856534
-0.212078 -0.495763 -0.117104 0.850165 0.487506 -0.19889
-1.402895 -0.292454 -0.00805 -0.835347 -0.549451 -0.017285
0.140765 -0.755287 -0.269134 -0.660669 0.421104 -0.62144
1.346632 0.307502 -0.181278 0.723921 0.565349 -0.395372
0.155014 1.2589 -0.184712 -0.204166 0.816284 -0.540367
0.898507 -0.205115 0.414891 -0.272061 -0.487577 0.829609
-0.564647 -0.514218 -0.287754 -0.031241 0.786516 -0.616779
-0.838033 0.116583 -0.44148 0.352757 0.418825 -0.836748
-0.203251 1.222069 0.248992 0.264694 0.694568 0.668963
-0.859924 0.73856 -0.330089 -0.536756 -0.105099 -0.837166
-1.11071 -0.07308 0.47916 -0.211182 -0.217062 0.953041
-0.813777 -1.134637 0.276133 -0.654369 -0.512556 0.555956
-0.509768 -1.203139 -0.361485 0.030346 -0.684223 -0.728641
0.690291 -0.71953 0.4124 0.365774 0.359252 0.858573
-1.233119 0.018202 0.441816 -0.465756 0.04987 0.883507
-0.831725 -0.9138 -0.357079 -0.648591 -0.084625 -0.756418
0.552045 -0.612641 0.393382 0.198883 0.629728 0.750925
-1.106009 -0.499911 -0.234317 -0.481932 -0.510669 -0.712011
0.371773 -1.210979 -0.326309 -0.232776 -0.672363 -0.702669
0.524973 -0.415046 0.057254 -0.286166 0.947808 0.140603
-0.74611 0.080739 0.40981 0.51251 0.381112 0.769472
-0.659705 -0.254098 -0.173718 0.86557 -0.271126 -0.421045
0.678264 -0.93341 0.455612 0.416408 -0.07553 0.906035
0.92873 -1.104925 -0.074187 0.856853 -0.491641 -0.155214
0.244038 -0.866631 -0.395232 -0.587926 0.046016 -0.807605
0.778993 0.333926 0.286209 -0.557561 0.217633 0.8011
-0.64524 1.184565 -0.356599 -0.275953 0.644325 -0.713229
-0.454566 -1.215012 0.343904 0.124815 -0.697715 0.705418
-0.929939 -0.938434 -0.243003 -0.804732 -0.224805 -0.549426
-1.092332 0.685106 0.087698 -0.860179 0.420525 0.288532
-0.477267 1.362232 -0.012689 0.021103 0.999418 -0.026791
-1.072431 -0.753161 0.045662 -0.918665 -0.368736 0.141731
1.142307 -0.015367 0.478951 0.284156 -0.046134 0.957667
-0.270463 0.919727 -0.412407 0.529026 0.067204 -0.84594
0.329121 1.339253 -0.080425 -0.170537 0.966754 -0.190533
-1.384576 0.304881 -0.086995 -0.804089 0.563741 -0.188779
1.420334 -0.235115 -0.118476 0.846368 -0.472486 -0.245803
0.805678 -0.640589 -0.335693 0.318611 0.273408 -0.907599
-0.131665 -1.148131 -0.282521 0.257831 -0.491028 -0.832114
0.132251 0.938563 -0.329139 -0.44194 -0.080721 -0.893405
1.10909 0.107441 0.469983 0.198307 0.303334 0.932021
0.262247 -1.232371 -0.262201 -0.270192 -0.713169 -0.646828
-1.358244 -0.234652 0.246884 -0.71397 -0.477486 0.512107
0.67845 0.617609 -0.362958 0.219261 -0.519785 -0.82568
-0.4805 0.435817 -0.119854 0.079359 -0.967095 -0.241723
-1.073165 -0.008817 -0.49449 -0.146151 -0.028739 -0.988845
0.375534 -1.336941 -0.121451 -0.143966 -0.950923 -0.273897
0.498976 -0.446907 -0.161656 -0.079073 0.938715 -0.335501
-0.842619 -1.149736 0.22099 -0.708092 -0.546967 0.446578
1.281228 0.188183 0.358299 0.543795 0.418536 0.727402
1.171708 0.579784 0.000337 0.80801 0.589168 0.001081
0.59347 1.351377 0.054627 0.166545 0.979806 0.110651
-1.007646 -0.9041 -0.101644 -0.918182 -0.303526 -0.254584
1.344313 0.353945 -0.099479 0.759519 0.609641 -0.226869
-0.859523 -0.296124 0.347541 0.373031 -0.417422 0.828617
0.51718 -1.322298 0.192334 0.020642 -0.918343 0.395247
-0.77798 -0.883875 -0.399616 -0.56334 0.006985 -0.826196
0.752104 -1.000771 -0.40252 0.545916 -0.222103 -0.807865
0.380333 0.797978 -0.47506 -0.364178 -0.077515 -0.928098
0.688638 0.582224 -0.337966 0.141321 -0.540489 -0.829398
-0.840515 -1.220895 0.080305 -0.700183 -0.695456 0.161507
-0.14974 -0.591127 0.035195 0.853331 0.517409 0.064139
0.224606 1.037232 0.36619 -0.4347 0.242611 0.867281
-1.15828 0.27613 -0.370354 -0.295659 0.527953 -0.796148
-0.67708 0.092554 0.34542 0.637068 0.456385 0.621174
0.227925 0.762194 0.363643 -0.684099 -0.206034 0.699685
-0.602871 0.79912 -0.474092 -0.299308 -0.223298 -0.92766
0.704488 -1.266835 -0.217822 0.402193 -0.805235 -0.435704
-0.497234 0.548744 0.341747 -0.133082 -0.765556 0.629455
-0.911482 -0.731072 -0.294159 -0.594835 0.005946 -0.803826
-0.619022 -0.780411 -0.463553 -0.325595 0.267982 -0.906738
-0.818612 -0.962435 0.360447 -0.647699 -0.163275 0.744195
0.355703 -1.079229 0.411291 -0.335126 -0.407027 0.849717
0.962839 1.029446 0.092754 0.896033 0.394417 0.203861
1.198178 0.520802 -0.099873 0.726854 0.618946 -0.297638
0.135797 1.036365 -0.325908 -0.355188 0.175051 -0.918259
0.514154 1.298857 -0.239757 0.006863 0.871222 -0.49084
-0.398849 -0.430366 0.088466 -0.046701 0.987837 0.148313
-0.191181 -1.199444 0.265917 0.276096 -0.634168 0.72222
0.623948 -0.286368 0.033601 -0.995295 -0.006452 0.096673
-0.683935 -0.772274 0.434411 -0.399793 0.268949 0.87626
-0.925038 -0.98022 -0.230592 -0.815932 -0.27952 -0.506087
-0.172675 -1.132863 -0.305346 0.316974 -0.451565 -0.834036
0.446047 -0.950917 0.484668 -0.200939 -0.204156 0.958094
1.230876 -0.152762 0.408317 0.440283 -0.367392 0.819252
0.664926 -0.41465 0.21078 -0.519536 0.504605 0.689533
0.204237 -0.598411 0.24017 -0.826129 0.384456 0.411952
-0.332013 0.422287 0.050195 -0.037251 -0.995902 0.082412
-0.355576 0.433565 0.121331 -0.056644 -0.978356 0.199026
-0.127714 1.302536 -0.070406 0.152514 0.964525 -0.21548
-1.093451 -0.693709 0.069949 -0.877371 -0.421499 0.229256
0.818598 -1.200531 0.186869 0.658422 -0.652393 0.375318
-0.340603 -0.561255 0.362165 0.253076 0.645679 0.720452
0.421956 -0.990635 -0.468567 -0.25965 -0.275402 -0.9256
1.398958 -0.267198 -0.125618 0.813125 -0.51813 -0.26527
-0.334008 0.456983 -0.204853 0.015899 -0.932841 -0.359938
-1.24034 0.364292 0.251185 -0.544038 0.59486 0.591747
0.191957 -0.516592 0.064052 -0.888473 0.447003 0.103945
0.230339 0.543122 0.23814 -0.797641 -0.437744 0.414908
0.044589 -0.693113 0.03397 -0.368963 0.92348 0.105124
-0.863511 -0.946701 0.321465 -0.708174 -0.166798 0.686053
-0.164334 1.174399 0.276103 0.275107 0.566454 0.776818
-0.102548 1.148388 0.274159 0.213289 0.491876 0.844136
-0.23141 1.290628 -0.163415 0.220637 0.874655 -0.431622
1.042918 -0.579747 0.230107 0.53764 -0.354789 0.764898
-1.404247 -0.137717 -0.254277 -0.801463 -0.308806 -0.512149
-0.210112 -1.223629 -0.250097 0.266642 -0.697526 -0.665101
-0.607468 -0.852445 0.48175 -0.295296 0.097183 0.95045
0.645896 1.012505 0.454002 0.325402 0.268491 0.906656
0.548443 -1.145991 -0.407936 0.047082 -0.576867 -0.81548
-0.312143 -0.454497 -0.19502 0.101895 0.928263 -0.357696
0.834686 -0.219175 0.379 -0.414972 -0.481056 0.772259
0.234798 1.322714 -0.070716 -0.196839 0.962238 -0.188023
-0.13666 -0.882708 0.322319 0.50865 0.201826 0.836983
0.922444 -0.896586 0.266918 0.769445 -0.160159 0.618307
-0.36841 0.503204 -0.297278 -0.005487 -0.844432 -0.535635
-0.196194 -1.254182 -0.207869 0.235871 -0.786221 -0.571158
0.256142 -0.624881 0.338644 -0.720736 0.333966 0.607458
0.648529 0.029855 0.35097 -0.696017 0.212456 0.685874
1.029753 -0.274406 -0.395405 0.011666 -0.510819 -0.859609
0.103701 1.306696 -0.013044 -0.126956 0.991059 -0.041041
0.955628 -0.185208 -0.440174 -0.144852 -0.471153 -0.870076
0.338835 -0.662758 0.424289 -0.43837 0.33915 0.832352
0.529662 0.069266 -0.070124 -0.849734 0.514111 -0.116801
-0.91496 0.5225 -0.295206 -0.147219 0.102669 -0.983761
-1.087342 0.322301 0.360088 -0.164978 0.531875 0.830597
-0.84957 -0.786155 0.342479 -0.579685 0.077183 0.811177
-0.512152 1.35675 -0.072778 -0.026537 0.988182 -0.15097
-0.976071 -0.972313 -0.128081 -0.896922 -0.329917 -0.294425
-0.597366 -0.653154 -0.410669 -0.251622 0.535675 -0.806064
1.434369 0.102931 -0.221567 0.864644 0.233784 -0.444675
0.213965 -0.469827 0.005906 -0.83751 0.546325 0.010308
-0.823752 1.171393 0.222554 -0.671142 0.590791 0.447812
0.742236 1.136923 0.341592 0.509653 0.522366 0.683657
-0.540163 -1.117557 0.42703 -0.028017 -0.521554 0.852758
-0.513554 -0.874719 -0.499699 -0.0368 -0.011632 -0.999255
1.239451 -0.240754 -0.353963 0.460657 -0.495016 -0.736718
-0.038372 -0.717459 -0.117609 0.301792 0.877467 -0.372791
-0.542658 0.53136 -0.311686 -0.090395 -0.778019 -0.621704
-0.773444 0.768806 0.387766 -0.481082 -0.20139 0.85323
0.228022 -0.700592 -0.341509 -0.731344 0.269731 -0.626404
-0.808256 -1.021403 -0.351961 -0.642742 -0.275068 -0.714996
-0.099592 -1.167439 0.261423 0.196634 -0.551211 0.810864
1.33315 0.068065 -0.365 0.662226 0.168192 -0.730183
0.572302 1.240945 0.31806 0.105554 0.762075 0.638827
-0.669786 -0.126593 0.308769 0.66813 -0.50587 0.545617
0.637506 1.165123 0.376014 0.260725 0.605395 0.752011
0.866452 0.905252 0.326497 0.692485 0.10331 0.713997
-1.430881 0.155139 0.192835 -0.856498 0.338312 0.389815
-1.190701 -0.124676 0.438757 -0.361883 -0.321162 0.875155
-1.109227 0.481026 0.245782 -0.447618 0.521168 0.726651
-1.373562 -0.231945 -0.226726 -0.74591 -0.472257 -0.469672
-0.315597 0.617241 0.388956 0.497242 -0.418804 0.759838
-0.658338 0.873423 0.464908 -0.387049 -0.059394 0.920144
0.606775 -1.272508 -0.266978 0.18259 -0.824268 -0.535951
0.567577 0.717257 -0.45619 0.250723 -0.407845 -0.877952
0.797471 1.219684 0.188314 0.613072 0.694051 0.377407
0.736146 0.400816 -0.253955 -0.520123 -0.162068 -0.838574
-0.579511 1.015213 0.470538 -0.154409 0.300969 0.94105
0.557935 0.489218 -0.253526 -0.035129 -0.826663 -0.5616
0.878976 -0.007865 -0.484992 -0.242203 -0.034436 -0.969614
-0.604574 1.310288 0.198235 -0.181587 0.898715 0.39917
-0.180962 0.79554 0.329336 0.655791 -0.257708 0.709594
-1.068592 0.017123 0.494788 -0.136507 0.056004 0.989055
0.096542 -0.657244 0.011675 -0.683074 0.729791 0.028563
1.285126 0.110803 0.391292 0.558842 0.272723 0.783146
-0.347054 0.590433 0.388058 0.283877 -0.563742 0.775634
0.23963 0.762158 -0.374902 -0.675314 -0.188525 -0.713028
0.635827 -0.246675 0.118909 -0.922736 -0.257429 0.286861
-0.438754 -1.178643 0.373488 0.166014 -0.623931 0.763642
1.373788 0.069121 -0.323244 0.744202 0.166117 -0.646968
1.381612 0.010214 -0.32287 0.763146 0.024895 -0.645747
-0.7821 -0.302896 -0.299062 0.563495 -0.313621 -0.764274
-0.22469 -0.678565 -0.32724 0.750212 0.294896 -0.591793
0.417144 1.046396 -0.447284 -0.255746 0.373403 -0.89172
-0.911877 -0.658025 -0.292584 -0.474507 0.017555 -0.880077
0.778241 0.053809 0.439613 -0.446741 0.265513 0.854357
-0.246924 1.174054 0.308931 0.317871 0.568289 0.75895
-0.596515 1.31828 -0.183024 -0.166291 0.914356 -0.36919
1.364105 -0.116237 -0.31818 0.720173 -0.271351 -0.638529
0.062832 -0.695369 -0.087634 -0.481912 0.838286 -0.255022
0.354992 -0.423223 0.047261 0.059124 0.995315 0.076505
0.605427 -0.075983 -0.268298 -0.748426 -0.466837 -0.471087
0.80094 -1.044204 -0.348975 0.632072 -0.320395 -0.705573
-0.732543 -1.05338 -0.396972 -0.504259 -0.339086 -0.794194
-0.452802 0.423472 -0.004362 0.059889 -0.99817 -0.008328
-0.205661 0.689446 -0.308228 0.757191 -0.316715 -0.571274
0.613631 0.230703 0.011403 -0.957384 0.287617 0.026317
0.824444 -0.993906 0.346771 0.664365 -0.22642 0.712287
1.038292 -0.707387 -0.173966 0.783516 -0.289276 -0.549929
1.433633 -0.20517 0.126623 0.86719 -0.425013 0.25951
1.388444 -0.189159 0.242345 0.769867 -0.404461 0.493676
-1.11764 -0.372493 0.31841 -0.281935 -0.547586 0.787821
0.871721 0.716085 0.319976 0.519746 -0.097268 0.848765
0.43428 -1.288496 0.24826 -0.116132 -0.842777 0.525586
0.951545 0.914463 -0.220002 0.826471 0.223631 -0.516658
-0.246206 0.466719 -0.155906 0.650096 -0.696609 -0.303499
-0.957058 0.971752 0.176757 -0.864491 0.304417 0.399983
0.859014 0.179002 -0.415482 -0.343291 0.482178 -0.806012
1.155324 -0.58328 -0.082663 0.781341 -0.56393 -0.267377
-0.367394 -0.429402 0.094053 -0.061883 0.986229 0.15337
0.859007 0.967699 -0.320518 0.70958 0.199048 -0.675926
0.813276 1.178376 0.228605 0.649981 0.605451 0.459296
0.67909 0.485862 -0.270211 -0.179515 -0.581675 -0.793365
0.947223 -1.080738 0.034262 0.883613 -0.462505 0.072918
-0.904032 1.073739 -0.19697 -0.809357 0.419551 -0.410997
1.409558 -0.184827 -0.209783 0.813773 -0.394298 -0.426969
1.463714 -0.025266 -0.185017 0.927159 -0.05834 -0.370099
-1.426613 -0.196106 -0.160097 -0.850924 -0.411036 -0.327075
-1.146277 -0.426854 0.264666 -0.424923 -0.565981 0.706475
0.764304 -0.119199 -0.400307 -0.494588 -0.456779 -0.739416
0.814439 1.125292 0.283698 0.65611 0.492799 0.571549
-1.11638 -0.195032 0.430663 -0.193601 -0.454987 0.869198
0.520876 0.892332 -0.498853 0.047847 0.049025 -0.997651
0.921876 1.099957 -0.115698 0.844276 0.478338 -0.241643
-1.19202 0.529033 -0.097923 -0.73246 0.613266 -0.295647
-0.262786 0.465415 0.182001 0.513092 -0.777626 0.363366
1.287917 0.009749 -0.408631 0.57572 0.025504 -0.817249
1.200602 -0.477235 -0.165531 0.638017 -0.613986 -0.464711
0.198323 0.871486 0.362112 -0.58592 -0.108292 0.8031
-0.801345 -0.341004 0.298605 0.495114 -0.242031 0.834436
0.521888 0.779611 0.48829 0.132029 -0.235121 0.962957
0.23707 0.495043 0.190058 -0.752823 -0.558058 0.349039
0.462756 -1.147837 0.401544 -0.13643 -0.571342 0.809293
-0.311771 0.723804 -0.42668 0.562853 -0.192258 -0.803887
0.222023 -1.319375 -0.074291 -0.19659 -0.959686 -0.200885
-0.148126 0.617757 -0.120716 0.82512 -0.516115 -0.229787
-0.08695 0.754964 0.215741 0.521301 -0.609235 0.59756
-1.403033 -0.284347 -0.063882 -0.830798 -0.539602 -0.136395
0.826672 0.232661 -0.366196 -0.43904 0.470276 -0.765561
0.458205 -0.499975 -0.278878 0.090833 0.862503 -0.497834
-0.634539 -0.924942 0.473962 -0.329525 -0.06713 0.941757
-0.46123 -0.927814 0.491777 0.153234 -0.156238 0.975761
-0.922883 -0.237641 -0.40313 0.227669 -0.490872 -0.840958
1.035495 0.863082 -0.01386 0.945206 0.324349 -0.037188
-0.249237 0.91074 -0.399318 0.547933 0.02889 -0.836023
1.059424 0.282281 0.38908 0.080232 0.51818 0.8515
1.199692 -0.506185 -0.123983 0.697471 -0.618248 -0.362358
0.094777 0.727792 0.193007 -0.583807 -0.632172 0.509439
0.867942 1.174136 -0.129168 0.754867 0.601391 -0.261734
0.327991 -0.43385 0.127793 0.011411 0.976269 0.216261
0.245599 -0.562316 0.281963 -0.752284 0.424665 0.503715
-0.429815 0.712099 0.470123 0.101827 -0.330714 0.938222
-0.801506 0.517863 0.301017 0.024865 -0.233724 0.971985
-0.956993 0.860054 0.23164 -0.799576 0.174346 0.574702
0.889137 -1.106837 -0.189826 0.789198 -0.473907 -0.390613
-1.386512 -0.065969 -0.308818 -0.770144 -0.157527 -0.618112
0.163792 0.615824 0.165881 -0.832656 -0.463694 0.302774
0.628046 -0.276605 -0.065665 -0.980184 -0.080612 -0.180947
-1.173903 -0.260971 0.374239 -0.324228 -0.517163 0.792097
0.619182 0.741253 -0.449855 0.318585 -0.353161 -0.879648
-0.117471 -0.921387 0.319754 0.42871 0.145372 0.891669
-0.129479 -0.730747 0.237291 0.670917 0.492723 0.554161
-1.122959 0.654926 0.005372 -0.86974 0.493185 0.017903
-0.368811 -0.544971 0.352304 0.071881 0.737886 0.671086
0.708445 -1.303245 0.123225 0.407467 -0.879306 0.246561
0.331774 0.570426 0.366482 -0.326863 -0.596698 0.732879
-0.944859 -0.945212 -0.216493 -0.83205 -0.253047 -0.493619
0.707755 0.081153 0.381095 -0.581739 0.406633 0.704436
-1.036687 -0.58012 -0.234231 -0.525897 -0.340808 -0.779283
-0.6336 -0.081671 0.303656 0.705459 -0.460485 0.538777
0.52626 -1.291723 -0.251662 0.025566 -0.858167 -0.512734
0.3327 -0.483728 -0.261991 -0.085828 0.869928 -0.485653
-0.382695 -1.167712 0.36683 0.248931 -0.587183 0.770227
-0.893131 -1.073807 0.217145 -0.791149 -0.413287 0.450862
-1.434202 0.155945 -0.184632 -0.863407 0.339357 -0.373318
-0.38902 0.811017 0.479264 0.340245 -0.055134 0.938719
0.894976 -1.041739 0.239943 0.787522 -0.355799 0.503206
0.218458 0.612001 0.277405 -0.799683 -0.359311 0.481044
0.463872 1.164072 0.389803 -0.129022 0.602115 0.787915
-1.383756 -0.299443 0.104839 -0.798616 -0.557574 0.226548
-0.333002 0.53523 0.333805 0.229299 -0.716521 0.658802
-1.492173 0.028409 -0.082755 -0.984089 0.064514 -0.165553
1.404131 -0.049105 0.289477 0.806757 -0.116834 0.579217
0.914604 -0.948028 0.260839 0.785457 -0.220018 0.578489
1.015591 0.472258 -0.289852 0.224627 0.392735 -0.891797
0.656428 0.813927 0.457468 0.382013 -0.192219 0.903946
0.477618 -1.061614 -0.45347 -0.122557 -0.413216 -0.902348
-0.977262 0.82074 0.215354 -0.802015 0.180481 0.569385
0.183014 1.133525 -0.30898 -0.325235 0.455223 -0.828851
-0.516133 -0.414776 0.03257 0.263026 0.961644 0.077836
-1.066999 -0.725521 -0.107553 -0.870117 -0.356062 -0.340758
0.100574 0.917868 -0.311392 -0.38999 -0.180813 -0.902892
0.92485 -0.922188 0.256203 0.788163 -0.196391 0.583292
-0.245929 -0.442909 0.077843 0.579197 0.800363 0.154758
0.805282 1.245727 0.109012 0.625983 0.748619 0.218439
-0.740461 -1.196916 0.28694 -0.494456 -0.652649 0.574076
0.814908 -1.219445 -0.15701 0.648964 -0.692528 -0.31504
-1.44438 -0.019348 0.228229 -0.888573 -0.045232 0.456499
-1.011965 -0.817485 0.159675 -0.86287 -0.249692 0.439443
0.385511 1.118849 -0.400821 -0.274173 0.493838 -0.825199
-1.444845 -0.103264 0.199694 -0.885964 -0.233221 0.400845
1.297915 0.412837 -0.088524 0.734051 0.642908 -0.218722
0.983715 0.656421 0.247365 0.590021 0.166554 0.790022
0.184898 -0.523264 0.002455 -0.894536 0.446979 0.003969
-1.326829 -0.224288 -0.293778 -0.644458 -0.466154 -0.606114
-1.043508 -0.173728 -0.451187 -0.04304 -0.441471 -0.896243
-1.195097 0.545994 -0.034724 -0.778299 0.618753 -0.106751
0.252141 0.694299 0.365881 -0.703831 -0.249748 0.665018
0.912381 1.088732 -0.161209 0.826177 0.452048 -0.33628
0.524045 0.411221 -0.010503 -0.305058 -0.951978 -0.026037
-0.858186 -1.211874 0.000897 -0.735293 -0.677747 0.001809
-0.023362 1.28571 0.092763 0.033431 0.950734 0.308201
-0.455576 0.768709 -0.488302 0.069027 -0.206385 -0.976033
0.418633 1.346628 -0.105464 -0.099216 0.968094 -0.230108
-1.154087 -0.164975 0.435344 -0.277472 -0.404498 0.87143
0.659904 -0.375553 0.179159 -0.711446 0.371044 0.596801
1.15374 -0.074568 -0.467192 0.298019 -0.211989 -0.930723
-0.816627 0.252425 0.348332 0.470219 0.445457 0.761881
-0.446954 -1.279115 -0.265312 0.104838 -0.824561 -0.555974
0.809236 -0.189585 -0.38335 -0.452096 -0.488067 -0.746592
1.297666 -0.243315 0.307902 0.586628 -0.493919 0.641804
-0.511555 -1.359986 0.047119 -0.02701 -0.994836 0.097838
-0.563939 0.907824 -0.493369 -0.163587 0.059856 -0.984711
0.821471 0.402484 0.296195 -0.351152 0.108482 0.930013
-0.474734 0.519449 0.306972 -0.106709 -0.824387 0.555877
0.989345 -0.716093 -0.229012 0.701872 -0.170251 -0.691657
-0.294889 -0.753082 -0.420544 0.598924 0.149671 -0.786695
1.116753 -0.655093 0.05653 0.85667 -0.480252 0.188345
-0.685115 0.292584 0.201162 0.821914 0.158966 0.54698
0.865858 -0.503814 -0.300015 0.0112 0.007537 -0.999909
-0.3344 0.420548 -0.016822 -0.042866 -0.998704 -0.02745
0.787526 -1.084521 -0.339933 0.607569 -0.404478 -0.683562
-0.888684 -1.03327 -0.255066 -0.775271 -0.336374 -0.53461
-1.29049 -0.272661 0.290734 -0.581997 -0.527979 0.618481
-0.41966 -1.297735 -0.22927 0.128015 -0.861386 -0.491555
0.072226 1.0084 -0.308867 -0.2366 0.051536 -0.970239
0.325029 1.273686 -0.235394 -0.221323 0.808459 -0.545353
0.473521 0.541086 0.337103 0.124452 -0.783385 0.608949
-0.177739 1.317568 0.027593 0.179759 0.980504 0.079358
0.649893 -0.65796 0.396636 0.277213 0.493479 0.824398
-0.831453 -0.934548 0.354482 -0.657018 -0.120423 0.744194
-0.580456 1.352824 0.059701 -0.142192 0.982384 0.121257
-0.341604 1.08025 0.405104 0.350003 0.401975 0.846117
-0.290142 0.551248 0.324183 0.537997 -0.553017 0.636185
-0.55653 0.053121 0.199901 0.831949 0.424608 0.357169
0.502492 0.418197 0.034009 -0.20763 -0.975176 0.076947
1.053305 0.345955 -0.350843 0.108175 0.514784 -0.850468
-0.79857 0.165319 0.392734 0.457733 0.486427 0.744224
-1.068055 0.756765 -0.061879 -0.913709 0.358767 -0.190845
1.075712 0.723813 0.084541 0.886261 0.376667 0.269562
-0.657758 0.329283 0.154589 0.865069 -0.126686 0.485393
-0.601808 -0.062214 -0.275371 0.75871 -0.422473 -0.495858
-0.210993 -0.932197 0.374085 0.530317 -0.017294 0.847623
-0.857003 1.11051 0.241366 -0.733539 0.469555 0.491363
-0.225695 -0.503388 0.176463 0.806626 0.502927 0.310515
0.875646 0.92583 0.313569 0.716316 0.144533 0.682643
-0.483696 0.967782 -0.486719 0.098977 0.231578 -0.967768
0.729802 0.153297 0.349572 -0.582526 0.496724 0.643372
-0.092057 0.923047 0.308899 0.361057 -0.179461 0.915113
-0.966512 0.943745 0.176745 -0.867203 0.280643 0.411338
0.928126 0.806994 0.276235 0.708077 0.076098 0.702023
0.817755 1.193861 -0.199396 0.657395 0.638274 -0.400546
-0.129888 -1.06594 -0.316831 0.320027 -0.25329 -0.912922
1.486885 -0.103626 0.030044 0.97151 -0.229187 0.060339
-1.126423 0.163878 0.443675 -0.219548 0.408701 0.885868
-0.612205 1.127446 0.410755 -0.205938 0.531963 0.821344
1.132693 -0.432761 -0.267913 0.405073 -0.554942 -0.726606
-0.108182 0.649607 -0.050368 0.727012 -0.676739 -0.116089
1.103782 0.690765 -0.009861 0.894781 0.445324 -0.03247
-0.601664 0.193622 -0.045154 0.905509 0.414631 -0.090193
0.370801 -0.548718 -0.356584 -0.071377 0.729449 -0.680301
-0.668121 -0.190976 0.242976 0.749601 -0.463511 0.4725
-0.654401 -0.614277 0.367114 -0.211754 0.553938 0.805179
1.385847 -0.29482 0.10872 0.800126 -0.552271 0.234082
1.193048 -0.448017 -0.208817 0.564963 -0.602545 -0.563699
-0.875298 -1.17875 0.091619 -0.768493 -0.612273 0.185847
-0.652529 0.356052 -0.157346 0.798706 -0.304195 -0.519167
0.159002 -1.110427 -0.31129 -0.322141 -0.387423 -0.863787
0.750669 -0.074705 0.415658 -0.502686 -0.359236 0.786293
-0.227053 0.813692 0.375358 0.64083 -0.144853 0.753893
-0.618476 -0.050844 -0.307082 0.738703 -0.356224 -0.572208
-0.780363 -1.274479 0.066051 -0.569323 -0.811421 0.132165
0.554136 -0.884384 0.495741 0.150222 -0.008593 0.988615
0.640077 -1.338827 0.072363 0.258522 -0.954985 0.145498
1.47597 -0.025289 0.150727 0.951698 -0.057982 0.30151
1.066228 -0.616711 -0.190522 0.669813 -0.384754 -0.635071
0.793501 -1.121627 -0.309044 0.616344 -0.484298 -0.620948
-0.152899 -1.128337 0.300468 0.300213 -0.435796 0.848501
-1.285622 -0.440647 -0.02761 -0.752604 -0.654627 -0.071071
-0.664932 -0.294085 0.167004 0.878572 -0.096413 0.467777
0.580046 -0.722569 0.454941 0.267777 0.396658 0.878042
0.233945 0.531499 -0.23238 -0.785314 -0.463483 -0.410445
0.802829 1.036205 0.350813 0.634888 0.304134 0.710225
1.101406 0.532988 -0.213881 0.548282 0.491255 -0.676798
0.301157 -0.531051 0.313341 -0.423525 0.65463 0.626168
-1.348337 0.366285 -0.023976 -0.781717 0.62117 -0.055364
1.249523 -0.465083 -0.09402 0.71949 -0.64645 -0.253844
-0.52274 0.714122 -0.465635 -0.175164 -0.403138 -0.898219
-0.763334 -0.226442 0.325606 0.577831 -0.451216 0.680085
0.500544 0.942094 0.493272 -0.040914 0.172678 0.984128
0.137526 1.311588 -0.012194 -0.155763 0.987104 -0.036931
0.810995 -0.911323 0.374389 0.619053 -0.06457 0.782691
0.781005 -0.899341 0.39737 0.573528 -0.023567 0.818847
0.687467 -1.073089 -0.413399 0.403424 -0.392975 -0.826329
0.906388 -0.212348 -0.413154 -0.257644 -0.48892 -0.833413
0.616672 -0.411807 -0.166678 -0.504175 0.691093 -0.517878
-0.510654 0.569449 -0.362474 -0.152409 -0.723392 -0.673406
-0.28041 0.602362 0.352117 0.640209 -0.39474 0.659024
-1.192637 -0.370821 0.282353 -0.446638 -0.581885 0.67965
0.120137 0.751197 -0.244313 -0.626576 -0.495994 -0.601159
-1.432909 -0.167176 -0.176945 -0.86121 -0.360131 -0.358641
0.026969 0.956004 0.298256 -0.109083 -0.140876 0.983999
0.591666 0.095438 0.220578 -0.769768 0.51805 0.372936
-0.927554 -0.5826 0.287065 -0.329047 -0.064426 0.942113
1.223738 -0.262085 0.348815 0.432964 -0.518046 0.737679
-0.750639 1.116407 -0.35007 -0.53105 0.476083 -0.70095
1.35316 0.148271 -0.315015 0.695358 0.337006 -0.634748
-0.371786 1.329634 -0.142706 0.151832 0.93446 -0.322073
0.615874 -0.74234 -0.451481 0.315153 0.35139 -0.881591
-1.413783 -0.262739 -0.079462 -0.842825 -0.511528 -0.16729
-0.081559 1.111803 0.287423 0.196114 0.376896 0.905256
-0.46437 -1.34062 -0.140406 0.049395 -0.953686 -0.296722
-0.199802 1.319311 0.04938 0.189201 0.972224 0.137782
0.225839 1.242704 0.23501 -0.256955 0.745859 0.614547
0.447606 -0.705928 0.46903 -0.027074 0.367943 0.929454
0.995663 -0.130458 0.470953 -0.042305 -0.38574 0.921637
-0.517671 -0.762719 -0.484365 -0.133101 0.276061 -0.951879
0.253736 1.19282 -0.296842 -0.302603 0.61492 -0.72822
-0.189914 -1.059276 0.343147 0.397 -0.269055 0.877497
0.319967 -0.590398 0.375236 -0.435846 0.505331 0.744768
0.729667 -1.114971 0.365926 0.486915 -0.476382 0.732102
-0.340311 -0.803199 -0.456529 0.481735 0.061415 -0.874162
1.319122 0.361891 0.147755 0.713374 0.612023 0.341359
-0.549285 -1.216501 0.347772 -0.05345 -0.713604 0.698507
0.644749 -0.025335 -0.348416 -0.705002 -0.184619 -0.684754
0.688736 0.512484 -0.290685 -0.076143 -0.566711 -0.820391
-0.618737 1.088599 -0.431668 -0.232314 0.448013 -0.863316
0.777131 -0.846335 -0.398326 0.543664 0.074648 -0.835977
-1.328303 0.060894 -0.37089 -0.653198 0.151638 -0.741848
-0.29044 1.2788 0.212772 0.229725 0.825592 0.515388
-1.054286 -0.689399 -0.16092 -0.787166 -0.33087 -0.520476
0.791995 1.156018 0.280304 0.609886 0.558274 0.562467
1.108585 0.577368 -0.171973 0.668423 0.486538 -0.562576
0.768039 -0.764895 0.389833 0.472231 0.21315 0.855316
-0.200253 -1.100486 0.332353 0.366361 -0.375365 0.851399
0.954484 -0.466868 -0.301962 0.080783 -0.285092 -0.95509
-0.176417 1.011505 -0.348009 0.43074 0.144694 -0.890801
-0.152645 0.755505 0.28199 0.676218 -0.384516 0.628392
-0.106662 0.666911 0.107523 0.700238 -0.666906 0.254761
0.900601 -0.732719 0.302111 0.581595 0.028277 0.812987
-0.0152 0.869843 0.270968 0.079509 -0.430175 0.899237
-0.265331 -1.220245 0.276288 0.279937 -0.682735 0.674913
1.277148 -0.340775 -0.238599 0.6002 -0.58793 -0.542308
0.215309 -0.522098 -0.177493 -0.839854 0.451783 -0.300894
0.73079 -0.650462 -0.365206 0.293713 0.407124 -0.86486
1.081402 0.591009 -0.191311 0.643227 0.429101 -0.634138
0.531153 0.410235 0.034169 -0.330861 -0.939671 0.086884
1.385209 -0.049586 -0.314069 0.768696 -0.119405 -0.62837
0.342674 -1.303073 -0.19263 -0.190098 -0.876113 -0.443044
1.331558 0.235483 0.279651 0.657159 0.481034 0.580301
-1.334374 -0.263342 0.251252 -0.672652 -0.516202 0.530164
-0.772413 0.302113 -0.292013 0.588452 0.300677 -0.750545
-1.274897 0.082337 0.40697 -0.542392 0.209907 0.81348
-0.600544 -1.243078 -0.309352 -0.167528 -0.76635 -0.620195
-0.271081 1.306017 0.150924 0.211425 0.900796 0.379297
-0.228815 1.284897 0.173285 0.224478 0.8599 0.458456
-1.272438 -0.452766 0.047485 -0.745744 -0.654425 0.124874
-1.153473 -0.002617 0.475853 -0.306934 -0.007777 0.951699
1.063808 0.098463 -0.480215 0.10847 0.294503 -0.949475
0.908314 1.10796 -0.143337 0.82232 0.485342 -0.297041
-0.548303 -0.075066 -0.141581 0.825166 -0.512706 -0.237138
0.917084 0.772534 0.289067 0.655234 0.029193 0.754862
-0.500639 -1.070813 0.451582 0.067051 -0.431692 0.899526
0.190097 0.902533 -0.359758 -0.550492 -0.067625 -0.832097
0.938787 0.569522 -0.284426 0.314608 0.108083 -0.943048
-0.188644 0.661332 0.265085 0.788428 -0.373684 0.488613
-0.72568 -0.562184 -0.32096 -0.085848 0.476072 -0.875206
-1.493151 -0.047983 -0.06475 -0.985621 -0.10842 -0.129599
-0.154026 1.187016 -0.262905 0.255181 0.6037 -0.755268
0.589663 -1.112066 -0.42513 0.152358 -0.504596 -0.849806
-0.46359 -0.58839 -0.39157 -0.122896 0.683686 -0.719354
0.623309 -1.139705 0.399536 0.230964 -0.555234 0.798981
-0.778316 -0.427092 -0.279142 0.367806 0.102017 -0.92429
1.321978 -0.173379 0.332682 0.629571 -0.387567 0.673374
0.128965 0.620419 0.012939 -0.803608 -0.594575 0.026339
-1.021158 0.098162 -0.483227 -0.021697 0.306594 -0.951593
0.619989 -0.312463 -0.003631 -0.982737 0.184658 -0.011411
0.563453 -0.497125 0.265063 -0.017135 0.810519 0.585462
-0.571386 0.574544 -0.354032 -0.15424 -0.688741 -0.708411
0.316899 -0.930005 -0.438563 -0.475292 -0.125272 -0.870864
-0.074425 1.260966 -0.156522 0.112103 0.856156 -0.50441
-0.225031 0.841316 -0.37831 0.616796 -0.110346 -0.77935
-0.463623 -0.534496 0.330435 -0.118113 0.796769 0.592629
1.350853 -0.346967 0.096079 0.766591 -0.60424 0.217329
0.595624 -0.171919 0.080562 -0.869745 -0.470317 0.149483
-0.707374 -0.721662 0.405859 -0.37973 0.340965 0.859969
0.831737 -0.705902 0.341035 0.459192 0.18293 0.869298
0.707765 0.551467 -0.316226 0.053339 -0.519369 -0.852884
-0.747827 -0.824261 0.413593 -0.497084 0.134932 0.857147
-0.156481 -1.29874 0.102655 0.17861 -0.936247 0.302554
-0.224085 0.929837 -0.382398 0.534855 0.029994 -0.844411
-0.004915 1.271427 -0.127823 0.007447 0.904687 -0.426012
0.127065 0.639238 -0.097547 -0.778355 -0.593244 -0.205485
0.302654 -0.558896 0.340388 -0.477677 0.562722 0.674662
-0.196469 0.886104 -0.36255 0.570484 -0.086665 -0.816724
-0.739858 -1.176358 0.30918 -0.496968 -0.608534 0.618635
0.723689 -0.119897 0.369167 -0.569141 -0.476604 0.67002
1.460338 0.163041 0.093131 0.91795 0.348952 0.188679
-0.92342 0.051024 -0.488819 0.159883 0.197899 -0.967095
-1.380145 0.131161 -0.291962 -0.752058 0.299414 -0.587162
0.773768 1.121847 0.327323 0.577441 0.485531 0.65637
-0.853555 0.195378 -0.403139 0.362904 0.487123 -0.794363
-0.701525 0.636395 -0.36745 -0.258389 -0.465911 -0.846263
-0.451156 -1.360507 -0.028964 0.055025 -0.996554 -0.062062
0.554835 0.067481 -0.17567 -0.821053 0.484862 -0.301298
0.815307 -1.252692 -0.016414 0.645954 -0.762667 -0.032903
0.158354 0.811477 -0.31528 -0.619889 -0.287692 -0.730049
-1.05866 0.726893 0.125779 -0.85446 0.336267 0.396008
-0.994634 0.102332 0.481669 0.033715 0.325479 0.944948
-0.363786 -1.351438 0.030294 0.142256 -0.987388 0.069488
0.294236 0.87701 0.429806 -0.537155 0.025144 0.843109
-0.752321 1.225553 -0.23836 -0.515617 0.711837 -0.476893
1.121263 0.235867 0.406758 0.20436 0.497013 0.843336
-0.87095 -0.785178 0.326638 -0.605262 0.044046 0.794806
0.579003 1.192415 0.367449 0.118082 0.667109 0.735542
-1.490095 0.093252 -0.006311 -0.978231 0.20713 -0.012663
-0.883176 0.199381 -0.412937 0.302357 0.486753 -0.819544
-0.637379 0.297021 -0.100835 0.955199 -0.011254 -0.295751
0.817597 -0.882528 0.370744 0.614145 -0.020045 0.788939
-0.646783 -0.701361 -0.421544 -0.320346 0.4212 -0.84851
0.849555 1.115824 0.247198 0.72055 0.478405 0.501932
-0.469775 1.004423 0.474622 0.142434 0.30503 0.941631
0.473779 0.759956 0.486863 0.003734 -0.247301 0.968932
0.250301 0.652358 0.345896 -0.726103 -0.29902 0.619162
-0.546488 -0.539625 0.321192 -0.103963 0.762149 0.639
0.210363 0.476048 -0.01868 -0.852997 -0.520935 -0.031991
-1.021268 -0.270443 -0.39777 0.008251 -0.508621 -0.860951
0.674554 -0.128887 0.312427 -0.661837 -0.505239 0.55381
0.016681 1.140901 -0.265223 -0.039157 0.4696 -0.882011
-0.481386 -1.341828 0.138656 0.025668 -0.956524 0.290522
-1.041071 -0.843727 0.030611 -0.942128 -0.324485 0.084281
0.691593 1.034247 0.427486 0.422685 0.303997 0.85377
-0.623717 0.547068 -0.319152 -0.072041 -0.675883 -0.733479
-0.812586 -0.714397 0.353026 -0.452873 0.210446 0.866382
0.028599 -0.906803 -0.287179 -0.132959 0.300935 -0.94433
0.036155 -1.222429 0.203055 -0.064445 -0.738816 0.670818
0.120821 1.258284 -0.173642 -0.171236 0.82924 -0.532015
-0.890541 0.920598 -0.298626 -0.735381 0.152559 -0.660258
0.134258 -1.146809 -0.284107 -0.262321 -0.487194 -0.832964
1.354967 0.072931 -0.342737 0.70582 0.177035 -0.685913
-0.233121 -1.213616 0.269529 0.282518 -0.667775 0.688665
-0.252617 -0.456345 0.14335 0.568185 0.772028 0.284848
0.48517 0.476 0.229895 0.02798 -0.898814 0.437437
-0.495812 1.198481 -0.364951 0.058694 0.673339 -0.737001
-0.224274 1.327239 -0.014042 0.191312 0.980795 -0.037948
-0.598429 -1.350442 0.055219 -0.175939 -0.978038 0.111743
-0.414777 -0.446978 0.16124 -0.053812 0.959772 0.275574
-0.901646 1.06502 0.209933 -0.80365 0.402176 0.438636
-0.15335 0.974355 -0.340476 0.440279 0.032875 -0.897259
-0.898444 0.312404 -0.35433 0.274826 0.429757 -0.860105
0.214194 0.703155 0.326139 -0.740845 -0.289162 0.606246
0.088437 0.665927 0.031876 -0.642455 -0.76197 0.081569
-0.387942 0.775517 -0.475424 0.328049 -0.128347 -0.935901
0.917391 -0.046358 0.488707 -0.170787 -0.182881 0.968187
-0.823102 -0.069784 -0.455301 0.363452 -0.303238 -0.88088
1.405342 0.264808 0.109507 0.825695 0.514709 0.230874
-0.235415 -1.149941 -0.320794 0.336711 -0.50752 -0.793126
-0.09227 0.70491 0.157031 0.604496 -0.682773 0.410373
-0.317353 -0.515652 -0.304863 0.269437 0.750719 -0.603179
-0.679259 -1.221235 -0.302638 -0.350449 -0.714682 -0.605322
-0.947933 -0.861306 -0.243531 -0.78561 -0.160083 -0.597654
0.234369 0.803657 -0.379681 -0.646011 -0.146351 -0.749167
0.590679 0.713409 0.447328 0.279025 -0.416357 0.865327
-0.731815 -0.705172 0.388559 -0.377141 0.339363 0.861741
0.578644 0.145355 0.069964 -0.84768 0.516578 0.120768
-0.581577 -0.841378 -0.487829 -0.243481 0.113538 -0.963237
0.16878 -0.813895 -0.325071 -0.627745 0.259073 -0.734041
0.732662 -0.629541 0.354574 0.254483 0.424124 0.869113
0.270682 -0.580528 0.327956 -0.667213 0.427008 0.610321
0.3134 -0.587628 -0.369327 -0.46747 0.498782 -0.729855
-0.675608 1.29359 -0.189126 -0.33482 0.862843 -0.378679
0.07318 0.897926 0.295495 -0.321691 -0.278296 0.905023
0.694453 0.830546 -0.443267 0.436395 -0.149309 -0.88728
0.657109 0.770411 0.445576 0.370864 -0.283496 0.884358
0.194974 -0.670173 -0.281315 -0.778532 0.353428 -0.51863
0.130085 -0.682803 0.186241 -0.730323 0.545699 0.410903
-0.330776 -0.97033 0.438259 0.432798 -0.200839 0.878834
0.501483 -0.609365 0.403074 0.165634 0.642874 0.747849
0.307763 0.420702 0.030814 -0.023422 -0.998333 0.052751
-0.53976 -0.891859 -0.497424 -0.104613 -0.035885 -0.993865
-0.802949 0.265831 -0.331878 0.507163 0.416597 -0.754475
0.989991 -0.105199 -0.480475 -0.044222 -0.333902 -0.94157
1.230098 0.501502 0.046643 0.752376 0.645056 0.133542
-0.894397 -0.819361 0.307497 -0.669997 -0.029207 0.741789
-0.289684 0.725877 -0.410483 0.618459 -0.190087 -0.76248
0.810805 -1.244122 -0.097966 0.637656 -0.744871 -0.196375
-1.258485 -0.279114 0.312688 -0.51563 -0.534429 0.66971
0.969943 -0.176633 0.44684 -0.112105 -0.460449 0.880579
-0.284591 -0.91859 0.421233 0.518709 -0.079602 0.851237
0.133218 -0.914745 0.326708 -0.468214 0.135991 0.873088
-0.073543 1.299181 0.051912 0.096386 0.98109 0.167848
-0.206873 -0.545984 -0.188049 0.850711 0.421344 -0.31426
-1.282984 0.445046 -0.008354 -0.754606 0.655821 -0.021652
0.214027 -1.061069 -0.353748 -0.409242 -0.28835 -0.865665
0.391085 1.06826 -0.429467 -0.292514 0.402966 -0.86721
-0.414236 -0.976242 0.470387 0.279593 -0.2482 0.927483
-1.375114 -0.003054 -0.330572 -0.750221 -0.007479 -0.661145
-1.073061 -0.740686 -0.068321 -0.903983 -0.369865 -0.214509
-1.101575 0.695548 -0.003668 -0.898101 0.439623 -0.012044
-0.587099 1.346329 0.094058 -0.153212 0.969633 0.190626
-0.039939 0.710841 0.102157 0.318773 -0.891455 0.322011
0.404273 1.154462 0.383261 -0.229139 0.568007 0.790483
0.830988 0.455325 -0.296292 -0.192833 -0.009492 -0.981186
0.959522 1.057525 -0.025665 0.898761 0.434907 -0.055535
-0.99169 -0.87514 -0.167385 -0.870521 -0.24939 -0.424262
0.251507 -1.127377 -0.341305 -0.357956 -0.45855 -0.813387
-1.08403 -0.608126 0.176458 -0.68772 -0.426784 0.58728
-0.487533 0.584855 -0.383514 -0.149204 -0.694467 -0.703885
-0.563662 -1.337329 -0.142699 -0.106966 -0.950956 -0.290242
0.365998 -0.434866 -0.124556 0.062098 0.976965 -0.204165
-0.44954 -0.451981 -0.172849 -0.022365 0.949354 -0.313412
-1.439881 0.160756 0.166058 -0.875368 0.347482 0.336136
0.716621 1.141024 0.356148 0.452632 0.536299 0.712396
0.585448 0.065046 -0.245623 -0.781281 0.44808 -0.434538
-1.148974 -0.113752 -0.457568 -0.278474 -0.307477 -0.909896
0.946377 -0.28315 0.382543 -0.17331 -0.48404 0.857712
-0.16968 -0.842438 0.334722 0.597754 0.211093 0.773389
0.277739 0.604518 0.35077 -0.651465 -0.386376 0.652922
-0.558871 -0.065324 -0.189469 0.817376 -0.473682 -0.327906
0.185628 0.585623 0.182738 -0.85213 -0.420279 0.311834
-1.494132 0.049993 -0.054802 -0.98754 0.112836 -0.109695
-0.577501 -1.310245 -0.208494 -0.126904 -0.897955 -0.421394
-1.058688 0.374793 0.33261 -0.151888 0.50982 0.846766
-0.775585 0.928587 0.39939 -0.575171 0.077194 0.814383
-1.161282 -0.454758 0.230576 -0.508202 -0.578292 0.638208
0.914252 0.837008 0.287047 0.713977 0.07975 0.695612
0.795174 -0.120387 0.418518 -0.437172 -0.444586 0.781808
0.987409 -0.240506 -0.413364 -0.086473 -0.498536 -0.862545
-1.451135 0.174511 0.113356 -0.899707 0.370831 0.230241
-0.675366 -0.321138 0.18241 0.835196 0.013456 0.549787
-0.831339 1.221347 -0.111554 -0.681905 0.696253 -0.224137
-0.989678 -0.962717 -0.092347 -0.916333 -0.33695 -0.21633
0.482136 -1.169482 0.388192 -0.093089 -0.615933 0.782279
-0.642295 -0.820008 0.4645 -0.362076 0.179518 0.914699
-1.242146 0.48249 -0.06732 -0.738205 0.648196 -0.186802
-1.46299 0.009382 -0.188516 -0.925942 0.021711 -0.377041
0.208679 0.494979 -0.099115 -0.859833 -0.482576 -0.166758
-0.957811 -0.783979 0.248338 -0.732415 -0.118573 0.670455
1.151554 -0.59592 0.065676 0.802727 -0.55644 0.214484
-0.213449 -0.590067 0.250616 0.818943 0.381457 0.428746
1.319535 0.343628 -0.176727 0.695314 0.596954 -0.40023
-0.235482 1.006715 0.379396 0.46436 0.188012 0.86546
-0.870905 0.172361 -0.424215 0.315556 0.476506 -0.820589
-0.59211 0.168596 -0.069878 0.869812 0.476389 -0.128374
-0.11796 -0.656523 0.113245 0.740512 0.622618 0.25296
-0.877593 0.846002 -0.321548 -0.66901 0.034509 -0.742452
-0.410064 -1.139155 0.395525 0.228772 -0.540702 0.809509
0.624745 -0.310558 0.052806 -0.974937 0.150158 0.164163
0.360835 -0.849507 -0.468114 -0.424872 -0.018647 -0.905061
-0.763368 -1.197774 -0.264353 -0.544261 -0.650956 -0.529184
-1.034476 -0.866536 0.008613 -0.945593 -0.324538 0.023003
-0.858845 0.782269 0.335445 -0.58696 -0.066801 0.806855
-0.697053 0.719144 0.409342 -0.370055 -0.354234 0.858823
0.90732 -1.112816 -0.137979 0.82128 -0.493949 -0.285507
-0.994985 -0.238914 0.41497 0.06991 -0.498632 0.86399
1.071176 -0.243602 -0.411069 0.09652 -0.503552 -0.858556
-1.191108 -0.068573 -0.45482 -0.374958 -0.189554 -0.907456
-1.121383 0.191239 -0.43149 -0.204627 0.449357 -0.869601
0.814804 0.171263 0.398459 -0.429025 0.485728 0.761581
-0.681223 -0.255959 -0.21142 0.808579 -0.301133 -0.505489
0.184433 -1.09443 0.328215 -0.360684 -0.353725 0.863009
1.351012 0.229118 -0.261556 0.697116 0.470451 -0.541023
1.34417 0.175812 -0.308933 0.676142 0.388272 -0.626161
-0.543702 -0.704415 -0.456389 -0.216356 0.433702 -0.874696
1.257855 0.019534 0.427784 0.515203 0.052335 0.855469
-0.0562 -1.268891 0.138358 0.083838 -0.887865 0.452401
0.93139 -1.017531 0.194076 0.83978 -0.344199 0.419878
-1.024203 0.895686 0.016055 -0.944409 0.326179 0.041212
-1.120506 0.358444 -0.327161 -0.27224 0.54844 -0.790632
1.380296 -0.008905 0.324466 0.760532 -0.021726 0.648937
0.454475 1.026582 -0.464214 -0.179824 0.345778 -0.920924
-0.767495 0.741919 -0.383969 -0.447816 -0.245918 -0.859642
1.321629 -0.018079 0.382281 0.642924 -0.045986 0.764548
1.03503 -0.54871 0.249006 0.446813 -0.360812 0.818641
-1.231433 -0.092903 -0.429969 -0.452111 -0.242201 -0.858449
-0.16803 1.312646 -0.053697 0.177318 0.971661 -0.156311
-0.654245 -0.356512 -0.16022 0.79468 0.298766 -0.528415
0.073072 0.683643 0.067753 -0.551144 -0.812959 0.187981
1.08209 0.560636 0.210743 0.573164 0.445385 0.687833
0.815567 -0.392083 -0.295141 -0.386127 -0.123489 -0.914142
-1.060383 -0.387513 0.324644 -0.172291 -0.506433 0.844891
0.646381 -1.312512 -0.167077 0.27033 -0.902517 -0.335238
-0.282303 1.13535 -0.35011 0.346925 0.487096 -0.801486
-0.427032 -1.329155 0.164874 0.100977 -0.929236 0.355421
-0.3124 -1.052771 -0.404186 0.396044 -0.334149 -0.855274
0.687602 -1.311778 -0.124912 0.360668 -0.898531 -0.250121
-0.621911 -0.312022 -0.034134 0.979135 0.172821 -0.106896
0.526553 -1.340174 -0.14287 0.042909 -0.954919 -0.293749
-0.151709 1.215178 -0.236972 0.231999 0.686867 -0.68876
0.602151 -0.357838 0.021046 -0.822792 0.564023 0.069941
-1.473656 -0.017448 -0.15906 -0.947193 -0.040101 -0.318147
0.616413 0.607368 -0.37195 0.200348 -0.601971 -0.772975
0.509692 1.131474 -0.417915 -0.042943 0.547753 -0.835537
-0.180676 -0.930232 0.355406 0.515437 0.028482 0.856454
1.397467 -0.295703 -0.050912 0.825719 -0.553328 -0.109614
-0.446333 -0.784606 0.490361 0.118366 0.156571 0.980548
-0.754137 0.047313 0.428186 0.492465 0.249534 0.833793
0.950634 0.888788 -0.231374 0.809192 0.193003 -0.55494
-0.673009 1.331079 -0.054072 -0.328397 0.938298 -0.108411
-0.569168 -0.632942 -0.40479 -0.222001 0.585166 -0.779934
-0.854627 -0.620897 -0.314074 -0.321653 0.157681 -0.933636
0.828088 1.235383 -0.068569 0.674002 0.725791 -0.137654
0.193083 -0.612972 -0.231407 -0.826159 0.393165 -0.403586
-0.57087 1.156315 0.398375 -0.100094 0.596253 0.796532
-0.119591 0.923477 0.321107 0.431355 -0.136833 0.891745
0.826326 -0.171629 -0.404489 -0.405956 -0.484028 -0.775188
-0.32577 0.446205 0.173757 0.020366 -0.952648 0.303393
-0.295641 0.46381 -0.209963 0.238268 -0.881913 -0.406765
0.535707 -0.863411 0.497934 0.111281 0.031247 0.993298
0.839296 -0.795796 -0.350739 0.576966 0.081136 -0.812728
1.393478 -0.29128 -0.088889 0.814355 -0.548104 -0.190806
1.047957 0.297259 -0.380926 0.061234 0.517392 -0.853555
-1.264312 -0.384323 0.202964 -0.620863 -0.613674 0.487785
-1.303454 -0.320213 -0.23034 -0.639723 -0.574639 -0.510436
-0.573685 -0.01118 0.260128 0.849495 -0.104549 0.517134
-0.115388 -0.955416 -0.322707 0.390751 0.060721 -0.918491
-0.267123 1.228536 -0.268401 0.273096 0.703218 -0.656433
0.826436 1.241933 -0.032018 0.669977 0.739596 -0.064254
0.997317 0.13252 0.470159 -0.039689 0.389094 0.920343
0.213518 -1.020662 -0.364771 -0.446601 -0.197919 -0.872568
-0.591861 0.162844 0.087721 0.857995 0.488598 0.158483
-0.614001 0.136846 -0.207912 0.773214 0.522537 -0.359299
-0.652097 1.152381 0.380567 -0.298755 0.575697 0.76113
0.832268 1.025968 -0.327104 0.682773 0.292435 -0.669554
-0.60229 -0.181941 -0.088197 0.877404 -0.449046 -0.16888
0.640673 -0.679412 0.412237 0.297071 0.464192 0.834431
0.543305 -0.891546 -0.497043 0.115107 -0.032884 -0.992809
0.522144 -0.049352 0.092466 -0.882373 -0.441513 0.162737
-0.521409 1.106806 0.43355 0.016996 0.501021 0.865268
0.570487 -1.196246 0.365203 0.0986 -0.674786 0.731397
0.720547 -0.700974 0.391713 0.364752 0.35838 0.859372
-1.290301 -0.095578 0.392522 -0.571718 -0.238103 0.785141
-0.421096 -0.553142 0.360788 -0.071659 0.751236 0.656132
0.805014 -0.520991 -0.301822 -0.011083 0.226978 -0.973837
-0.239004 1.328512 -0.037204 0.193131 0.976212 -0.098538
-1.375674 0.124606 0.300799 -0.743271 0.286864 0.604365
-0.74372 -0.950241 -0.418251 -0.530032 -0.112567 -0.840473
-0.498519 -1.323768 -0.189174 0.008662 -0.920108 -0.391568
-0.279415 0.546646 -0.310327 0.59208 -0.536974 -0.600916
0.519147 -0.862018 -0.499347 0.062838 0.023208 -0.997754
-0.54999 -0.427506 0.134775 0.282436 0.89577 0.343258
-0.403647 -1.185973 -0.358567 0.212585 -0.629132 -0.747663
0.419417 -1.154657 0.387296 -0.207134 -0.572941 0.79299
-0.506778 -0.60422 -0.397386 -0.169266 0.653924 -0.737383
0.872882 -1.182393 0.089487 0.764003 -0.619198 0.181364
-0.46046 0.566141 -0.369443 -0.123108 -0.731977 -0.670115
0.353652 -1.13346 -0.380522 -0.302179 -0.509736 -0.805516
-1.012022 0.92188 -0.050621 -0.936398 0.327823 -0.125263
-0.795253 0.61468 -0.330759 -0.253257 -0.304431 -0.91825
0.511854 0.53724 0.324402 0.117076 -0.782798 0.611164
1.364516 -0.278554 0.188283 0.74475 -0.533389 0.401054
-0.833046 -0.818622 -0.357254 -0.589926 0.060248 -0.805207
1.269198 -0.360698 0.225374 0.603219 -0.600304 0.52513
-0.858384 -1.014463 -0.303962 -0.722337 -0.283092 -0.630943
0.711516 -0.57109 0.32762 0.110906 0.504188 0.856443
-0.388455 -1.316047 -0.18376 0.147548 -0.901714 -0.406376
-0.945024 1.058827 0.1099 -0.874539 0.423897 0.235568
0.711289 -0.89396 -0.440416 0.473219 0.012541 -0.880856
-0.441123 -0.997208 -0.471455 0.214069 -0.290292 -0.932687
-0.447559 -0.50216 -0.28463 -0.095471 0.859267 -0.50254
0.738218 -0.870962 0.424359 0.506244 0.052221 0.860808
1.171659 0.547549 -0.109741 0.732043 0.589464 -0.341534
-0.136161 -1.309899 0.033253 0.155626 -0.982654 0.100852
0.559122 0.848845 0.493555 0.184992 -0.082787 0.979247
-0.356081 -0.932277 0.45796 0.412421 -0.153252 0.89801
0.239005 1.088842 0.35481 -0.390743 0.365533 0.844811
0.146322 1.012352 0.33407 -0.393468 0.119923 0.911483
-1.010976 -0.377298 0.336674 -0.046038 -0.469146 0.88192
-0.12717 0.797183 -0.28223 0.586723 -0.395193 -0.706809
-0.853789 0.354497 -0.32014 0.352212 0.303489 -0.885348
0.868029 0.180138 0.418527 -0.325282 0.481421 0.813895
0.74266 0.1326 0.375731 -0.542724 0.482182 0.687714
0.53839 0.087836 0.042803 -0.835855 0.544541 0.069434
-1.091883 -0.397376 0.310298 -0.257271 -0.528096 0.809275
1.051993 0.388131 0.325891 0.154102 0.49925 0.852644
-0.548836 0.554793 0.338193 -0.129472 -0.735515 0.665023
0.324237 0.734085 -0.437318 -0.52711 -0.177476 -0.831058
0.945003 -0.00076 -0.496965 -0.109996 -0.002977 -0.993928
0.353651 0.785612 -0.462026 -0.44483 -0.092515 -0.890824
-0.397636 0.749486 -0.474061 0.272852 -0.19612 -0.941854
-1.268335 0.451785 0.07108 -0.735108 0.651659 0.186967
0.10344 0.995824 0.318669 -0.327138 0.037503 0.944232
-0.872246 0.040367 -0.479694 0.259468 0.17317 -0.950099
-0.214491 1.208943 -0.266426 0.280434 0.657274 -0.699534
0.602996 -0.393348 -0.121526 -0.601217 0.700454 -0.384581
-0.580105 -0.938217 0.48759 -0.191151 -0.123819 0.97372
-0.32701 1.307736 0.175958 0.194881 0.889833 0.412577
1.448175 -0.021674 -0.220435 0.896122 -0.050538 -0.44092
-1.172765 0.216412 -0.402083 -0.313675 0.473018 -0.823324
-0.369439 1.27051 -0.256678 0.194518 0.800247 -0.567246
0.701782 1.252612 -0.244488 0.397842 0.776265 -0.489013
-0.981054 0.997093 -0.069762 -0.915747 0.369217 -0.158385
-0.430709 1.348304 0.103219 0.085458 0.970984 0.223354
1.072609 0.711061 -0.108705 0.860578 0.370603 -0.349369
0.367028 1.326557 0.149163 -0.157458 0.927958 0.337788
0.551183 0.717443 0.460713 0.226023 -0.404715 0.88607
-1.32767 -0.19529 0.313631 -0.642286 -0.422873 0.639255
0.895952 -1.08053 0.2056 0.797045 -0.427381 0.426691
-1.288667 0.152421 0.371548 -0.560924 0.355804 0.747508
-1.119987 -0.475523 -0.243033 -0.45946 -0.535311 -0.708759
-1.208459 0.389751 0.253741 -0.505617 0.595262 0.624511
-1.203828 -0.286095 -0.342858 -0.399972 -0.538214 -0.741855
-0.42017 0.961584 0.475836 0.267614 0.223077 0.937347
-0.158071 -0.57529 -0.018429 0.870207 0.491634 -0.032191
-0.52644 -1.257652 0.30165 -0.01583 -0.791412 0.611079
0.800337 0.029391 0.456005 -0.400587 0.146916 0.904403
0.620667 0.405498 0.16248 -0.546603 -0.660671 0.514529
0.893282 -0.817046 -0.308583 0.666347 -0.024993 -0.745223
0.674215 0.249777 0.203673 -0.820416 0.312235 0.478985
-0.970175 -0.081888 -0.486792 0.075701 -0.280458 -0.956877
-1.031684 -0.739141 0.167159 -0.815762 -0.272198 0.510334
1.388523 0.285942 0.119793 0.800512 0.541783 0.256226
-0.093635 -1.296412 -0.075756 0.120937 -0.963077 -0.240535
0.50375 -0.482382 -0.241392 0.019314 0.880038 -0.474511
0.782189 -1.276462 -0.041326 0.572991 -0.815379 -0.082693
-0.382966 -1.007728 0.450431 0.333198 -0.29275 0.896257
1.000234 0.862722 0.156948 0.877329 0.255151 0.406439
0.521864 -0.935361 -0.494528 0.02624 -0.14811 -0.988623
-0.253784 -0.654478 -0.350932 0.718296 0.295298 -0.629961
-0.115743 -0.907796 -0.316397 0.438502 0.182038 -0.880101
0.309488 -1.100843 -0.381232 -0.361846 -0.425999 -0.829212
-0.596947 0.674872 0.424505 -0.267599 -0.494231 0.82712
0.463974 0.901853 -0.495602 -0.13572 0.101588 -0.985525
-0.061538 -0.688951 -0.059252 0.482493 0.858719 -0.17263
1.048657 0.723817 0.147699 0.829236 0.31265 0.463268
0.623828 -1.206408 -0.343359 0.222165 -0.69186 -0.687002
-0.872383 1.128693 -0.19551 -0.7618 0.510578 -0.398711
-1.032603 -0.68338 -0.193018 -0.732768 -0.279964 -0.620218
-0.212958 0.575506 -0.236034 0.827063 -0.393884 -0.401026
-0.890305 0.123576 -0.456599 0.252925 0.410202 -0.876221
-1.223468 -0.191472 -0.393038 -0.42146 -0.432753 -0.796929
-1.346803 0.062921 0.353305 -0.690305 0.154493 0.706831
-0.479799 -0.742447 0.481739 -0.040991 0.29978 0.953127
0.820392 0.370388 0.301176 -0.413032 0.198577 0.888804
1.14686 -0.486849 -0.213515 0.54175 -0.563119 -0.624022
0.717927 -0.014961 0.411999 -0.563712 -0.091901 0.820843
1.013011 0.880545 -0.109499 0.913492 0.293146 -0.282132
0.190261 -1.320983 -0.002831 -0.183822 -0.982927 -0.008008
-0.860303 -0.900793 -0.33296 -0.681447 -0.090043 -0.726307
0.812527 0.496643 -0.297323 -0.085628 -0.16237 -0.983008
-0.283914 0.42351 -0.04325 0.156596 -0.98443 -0.079849
-0.688418 0.512634 0.290759 0.075459 -0.567564 0.819864
0.026889 -1.12925 0.271705 -0.065163 -0.430886 0.90005
-1.216776 0.521599 0.016395 -0.768349 0.638193 0.04848
-0.886504 -1.143657 -0.140594 -0.787798 -0.544854 -0.287243
-0.292343 0.660892 0.391824 0.616695 -0.29277 0.730734
0.990613 -0.03528 0.49765 -0.021974 -0.126562 0.991715
-0.325614 0.720404 0.435057 0.520912 -0.202601 0.829219
0.237653 -0.739791 0.366498 -0.693689 0.216197 0.687062
1.394394 0.088953 0.291624 0.784262 0.208511 0.584342
1.448714 0.033115 -0.217666 0.89691 0.077026 -0.435454
0.437004 1.253797 0.297611 -0.131573 0.771651 0.622289
-0.600341 1.055045 -0.451863 -0.1954 0.380984 -0.903698
-0.563545 0.628529 -0.403022 -0.216057 -0.59552 -0.773741
-0.937261 -0.160289 -0.449979 0.173966 -0.449836 -0.876004
-1.070506 0.662623 -0.154726 -0.772898 0.376268 -0.510932
0.740233 1.285267 -0.128545 0.480074 0.83871 -0.25709
-0.769146 0.174623 -0.366368 0.523274 0.491429 -0.696191
-0.193956 0.535451 0.128246 0.87608 -0.433839 0.210398
1.027136 -0.88754 -0.012907 0.945045 -0.32522 -0.033497
0.6968 0.874606 -0.447202 0.448906 -0.056158 -0.891813
-0.809721 0.760219 -0.364782 -0.507771 -0.166166 -0.845315
1.371548 0.333951 -0.041778 0.799111 0.593936 -0.093066
-0.22105 -0.71411 0.339192 0.727315 0.26735 0.63209
-1.023116 -0.890737 0.047938 -0.939276 -0.320163 0.123519
-0.14147 0.661812 -0.17955 0.770769 -0.518028 -0.370894
-0.712984 0.290072 0.239188 0.744742 0.232788 0.625435
-1.157157 -0.599254 -0.019503 -0.82237 -0.565375 -0.063714
-0.84548 0.304969 0.336625 0.404953 0.389909 0.827033
-0.183973 -1.316263 -0.049435 0.184013 -0.972771 -0.140908
0.449474 -0.42647 0.05469 -0.043196 0.993759 0.102844
1.053288 0.485364 -0.271246 0.33548 0.442345 -0.831735
0.555695 -0.618494 -0.397239 0.204948 0.617344 -0.759528
-0.071393 -0.76754 0.21627 0.440914 0.634507 0.63482
-1.20506 0.367969 -0.276332 -0.470684 0.585361 -0.660158
-0.315743 0.817699 -0.442848 0.533711 -0.046258 -0.844401
-0.533474 0.041668 0.152458 0.880574 0.383735 0.278097
-0.588756 0.960807 0.482371 -0.203142 0.172762 0.963788
-0.27024 -1.13535 0.344869 0.34973 -0.482993 0.802749
0.618598 -0.863236 -0.479149 0.31476 0.074935 -0.946209
1.20805 -0.140964 0.424806 0.394582 -0.349979 0.849599
0.346254 1.197395 -0.329896 -0.264295 0.638526 -0.722795
0.54652 1.2546 0.304441 0.05417 0.787273 0.614221
0.131295 0.628806 0.082624 -0.796826 -0.580143 0.168828
-1.268742 -0.449882 0.075953 -0.732531 -0.650927 0.199229
1.300317 -0.424172 0.022416 0.756894 -0.65112 0.05617
0.966745 0.831822 0.226546 0.793456 0.167978 0.584988
-1.356512 -0.278509 0.202495 -0.727481 -0.533496 0.431456
-0.83051 0.230074 -0.369958 0.42931 0.473457 -0.76911
0.293827 1.336804 0.056851 -0.184405 0.972772 0.140388
0.98477 -0.693323 0.238637 0.657891 -0.160194 0.735878
-0.98373 -0.186433 -0.443227 0.086103 -0.467547 -0.879765
-0.893859 -0.399688 -0.317854 0.193002 -0.280533 -0.94024
0.880446 1.185209 0.022954 0.77804 0.626486 0.04658
0.731443 0.063107 -0.407995 -0.536547 0.329297 -0.776969
0.073544 0.776378 -0.226181 -0.440835 -0.605789 -0.662333
0.934269 -0.401362 -0.323533 -0.096694 -0.347994 -0.932497
-0.626864 0.408173 0.172091 0.536761 -0.642633 0.546727
-0.868995 0.320914 -0.339691 0.341351 0.388806 -0.855751
-0.586913 -0.397395 -0.103596 0.549366 0.773482 -0.316105
-0.834522 -0.216216 -0.380758 0.413868 -0.482395 -0.772016
0.565137 -0.421266 -0.132805 -0.352932 0.863773 -0.359633
-0.335649 -1.259504 0.259345 0.226205 -0.774941 0.590167
0.088935 -0.714125 -0.167107 -0.580119 0.681637 -0.445908
0.347603 1.141988 0.372733 -0.302138 0.524431 0.796043
-0.30945 0.531257 -0.318752 0.368232 -0.676872 -0.637377
-0.991571 0.200063 -0.436591 0.072831 0.478071 -0.875296
-0.676382 1.079835 -0.415341 -0.376043 0.411244 -0.830343
-0.990693 -0.986575 0.022017 -0.928422 -0.368046 0.050741
-0.977163 1.019642 0.019345 -0.917272 0.395913 0.043194
0.199358 0.675224 0.291082 -0.772311 -0.340509 0.536274
0.098748 0.658898 -0.048565 -0.687892 -0.716173 -0.1179
0.153361 0.690356 -0.233263 -0.750186 -0.45288 -0.481789
-0.629019 0.933308 -0.475153 -0.314382 0.089122 -0.945104
-0.99143 0.413899 -0.319582 -0.055514 0.415381 -0.907952
-0.68093 -0.633029 0.371726 -0.247819 0.497402 0.83137
-1.19734 0.104794 -0.442721 -0.379946 0.27643 -0.882739
-1.184601 -0.314764 -0.331753 -0.375385 -0.554635 -0.742607
-0.847251 0.004204 0.476053 0.305537 0.019559 0.951979
0.437383 -0.4762 0.23642 0.073746 0.907424 0.413695
0.775046 1.255638 0.149256 0.560464 0.772444 0.298681
0.227542 1.002683 0.375965 -0.467222 0.172669 0.867115
-0.234257 0.536794 0.238813 0.785226 -0.454127 0.420939
0.330931 -0.425527 -0.080435 0.031163 0.99061 -0.133119
0.957567 0.987206 0.162854 0.871835 0.326524 0.365084
1.322721 -0.198912 0.316138 0.632109 -0.429239 0.64513
-0.388801 -0.495185 -0.282477 -0.059442 0.868153 -0.492725
0.244818 -1.165331 -0.314401 -0.325036 -0.546722 -0.771652
-0.796102 1.065678 0.342792 -0.623918 0.364866 0.691086
0.324095 1.343437 0.048224 -0.169646 0.978761 0.115098
-0.713804 0.410663 0.242595 0.513256 -0.287582 0.808619
-0.615946 -1.00111 0.466718 -0.256051 -0.254054 0.932681
1.226386 -0.103922 0.429312 0.439641 -0.268508 0.857099
-1.277295 0.385577 0.183506 -0.650826 0.618559 0.440238
0.93414 -0.566181 0.286296 0.298021 -0.098993 0.949412
-0.772169 -0.05818 0.434945 0.45909 -0.286418 0.840953
-0.090411 -1.033739 -0.311115 0.266535 -0.139273 -0.95371
1.103875 -0.595541 -0.161995 0.700757 -0.471368 -0.535492
-0.70875 0.489858 -0.279188 0.171283 -0.49506 -0.851808
-1.254233 0.05117 0.426456 -0.505092 0.135711 0.852329
-0.269699 1.07198 -0.37634 0.403243 0.346067 -0.847132
-1.394884 -0.274311 -0.124042 -0.807864 -0.527355 -0.263159
0.923479 0.999774 -0.22153 0.820873 0.308297 -0.480749
1.189041 -0.473486 0.184788 0.605403 -0.603568 0.518839
-0.534431 -0.033596 0.165122 0.893341 -0.325649 0.309669
0.636417 -0.295791 0.09763 -0.958346 0.007194 0.28552
0.756471 -1.066923 0.374457 0.549757 -0.366696 0.750534
-0.628158 -0.879294 -0.476862 -0.329674 0.03953 -0.943267
-0.689871 -0.684972 -0.396888 -0.32774 0.414583 -0.848945
-0.269181 -0.443401 -0.132257 0.365961 0.893002 -0.261954
-1.187124 -0.186025 0.412989 -0.344631 -0.430783 0.83406
0.113231 1.172726 -0.26124 -0.21446 0.566108 -0.795945
1.478614 -0.07632 -0.119641 0.955483 -0.171953 -0.239758
0.122452 -1.308612 -0.024268 -0.144294 -0.986703 -0.074811
-0.995801 0.250782 0.408157 0.067718 0.501592 0.86245
-0.543856 -0.658122 -0.429645 -0.216157 0.538303 -0.814559
1.298342 -0.293931 -0.263583 0.610297 -0.549786 -0.570327
1.09286 -0.513833 0.233501 0.485338 -0.486269 0.726629
-0.642979 -0.053399 0.334891 0.696047 -0.349024 0.627456
-0.304292 0.76771 0.429975 0.574239 -0.124967 0.809094
0.772823 -0.104448 0.414388 -0.471509 -0.426052 0.772113
0.47802 -0.874662 -0.499003 -0.076855 -0.034638 -0.99644
0.406983 1.204956 0.342706 -0.197542 0.667657 0.717782
-0.850414 0.515341 0.300756 -0.023628 -0.074975 0.996905
-0.575742 -0.678386 0.433257 -0.252739 0.492424 0.832851
-0.814342 0.276776 0.333352 0.482287 0.407868 0.77527
-0.504095 -1.220782 0.343858 0.036644 -0.717331 0.695769
1.357597 0.332358 -0.111372 0.767485 0.591099 -0.248131
-0.99782 0.732226 -0.215488 -0.740619 0.191424 -0.644082
-0.507367 -0.97133 0.487471 0.032041 -0.232398 0.972093
0.20722 1.140795 0.314595 -0.334651 0.478896 0.811583
0.56602 1.279753 0.266374 0.098167 0.837572 0.537436
0.076153 1.300049 0.048218 -0.099188 0.982831 0.155582
-0.640156 1.07357 -0.432635 -0.290763 0.408564 -0.865178
0.965867 -0.027271 0.497426 -0.070234 -0.102157 0.992286
0.474802 0.495953 0.269018 0.076424 -0.867089 0.492256
-0.142154 0.628919 0.124849 0.808564 -0.534556 0.245914
-0.544426 -1.336181 0.15205 -0.072021 -0.947776 0.310698
1.265769 -0.423673 0.143125 0.681257 -0.636002 0.36248
1.006582 -0.05747 0.494134 0.005125 -0.196436 0.980503
-0.800948 -1.254857 0.087506 -0.615749 -0.768201 0.175272
-0.993556 0.967102 -0.064795 -0.925178 0.34785 -0.15181
0.536148 0.078251 0.076509 -0.838377 0.530389 0.12574
0.464472 -0.58486 0.388023 0.125034 0.691788 0.711193
-0.901902 -0.682132 -0.29904 -0.504741 0.042097 -0.862244
0.974205 -0.568703 0.271345 0.376241 -0.201921 0.904252
-0.42408 -1.353973 -0.070829 0.089071 -0.984002 -0.154295
1.004884 0.563316 0.258974 0.421879 0.281808 0.861744
0.826355 0.897844 -0.363024 0.633647 0.053171 -0.771793
0.9699 -0.742817 -0.242976 0.704254 -0.128183 -0.69828
-0.645398 0.137637 0.26398 0.720593 0.51562 0.463555
0.689805 -1.247539 -0.261331 0.371123 -0.767471 -0.522739
-0.363816 -1.201882 0.332107 0.246331 -0.651716 0.717348
-1.388936 -0.092688 0.297476 -0.772875 -0.217404 0.596154
-0.90086 0.881653 -0.29498 -0.727427 0.111566 -0.677055
0.291974 0.910316 0.426469 -0.517471 0.073589 0.85253
-0.626142 -0.351721 -0.103536 0.845847 0.407488 -0.344233
0.356771 1.054783 -0.422695 -0.348735 0.362871 -0.864123
0.061484 -0.936954 -0.301515 -0.249894 0.176717 -0.952011
-0.981624 -0.991516 0.078754 -0.914544 -0.362461 0.179532
0.381877 -0.5403 0.347815 -0.013905 0.761774 0.647694
-0.124989 -0.802558 -0.283419 0.57579 0.391565 -0.717735
0.230033 -0.519249 0.209622 -0.795875 0.479841 0.369237
0.943886 0.827282 0.256222 0.751571 0.121829 0.648305
-0.833067 0.356527 0.310643 0.400591 0.261825 0.878051
-0.164612 -0.661897 0.224466 0.78726 0.437881 0.434146
0.894449 -1.010938 -0.259927 0.778337 -0.301252 -0.550853
0.565121 1.353358 0.070565 0.114148 0.982997 0.143831
-0.046858 -0.690375 0.008499 0.387682 0.921424 0.026089
-1.308105 0.385074 0.127641 -0.717232 0.627169 0.303704
-0.23137 0.745737 0.362023 0.694735 -0.218816 0.685173
0.578598 0.972551 0.482038 0.170289 0.204987 0.963837
0.973072 -0.319016 -0.366808 -0.096699 -0.478491 -0.872752
0.68381 -0.458835 0.25248 -0.303828 0.53573 0.787834
-1.123555 0.476241 -0.240134 -0.468734 0.539158 -0.699712
-0.457281 -0.592691 0.396611 -0.111565 0.672125 0.731984
0.127762 1.26844 0.159126 -0.17254 0.857823 0.484117
-0.774129 0.658797 0.35327 -0.331876 -0.326152 0.885146
0.601304 0.193945 -0.039733 -0.907133 0.413272 -0.079475
-1.075959 -0.751558 0.019451 -0.924276 -0.376883 0.060608
1.428412 -0.080896 0.242536 0.853773 -0.186866 0.485956
0.236023 1.285001 0.176618 -0.225924 0.857393 0.462423
0.420032 0.710338 0.468253 -0.138778 -0.323753 0.935908
0.285509 0.720633 0.405695 -0.629231 -0.198684 0.751394
1.45598 -0.06572 -0.192617 0.910237 -0.1506 -0.385731
-0.354784 -0.846115 -0.465269 0.440166 -0.011907 -0.897838
1.105998 -0.236148 0.409979 0.171321 -0.49786 0.850167
-0.136301 -1.27505 -0.150084 0.17685 -0.87424 -0.452137
0.270699 1.085065 -0.371231 -0.391937 0.373909 -0.840582
-0.121685 0.630802 0.026498 0.779829 -0.623455 0.056312
-0.377563 1.174811 -0.359649 0.250298 0.599807 -0.759989
-0.339442 -0.69174 -0.435135 0.459499 0.271308 -0.845726
-1.14988 0.212857 0.412048 -0.264467 0.471553 0.841246
-0.732389 0.866269 0.427431 -0.496987 -0.063901 0.865402
1.496106 -0.047665 -0.03617 0.991561 -0.107542 -0.072395
0.62011 -0.254957 -0.024185 -0.981558 -0.180976 -0.061578
-1.100103 -0.415151 -0.295676 -0.302969 -0.530549 -0.791661
0.905381 -0.715542 -0.298197 0.563705 0.025647 -0.825578
-0.777092 0.402033 -0.276874 0.444063 -0.02222 -0.89572
-0.722069 -1.289208 0.14679 -0.439181 -0.849065 0.293612
-1.41881 0.106593 -0.24775 -0.832736 0.24346 -0.49727
-0.843311 -0.361255 0.31369 0.370024 -0.269463 0.889085
1.149028 0.145869 -0.445366 0.270679 0.372429 -0.88771
-0.289826 -0.502101 -0.270898 0.420687 0.727653 -0.541797
-1.068116 -0.184055 0.444161 -0.092697 -0.449721 0.888346
0.386494 0.678017 -0.449153 -0.23946 -0.368847 -0.898115
-1.12635 -0.559355 -0.166991 -0.663505 -0.522178 -0.535809
-1.390846 0.010154 -0.311632 -0.781619 0.024593 -0.623272
-1.03994 0.850263 -0.012869 -0.944814 0.325718 -0.035148
-0.27366 -0.724256 0.396419 0.65208 0.199002 0.731567
0.635728 0.376549 -0.148152 -0.719621 -0.489229 -0.492747
-1.360165 -0.08943 -0.3325 -0.714701 -0.213936 -0.665909
-0.44154 -0.442815 -0.142541 -0.01405 0.96642 -0.256584
-0.302155 -1.302905 -0.174198 0.208046 -0.883389 -0.41993
-1.211045 0.173388 0.408684 -0.396244 0.406863 0.823075
1.292107 0.312715 -0.251686 0.609295 0.566954 -0.554367
0.148747 1.166636 0.276231 -0.265066 0.54496 0.795461
0.570229 -0.392664 -0.046498 -0.547203 0.8254 -0.138868
0.80167 -0.845015 0.381671 0.572093 0.055759 0.818291
-1.251576 -0.014518 -0.43177 -0.502863 -0.039151 -0.863479
-0.474857 -1.083102 0.442654 0.126638 -0.453042 0.882449
-0.13934 0.605746 0.015252 0.831642 -0.55454 0.029294
-0.38622 -0.715939 0.462289 0.287277 0.266781 0.919945
-1.07077 0.661926 0.154841 -0.772125 0.377096 0.511489
1.309351 0.01607 0.39239 0.618423 0.041283 0.78476
-0.135076 0.900208 0.325193 0.486979 -0.166136 0.857468
-0.409016 -1.289375 0.240508 0.144749 -0.842987 0.518093
-1.266876 -0.435307 -0.118562 -0.702922 -0.642552 -0.305006
0.840231 -0.603051 0.315249 0.263401 0.190839 0.945622
0.998486 -0.888466 0.143253 0.891695 -0.27323 0.360867
-0.386193 -0.423301 -0.010925 -0.049837 0.998595 -0.018014
-0.379464 -1.294458 0.222748 0.169799 -0.853626 0.492434
-0.38004 -1.219359 -0.320779 0.219152 -0.691431 -0.688401
-0.194773 -1.150261 -0.303815 0.319315 -0.501398 -0.804138
-0.870334 -1.061526 -0.26237 -0.751074 -0.378238 -0.541133
-0.854091 1.091373 0.262289 -0.72714 0.430229 0.534949
-0.889291 0.854585 0.310098 -0.691758 0.06155 0.719502
-0.531618 -1.056226 0.459225 -0.01305 -0.400908 0.916025
0.847917 0.737419 -0.337487 0.521235 -0.127979 -0.843763
-0.539573 -1.230657 -0.333374 -0.035445 -0.7403 -0.671342
-0.336899 1.182946 0.338669 0.281741 0.60568 0.74416
0.748935 -0.542127 -0.309419 0.026704 0.415041 -0.909411
0.885631 -1.177224 0.037383 0.787511 -0.611595 0.076018
-0.775828 -0.169327 0.374962 0.505842 -0.49084 0.709366
-0.257599 0.788644 -0.396761 0.638595 -0.133713 -0.757838
-1.029241 -0.041576 0.496169 -0.054299 -0.140683 0.988565
-0.613023 0.910046 0.481784 -0.286605 0.03993 0.957216
0.13022 -0.800875 0.286768 -0.588582 0.379832 0.713652
0.031449 0.74559 -0.165926 -0.231646 -0.811465 -0.536531
-0.031199 -0.804584 -0.23167 0.193702 0.627277 -0.754323
-0.268383 0.883674 -0.412681 0.558695 0.00908 -0.829324
0.917371 -0.967859 -0.248608 0.79868 -0.252593 -0.546175
0.644308 0.57736 -0.342121 0.137918 -0.613276 -0.777735
1.209372 0.185878 0.403131 0.391779 0.426726 0.815116
0.684132 0.785941 0.4383 0.407034 -0.242458 0.880646
0.482184 0.828147 0.498233 -0.030078 -0.079001 0.996421
0.741687 -1.255532 0.199594 0.487359 -0.776603 0.399211
0.625442 -0.134337 0.234126 -0.750786 -0.521134 0.405882
0.634188 -0.370185 -0.139429 -0.752751 0.466408 -0.464575
-0.662651 -1.225623 0.306466 -0.311117 -0.726186 0.613075
0.394779 -0.903064 -0.478235 -0.334895 -0.115636 -0.935133
-0.118029 -1.186424 0.252255 0.212361 -0.607459 0.765439
-0.721814 1.308654 -0.06901 -0.436713 0.888944 -0.138058
0.615323 1.000399 0.467081 0.254756 0.252679 0.933409
-1.308107 -0.299686 0.246848 -0.635093 -0.555807 0.536411
-0.279211 -0.666534 -0.382394 0.655311 0.277835 -0.702407
0.392024 -0.681408 -0.451946 -0.219364 0.367266 -0.903878
-0.615966 -0.962265 -0.47534 -0.272113 -0.163417 -0.948288
0.469068 -0.648365 0.438231 0.099069 0.541385 0.834917
-1.407661 0.279418 -0.054209 -0.837986 0.533364 -0.115337
-1.466275 -0.1627 0.058098 -0.930242 -0.347555 0.117705
-0.975799 -0.402233 0.325328 -0.000538 -0.407178 0.913349
-0.271611 1.26502 -0.22529 0.243508 0.794472 -0.556344
0.243381 -1.313044 0.115102 -0.205411 -0.93113 0.301335
1.313789 -0.347534 -0.180754 0.686653 -0.599361 -0.411428
0.663442 -0.299647 0.163249 -0.882056 -0.062473 0.466984
-0.931257 -1.102455 -0.06773 -0.860753 -0.488824 -0.141971
-0.100013 -1.06786 0.306834 0.263173 -0.246125 0.932825
-0.097416 1.30414 -0.035728 0.121551 0.98612 -0.113104
0.125757 0.643119 0.103627 -0.771565 -0.59669 0.220562
1.248389 0.104239 0.417183 0.484641 0.264979 0.833612
-0.871086 0.423449 0.307363 0.197246 0.180265 0.963638
0.240419 1.328566 0.03938 -0.19328 0.975606 0.104099
0.312064 1.3282 -0.113001 -0.185653 0.944246 -0.271907
0.564911 0.09429 -0.155454 -0.805387 0.534123 -0.257031
1.140032 0.613938 -0.063403 0.819203 0.533854 -0.20954
0.532938 0.671222 0.440749 0.204355 -0.508597 0.836402
-1.073931 0.507826 0.248826 -0.430934 0.460198 0.776218
-1.167785 0.184686 0.421125 -0.303757 0.432233 0.849062
-0.445215 -0.428268 0.068838 0.029155 0.991402 0.127562
0.550548 1.098913 -0.437394 0.055367 0.483931 -0.873353
0.994254 0.662178 -0.23781 0.620409 0.19119 -0.760618
-1.049291 0.336634 0.356945 -0.090669 0.514665 0.852584
0.174426 -0.671123 0.249837 -0.780444 0.403112 0.47792
-1.117979 0.552557 -0.182907 -0.629681 0.510692 -0.585402
-0.453873 -0.545478 -0.346557 -0.116645 0.774616 -0.621582
0.858878 1.201175 0.081039 0.737127 0.655658 0.163571
-0.48342 1.154619 -0.399631 0.094531 0.588109 -0.803238
-0.259485 -0.42896 0.024204 0.38765 0.920558 0.047971
-0.634238 0.236288 0.123932 0.909925 0.29956 0.28688
0.880128 1.184483 -0.034902 0.777449 0.624946 -0.070827
0.56033 -1.349579 0.095515 0.104415 -0.97527 0.194799
0.163822 -0.868539 0.336841 -0.563672 0.176798 0.806856
0.896443 0.738158 -0.3053 0.583201 -0.033914 -0.81162
0.509379 0.857506 0.499716 0.035784 -0.027331 0.998986
0.998175 0.32974 0.362717 -0.031517 0.48813 0.872202
-0.605611 1.279714 0.25597 -0.180591 0.838475 0.514146
1.39272 0.130667 0.275358 0.777982 0.29655 0.553898
0.903564 0.779907 -0.300437 0.643773 0.008769 -0.765166
0.69027 0.756995 -0.426592 0.396326 -0.293905 -0.869797
0.364756 -1.322372 0.159186 -0.16201 -0.918504 0.360698
-0.765857 -0.424011 0.273538 0.397298 0.135917 0.907569
1.005411 0.572372 -0.255766 0.445047 0.275071 -0.852214
0.511406 -0.021799 0.09215 -0.953388 -0.243759 0.177858
-0.56965 0.137922 0.022482 0.84929 0.52655 0.038106
0.012664 1.011869 0.300044 -0.043934 0.040304 0.998221
0.507137 0.455736 0.185979 -0.064319 -0.919711 0.38729
0.222039 -1.006527 0.372247 -0.462536 -0.175494 0.869058
0.957845 0.776064 -0.249667 0.723803 0.114436 -0.680452
0.471836 -0.679569 0.456175 0.078958 0.461941 0.883389
0.7209 -0.281802 -0.251742 -0.720734 -0.277378 -0.635299
-0.747965 1.232268 0.232829 -0.504918 0.726716 0.46577
1.409916 0.182197 0.211509 0.814283 0.389748 0.430161
0.056745 0.691529 -0.059237 -0.450779 -0.875134 -0.175897
-0.326652 -0.645659 0.410104 0.476003 0.363926 0.800611
-0.210696 -1.129023 0.322731 0.346633 -0.449969 0.823027
0.872827 -0.164213 0.429623 -0.307615 -0.470014 0.827321
-0.570452 -0.894879 0.492759 -0.188423 -0.024577 0.98178
-0.339935 0.50929 0.30374 0.119336 -0.807284 0.577972
0.886103 1.142644 -0.143579 0.787023 0.542715 -0.293352
-1.115205 0.618213 0.121038 -0.775804 0.486137 0.402242
1.487287 0.074845 0.078855 0.973042 0.167985 0.158019
0.111234 -0.763392 0.245445 -0.589561 0.506301 0.629346
0.636164 0.420473 0.193823 -0.474243 -0.635688 0.609093
0.36098 1.309988 0.186202 -0.173388 0.890134 0.421423
-1.057621 -0.506521 -0.258034 -0.393026 -0.434639 -0.810321
-0.843594 -0.362995 -0.313284 0.367195 -0.265801 -0.891357
0.540702 -0.782436 0.485939 0.178151 0.239878 0.954317
0.694275 -1.295589 0.165561 0.376427 -0.86517 0.331335
0.527765 1.311042 -0.216048 0.03457 0.896576 -0.441538
-0.840693 -0.537304 0.303629 -0.079228 0.137684 0.987302
-0.847528 -0.566519 -0.307039 -0.173636 0.148883 -0.973491
-0.148768 1.207267 0.243633 0.23478 0.664142 0.709784
0.267016 0.494351 -0.237879 -0.567564 -0.676329 -0.469521
1.085956 -0.661868 -0.129449 0.803993 -0.411689 -0.429078
0.309952 -1.331283 0.100096 -0.184058 -0.952718 0.241767
-0.706439 0.335438 0.22237 0.73948 0.019655 0.672892
-0.901562 -1.108492 -0.160079 -0.810792 -0.482886 -0.330815
-0.591857 -0.549054 -0.324841 -0.096125 0.711091 -0.696498
-0.819071 0.556343 0.309297 -0.114454 -0.223372 0.96799
0.170405 -0.56383 0.081087 -0.877634 0.459379 0.136855
1.356034 -0.357429 -0.008798 0.788614 -0.61456 -0.020099
-0.949206 1.064816 0.079003 -0.883153 0.437448 0.169354
0.862318 -0.208964 -0.398755 -0.3507 -0.487267 -0.799738
0.585379 -1.240677 0.315922 0.1339 -0.761762 0.633869
0.197699 0.838735 -0.355999 -0.618481 -0.161144 -0.7691
-0.115085 0.996102 0.322874 0.352738 0.048704 0.934454
0.838227 1.123563 -0.255623 0.700239 0.492014 -0.517289
-0.598913 -0.398436 0.124795 0.562755 0.729858 0.388091
0.761961 0.677132 -0.36489 0.355799 -0.330556 -0.874151
0.944386 1.073217 -0.082058 0.877046 0.447458 -0.174847
-0.623898 -0.346118 0.09066 0.87227 0.38576 0.300557
0.130768 0.893994 -0.32146 -0.485379 -0.188028 -0.853846
1.349722 -0.082049 0.345582 0.694265 -0.198643 0.691764
1.074875 -0.720734 0.091297 0.879975 -0.374939 0.29166
0.292611 -1.334052 0.072175 -0.186759 -0.966088 0.178313
0.900932 -0.38359 -0.32458 -0.202192 -0.323634 -0.924327
1.389887 -0.242107 0.18627 0.78375 -0.485097 0.387837
0.46023 0.733396 -0.479142 -0.014532 -0.305594 -0.952051
-0.112638 1.307804 -0.014794 0.13539 0.989719 -0.046108
-0.196844 -0.530355 0.129719 0.874383 0.436004 0.212969
-0.682226 0.913092 -0.454936 -0.425929 0.028678 -0.904302
0.838189 0.69945 0.336319 0.45588 -0.174963 0.872675
-0.117758 0.953723 0.323612 0.397587 -0.062171 0.915456
1.005084 -0.011117 0.499753 0.009849 -0.039664 0.999165
0.829593 -1.105295 -0.282454 0.684448 -0.452672 -0.571505
-0.74835 -1.294263 -0.070247 -0.496927 -0.856344 -0.140493
-0.151135 1.072144 -0.322838 0.345749 0.280505 -0.895419
-1.272906 0.436885 -0.099672 -0.718661 0.646359 -0.256409
0.886216 0.203167 0.411801 -0.297439 0.487419 0.820946
-0.352237 0.801591 0.462716 0.449997 -0.063902 0.890741
-0.521984 -0.529923 0.313081 -0.100984 0.7916 0.602638
-1.059583 0.159973 0.456656 -0.08034 0.418092 0.904845
-0.710129 -0.399754 -0.236371 0.560158 0.260267 -0.786438
-0.54968 -1.079203 -0.447803 -0.056103 -0.444465 -0.894038
0.045466 1.273139 -0.127778 -0.067359 0.904739 -0.420606
-1.252656 -0.201708 -0.370239 -0.483608 -0.443292 -0.754729
-1.09149 0.304491 -0.370657 -0.162384 0.530391 -0.832056
-0.387484 -0.825038 -0.479313 0.349143 0.027095 -0.936678
0.875612 -0.722522 -0.318247 0.533998 0.085589 -0.841142
0.19617 -0.525344 0.115886 -0.877795 0.439858 0.189739
-0.944461 1.030181 -0.152209 -0.865386 0.376902 -0.330231
0.691467 0.246279 -0.233039 -0.770665 0.348166 -0.53372
1.41439 0.270955 -0.042467 0.848011 0.522307 -0.089848
0.738609 -0.180044 -0.336988 -0.589578 -0.490291 -0.641881
0.507624 0.985088 0.483974 -0.035745 0.261011 0.964674
0.37971 -1.353846 0.026959 -0.129189 -0.989745 0.06095
1.286442 -0.410428 0.125572 0.705543 -0.637102 0.31034
-0.343784 -1.329439 -0.128738 0.170273 -0.938968 -0.298908
-0.46488 0.53894 0.33607 -0.120727 -0.788005 0.603716
1.291719 0.382088 0.165724 0.677763 0.620545 0.394413
-0.347207 -1.279053 0.236064 0.204779 -0.819642 0.535026
-0.212703 0.929381 0.375212 0.533501 0.014379 0.845677
0.70316 0.36887 0.222147 -0.675421 -0.15244 0.721504
-0.957929 0.647094 -0.26651 -0.526085 0.103894 -0.844062
0.843948 1.160885 0.204298 0.710296 0.570312 0.412583
-0.564298 -1.322364 -0.184629 -0.104207 -0.921289 -0.374655
0.601826 0.151766 0.152535 -0.817648 0.509145 0.268745
0.764487 0.565212 -0.318344 0.104539 -0.380558 -0.918829
1.262618 0.443641 -0.110611 0.708151 0.644515 -0.28831
-0.004042 -1.273667 -0.122939 0.006074 -0.912175 -0.409755
0.76244 -1.021685 -0.388851 0.563975 -0.267944 -0.781114
-0.884292 1.178528 0.040584 -0.785076 0.613882 0.082489
-0.861357 -0.017641 0.479661 0.278022 -0.079368 0.95729
1.166911 0.247881 -0.385369 0.305433 0.505935 -0.806685
-1.168407 -0.486666 0.193092 -0.587998 -0.585518 0.558057
-0.6969 -0.105697 0.355337 0.60851 -0.46978 0.639548
-0.608915 0.384147 0.115063 0.66619 -0.645757 0.37308
0.158767 -0.624326 0.165337 -0.82327 0.476312 0.308793
-0.703252 1.019236 0.42654 -0.450704 0.26718 0.851752
-1.075319 0.294429 0.379724 -0.120908 0.524242 0.842942
-0.67883 0.916852 0.456383 -0.419511 0.037559 0.906973
0.617235 -0.193695 -0.126028 -0.86868 -0.427581 -0.250139
0.503459 1.362435 -0.006276 0.015907 0.999788 -0.013084
0.485298 0.584124 0.383263 0.14723 -0.695924 0.70286
0.972785 0.413456 -0.320469 0.012214 0.389964 -0.920749
-0.911663 0.975109 0.253509 -0.792741 0.257796 0.552362
-1.037672 -0.661638 0.197201 -0.703645 -0.298907 0.644622
-0.627067 -0.298099 0.058628 0.982887 0.057545 0.174991
-0.565349 -0.443447 -0.179684 0.234084 0.858708 -0.455878
-0.956261 1.063544 0.030413 -0.894811 0.441613 0.065507
-0.842891 1.094076 -0.274853 -0.707778 0.432466 -0.558591
-0.927849 1.104734 -0.079462 -0.855311 0.490737 -0.166193
0.628417 -0.246136 0.092397 -0.943271 -0.244856 0.224245
1.253945 -0.079645 -0.420854 0.500291 -0.206785 -0.840803
-0.868543 -0.141498 0.440563 0.304911 -0.446735 0.841105
-0.173587 0.546381 0.019365 0.889462 -0.455892 0.031941
-0.351755 -0.51517 0.31384 0.078713 0.803241 0.590431
-0.653138 0.438608 -0.222442 0.38905 -0.609114 -0.691101
0.390436 -0.804606 -0.47935 -0.33326 0.068685 -0.94033
-0.217234 -1.249456 0.222945 0.24881 -0.766392 0.592231
-0.554524 0.086729 0.137288 0.816366 0.53118 0.226702
0.146806 0.780616 0.290575 -0.640096 -0.366148 0.675435
0.151839 -1.204082 -0.247597 -0.24022 -0.654051 -0.717294
-0.177307 -1.318485 -0.009034 0.178893 -0.983525 -0.026005
-1.018256 0.325192 0.365545 -0.011068 0.501494 0.865091
-0.059814 -0.875358 0.282833 0.288175 0.36496 0.885302
-0.299914 0.436327 0.133411 0.107334 -0.964189 0.242525
-0.63574 -1.315872 -0.166213 -0.247629 -0.909527 -0.333826
1.249441 -0.130433 -0.407247 0.482251 -0.320635 -0.815247
-0.167394 -0.583472 0.118729 0.862083 0.462898 0.20625
-1.083802 0.665834 0.129715 -0.806957 0.405726 0.429193
0.631633 -1.339191 -0.083587 0.240971 -0.955844 -0.168209
0.781982 1.273797 -0.063168 0.5729 0.809819 -0.126404
1.248999 0.483829 0.014563 0.755645 0.653737 0.040363
-0.16708 0.568355 0.074899 0.875085 -0.46683 0.127654
-0.964658 1.007393 0.121201 -0.891526 0.363738 0.269957
-0.779684 1.06353 -0.358067 -0.594006 0.359044 -0.719892
0.503546 -0.427767 -0.098125 -0.16579 0.962061 -0.216683
-1.233998 -0.369216 0.252013 -0.535807 -0.595603 0.598471
-0.811957 -1.251495 0.057675 -0.639157 -0.76034 0.115595
-1.206907 0.291274 -0.337376 -0.409458 0.542345 -0.733626
-0.808811 0.64085 -0.334666 -0.321672 -0.266424 -0.908595
-1.200876 0.466658 0.178695 -0.61744 0.612123 0.494037
1.206345 0.359912 -0.282513 0.464387 0.582308 -0.667279
-1.458779 -0.010528 0.198478 -0.917507 -0.024424 0.396968
-0.359393 -0.512393 -0.310761 0.04145 0.816905 -0.575281
-0.990686 -0.298117 0.380233 0.067431 -0.49703 0.86511
0.246952 -1.323085 0.080948 -0.198133 -0.957053 0.211641
1.367957 -0.339775 0.034642 0.796691 -0.599381 0.077628
-0.51394 0.714628 0.467479 -0.156099 -0.397577 0.904193
-1.235359 0.401927 -0.215891 -0.581694 0.6119 -0.53592
0.887991 1.060301 0.237132 0.780099 0.38528 0.492956
0.046312 1.037703 -0.301078 -0.145209 0.13275 -0.980455
-0.328953 0.638427 0.408059 0.457834 -0.386208 0.800769
0.288461 0.73923 -0.412651 -0.617019 -0.17173 -0.767982
-1.38018 -0.116662 -0.298873 -0.753092 -0.269849 -0.600029
-0.969468 0.141296 0.464165 0.10022 0.413332 0.905048
-0.588893 -0.958868 -0.482685 -0.20442 -0.168146 -0.964334
0.324701 -1.27497 -0.233347 -0.220517 -0.811526 -0.541108
-0.271852 -0.614829 -0.350667 0.675265 0.359555 -0.644
0.924057 -0.195317 -0.427962 -0.214578 -0.482328 -0.849303
0.372244 0.424809 -0.053844 0.059502 -0.99437 -0.087681
-0.181598 1.306295 0.093997 0.189693 0.944534 0.268091
-0.09734 -0.662872 -0.062508 0.678036 0.71885 -0.153368
0.200563 0.813265 0.352418 -0.644339 -0.192328 0.74016
-1.058143 0.358462 -0.342577 -0.131789 0.5145 -0.847303
-1.235037 0.480875 0.094952 -0.719639 0.642316 0.263724
1.446327 -0.213002 -0.042969 0.895543 -0.43612 -0.088326
-0.667237 1.327577 0.08969 -0.315851 0.931606 0.179858
0.581896 -0.548768 0.325969 0.101403 0.721004 0.685471
-0.184332 -1.283768 0.15386 0.20727 -0.876581 0.434333
-0.521097 -0.633071 -0.417672 -0.188427 0.592426 -0.783279
-0.162903 -0.611717 0.156851 0.836477 0.467899 0.285265
-0.392369 0.526706 -0.330524 -0.035878 -0.80082 -0.59783
1.004814 0.951039 -0.006924 0.937997 0.346247 -0.016595
1.248927 0.390113 0.214469 0.594879 0.611579 0.521622
0.924667 -0.627567 0.286169 0.430746 -0.025035 0.902126
-1.283797 -0.165843 0.368542 -0.549744 -0.380882 0.743445
-0.768748 1.214665 0.235901 -0.553089 0.686368 0.47222
-0.337727 -1.318428 0.156313 0.181618 -0.913632 0.363718
0.15776 -1.306132 -0.077073 -0.174719 -0.95806 -0.227145
0.188244 -0.569504 0.167376 -0.861664 0.422626 0.280931
1.038105 0.181137 -0.447704 0.029887 0.451891 -0.891573
-0.593488 -0.122345 0.182834 0.788119 -0.532776 0.308249
-0.632523 0.880596 -0.475368 -0.338066 -0.0377 -0.940367
0.606943 -0.099539 -0.244607 -0.749647 -0.513755 -0.417235
0.604374 -0.710495 -0.441372 0.292223 0.420342 -0.859022
-0.210331 0.558112 -0.211796 0.839454 -0.409981 -0.356697
-0.523965 0.543178 -0.329501 -0.121037 -0.767675 -0.629305
-0.581977 0.715831 0.451233 -0.26941 -0.411607 0.870631
-0.358314 0.467002 -0.228813 -0.032233 -0.91839 -0.394361
-0.397889 0.950842 -0.471228 0.321198 0.19986 -0.925682
-0.419017 0.617412 0.419886 0.009023 -0.585897 0.810336
-0.399229 -1.189521 0.354284 0.216107 -0.635011 0.741659
1.386867 0.299618 -0.092689 0.80544 0.557811 -0.20028
0.846889 -0.412029 0.303354 -0.274969 -0.148613 0.949898
-0.639528 0.351341 0.131968 0.833375 -0.339266 0.436332
-0.831216 -0.147339 -0.421658 0.382118 -0.465825 -0.798118
-0.842736 -0.960775 -0.338745 -0.68298 -0.175074 -0.709145
-1.190451 -0.423647 -0.235958 -0.516838 -0.595825 -0.614712
0.094037 1.172518 0.256588 -0.184547 0.567742 0.802254
1.406051 0.25169 0.133251 0.821679 0.497092 0.278823
0.67922 0.330287 0.188539 -0.813269 -0.048679 0.579848
-1.00052 0.588004 -0.253575 -0.473116 0.250267 -0.844706
-0.417672 -1.356337 0.048404 0.094124 -0.989897 0.106042
-1.485221 0.104057 0.049105 -0.968118 0.230263 0.098625
-0.142573 0.617463 0.098206 0.821511 -0.537608 0.189996
-0.639043 1.245339 0.293017 -0.254635 0.768796 0.586612
-0.644584 -1.191712 -0.350264 -0.273243 -0.659178 -0.700587
1.200441 0.33434 0.307796 0.426016 0.568349 0.70391
0.557101 -0.443959 0.176534 -0.214586 0.873447 0.437085
0.773759 -0.982246 0.391952 0.581852 -0.185623 0.791828
0.559966 -1.306165 0.221287 0.091983 -0.889078 0.448418
-1.235137 0.03938 -0.438857 -0.468084 0.106865 -0.877199
-0.64963 -1.11689 0.405799 -0.301436 -0.50045 0.811595
0.665159 0.274486 -0.173672 -0.870466 0.193456 -0.452618
-1.300359 -0.376399 -0.159545 -0.689474 -0.618879 -0.376318
-0.177098 -0.865827 -0.34573 0.579291 0.156082 -0.800038
-0.372261 -0.819275 0.473021 0.393993 0.034502 0.918466
-0.044942 1.148543 -0.263296 0.101238 0.494304 -0.863374
0.007589 1.28141 0.104086 -0.011078 0.937862 0.346833
-0.684516 -0.173028 -0.283685 0.690767 -0.491908 -0.529969
-0.62912 1.34649 -0.024487 -0.236631 0.970347 -0.049319
-0.573398 1.266307 0.284946 -0.111018 0.811621 0.573539
0.238892 -1.299067 -0.149229 -0.215519 -0.894735 -0.391153
0.883503 -1.136627 0.160531 0.782023 -0.529936 0.328036
-1.019458 0.885223 0.079328 -0.928779 0.308934 0.204769
0.280334 0.71543 -0.399859 -0.642035 -0.207563 -0.738043
-0.042062 -1.229457 -0.195658 0.07291 -0.76113 -0.644489
-0.293488 -0.605032 0.365545 0.58757 0.40983 0.697711
-0.978604 0.731976 0.236298 -0.705089 0.146096 0.693906
-1.320976 0.388496 0.080935 -0.74963 0.633157 0.192788
1.436948 0.124098 -0.203667 0.869094 0.277175 -0.409694
-0.167602 -1.30858 -0.074359 0.179765 -0.959619 -0.216368
-0.296634 1.177365 0.327157 0.30815 0.584393 0.750685
0.589299 -0.581439 -0.356596 0.161303 0.664814 -0.729386
0.716912 -0.241275 -0.269392 -0.700888 -0.390365 -0.596968
-0.696436 0.866888 0.446827 -0.44729 -0.072755 0.891425
-0.570975 -1.33935 0.132843 -0.121057 -0.955264 0.269843
-0.544533 -0.765919 0.48061 -0.196069 0.28375 0.938639
-0.716557 1.132369 -0.362532 -0.454407 0.517364 -0.725154
-0.583739 0.652774 0.414613 -0.244296 -0.541867 0.804176
1.414732 0.196804 0.187356 0.826043 0.413678 0.382783
-0.801987 0.98164 -0.370035 -0.62681 0.192872 -0.754924
-0.241955 -0.535531 -0.251106 0.758043 0.470809 -0.451343
-0.76976 -0.901385 0.405042 -0.558918 -0.021492 0.828944
0.195718 0.785381 -0.339652 -0.671013 -0.238742 -0.701957
0.653044 0.126159 -0.287409 -0.696107 0.512054 -0.503224
-1.014437 0.763119 0.182392 -0.811632 0.23511 0.534768
-0.270852 -0.469358 -0.200365 0.459146 0.792843 -0.400729
-0.517725 -1.288577 -0.257133 -0.009427 -0.851169 -0.524807
-1.000181 0.944333 0.074465 -0.926336 0.331615 0.178697
0.693889 0.913457 0.449268 0.446178 0.028909 0.894477
0.2077 -0.509543 -0.130412 -0.860567 0.460412 -0.217818
1.47469 -0.066571 0.140051 0.94791 -0.15094 0.280504
-1.361148 -0.339099 0.079721 -0.781314 -0.598013 0.178683
0.687213 -1.328036 0.029817 0.359329 -0.931297 0.059734
-0.350153 -0.898194 0.459869 0.436634 -0.095123 0.894596
0.849449 -0.114329 -0.447201 -0.329408 -0.40943 -0.850798
0.053643 0.915492 -0.294653 -0.234655 -0.25104 -0.939104
0.234005 -1.192587 -0.288875 -0.300188 -0.613645 -0.730293
-0.719049 -0.623895 0.355594 -0.238756 0.452224 0.859354
0.162857 -1.137022 -0.299412 -0.30395 -0.46148 -0.833457
-1.064332 0.449085 0.287318 -0.283732 0.480541 0.829805
1.173403 -0.410835 0.260638 0.458895 -0.582964 0.670498
-1.406039 -0.255859 0.125599 -0.823311 -0.502761 0.263421
-1.104105 0.585622 -0.170275 -0.678289 0.475388 -0.560294
-0.596674 -0.728689 -0.45238 -0.289412 0.382833 -0.877314
-0.723346 0.584829 0.333622 -0.148794 -0.473046 0.868382
-1.10273 -0.668512 0.081602 -0.852433 -0.447253 0.270782
0.057323 1.113003 0.282408 -0.142163 0.378557 0.914595
-0.821393 1.072209 0.314501 -0.668975 0.382599 0.637253
-0.433069 0.681128 0.457764 0.048363 -0.421365 0.905601
-0.947959 0.216389 -0.421332 0.169445 0.490094 -0.855042
0.802424 -0.111818 -0.427153 -0.41911 -0.426044 -0.801769
-0.030189 0.704839 -0.072387 0.251591 -0.939294 -0.233299
0.561366 0.12471 -0.02403 -0.84024 0.540755 -0.039751
-1.168434 0.246361 -0.385741 -0.308394 0.504509 -0.806451
0.248948 -0.434604 -0.028872 -0.517314 0.853847 -0.057729
-0.952259 0.081757 0.485072 0.111688 0.286359 0.95159
-0.539089 1.360748 -0.013475 -0.071347 0.997067 -0.027705
-0.71905 0.792397 -0.422929 -0.447127 -0.211461 -0.869115
-0.349036 0.906647 -0.458363 0.435655 0.108204 -0.893587
-0.225879 1.253986 0.220646 0.24796 0.776329 0.579508
0.752112 -0.954694 0.412226 0.543995 -0.12344 0.829959
-1.23343 -0.495456 0.056232 -0.746556 -0.645934 0.159449
1.208967 0.531491 0.009659 0.774226 0.632243 0.029015
0.53803 0.568942 -0.355738 0.152541 -0.716027 -0.681203
0.913685 0.345188 0.343033 -0.216592 0.402483 0.889435
-0.231138 -0.915191 0.387324 0.548364 -0.013647 0.836129
0.654439 0.684412 -0.409971 0.309227 -0.44606 -0.839886
1.224219 -0.182974 -0.397171 0.423349 -0.419726 -0.802873
0.36777 -0.663732 0.437345 -0.305964 0.380648 0.872635
0.829564 0.447159 0.295981 -0.219474 0.00707 0.975593
-0.117725 -1.305416 -0.046742 0.141577 -0.979278 -0.14481
0.504853 -0.971165 -0.487418 -0.039253 -0.232846 -0.971721
1.162811 0.307261 0.347234 0.322183 0.546779 0.772807
0.094581 0.990142 -0.31584 -0.310271 0.013462 -0.950553
0.357978 -1.02499 0.4347 -0.364291 -0.31058 0.87797
-0.999977 -0.577268 -0.257073 -0.446338 -0.25785 -0.856911
-0.779812 0.543537 -0.308825 -0.04463 -0.328261 -0.943532
-0.534045 -0.501533 -0.271819 -0.03082 0.830965 -0.55547
0.677482 -0.191866 -0.256387 -0.730658 -0.465752 -0.499213
-0.633734 0.046584 0.328107 0.715065 0.321753 0.620611
-1.01861 0.365982 -0.342397 -0.049899 0.483018 -0.874187
-0.587116 0.015774 -0.280014 0.820639 0.139775 -0.554088
-0.515614 -0.523353 -0.305287 -0.093609 0.805732 -0.584835
0.764205 0.513475 0.297835 -0.067128 -0.346795 0.935536
-0.200663 0.819065 0.353972 0.638662 -0.184097 0.74714
0.874993 0.619776 0.306673 0.343227 -0.104053 0.933471
-0.169192 0.662838 0.233567 0.787661 -0.423538 0.447443
-0.854381 -0.74991 -0.335116 -0.544637 0.105621 -0.831994
-1.004382 -0.181027 0.447546 0.041149 -0.458307 0.887841
1.421349 0.125785 0.232899 0.837038 0.282678 0.468466
0.800977 0.27805 0.324017 -0.515042 0.393125 0.761698
-1.256183 -0.088214 -0.417294 -0.503388 -0.226807 -0.833762
0.303165 0.966288 -0.424869 -0.466935 0.173724 -0.867059
1.428153 0.06126 0.249559 0.854395 0.142916 0.499584
0.125122 -1.285209 0.123744 -0.160006 -0.911531 0.378827
0.209308 1.001114 -0.366497 -0.463381 0.152269 -0.872979
0.349459 -1.186087 0.340753 -0.26975 -0.615365 0.740649
-0.996579 0.895048 0.142959 -0.892393 0.275803 0.357166
0.901685 0.538634 0.296154 0.169694 0.042117 0.984596
0.630166 -0.111112 0.269853 -0.721249 -0.512924 0.46552
-0.2652 -1.123453 -0.349552 0.360515 -0.454586 -0.814482
0.465515 -0.444269 0.148069 -0.022522 0.959205 0.281814
-0.694985 0.690476 0.397528 -0.337159 -0.40115 0.851706
0.843976 -0.768068 -0.344334 0.553793 0.105493 -0.825944
-1.04412 0.733385 0.149498 -0.833291 0.301579 0.463332
-1.085616 -0.49205 -0.252063 -0.420343 -0.485917 -0.766287
0.611895 -0.879902 0.482246 0.295467 0.032445 0.954802
0.544286 1.262093 -0.294794 0.051344 0.80168 -0.595544
-1.170056 -0.577635 -0.040215 -0.799443 -0.586768 -0.128819
0.534015 0.495173 -0.262127 0.014153 -0.840663 -0.541374
0.664617 0.44111 0.230791 -0.383027 -0.572329 0.725073
0.991145 0.272356 -0.395196 -0.07488 0.501948 -0.86165
-1.026332 0.028304 0.497918 -0.050682 0.097223 0.993971
0.388093 1.300696 0.214548 -0.158062 0.86738 0.471877
-0.806479 -0.152981 0.405314 0.434167 -0.477973 0.763571
-1.087905 -0.425584 0.293382 -0.293116 -0.516617 0.804481
0.540744 -1.346527 0.116985 0.069097 -0.968373 0.239747
-0.044908 -1.292594 -0.072349 0.061912 -0.969206 -0.238341
-0.591823 -0.17767 -0.008878 0.890935 -0.45382 -0.016795
0.656875 0.639316 0.38291 0.253413 -0.515839 0.818347
0.337051 -1.096426 0.395216 -0.343425 -0.430513 0.834696
0.707658 -0.257491 0.24809 -0.739843 -0.335294 0.583276
0.313179 -0.764092 -0.435569 -0.554863 0.127925 -0.822048
1.000829 -0.961563 -0.009894 0.935692 -0.35204 -0.023431
1.333295 0.041494 -0.369796 0.664976 0.103923 -0.739599
-0.444996 -0.702728 0.467667 0.032514 0.374033 0.926845
-0.660628 -0.365555 0.174195 0.752181 0.317649 0.577341
-0.812166 -1.221668 -0.157728 -0.643118 -0.697348 -0.316394
-0.672743 -1.260656 0.253029 -0.330613 -0.796449 0.506325
0.543941 -0.405765 0.039209 -0.393601 0.913252 0.105108
-0.853901 0.966601 0.326126 -0.701566 0.193338 0.685875
-0.699229 0.154541 0.317958 0.641404 0.502115 0.58007
0.371264 0.446269 -0.168802 0.06339 -0.957902 -0.28001
-0.126318 -0.635839 -0.083882 0.781309 0.598713 -0.176351
0.931263 0.971293 0.225355 0.822173 0.272987 0.499509
0.474458 1.33493 0.158927 -0.038736 0.941944 0.333529
0.531875 0.741481 -0.474998 0.18075 -0.338929 -0.923286
0.995297 -0.869075 -0.163524 0.872829 -0.250928 -0.418574
0.399417 -0.52299 -0.324891 0.055128 0.81185 -0.581257
-0.69008 -0.426364 -0.23517 0.459427 0.437372 -0.773067
-0.618099 -1.348354 0.035602 -0.214502 -0.97408 0.071817
0.600178 -0.511866 0.284381 -0.01226 0.746711 0.665035
-1.34098 0.232697 0.270982 -0.676584 0.47639 0.561503
0.314913 1.213081 0.303512 -0.272339 0.667891 0.692643
-0.808903 -1.23867 0.121757 -0.634381 -0.733478 0.244069
1.036602 -0.333363 -0.360012 0.059127 -0.508783 -0.858862
-0.284931 -0.818187 0.421931 0.585579 0.066975 0.807843
-0.65004 -1.000885 0.455741 -0.339132 -0.240118 0.909578
-1.16169 0.554811 -0.118274 -0.727883 0.575737 -0.372442
-0.624824 0.292232 -0.042085 0.991946 -0.028068 -0.12351
0.946085 -1.078759 -0.054529 0.881224 -0.458229 -0.116062
-0.23224 -1.181944 -0.296784 0.308718 -0.586568 -0.748753
0.390982 -1.092308 -0.417535 -0.280746 -0.446634 -0.849529
-0.336732 -0.444519 -0.168349 -0.015427 0.957799 -0.287024
0.206647 -0.754781 -0.339615 -0.699681 0.252183 -0.668469
0.875568 -0.157586 -0.434347 -0.298782 -0.463258 -0.834339
0.030785 -0.7216 -0.121744 -0.243725 0.886708 -0.392872
0.97636 0.598015 0.264042 0.451324 0.181425 0.873723
0.662694 -0.601745 -0.356393 0.187556 0.559831 -0.807101
-0.704402 -0.036623 -0.397981 0.588089 -0.222168 -0.777684
1.267852 0.390371 0.190419 0.63657 0.618402 0.460822
0.621507 -0.156112 0.196475 -0.788526 -0.504974 0.351037
1.073029 0.198014 -0.436396 0.100942 0.465174 -0.879445
0.169581 -0.897752 -0.345824 -0.538767 0.110509 -0.835176
0.766368 -0.731246 0.381401 0.434572 0.261452 0.861853
0.777948 0.043085 -0.442483 -0.445962 0.219089 -0.867824
0.899125 -1.140895 0.106703 0.809997 -0.544034 0.218933
1.072172 0.539357 -0.231291 0.501518 0.438941 -0.745527
-0.607681 0.587034 0.357459 -0.167022 -0.640799 0.74932
-0.930964 0.261117 0.391616 0.211115 0.487442 0.847249
-1.038673 -0.364341 -0.341661 -0.093954 -0.499275 -0.861334
0.963133 0.940571 -0.185744 0.859901 0.271947 -0.431991
-0.237918 0.487959 -0.18009 0.740856 -0.582606 -0.33422
-0.734822 -0.536497 -0.306957 -0.004937 0.451303 -0.892357
-0.489848 -0.58351 -0.381687 -0.150682 0.697323 -0.700739
-0.230183 -1.32591 -0.044812 0.193591 -0.97371 -0.120051
1.476385 0.041244 0.145291 0.952154 0.094228 0.290731
0.691345 0.285272 -0.212721 -0.802656 0.205817 -0.559806
-0.360069 -0.723385 -0.454328 0.399907 0.220776 -0.889568
-1.143148 -0.540853 0.164826 -0.655621 -0.551307 0.515967
-0.1194 0.728284 -0.222745 0.653197 -0.533428 -0.53739
1.139502 0.170861 0.436945 0.245785 0.416936 0.875074
-0.575775 -0.128444 -0.112091 0.823657 -0.535055 -0.187898
0.431159 -0.71051 -0.469698 -0.094527 0.336707 -0.936853
-1.030594 -0.751216 -0.162396 -0.829111 -0.270623 -0.489222
0.902212 -1.054223 -0.218376 0.802261 -0.383043 -0.457881
0.616836 -0.232593 0.04803 -0.952061 -0.284908 0.111392
-0.248958 -0.853107 -0.397973 0.596598 0.059087 -0.800362
-0.308422 -1.343154 -0.017545 0.175648 -0.983529 -0.042655
-0.9337 0.454321 -0.306482 -0.007364 0.261039 -0.9653
-0.392293 1.318072 -0.180597 0.142798 0.906041 -0.39837
-0.780277 0.712381 -0.368751 -0.421753 -0.264666 -0.867223
0.254674 0.430529 0.003535 -0.44238 -0.8968 0.007052
0.267913 0.74514 0.396652 -0.651962 -0.176797 0.737352
0.368191 1.049 0.429613 -0.33667 0.358212 0.870826
0.216003 0.557796 -0.224289 -0.829082 -0.409785 -0.380395
-0.270611 -0.777061 0.405577 0.629961 0.134429 0.764904
-0.578884 0.139586 0.092898 0.836699 0.524203 0.158574
-1.003458 0.139526 0.467381 0.029653 0.399861 0.916096
0.99554 0.907007 -0.135957 0.89777 0.28534 -0.335545
0.077414 1.22997 -0.200636 -0.129327 0.754679 -0.643222
-0.853749 1.112468 -0.244311 -0.727882 0.472627 -0.496802
0.176956 0.638152 -0.223862 -0.811692 -0.416341 -0.409654
0.639957 -0.276786 -0.112631 -0.945092 -0.115785 -0.305607
1.480231 0.003594 0.139153 0.960457 0.008237 0.278308
0.833642 0.382647 -0.304208 -0.362163 0.194737 -0.911546
-0.178034 0.575772 0.144093 0.864446 -0.439125 0.244751
-1.354076 -0.155568 -0.310023 -0.69698 -0.350543 -0.625571
-1.051275 -0.776324 -0.09734 -0.900849 -0.322478 -0.290652
0.648628 -0.772234 -0.449664 0.361984 0.282121 -0.888468
0.93381 -0.470975 0.302226 0.047226 -0.233601 0.971185
0.181405 -1.26385 -0.187636 -0.220066 -0.819707 -0.528822
-0.063048 0.748724 -0.189214 0.420872 -0.709645 -0.56504
0.659416 0.973461 0.458312 0.368968 0.173093 0.913182
-0.948903 0.679854 -0.269044 -0.572617 0.072704 -0.816593
0.427283 -0.84386 0.491655 -0.227722 0.004858 0.973714
1.012386 -0.224308 0.42435 -0.031612 -0.49263 0.869665
0.196891 -0.84588 -0.356803 -0.611076 0.151756 -0.776889
0.634425 0.650261 -0.396976 0.262691 -0.518408 -0.813785
0.847568 1.223029 -0.00325 0.713922 0.700195 -0.006541
0.675167 -0.960808 0.453768 0.405355 -0.139335 0.903478
1.178786 0.170903 -0.423858 0.328549 0.409054 -0.851311
-0.956684 -0.022414 0.497153 0.087972 -0.085459 0.99245
1.039302 0.800156 0.108473 0.900743 0.301686 0.312486
-1.399405 0.205033 -0.209422 -0.794995 0.428892 -0.428993
-0.107759 -0.665019 -0.105585 0.705651 0.663565 -0.248471
0.330173 -0.67823 -0.425318 -0.48736 0.291529 -0.823098
0.544138 0.083866 0.101601 -0.828621 0.534403 0.166733
-0.947034 0.924235 0.222928 -0.824616 0.229029 0.517257
-0.701299 -0.419618 0.238466 0.485594 0.370337 0.791865
-1.093305 -0.572534 0.192377 -0.624897 -0.460564 0.630384
-0.212219 0.588718 0.247033 0.821484 -0.383455 0.422051
0.193367 -0.734312 -0.316262 -0.720419 0.301684 -0.624486
-0.803202 -1.023328 0.355715 -0.634514 -0.277641 0.721323
-0.782621 1.173647 -0.272065 -0.588548 0.596857 -0.545319
-1.018016 -0.873384 -0.100419 -0.918209 -0.297117 -0.261942
0.70793 1.264023 -0.219781 0.410331 0.798987 -0.4396
-0.511017 1.30603 -0.226615 -0.004237 0.885257 -0.465083
-0.96938 -1.002895 -0.111219 -0.897887 -0.362846 -0.249283
-0.671051 0.042218 -0.368363 0.649735 0.271822 -0.7099
-1.276675 0.403127 -0.15808 -0.673576 0.629049 -0.388063
-0.528925 -0.462461 -0.204452 0.080975 0.891672 -0.44538
-0.720283 0.119594 -0.366463 0.57505 0.477812 -0.664088
0.321653 0.97834 0.431851 -0.439068 0.20797 0.874053
-0.746567 -0.472023 -0.279499 0.235927 0.338672 -0.910845
0.307129 -1.340106 0.05075 -0.17834 -0.976196 0.123432
-1.136136 -0.319682 0.348679 -0.271821 -0.546201 0.792324
-0.682516 1.297532 0.173186 -0.350039 0.870205 0.34672
0.9662 -0.410756 -0.321618 -0.007474 -0.383689 -0.923432
-0.689204 0.432365 0.238133 0.431034 -0.458048 0.777433
-0.476586 1.296664 0.241758 0.054103 0.863337 0.501719
0.264126 0.606129 -0.337189 -0.69884 -0.367862 -0.613433
0.196219 -1.280963 -0.164968 -0.215636 -0.862794 -0.457262
0.276223 -0.821425 0.415813 -0.59509 0.070795 0.800535
-0.359859 1.214239 0.31912 0.241363 0.676998 0.695282
-1.474109 0.096674 -0.121019 -0.945703 0.216017 -0.242865
1.014192 -0.775265 0.177295 0.825021 -0.237645 0.512704
-1.001066 0.919319 0.107011 -0.91483 0.306801 0.2626
-0.470998 -0.887047 -0.497724 0.106548 -0.06636 -0.992091
1.156748 -0.519389 0.171171 0.635006 -0.571695 0.519551
1.116601 0.614335 -0.123044 0.770177 0.489922 -0.408416
-0.96568 0.305807 -0.373169 0.120995 0.481799 -0.867888
0.984453 0.85524 0.191153 0.843198 0.219599 0.490707
-0.047952 -0.718765 0.128819 0.365155 0.841571 0.398019
1.395287 -0.267618 0.135597 0.805452 -0.51884 0.286447
-1.080186 -0.66293 0.138855 -0.793816 -0.398348 0.459537
-0.941757 0.151525 0.455252 0.161165 0.437284 0.884765
-0.64723 -0.750347 0.442672 -0.351812 0.327214 0.877017
1.019972 -0.908577 0.008814 0.943922 -0.329417 0.022252
0.498871 -0.456677 -0.187056 -0.045946 0.92381 -0.380085
0.860223 -1.209638 0.003025 0.739326 -0.67332 0.006103
0.803351 1.178028 -0.242481 0.630205 0.604932 -0.486722
-0.123345 1.024704 0.323148 0.343896 0.134382 0.929342
1.154839 -0.533798 -0.157311 0.664095 -0.568089 -0.486059
-0.108712 -1.29085 -0.101716 0.140125 -0.93778 -0.317699
-0.504644 -1.155559 0.400863 0.050661 -0.592965 0.803633
-0.385256 -1.324225 0.16318 0.144828 -0.920468 0.362993
-0.334381 -0.58705 0.380401 0.348 0.548173 0.760528
-0.335758 0.493399 0.279021 0.097285 -0.84707 0.522502
0.247014 0.498637 0.214767 -0.704846 -0.582811 0.404381
-1.276765 -0.357597 0.220055 -0.616375 -0.599961 0.510028
0.501145 0.438324 -0.136471 -0.115839 -0.949711 -0.290914
1.067899 0.666513 -0.155835 0.774771 0.369033 -0.513366
0.996043 0.599374 -0.252895 0.491228 0.230373 -0.840014
0.769356 0.384399 0.272636 -0.503701 0.016089 0.863728
-0.72913 0.616405 0.349008 -0.225622 -0.441234 0.868566
1.050379 -0.817999 0.02664 0.939997 -0.332596 0.076064
-0.633769 -0.355053 0.123894 0.824335 0.388533 0.411722
-1.058386 -0.562001 0.228075 -0.527049 -0.398908 0.750394
0.701152 0.102442 -0.361655 -0.599709 0.461632 -0.65364
0.76487 0.942276 -0.405358 0.562225 0.100802 -0.820818
-0.841652 -0.493691 -0.299105 0.056798 0.062769 -0.996411
0.562 0.534168 0.312455 0.082473 -0.759792 0.644914
1.171388 -0.436401 -0.239341 0.496694 -0.5851 -0.641056
-0.011313 -1.21464 -0.209763 0.020918 -0.715224 -0.698582
1.266582 -0.39227 0.189622 0.636366 -0.619073 0.460203
0.203789 0.49429 -0.066028 -0.872616 -0.475944 -0.109627
0.457626 0.423229 -0.009834 -0.071675 -0.997246 -0.019051
1.311463 -0.400647 -0.077682 0.745576 -0.639277 -0.188258
0.401606 -1.210923 -0.335564 -0.200657 -0.67846 -0.706703
0.705071 -0.86634 0.442374 0.459633 0.07225 0.885165
0.803481 -1.224805 0.16786 0.624876 -0.704487 0.336494
0.552237 1.35831 0.038658 0.092871 0.992529 0.079129
-0.73354 1.283864 -0.14444 -0.465376 0.836643 -0.288885
-1.32536 0.393639 0.032096 -0.765998 0.638234 0.076846
0.706893 0.210896 -0.27934 -0.690621 0.446754 -0.56873
-0.566234 1.342419 0.123691 -0.11309 0.961194 0.251627
-0.146979 -1.175994 0.269006 0.255964 -0.572339 0.779044
1.159234 -0.34363 0.322367 0.343442 -0.560775 0.753379
1.466135 0.165495 -0.050378 0.930154 0.35268 -0.102129
-0.513201 0.526851 -0.310467 -0.100888 -0.800663 -0.590559
-0.741785 0.274173 0.277421 0.662454 0.333297 0.67087
0.52574 -1.129987 -0.419362 -0.006371 -0.545758 -0.837919
-0.656808 -1.335445 0.061982 -0.293669 -0.947775 0.124425
-0.073865 -1.066855 0.300568 0.204836 -0.234172 0.950371
0.494895 0.922976 -0.49598 -0.04948 0.133604 -0.989799
0.64334 -0.432583 -0.21103 -0.413505 0.633414 -0.654064
0.733468 -1.218542 0.266647 0.475003 -0.699923 0.533366
-1.021199 -0.891695 -0.058807 -0.936191 -0.317361 -0.151091
0.663097 0.526031 -0.299355 -0.015306 -0.625023 -0.780456
0.194041 1.241039 0.224016 -0.244848 0.749717 0.614796
-0.40035 1.070734 -0.431344 0.276401 0.411092 -0.868681
0.853635 -0.987925 0.319712 0.707946 -0.231359 0.667298
0.9891 -0.070961 -0.490837 -0.033958 -0.242622 -0.969526
-0.606787 -1.320544 0.172152 -0.18751 -0.918977 0.346874
-0.181823 1.237807 0.223132 0.239849 0.744234 0.623369
1.112879 0.269938 0.387992 0.193762 0.520722 0.831448
0.075623 -0.833713 -0.268895 -0.389632 0.452495 -0.802144
-0.658928 0.132579 0.288982 0.692051 0.511841 0.509003
-1.21652 -0.252726 -0.359354 -0.414267 -0.509023 -0.754506
-0.404438 1.257125 0.285442 0.169565 0.774119 0.609908
0.466861 -1.151136 -0.399867 -0.127667 -0.578408 -0.805696
-0.309959 -0.56111 0.347128 0.43791 0.574777 0.691279
-1.055622 0.721612 -0.136267 -0.840522 0.329374 -0.430158
-0.236165 -0.699749 -0.350511 0.723026 0.25991 -0.640063
0.610288 1.082686 -0.436847 0.212482 0.437727 -0.87364
-1.215203 -0.522707 -0.024657 -0.767497 -0.636875 -0.073064
-0.098181 0.827741 -0.278039 0.475948 -0.411986 -0.777008
-0.067554 0.881561 0.28791 0.314342 -0.334466 0.888438
-0.534133 -1.193352 -0.370692 -0.017991 -0.667958 -0.743981
-0.288443 -0.99387 -0.410888 0.458488 -0.209405 -0.863677
-0.554863 0.745277 0.4713 -0.225548 -0.339103 0.913311
0.523112 -0.568833 0.358989 0.1531 0.721456 0.675323
-0.407599 0.81516 -0.485584 0.280079 -0.055493 -0.958372
-0.19723 0.505692 -0.061664 0.883959 -0.456594 -0.100692
-0.610805 -1.235129 0.31604 -0.190538 -0.750278 0.633071
0.319001 1.070328 -0.399915 -0.377821 0.371222 -0.848202
-0.300044 -0.432064 0.11508 0.091991 0.97401 0.206984
-0.76087 -0.367099 -0.268021 0.558558 -0.05477 -0.827656
0.268733 -0.858114 -0.412624 -0.577653 0.027917 -0.815805
-0.108639 0.683026 -0.146786 0.684414 -0.638796 -0.35145
-0.614513 0.478239 0.247799 0.154543 -0.745039 0.648871
-0.799297 1.099875 -0.319206 -0.628848 0.437859 -0.642518
-0.967579 0.642048 0.261136 -0.532588 0.131056 0.836167
0.495851 1.182474 -0.378996 -0.062897 0.642835 -0.763418
0.078253 0.745488 -0.1977 -0.49717 -0.662058 -0.560804
0.801776 0.849644 -0.38189 0.575175 -0.048181 -0.816611
-1.286023 -0.425795 0.090062 -0.728586 -0.646174 0.227202
-0.769938 -1.128008 -0.326043 -0.56891 -0.499241 -0.653529
-0.858145 -1.093903 0.254591 -0.734376 -0.436596 0.519689
1.228403 0.344187 0.280301 0.496682 0.580314 0.645401
0.706881 0.746911 0.415474 0.402873 -0.299969 0.864703
-0.435288 1.260996 0.288103 0.130002 0.786063 0.604322
-0.5207 0.025514 -0.128858 0.930469 0.270947 -0.246609
0.47547 0.434122 0.111091 -0.074297 -0.972302 0.221603
-0.954507 -0.7029 0.262569 -0.620387 -0.085816 0.779586
1.125947 -0.565828 -0.161113 0.677944 -0.519848 -0.519759
0.153437 0.585929 0.042446 -0.859598 -0.505279 0.076058
0.567886 0.102779 0.146779 -0.806295 0.539736 0.242019
-0.812831 0.188705 0.386074 0.444077 0.488096 0.751371
0.642691 -1.264734 -0.263914 0.262081 -0.807409 -0.528588
-0.995139 0.774649 0.205543 -0.788201 0.19475 0.583791
-0.442478 0.456779 -0.187564 -0.040868 -0.94174 -0.33385
-1.372522 0.05768 -0.327376 -0.742592 0.139566 -0.65504
0.628491 -0.404367 0.1693 -0.560496 0.625594 0.542657
0.910721 -0.490256 0.299635 0.051 -0.14389 0.988279
1.453295 0.189734 0.072036 0.905974 0.397017 0.146932
1.421433 0.230603 -0.123213 0.847356 0.465739 -0.255097
1.197028 -0.226964 0.385657 0.366774 -0.482717 0.795275
0.863855 0.122705 0.44849 -0.305033 0.419172 0.855132
-1.250861 -0.30266 0.299232 -0.51239 -0.554891 0.655403
-1.200756 -0.077361 0.448762 -0.392775 -0.210211 0.895287
0.400321 -0.647282 -0.437344 -0.129697 0.477869 -0.868804
1.421888 0.211947 0.151589 0.843738 0.437181 0.311414
-1.048438 0.825713 -0.013885 -0.942632 0.331518 -0.039247
0.629145 -0.178698 0.182267 -0.812594 -0.470411 0.344098
-0.781526 1.131509 -0.312797 -0.591785 0.50598 -0.627515
-0.496544 -1.166083 -0.392306 0.065411 -0.611838 -0.788274
0.155863 -1.273635 -0.160623 -0.19482 -0.860335 -0.471029
0.179581 0.537494 0.044619 -0.891169 -0.44779 0.072814
0.528049 -0.604974 -0.39295 0.183291 0.650454 -0.737098
-0.64533 -0.797514 -0.458225 -0.364147 0.229011 -0.902746
-1.348326 0.206151 0.283463 -0.687136 0.437013 0.5804
1.079357 0.644386 0.155377 0.755608 0.402451 0.516807
0.302215 -0.667037 0.4022 -0.58553 0.288325 0.757643
1.410297 -0.240679 0.139879 0.82679 -0.481391 0.291
0.550076 -1.29804 -0.238378 0.071175 -0.87247 -0.483457
0.660805 -0.859584 -0.462727 0.391808 0.091002 -0.915536
-0.717115 0.771385 0.41832 -0.431068 -0.25012 0.86696
1.004083 0.710937 -0.214939 0.721697 0.206004 -0.660845
0.840444 0.639985 -0.322857 0.348799 -0.19377 -0.916947
-0.646758 -1.160713 -0.376182 -0.284036 -0.594381 -0.752353
0.575417 0.516344 0.28991 0.026259 -0.772588 0.634364
0.540507 -0.751087 0.476662 0.194598 0.319 0.927562
-0.749286 0.996647 0.405516 -0.54099 0.213004 0.813609
0.541771 -1.339445 0.142355 0.068462 -0.954187 0.291274
0.388149 -0.962051 -0.465194 -0.339475 -0.216326 -0.915401
-1.052607 -0.814174 -0.011805 -0.941233 -0.336051 -0.033913
-0.998855 -0.466936 -0.295823 -0.176494 -0.369627 -0.912264
-0.357088 -0.987334 0.446155 0.385597 -0.245297 0.889463
0.436129 -0.783691 0.488792 -0.155319 0.149346 0.97651
1.113807 0.040172 -0.484311 0.224329 0.122946 -0.966727
-0.86977 -1.171529 0.129847 -0.758258 -0.59643 0.263278
0.684574 1.223436 0.296847 0.362466 0.718405 0.593728
0.838059 -1.131336 0.248226 0.699912 -0.5081 0.501953
1.009877 -0.362409 -0.344734 0.025796 -0.478047 -0.877955
0.733144 -1.302807 -0.069488 0.462372 -0.875725 -0.138987
1.3381 0.379845 0.011436 0.775683 0.63055 0.026862
-0.380122 -0.691275 0.452387 0.285605 0.323381 0.902139
0.61774 1.349448 -0.016927 0.213946 0.976248 -0.03415
0.539407 -0.0339 -0.178536 -0.884984 -0.323092 -0.335284
0.59024 1.280726 -0.259206 0.148072 0.840344 -0.521436
0.563473 1.311683 -0.2092 0.100008 0.900145 -0.423955
-0.088081 1.054739 0.306725 0.246288 0.201722 0.947972
-0.189974 -0.521398 0.067608 0.888989 0.444598 0.109685
0.105857 0.859066 -0.296835 -0.464353 -0.31968 -0.825942
-0.268461 1.02381 0.392463 0.444348 0.248952 0.860569
0.819003 1.082966 0.310329 0.665096 0.404436 0.627757
-0.278573 -0.655037 0.377068 0.657743 0.29566 0.692791
0.594811 -0.629262 -0.394639 0.227395 0.58054 -0.781834
0.741693 -0.598804 0.337283 0.188252 0.428219 0.883849
0.077601 -1.123779 -0.28132 -0.181245 -0.414374 -0.891877
-0.56155 0.008586 0.23958 0.874722 0.084037 0.477283
-0.35878 0.452577 0.191155 -0.048086 -0.945596 0.32177
0.777979 0.973075 0.390881 0.587559 0.167691 0.791615
-0.986677 0.874375 -0.177757 -0.861013 0.239683 -0.448563
1.178411 0.101766 0.451323 0.341864 0.27358 0.899046
0.359426 0.951648 -0.455803 -0.398358 0.186808 -0.898005
1.135784 0.632653 -0.014031 0.851193 0.522775 -0.046662
-0.994623 -0.831173 -0.184492 -0.842294 -0.22192 -0.491216
1.462744 -0.179651 0.023172 0.924437 -0.37841 0.047137
-0.984251 -0.366012 0.342788 0.02937 -0.452691 0.891184
0.992957 0.914892 0.136123 0.897701 0.28885 0.332715
-1.3854 -0.13695 0.282014 -0.762603 -0.31009 0.567698
-0.979004 -0.113845 -0.476613 0.069887 -0.357388 -0.931337
-0.939284 -1.080681 -0.088057 -0.8701 -0.456185 -0.186605
1.17221 -0.56945 -0.059719 0.784756 -0.590027 -0.189806
-0.908281 0.184621 -0.429758 0.243735 0.478106 -0.843806
-1.050493 0.660169 0.183236 -0.72685 0.330188 0.602217
0.77649 0.81899 -0.395538 0.525589 -0.121118 -0.842073
-0.505242 -1.362136 0.017228 -0.018421 -0.999186 0.035886
1.148245 -0.315047 -0.347537 0.295299 -0.54742 -0.783026
0.85118 0.710623 -0.331297 0.487263 -0.142012 -0.861631
-0.708108 -0.508154 0.289908 0.097732 0.512168 0.853307
-0.809089 0.59432 -0.320956 -0.212834 -0.270409 -0.938925
-0.089189 -0.971902 0.313781 0.310862 0.044439 0.949416
0.595576 0.717829 -0.44783 0.285604 -0.406363 -0.867929
-0.836158 -1.233941 0.016084 -0.690384 -0.722721 0.032314
0.784115 -1.242375 -0.164761 0.581816 -0.743426 -0.329861
-0.729373 0.766618 -0.410783 -0.438604 -0.248538 -0.863629
1.07087 -0.327865 -0.359496 0.132235 -0.525724 -0.840314
0.805129 -1.258377 -0.048543 0.624077 -0.775288 -0.097242
-0.035183 -1.290689 0.077607 0.049148 -0.965211 0.256812
0.720485 -0.95933 0.43091 0.491048 -0.13054 0.861296
1.244843 -0.455253 -0.126521 0.690779 -0.639436 -0.337561
0.865503 -1.162742 0.158501 0.750366 -0.577641 0.321374
0.267205 0.782295 0.403676 -0.631378 -0.131136 0.764307
0.580647 1.336068 -0.139608 0.138544 0.949087 -0.282911
0.120149 0.659469 0.126131 -0.741208 -0.609909 0.280396
0.405117 -1.045215 0.444161 -0.278672 -0.367238 0.8874
1.298679 -0.339043 -0.214467 0.645551 -0.590054 -0.484871
-0.325524 -0.876808 -0.448656 0.490896 -0.048411 -0.869872
-0.411146 1.084826 0.427706 0.252185 0.440529 0.86159
-1.45394 -0.046041 0.20367 -0.906952 -0.106395 0.407577
-0.60141 0.569505 -0.343155 -0.135452 -0.672564 -0.727537
0.901503 -0.764468 0.302144 0.623317 0.006794 0.78194
-0.440437 0.859402 -0.494343 0.191798 0.021772 -0.981193
1.237562 0.240197 0.35551 0.456457 0.494512 0.739665
-0.490523 1.217316 -0.346426 0.062812 0.708636 -0.702773
0.234055 0.598119 -0.292184 -0.778483 -0.365863 -0.510008
0.134762 -0.615143 0.042268 -0.816758 0.57089 0.083614
-0.621608 -1.118243 -0.414078 -0.231606 -0.51053 -0.828081
-1.483703 -0.060373 0.109033 -0.966274 -0.136557 0.218327
-1.228314 -0.213418 -0.377886 -0.432445 -0.462684 -0.773896
-0.711001 -1.12415 -0.371628 -0.443832 -0.500543 -0.743283
-0.835457 -1.231456 0.050206 -0.68921 -0.717506 0.100872
0.295568 0.769525 -0.42392 -0.591674 -0.12619 -0.79624
0.634346 0.29274 0.090338 -0.96502 0.004104 0.262143
-0.13582 -0.865475 -0.317183 0.525937 0.240165 -0.815911
1.343293 -0.092524 -0.348758 0.680064 -0.223166 -0.698362
1.09477 -0.702563 -0.043496 0.894869 -0.423156 -0.141945
0.039736 -0.909419 0.289846 -0.180851 0.283841 0.941662
1.253696 -0.301263 0.298183 0.517677 -0.553968 0.65202
1.014009 -0.621377 -0.234357 0.575128 -0.260179 -0.775587
-1.012267 -0.772717 -0.181497 -0.818458 -0.23257 -0.525392
0.360719 1.011976 0.44027 -0.367366 0.289401 0.883905
0.334855 0.425518 0.079334 0.038192 -0.990697 0.130617
1.064005 -0.664808 -0.162729 0.76347 -0.360484 -0.535878
-0.767991 0.180019 0.361673 0.5299 0.490499 0.691821
0.394341 -0.587621 0.395642 -0.05115 0.644504 0.762888
-0.924921 1.029591 -0.196873 -0.832984 0.35797 -0.421894
0.560772 0.005694 0.238576 -0.877482 0.056091 0.476319
0.407206 0.957416 -0.472877 -0.298801 0.213471 -0.930134
1.133823 0.599804 0.107518 0.773924 0.525358 0.353611
-1.341898 0.1883 -0.303381 -0.671845 0.409579 -0.617146
0.225361 0.465605 -0.087596 -0.781404 -0.60309 -0.160281
-0.121775 -1.216966 -0.225786 0.197599 -0.700538 -0.685712
-0.324132 1.227782 -0.292261 0.256409 0.702085 -0.664328
0.796895 0.625388 0.333806 0.27908 -0.29807 0.912836
0.753485 -1.070706 -0.374762 0.543486 -0.375223 -0.750886
1.112871 -0.202185 0.427641 0.185536 -0.464088 0.86614
-0.318882 1.253903 0.260017 0.239216 0.762192 0.601531
0.560197 -0.409207 0.092797 -0.414156 0.87306 0.257373
-0.661945 1.252046 -0.27248 -0.306666 0.78014 -0.545286
-0.215938 -1.008744 0.368571 0.458685 -0.174575 0.871282
-0.476101 -1.288451 -0.255333 0.058599 -0.846664 -0.528891
0.944632 1.087985 -0.011636 0.880786 0.472872 -0.024667
-0.269017 -1.336206 0.001984 0.188437 -0.982072 0.005059
-1.164383 0.588748 0.02096 -0.813405 0.577727 0.067853
1.175873 -0.541176 -0.111787 0.726121 -0.594829 -0.344858
0.757045 1.159034 0.311278 0.537285 0.56825 0.623231
-0.434461 1.311524 0.207025 0.10282 0.891356 0.44149
-0.722739 -1.313515 -0.003741 -0.43835 -0.898773 -0.007485
-0.465358 -0.958053 0.486621 0.148633 -0.215714 0.965078
-0.001362 1.158329 -0.25482 0.003033 0.527763 -0.849386
-1.01793 0.566608 -0.251078 -0.455796 0.309021 -0.834719
-0.809322 0.365854 -0.296773 0.446248 0.186509 -0.875259
-0.515247 -0.03109 -0.097452 0.927909 -0.325016 -0.182621
-0.54771 -1.300568 -0.234108 -0.067399 -0.877286 -0.475213
-0.190973 -0.514595 -0.043806 0.890922 0.448582 -0.07094
1.002228 -0.101173 0.482272 -0.017863 -0.320124 0.947207
-0.729221 -0.088307 0.393877 0.545251 -0.412924 0.729517
-1.06281 -0.496902 0.260806 -0.382015 -0.44938 0.807541
0.58835 0.117307 -0.178335 -0.790328 0.534839 -0.298879
-1.159377 0.460542 0.226857 -0.515197 0.57671 0.634017
-0.886637 -0.599391 -0.300812 -0.309686 0.062579 -0.948777
-1.176539 0.534249 0.121934 -0.71145 0.595498 0.373123
1.088866 0.245104 0.407789 0.135249 0.50468 0.852646
1.382018 -0.31327 -0.071268 0.804664 -0.572942 -0.155738
0.029677 0.821156 -0.244163 -0.176076 -0.576637 -0.797802
0.009861 0.912031 -0.287049 -0.045764 -0.292103 -0.955291
0.540968 0.076413 -0.10912 -0.833358 0.52229 -0.180908
-0.549985 -1.319624 0.194522 -0.076913 -0.915101 0.395821
-0.222176 -0.47151 0.093336 0.803167 0.571704 0.167564
1.012222 -0.119488 -0.475771 -0.004272 -0.358396 -0.93356
-1.398493 0.083697 -0.287889 -0.792987 0.196383 -0.57672
1.114674 0.635607 0.099262 0.812237 0.480477 0.330777
-0.685095 1.152362 -0.365618 -0.377588 0.568085 -0.731236
-0.980207 -0.140453 -0.465601 0.077845 -0.40858 -0.909397
-0.814818 -0.951989 -0.365822 -0.639041 -0.141505 -0.756044
1.364929 -0.210399 -0.259052 0.722948 -0.441457 -0.531472
0.253582 0.432795 0.039197 -0.463856 -0.882442 0.078322
0.381732 -1.354936 -0.000451 -0.126888 -0.991916 -0.001019
-0.444688 -1.294403 -0.240722 0.099687 -0.855917 -0.507414
0.49427 1.031076 0.468148 -0.081077 0.355257 0.931246
-0.902892 -0.265533 -0.380992 0.274445 -0.475409 -0.835863
-0.000731 0.753879 0.171539 0.005426 -0.820385 0.571786
-0.719428 -1.174361 -0.32634 -0.45183 -0.608056 -0.652776
0.281673 -0.934675 -0.417759 -0.509129 -0.102573 -0.854556
1.025257 0.289964 0.386206 0.00707 0.510592 0.859794
-1.179941 -0.534744 0.114379 -0.719853 -0.599635 0.349643
-0.025768 -0.930802 0.293408 0.112156 0.224122 0.968086
-0.817992 -0.421503 -0.293427 0.312474 -0.043016 -0.948952
-0.206401 0.633415 -0.27325 0.800137 -0.357804 -0.481411
-0.940906 0.732434 -0.270951 -0.641725 0.059428 -0.764629
0.759699 0.248075 -0.308686 -0.602329 0.413433 -0.682842
0.144167 -1.005533 0.33396 -0.396667 -0.100525 0.912442
0.5635 -0.070763 0.192952 -0.808095 -0.487296 0.330946
0.552934 -1.275578 0.27477 0.071316 -0.828624 0.555245
1.195623 0.212065 -0.395107 0.362424 0.465009 -0.807722
0.463318 -0.478091 -0.236414 0.056682 0.901136 -0.429815
0.450376 -0.847647 -0.496157 -0.152266 0.009621 -0.988293
-1.345034 -0.195013 -0.295339 -0.678949 -0.420001 -0.602186
-1.125715 0.646527 0.033219 -0.858672 0.500422 0.110724
0.766847 -0.370435 -0.271723 -0.538606 -0.05999 -0.840419
-0.318394 0.420019 0.014248 -0.011603 -0.99965 0.023788
-0.785227 0.481895 0.290835 0.167092 -0.224381 0.960069
0.864339 -0.838801 -0.333315 0.645632 -0.007228 -0.763614
-0.173216 1.287649 -0.14028 0.197729 0.893662 -0.40283
0.9897 -0.873806 0.172168 0.866022 -0.24464 0.436069
-0.137081 -1.230358 0.21596 0.20646 -0.736813 0.643802
-0.842505 0.633808 -0.320801 -0.33763 -0.189239 -0.92206
0.511352 1.359836 -0.048679 0.026634 0.994521 -0.101084
-1.473547 -0.121641 -0.095708 -0.944094 -0.267584 -0.192575
-0.993383 -0.884007 0.15829 -0.879536 -0.260169 0.398406
1.204792 0.432785 -0.213426 0.563579 0.606943 -0.560355
0.521591 0.057951 0.058271 -0.870059 0.482802 0.099501
0.884383 1.108149 -0.197636 0.781138 0.474411 -0.405905
0.535068 -0.738756 -0.473341 0.18896 0.347297 -0.91852
-0.102914 0.660346 -0.074864 0.698484 -0.692926 -0.178813
0.47134 -1.254105 0.303127 -0.081232 -0.777393 0.623748
-0.754708 0.012456 -0.435193 0.490577 0.070253 -0.868561
0.710508 -1.158287 -0.346353 0.435019 -0.575179 -0.692769
0.614372 0.845593 -0.478768 0.311032 -0.115858 -0.943311
-0.893569 -1.133948 0.139202 -0.799621 -0.528322 0.28545
-0.456897 0.523029 -0.315722 -0.110175 -0.819272 -0.56272
0.743613 0.239238 0.299271 -0.634182 0.417835 0.650559
-0.924385 -0.446462 -0.308467 0.030545 -0.254569 -0.966572
-0.915681 0.499293 0.297988 -0.084814 0.141477 0.986302
-0.841371 0.384658 -0.306737 0.340698 0.206824 -0.917142
0.62205 -0.338596 -0.074521 -0.904528 0.34866 -0.245488
-0.70422 -0.545905 -0.312986 -0.036242 0.528671 -0.848053
1.016433 -0.911442 0.04449 0.938862 -0.325694 0.111633
0.008781 -1.285329 0.092848 -0.01263 -0.950864 0.309352
0.260989 -0.719591 -0.383355 -0.676441 0.213417 -0.704898
-0.898076 -0.521485 0.29753 -0.115305 -0.056991 0.991694
-0.231482 -0.600045 0.289607 0.78308 0.363951 0.504307
1.427133 0.236413 -0.088606 0.861223 0.473774 -0.18394
-0.13879 -0.983632 -0.333266 0.409011 -0.03941 -0.911678
0.205983 -0.554745 -0.197066 -0.848285 0.414174 -0.329958
0.397784 0.648777 -0.43776 -0.143261 -0.469928 -0.871002
-0.03378 -0.698397 0.045276 0.284413 0.94774 0.144561
0.285848 -1.17349 0.325675 -0.31477 -0.573411 0.756386
-0.937224 0.774104 -0.270662 -0.687934 0.07054 -0.722338
0.442362 -1.330386 0.165616 -0.082607 -0.931771 0.353523
-1.362309 0.242058 0.23388 -0.724825 0.487275 0.487024
0.99501 -0.962912 0.065486 0.925876 -0.344966 0.154116
0.840546 -0.31252 -0.33072 -0.414607 -0.370724 -0.831063
0.612035 1.228989 0.322813 0.193451 0.738017 0.646458
0.258273 -1.065354 -0.37348 -0.411212 -0.325396 -0.851482
-0.670141 -1.079968 0.418038 -0.361365 -0.413387 0.835779
-0.297563 1.323056 0.12036 0.193937 0.935855 0.294218
0.700454 -0.286853 -0.224673 -0.77806 -0.219198 -0.588706
-0.680861 0.647843 -0.380419 -0.272285 -0.477814 -0.835198
0.740715 0.15832 -0.355368 -0.56592 0.495207 -0.65917
0.877191 0.971512 -0.299261 0.738327 0.220062 -0.637532
-1.128117 -0.59121 -0.130085 -0.742006 -0.517185 -0.426552
-0.224021 -1.293337 -0.153925 0.216765 -0.885335 -0.411334
-0.28206 -0.572045 -0.333536 0.610081 0.4708 -0.637298
-1.269426 -0.193083 0.36402 -0.518907 -0.427985 0.739976
-0.527679 1.340824 -0.140566 -0.045021 0.956287 -0.288942
0.287118 0.577237 0.341998 -0.590961 -0.468253 0.65689
-0.983021 0.5454 0.273665 -0.334381 0.247804 0.909276
-0.332457 1.301368 -0.191536 0.196944 0.873518 -0.445174
1.155126 0.549537 0.137434 0.701507 0.566991 0.43175
0.918486 0.833002 -0.283149 0.716951 0.082696 -0.692202
-1.062373 0.76422 0.074127 -0.910499 0.346258 0.226046
1.455835 0.052615 -0.197517 0.910503 0.121192 -0.395343
0.619091 -0.25352 0.002224 -0.982506 -0.186144 0.005635
-0.396824 0.95016 0.471004 0.323722 0.198409 0.925115
1.058359 0.734665 -0.119673 0.864632 0.335314 -0.374134
1.037469 -0.349669 0.350333 0.075733 -0.50422 0.860248
-0.934083 0.888875 0.25416 -0.782664 0.167709 0.599425
1.359585 0.100171 -0.329466 0.71244 0.237726 -0.660239
0.627938 1.293408 -0.222122 0.229619 0.865188 -0.445785
-1.039012 0.765519 -0.137626 -0.863364 0.292253 -0.411329
-0.764538 -0.722622 -0.379629 -0.4226 0.274902 -0.863619
0.928727 -1.104875 0.074362 0.85684 -0.491548 0.155583
-0.710132 0.223173 -0.27391 0.697655 0.425303 -0.576537
0.838755 0.83559 -0.35392 0.610449 -0.029907 -0.791491
0.517811 0.439241 0.14643 -0.149771 -0.932936 0.327414
-1.094093 0.599148 0.171294 -0.68846 0.450943 0.568043
-0.00975 -0.701252 -0.031609 0.084882 0.990846 -0.104975
-0.770736 -0.035864 -0.440418 0.45946 -0.18825 -0.86802
-0.755802 -0.478682 0.284098 0.203727 0.31973 0.925348
1.058739 -0.713125 0.136774 0.834439 -0.337564 0.435618
-0.556928 1.357029 -0.047881 -0.100656 0.990097 -0.097859
-0.743656 -0.036147 0.424899 0.512356 -0.200926 0.834937
-0.96871 -0.282546 0.386732 0.122782 -0.493132 0.861246
-1.269027 -0.114058 -0.401158 -0.525288 -0.282661 -0.802605
-0.307824 -1.105244 0.378219 0.359498 -0.434093 0.826029
0.292378 0.516236 0.290616 -0.444099 -0.682369 0.580645
0.961379 -1.053336 -0.028086 0.900767 -0.430003 -0.06096
-1.00719 0.498362 -0.281295 -0.266735 0.351185 -0.897508
-0.269138 1.30005 -0.163366 0.216185 0.885784 -0.410671
-1.339363 0.319922 0.17654 -0.717506 0.577423 0.389574
-0.130535 0.623645 -0.057256 0.801896 -0.586008 -0.116435
-1.181818 0.445289 0.222236 -0.535451 0.593868 0.600511
-0.526541 -1.345084 0.125818 -0.044742 -0.964854 0.258949
0.151244 -0.685459 -0.225157 -0.753783 0.464195 -0.465118
0.376309 1.351876 -0.045295 -0.133107 0.985771 -0.102656
0.846594 0.503247 0.29991 -0.01954 -0.065596 0.997655
-0.37309 -1.024847 -0.440811 0.34188 -0.317978 -0.884312
-1.078639 0.746498 0.004905 -0.923635 0.382964 0.015379
-1.344957 -0.220349 0.276414 -0.682305 -0.458581 0.569353
-0.756708 -0.568625 -0.320723 -0.111614 0.400833 -0.909327
0.12328 -0.665039 0.144971 -0.740237 0.590927 0.32071
1.4393 -0.158234 0.170112 0.874054 -0.342909 0.344155
0.062978 -0.739835 0.177432 -0.430343 0.732213 0.527891
0.507654 -1.300934 -0.236063 -0.003296 -0.874783 -0.484503
0.769697 -0.569147 -0.319312 0.118445 0.367789 -0.922335
0.591482 0.781683 0.473098 0.282388 -0.262001 0.922828
0.707229 0.33893 -0.223163 -0.73252 0.005704 -0.680722
0.297111 -0.525358 -0.304446 -0.436013 0.663306 -0.608209
0.194028 -0.546948 0.150115 -0.869663 0.426875 0.247917
-0.603802 0.360721 0.047295 0.806314 -0.570276 0.156983
-0.064401 0.711218 -0.130677 0.471207 -0.795263 -0.381471
0.817671 -0.657448 0.335965 0.362533 0.240444 0.90042
-0.308521 0.810119 0.437691 0.550641 -0.061236 0.832493
0.438655 -1.356249 -0.063478 -0.071941 -0.987961 -0.136958
0.821219 0.067005 -0.455464 -0.366334 0.294554 -0.882631
-0.498745 1.351026 0.104406 -0.003748 0.976051 0.217508
1.330623 -0.384295 0.051318 0.765097 -0.632375 0.121365
-1.474795 -0.081156 0.130709 -0.947597 -0.182789 0.262009
1.298012 -0.094545 0.387104 0.587589 -0.234517 0.774429
-0.073364 1.15025 0.266641 0.159157 0.498719 0.852026
0.272668 -0.506887 -0.261228 -0.558503 0.650095 -0.515219
1.227477 0.304064 0.314985 0.462184 0.553772 0.69262
0.351047 0.6927 0.441364 -0.413142 -0.282032 0.865894
-0.519267 0.841821 -0.498359 -0.077796 -0.07356 -0.994252
0.18093 -0.943781 -0.355784 -0.501886 0.000403 -0.864934
-0.166877 0.561569 -0.040736 0.880796 -0.468465 -0.068845
1.179541 0.446491 -0.223071 0.532669 0.592327 -0.604493
0.346016 -0.421109 -0.01628 0.054857 0.998146 -0.02635
0.270346 -0.427291 -0.051662 -0.279219 0.955013 -0.099938
0.875568 0.037135 -0.48115 -0.252252 0.159204 -0.954475
-0.505216 -0.59092 0.385498 -0.163538 0.681561 0.713253
-0.179843 0.538197 -0.051592 0.890466 -0.447183 -0.084249
0.005884 0.741048 -0.151736 -0.045372 -0.861797 -0.50522
-1.137662 -0.594916 0.106443 -0.770839 -0.533042 0.348815
0.679101 1.328754 0.055304 0.341622 0.933279 0.110836
-0.103008 0.87779 0.301994 0.436659 -0.279947 0.854961
0.367859 0.450556 0.183476 0.059759 -0.950092 0.306194
-0.625489 -1.195685 0.353301 -0.227196 -0.669981 0.706759
0.743888 -0.622806 -0.348157 0.244459 0.409258 -0.879061
-0.746619 -1.29628 0.063719 -0.492873 -0.860718 0.127437
0.491541 0.676736 -0.452272 0.129842 -0.481739 -0.866642
0.520437 0.597229 0.387833 0.174996 -0.667154 0.724073
0.082831 0.826573 -0.268515 -0.424646 -0.453823 -0.783403
-1.032831 -0.206337 0.434557 -0.014092 -0.478523 0.877962
0.933354 0.455198 0.306249 0.008648 0.258832 0.965884
0.656502 0.502382 -0.279325 -0.097407 -0.645877 -0.757202
-1.080655 -0.321352 -0.361954 -0.149293 -0.529414 -0.835124
0.971552 0.56741 -0.272718 0.368062 0.196469 -0.908807
-1.206938 -0.425601 0.219018 -0.55619 -0.60624 0.568442
-0.784049 -0.593642 0.326191 -0.19375 0.333517 0.92262
0.099341 1.271526 -0.143933 -0.139362 0.880497 -0.453105
-1.183738 0.551363 -0.068973 -0.766697 0.605167 -0.214355
-1.496879 -0.003025 -0.055685 -0.993755 -0.006868 -0.111369
-0.606256 -0.94944 0.480043 -0.253523 -0.137469 0.957511
-0.615242 1.228273 0.322653 -0.20082 0.7364 0.646054
0.566624 -0.054785 -0.220161 -0.816002 -0.422638 -0.394357
0.652368 0.514854 0.28963 -0.047717 -0.652009 0.756708
0.393424 -1.254985 -0.284967 -0.182645 -0.768341 -0.613428
-0.916943 -0.135876 0.457716 0.204985 -0.421713 0.883255
0.541644 1.188006 -0.375173 0.033611 0.658138 -0.752147
-0.867031 1.115032 -0.220996 -0.751491 0.48163 -0.450882
-1.045584 -0.732909 -0.147155 -0.835652 -0.30506 -0.456754
1.102549 0.423436 -0.289126 0.322121 0.530673 -0.78398
0.760413 1.136031 -0.327938 0.548168 0.517742 -0.656852
-0.806083 1.068966 -0.331728 -0.64182 0.37309 -0.669978
0.771691 -0.621465 0.339796 0.254361 0.354598 0.899756
-0.398795 -1.343209 -0.110184 0.120436 -0.962278 -0.243958
-0.870345 -0.725324 0.321881 -0.531396 0.094478 0.841839
-1.203316 0.129216 -0.431622 -0.387017 0.32773 -0.861865
-0.790983 0.057262 0.444977 0.422708 0.273125 0.86413
0.580347 -0.644604 0.410009 0.236382 0.558825 0.794883
-0.748616 0.391111 0.260343 0.528257 -0.078513 0.845446
0.261163 1.277067 0.202277 -0.234442 0.828004 0.509359
-0.876617 -0.785624 -0.322302 -0.613084 0.034108 -0.789281
-0.666093 0.346763 0.173286 0.806498 -0.191647 0.559315
-0.303761 -1.205413 -0.306302 0.28322 -0.649168 -0.705952
-1.163401 -0.236064 -0.393953 -0.295556 -0.494975 -0.817097
-1.271243 0.366807 -0.215824 -0.614577 0.604832 -0.506432
0.930559 0.280356 0.38057 -0.209984 0.478554 0.85258
-0.730771 0.027933 0.418562 0.537679 0.162855 0.827272
1.313331 -0.409452 -0.015236 0.762365 -0.64607 -0.037316
-0.987984 0.25087 -0.407413 0.084923 0.500591 -0.861508
1.063265 -0.778421 0.041086 0.928401 -0.35041 0.123627
0.822479 -0.087431 0.4483 -0.37044 -0.358301 0.856968
-1.276659 -0.153859 -0.379582 -0.535746 -0.360645 -0.763486
0.697988 -1.237072 0.270349 0.391355 -0.744624 0.540718
-0.133137 0.828485 -0.302159 0.562377 -0.320657 -0.762176
0.671035 0.374477 -0.191354 -0.704739 -0.315298 -0.635555
-0.590933 -0.040013 0.275172 0.79298 -0.318352 0.519456
-1.057435 0.789035 0.053483 -0.927243 0.339294 0.158431
-0.302047 -0.443563 -0.160111 0.120594 0.948093 -0.29424
0.785041 -1.147441 0.295719 0.596925 -0.540192 0.593189
1.348221 -0.273188 -0.221922 0.706934 -0.527433 -0.471232
0.427511 1.315394 0.197312 -0.108637 0.899471 0.423261
1.259378 -0.220097 -0.35449 0.499626 -0.467815 -0.729056
-0.059514 -0.745087 0.181882 0.406039 0.731166 0.548205
-1.042935 0.833319 0.045877 -0.937655 0.323156 0.127957
0.943098 0.362474 -0.340861 -0.129567 0.413446 -0.901263
-1.08527 0.517713 -0.23595 -0.478114 0.472731 -0.740224
-1.398327 -0.065851 0.293522 -0.793986 -0.156095 0.587555
1.237431 -0.237647 0.357287 0.455603 -0.491602 0.742128
1.255555 0.216641 -0.359268 0.491008 0.463664 -0.737514
0.43684 -0.441183 -0.136524 0.017567 0.969698 -0.243675
0.797418 0.873079 0.385873 0.583231 -0.012641 0.812208
0.17723 -0.585522 -0.157978 -0.857099 0.43778 -0.271533
0.709927 -0.062151 -0.392672 -0.576028 -0.339241 -0.743711
-0.788383 -1.099113 -0.330055 -0.608268 -0.435869 -0.663346
0.900527 -0.497784 -0.299227 0.052698 -0.103302 -0.993253
-0.418688 1.050576 -0.445953 0.251411 0.381358 -0.889583
-0.928334 -0.883542 0.262887 -0.770147 -0.152927 0.619263
-0.202985 0.66382 -0.289053 0.779687 -0.341962 -0.524547
1.123572 0.31869 -0.353408 0.243176 0.542529 -0.804069
0.714834 -0.043253 0.403689 -0.567563 -0.25105 0.784121
-0.981866 -0.884315 0.181654 -0.859223 -0.240191 0.451712
0.313898 -1.291899 0.201044 -0.212421 -0.853657 0.475549
0.477408 -1.094744 0.436852 -0.1193 -0.475082 0.871817
-0.147765 -0.67171 0.204381 0.765965 0.487342 0.419279
0.854369 -0.613794 -0.312968 0.304726 0.156664 -0.939467
1.219329 0.382464 0.25175 0.5199 0.596789 0.611185
0.604622 -0.136798 0.186438 -0.788926 -0.524168 0.320694
0.57609 0.424487 0.149973 -0.358304 -0.836855 0.413875
-0.677654 -1.311679 0.13844 -0.338703 -0.899099 0.277312
-0.969904 -0.551491 0.276863 -0.324691 -0.20905 0.922428
-0.080318 -0.780851 -0.234716 0.464628 0.573545 -0.674661
-0.825627 -1.222989 -0.123081 -0.670287 -0.699737 -0.24715
-0.808426 -0.129896 -0.420289 0.416883 -0.453191 -0.787925
-0.965644 0.500862 0.290668 -0.186779 0.261257 0.947026
-0.154109 1.230739 0.221213 0.223096 0.732369 0.643323
-1.25345 0.401019 -0.195633 -0.619926 0.618972 -0.48225
-0.680784 0.354071 -0.194852 0.758664 -0.169208 -0.629124
0.103288 1.152356 0.271995 -0.212005 0.504116 0.83721
-0.613004 0.944322 0.478881 -0.272404 0.122176 0.954395
0.286928 0.967922 0.415656 -0.479651 0.162858 0.862213
1.097717 -0.422235 -0.291868 0.309322 -0.526691 -0.79178
-0.155992 -1.308534 0.06455 0.171903 -0.966462 0.190791
-0.745975 -0.899385 0.420427 -0.525136 -0.007525 0.850985
-0.658446 -0.9101 -0.465547 -0.382415 -0.025297 -0.923644
-0.339116 0.476665 0.249558 0.040982 -0.891525 0.451114
-0.745535 0.569107 -0.322311 -0.109603 -0.428284 -0.896973
-0.726145 0.672224 0.376935 -0.327748 -0.389234 0.860859
-0.919982 1.121816 0.066842 -0.844378 0.517478 0.138718
0.37807 1.348964 0.069191 -0.133781 0.978595 0.156382
-0.437795 -0.702424 -0.467192 0.058682 0.366911 -0.928403
-0.912786 1.141296 -0.015809 -0.834114 0.550629 -0.032584
1.057597 0.773459 0.079276 0.91094 0.336511 0.238641
0.882708 -0.059883 0.478158 -0.243358 -0.243036 0.938994
-0.157181 1.296962 0.1084 0.180293 0.93043 0.319053
1.109788 -0.476066 0.248996 0.438351 -0.523382 0.730698
0.711474 -1.019198 0.422098 0.467473 -0.265568 0.843174
-0.839789 -0.876998 -0.353048 -0.639989 -0.03217 -0.76771
0.778625 -0.8321 0.395895 0.536767 0.097606 0.838066
-0.763638 1.23918 0.202419 -0.538184 0.739127 0.405029
-0.486852 0.477071 0.231971 -0.028299 -0.896376 0.44239
1.239279 -0.43793 0.164798 0.647577 -0.629122 0.429942
0.144941 -1.127925 0.297912 -0.290899 -0.433425 0.852948
-0.51264 -0.432135 0.121415 0.168718 0.947253 0.272483
1.141918 0.275186 -0.376629 0.259413 0.526145 -0.809862
0.249596 -0.504176 0.226826 -0.69796 0.574498 0.427556
-1.241548 -0.45704 -0.129817 -0.686992 -0.638078 -0.347704
-0.691336 0.245799 -0.233163 0.770457 0.349468 -0.533168
0.234715 -0.842587 -0.38609 -0.612638 0.093795 -0.784778
0.62615 0.261736 -0.065375 -0.972387 0.159915 -0.169972
0.054271 0.983111 -0.305036 -0.196637 -0.038658 -0.979714
0.783131 -0.414166 0.280127 -0.398966 0.043582 0.915929
0.472376 -1.316178 0.204172 -0.050924 -0.902938 0.426743
0.923562 0.781341 -0.282834 0.674775 0.047954 -0.736464
-0.152031 0.813077 0.310605 0.610315 -0.300736 0.732853
0.917463 -0.738476 -0.289603 0.613718 -0.010285 -0.789459
-0.256511 -0.88729 0.404601 0.564065 -0.000813 0.82573
0.189565 -1.186027 -0.276529 -0.285964 -0.597417 -0.749211
1.050717 -0.194591 0.44016 0.053948 -0.464871 0.883734
0.25576 0.652557 -0.352274 -0.714794 -0.297176 -0.633052
-0.711475 0.581428 -0.333683 -0.138836 -0.498759 -0.855549
-0.305277 -1.174669 -0.332775 0.306705 -0.580274 -0.754463
-0.241807 1.121811 0.340098 0.362117 0.442277 0.820526
0.938581 -1.068184 0.116487 0.866034 -0.434225 0.24786
-1.441247 -0.227282 0.006475 -0.88842 -0.458837 0.013387
-1.176278 -0.552038 0.090197 -0.75241 -0.595542 0.281443
0.695021 1.112372 0.3882 0.410435 0.47843 0.776304
-0.860332 0.009086 -0.479902 0.27953 0.041166 -0.959254
-1.001942 0.955703 0.030757 -0.934992 0.347021 0.073251
-0.348845 -0.978264 -0.4449 0.402897 -0.225385 -0.88706
0.554568 1.234008 -0.328477 0.067042 0.747829 -0.660497
-1.1966 0.511013 -0.121716 -0.701523 0.615897 -0.35852
1.345623 -0.316573 0.169732 0.728453 -0.574539 0.373177
-0.630528 1.190201 0.356773 -0.239885 0.658163 0.713636
0.300617 -0.742388 0.422739 -0.589238 0.163375 0.79127
-0.688384 1.313947 0.115623 -0.36231 0.902844 0.231526
0.143534 -0.663614 -0.186225 -0.770924 0.508873 -0.383046
0.857914 -0.854133 0.338508 0.648718 -0.019273 0.760785
-0.855721 -0.689747 0.325372 -0.459249 0.14439 0.876494
0.652734 -0.224833 -0.182217 -0.840706 -0.367965 -0.39726
0.397321 -1.319212 0.179768 -0.137451 -0.908324 0.395038
0.872408 1.180262 -0.098301 0.763132 0.61476 -0.199249
0.04396 -0.810271 -0.240054 -0.262137 0.587783 -0.765372
-0.796997 -0.915047 0.384908 -0.60126 -0.062214 0.796628
-1.144138 0.575681 -0.121286 -0.739741 0.547173 -0.391643
0.62813 1.032167 -0.453505 0.274885 0.320115 -0.906622
1.115133 -0.636405 0.096945 0.814901 -0.48121 0.323069
-0.840951 0.643637 0.323431 -0.356988 -0.192088 0.914145
0.672187 -0.914995 -0.459476 0.407565 -0.034173 -0.912536
-1.499423 -0.022247 0.003947 -0.9987 -0.050368 0.007895
0.542959 0.61124 0.394584 0.194283 -0.634968 0.74771
1.485636 -0.036806 0.11231 0.970819 -0.083746 0.224714
-1.052909 0.683104 -0.166854 -0.773548 0.329054 -0.541615
1.093741 -0.022559 0.490311 0.186373 -0.071395 0.979882
1.039817 -0.8455 0.037128 0.940957 -0.322823 0.101909
-0.218524 1.094054 0.343206 0.381031 0.367647 0.848322
1.00987 -0.910457 -0.084392 0.926018 -0.313281 -0.210583
0.590389 0.170745 0.046335 -0.878174 0.470601 0.085701
0.19298 -0.875392 -0.358776 -0.579662 0.110895 -0.807275
-0.240504 -1.330599 -0.007658 0.191763 -0.981232 -0.020257
-0.797457 -0.479829 0.292486 0.161233 0.178226 0.97069
-0.157632 0.847641 0.327072 0.579096 -0.227823 0.78278
-0.172307 0.559246 -0.077904 0.880397 -0.455923 -0.130515
0.76799 1.084116 -0.35662 0.570332 0.403707 -0.715362
0.808513 -0.607039 -0.324798 0.244613 0.273161 -0.930348
-0.940426 1.086363 -0.065866 -0.873268 0.466876 -0.139391
0.600634 -0.123108 -0.198919 -0.777913 -0.53031 -0.33708
0.205326 -0.89194 0.36924 -0.567969 0.062504 0.820673
0.981562 0.942328 -0.142467 0.892314 0.300845 -0.336554
0.283774 -1.117656 0.360985 -0.360985 -0.449289 0.817208
-0.955153 -0.484492 0.296863 -0.124544 -0.260651 0.957366
0.181524 0.929568 -0.355895 -0.516815 -0.028594 -0.855619
0.558094 0.406088 0.077517 -0.428703 -0.877272 0.215887
0.121271 -0.790612 -0.273464 -0.581607 0.424565 -0.693886
0.640701 -0.742689 0.442319 0.341734 0.344772 0.874271
0.522002 -0.060983 0.04552 -0.86585 -0.494342 0.077008
-0.661592 1.183859 0.350404 -0.315159 0.639942 0.70082
0.069166 -1.245726 -0.178869 -0.110566 -0.808207 -0.578425
-0.693054 -0.721857 -0.412181 -0.369915 0.35313 -0.859338
-1.045956 0.549098 -0.242618 -0.470252 0.382809 -0.795186
-0.002308 0.73711 0.144573 0.018029 -0.876082 0.481825
0.927448 1.075717 -0.139566 0.849014 0.438742 -0.294416
0.739286 -0.392501 0.254558 -0.54116 0.11758 0.832659
0.423342 0.424282 -0.004583 0.001663 -0.999966 -0.008084
-0.732531 -0.174806 0.335371 0.59684 -0.492811 0.633182
0.404581 1.061397 0.436994 -0.273219 0.395906 0.876704
0.744875 -0.128136 -0.380549 -0.535735 -0.476874 -0.696835
0.36684 0.507076 0.303262 -0.005673 -0.834617 0.550802
0.212809 -0.782656 -0.35508 -0.672882 0.208408 -0.709786
0.318866 1.335637 0.088855 -0.177562 0.960846 0.212713
-0.787283 -0.040562 0.447756 0.427438 -0.203677 0.880802
-0.058281 0.720481 0.142166 0.426226 -0.798188 0.425708
0.50283 -1.242423 0.32006 -0.032365 -0.759011 0.650273
0.440297 1.225058 0.33096 -0.14172 0.71464 0.684985
1.427642 0.219737 0.121933 0.857641 0.448679 0.251275
0.797737 -0.334174 -0.298463 -0.50988 -0.25449 -0.82174
0.454369 -0.919903 -0.491846 -0.171276 -0.142075 -0.974925
-0.612705 0.167225 -0.156972 0.825081 0.486509 -0.287316
0.474036 -1.335128 -0.158318 -0.039219 -0.942344 -0.332339
-0.610234 -1.344299 -0.08231 -0.198087 -0.966 -0.16615
0.162532 -1.295215 -0.116282 -0.185314 -0.922128 -0.339616
0.917433 -0.680192 -0.289672 0.523753 0.004887 -0.851856
0.452188 1.334062 -0.157783 -0.068521 0.93967 -0.335148
-1.029017 -0.794136 0.139007 -0.874076 -0.276781 0.399228
-0.513997 -0.492217 -0.25821 -0.03082 0.858535 -0.511827
1.123454 0.127101 -0.45982 0.222274 0.342251 -0.91294
1.4408 0.194462 -0.119434 0.88047 0.40654 -0.243923
-0.828439 -0.432716 0.296067 0.262233 -0.042355 0.964075
-0.355076 -0.610054 -0.404305 0.280415 0.517369 -0.808515
-0.352294 0.841097 0.464078 0.446969 0.003094 0.894544
0.879406 0.144524 -0.442753 -0.284648 0.447113 -0.847977
1.473698 0.142034 0.056511 0.94461 0.307743 0.114047
-0.358009 1.347182 -0.061849 0.149023 0.978517 -0.142466
-0.968696 0.977883 -0.14337 -0.886718 0.327528 -0.326278
-0.319808 1.130848 0.368773 0.332283 0.491435 0.805034
0.955844 -1.053741 0.072163 0.891463 -0.425374 0.156046
-1.070464 -0.140386 0.464141 -0.108671 -0.38217 0.91768
0.75118 -1.239184 0.217952 0.510899 -0.740863 0.43601
-0.243997 1.331315 0.00576 0.191628 0.98135 0.015167
-1.360728 -0.302792 -0.160443 -0.751147 -0.56085 -0.348174
-0.442154 -0.946866 -0.484678 0.211093 -0.196715 -0.957467
0.4829 0.550013 -0.346319 0.13232 -0.765193 -0.630056
-0.609558 -0.697782 0.43315 -0.290737 0.444769 0.847144
1.301493 0.035783 -0.3968 0.601585 0.092009 -0.793492
0.38186 -0.507091 0.302854 0.034733 0.84106 0.539825
0.641254 -1.286764 0.227563 0.258594 -0.851482 0.456187
-1.058839 -0.718915 0.132003 -0.843303 -0.337229 0.418469
0.55119 1.335604 -0.152111 0.083829 0.946957 -0.310234
-1.047029 0.442139 -0.296503 -0.231875 0.463426 -0.85526
-0.926037 0.289443 0.374383 0.21834 0.470581 0.854916
-0.388197 0.461531 -0.210724 -0.07072 -0.932329 -0.35463
-0.357411 1.172287 0.354689 0.272339 0.588923 0.760921
-1.112678 -0.671466 -0.025581 -0.879473 -0.468304 -0.084957
-0.916581 1.135712 0.011265 -0.840181 0.541806 0.023275
0.621737 -0.312009 -0.03248 -0.97956 0.173532 -0.101733
0.069895 -0.996598 -0.308694 -0.237544 -0.013651 -0.971281
-0.998029 0.388375 0.331511 -0.031043 0.447535 0.893727
0.101307 -1.222426 -0.214532 -0.167583 -0.723598 -0.669569
-1.008403 -0.152335 0.461767 0.023944 -0.419562 0.907411
-1.062902 0.257053 -0.403966 -0.080587 0.51026 -0.856236
-0.878969 0.201458 0.410119 0.312108 0.48727 0.815571
-0.112448 1.107964 0.296842 0.257692 0.369708 0.892698
-0.13775 -0.609385 -0.031122 0.826224 0.560092 -0.06042
-0.705742 1.136811 0.365899 -0.429014 0.529511 0.731823
1.275108 -0.184156 -0.365064 0.530851 -0.413092 -0.739968
-0.043426 1.293705 -0.067268 0.059678 0.97327 -0.221776
-0.649588 0.025586 0.353263 0.69564 0.183881 0.694459
0.657902 0.33931 0.157982 -0.842127 -0.184644 0.506684
-0.615 -1.124324 0.412048 -0.21362 -0.524842 0.823958
1.178134 -0.535713 0.116416 0.718243 -0.597484 0.356567
0.253692 1.240841 0.248958 -0.263191 0.735703 0.624076
-0.26195 0.711517 -0.381777 0.678883 -0.222341 -0.699773
-1.374988 -0.149506 -0.288572 -0.740604 -0.335905 -0.581956
0.709001 -1.104644 0.385154 0.4439 -0.45792 0.770235
0.161966 -0.569935 -0.03547 -0.874799 0.480624 -0.061057
1.035771 0.44236 0.299253 0.207201 0.448795 0.869282
0.382551 0.995364 -0.454156 -0.338941 0.271254 -0.900855
0.06808 0.698713 0.106702 -0.506245 -0.80663 0.305063
-0.228289 1.304093 -0.130867 0.209623 0.913417 -0.348893
0.657693 -1.292865 -0.205002 0.294953 -0.862727 -0.410737
0.772028 1.069962 0.361027 0.57931 0.37281 0.724853
0.516662 0.601901 -0.392994 0.175344 -0.658174 -0.732163
-1.044398 0.466796 0.28421 -0.275749 0.442424 0.85336
-0.17558 1.070416 -0.333326 0.37465 0.28841 -0.881168
0.088234 -1.087275 -0.298032 -0.225106 -0.301614 -0.926475
0.954041 0.027349 0.496438 -0.093906 0.104302 0.990102
-1.41385 -0.27201 0.041404 -0.847382 -0.523699 0.087657
-0.691508 0.807359 0.44016 -0.424688 -0.197176 0.883607
-0.617103 -1.215704 -0.33588 -0.205712 -0.711165 -0.672255
0.627992 1.133057 0.402689 0.244018 0.540296 0.805317
0.488163 -1.357856 0.06672 -0.008333 -0.990127 0.139923
0.902504 -0.977639 0.265155 0.779464 -0.252808 0.573171
-1.316499 -0.140771 -0.354502 -0.61983 -0.328718 -0.71257
-1.419401 -0.008517 0.272059 -0.838759 -0.020245 0.544126
-0.166371 -0.575016 -0.092313 0.869611 0.467484 -0.158859
-1.362416 0.301837 0.158318 -0.754147 0.559855 0.343255
-0.599569 -0.372216 -0.067067 0.733269 0.643591 -0.219334
-0.551534 -0.097293 -0.094383 0.823956 -0.545397 -0.153749
-1.067609 -0.769093 -0.034799 -0.927298 -0.358991 -0.106035
-0.425042 -0.457825 0.193171 -0.059511 0.94069 0.334008
0.920615 -0.779702 0.285609 0.668526 -0.041067 0.742554
-1.023312 0.563397 0.24934 -0.458774 0.323767 0.827467
1.319843 -0.261269 0.270533 0.640503 -0.514352 0.570261
1.124618 -0.537862 -0.188842 0.609132 -0.52516 -0.594277
1.355844 -0.194565 -0.283 0.701726 -0.41779 -0.57709
-1.324101 0.032935 -0.378924 -0.647125 0.083307 -0.757819
-0.091857 0.689309 -0.126869 0.623621 -0.709868 -0.327389
-0.820402 -0.848847 -0.368355 -0.597354 0.031196 -0.80137
1.086466 0.338937 -0.349592 0.176608 0.532221 -0.82798
-0.645373 1.339759 0.054388 -0.269708 0.956718 0.109311
-0.815084 -0.183662 -0.390656 0.436245 -0.488049 -0.755975
-0.392715 -0.425889 0.053425 -0.046928 0.994939 0.08885
-1.138975 0.620054 0.050786 -0.830564 0.530901 0.168248
-0.20774 0.70667 0.319921 0.741674 -0.297805 0.601026
0.745217 0.831415 0.416186 0.49805 -0.123746 0.858273
-1.339386 -0.316532 0.181449 -0.7149 -0.574093 0.399167
0.683113 -0.367034 -0.201484 -0.715314 0.225753 -0.661333
-0.880586 0.016383 0.484928 0.239502 0.071217 0.96828
-0.88016 -0.998263 -0.285151 -0.752009 -0.268321 -0.602069
0.888805 -0.016308 0.486892 -0.223069 -0.069861 0.972296
-0.469941 0.680499 0.456821 -0.072848 -0.458051 0.885936
0.664275 -0.094073 0.330549 -0.658709 -0.467948 0.589175
-0.525109 -1.137835 -0.414144 0.007467 -0.560822 -0.827903
-0.215986 -0.6475 0.297898 0.780749 0.333269 0.528548
0.459896 0.984292 -0.479096 -0.166886 0.266976 -0.949143
1.007053 0.942179 0.0288 0.93777 0.340194 0.069684
0.440668 -0.615107 -0.417443 0.058991 0.609285 -0.790754
0.586587 0.411992 -0.135264 -0.454943 -0.797279 -0.396703
0.585065 -0.749861 -0.464639 0.275359 0.335119 -0.90104
-0.971416 1.026631 0.050954 -0.909746 0.399534 0.112845
0.66564 0.360503 0.178182 -0.764205 -0.268438 0.586457
-0.571038 -1.233982 0.326391 -0.102138 -0.748459 0.655269
-1.415577 -0.046562 0.273356 -0.82989 -0.110091 0.546958
-0.245235 0.544326 0.265225 0.749111 -0.458807 0.477836
1.055004 -0.794233 -0.056572 0.927384 -0.335101 -0.166329
-1.419854 0.234038 -0.12214 -0.845017 0.470953 -0.253277
1.45254 -0.110638 0.176812 0.901377 -0.247683 0.355207
-1.373543 -0.319304 -0.089873 -0.791029 -0.579006 -0.197549
-0.622962 0.265031 0.039079 0.985739 0.13272 0.103456
-0.54464 1.197908 -0.366126 -0.041205 0.677408 -0.734453
0.152729 -0.59493 -0.078575 -0.850604 0.506015 -0.142906
1.235537 -0.481668 0.091596 0.722331 -0.642965 0.254626
-0.588505 -0.152749 -0.100642 0.844037 -0.506199 -0.177101
0.77533 0.189923 0.360264 -0.52269 0.487245 0.699562
1.29594 -0.170317 0.356873 0.574998 -0.386574 0.721067
-0.535942 0.450083 -0.180463 0.142953 -0.899202 -0.413521
-0.694945 -0.893454 -0.44889 -0.447658 0.015358 -0.894073
0.190942 0.525649 0.089142 -0.885429 -0.441551 0.145082
-0.631471 0.753103 0.449857 -0.336116 -0.32589 0.883641
-0.711369 1.285372 -0.171358 -0.415641 0.842461 -0.342786
-0.172336 -0.55271 0.050238 0.885439 0.457189 0.083525
1.126388 -0.083627 -0.472868 0.240277 -0.241206 -0.940259
-0.678549 -0.944782 0.454368 -0.415157 -0.101628 0.904055
0.770094 -0.390075 0.273013 -0.488697 0.002299 0.872451
-0.48561 1.189478 0.372027 0.080645 0.654497 0.751751
-1.073841 0.756689 -0.020067 -0.926055 0.372238 -0.062146
0.57119 0.137714 -0.046631 -0.846334 0.526752 -0.079063
-0.476914 0.864075 0.499162 0.073848 0.010985 0.997209
0.190684 1.310836 0.083774 -0.191193 0.952711 0.236192
0.89698 1.163912 -0.018736 0.80768 0.588378 -0.038277
-0.952975 -0.633146 -0.271087 -0.488814 -0.097212 -0.866955
-1.025514 -0.856418 0.093259 -0.920725 -0.300053 0.249468
-0.152324 1.272493 -0.161249 0.192695 0.858586 -0.475078
-1.000601 0.390784 -0.330201 -0.040372 0.448258 -0.892992
1.421887 -0.024552 -0.267014 0.843422 -0.058158 -0.534094
1.416235 0.117445 -0.246479 0.826904 0.266398 -0.49524
-0.000522 1.282894 -0.099855 0.000758 0.94298 -0.332849
0.341031 0.501793 -0.293075 -0.094361 -0.829364 -0.550683
-0.413648 0.925405 -0.481223 0.285793 0.15711 -0.945325
-0.998278 0.466131 0.29626 -0.173465 0.369509 0.912893
-0.423109 -0.737793 0.477112 0.159412 0.25323 0.954181
0.642068 0.22923 -0.153282 -0.876164 0.339145 -0.342516
0.591001 0.402584 0.121662 -0.522915 -0.768259 0.36924
-0.461224 0.428977 0.078946 0.060511 -0.986412 0.152743
0.811397 0.253205 -0.344594 -0.482697 0.441354 -0.756446
-0.950421 -0.676022 0.268335 -0.568348 -0.076968 0.81918
0.680473 0.55129 0.317919 0.058101 -0.577311 0.814454
0.073778 0.852605 0.277928 -0.36419 -0.405213 0.838551
-1.430683 -0.091043 0.234267 -0.857782 -0.208791 0.469698
1.262308 0.438994 0.12126 0.699355 0.642077 0.314069
-0.549815 1.025348 -0.470654 -0.06961 0.333218 -0.940277
0.430152 0.699335 -0.465383 -0.083935 -0.366686 -0.926551
0.395548 0.434085 -0.111378 0.054077 -0.981086 -0.185865
0.44073 -1.345258 0.118911 -0.075993 -0.963871 0.255298
-0.527379 0.899022 -0.498122 -0.063395 0.06086 -0.996131
-1.461597 0.179425 0.040764 -0.92202 0.378159 0.082916
-0.817673 0.96004 -0.361778 -0.645621 0.158241 -0.747083
-0.673051 -1.321458 0.108742 -0.328458 -0.919031 0.21794
-0.793466 0.114042 0.421122 0.437207 0.434476 0.787452
0.76165 -0.646058 0.352796 0.300364 0.358944 0.883708
1.03757 0.555572 -0.244528 0.468699 0.360767 -0.80633
0.534382 -0.441851 0.160963 -0.175478 0.91008 0.375449
0.536158 -0.774616 -0.484733 0.171838 0.257159 -0.950969
-0.561418 1.054204 -0.458386 -0.092543 0.390718 -0.915847
-0.397076 0.423735 0.007367 -0.039325 -0.99915 0.012337
-0.878205 -0.544775 -0.299936 -0.15103 0.034444 -0.987929
-1.36721 0.268647 0.196167 -0.745648 0.521324 0.415008
-0.578818 1.186151 0.373065 -0.117732 0.654778 0.746596
-0.854495 -1.125789 0.229734 -0.729728 -0.499876 0.4665
0.639836 0.14626 0.245013 -0.740766 0.513345 0.433293
-1.361428 -0.315785 0.135993 -0.762072 -0.57466 0.298348
0.246783 -1.33174 -0.011066 -0.191572 -0.981049 -0.029028
0.5882 1.319687 0.183095 0.149886 0.916928 0.369833
-0.935928 0.603754 0.282281 -0.39444 0.069784 0.916268
0.000605 0.949556 -0.295729 -0.002524 -0.168143 -0.985759
0.315208 -1.320662 0.13833 -0.190178 -0.924412 0.330597
0.667282 1.268433 0.244004 0.317559 0.81279 0.488394
-0.089978 0.971993 0.314045 0.312945 -0.043396 0.948779
-0.47475 -0.469924 -0.217555 -0.027627 0.912636 -0.407838
0.883731 -1.012042 0.27398 0.761715 -0.295131 0.576791
-0.836034 1.20733 -0.136889 -0.692427 0.666878 -0.275351
0.165017 -0.657362 -0.220573 -0.792004 0.439489 -0.423768
0.17926 -0.610119 -0.197759 -0.83587 0.423822 -0.34885
-1.360037 -0.275141 -0.200666 -0.733352 -0.529436 -0.426489
-0.337912 1.329616 -0.12476 0.173324 0.940722 -0.29155
-1.403711 0.183811 0.221458 -0.801423 0.393356 0.450547
-0.07017 -0.94205 0.304803 0.276356 0.152179 0.94893
-0.723131 -0.89623 0.433919 -0.491348 0.005506 0.870946
1.358216 -0.266993 0.213431 0.72555 -0.519647 0.451159
0.900108 -0.869331 -0.297637 0.71794 -0.094988 -0.689594
-0.993758 0.944671 0.101962 -0.914977 0.322015 0.243154
-1.225334 -0.388569 -0.24033 -0.541113 -0.601806 -0.587389
1.017756 -0.739874 -0.187573 0.789101 -0.239282 -0.565741
-0.371224 1.244363 -0.290827 0.210862 0.743173 -0.635005
1.304175 -0.129619 -0.369691 0.595499 -0.308745 -0.741659
-1.006988 -0.316787 0.370336 0.020324 -0.498509 0.866646
-0.702044 -1.158597 -0.351258 -0.415577 -0.577691 -0.702544
0.189813 -1.00493 -0.355717 -0.448414 -0.142006 -0.882473
-0.44809 0.508832 -0.295633 -0.100325 -0.846695 -0.522535
-0.520201 0.424286 -0.097758 0.224788 -0.946923 -0.229798
0.831185 0.323705 -0.321216 -0.432691 0.335838 -0.836655
-0.910459 -1.144464 -0.020702 -0.83032 -0.555656 -0.042607
-0.590112 -0.426169 0.16479 0.376518 0.799331 0.468299
-0.356964 0.759673 0.460242 0.428698 -0.142601 0.892123
0.108274 -0.655765 -0.078614 -0.71915 0.670453 -0.182529
0.278307 0.45699 0.181249 -0.346279 -0.866799 0.358817
-1.189537 -0.51288 -0.131792 -0.690558 -0.608823 -0.390467
-0.470568 -0.682687 0.457892 -0.072494 0.452702 0.88871
0.927904 -0.943916 -0.243716 0.804259 -0.229845 -0.548032
-0.443487 -0.424203 -0.017749 0.037409 0.998756 -0.032961
-0.481059 -1.026713 -0.468406 0.114662 -0.347363 -0.930694
0.495843 -1.308016 0.222549 -0.019556 -0.887992 0.459443
0.214688 -0.967108 0.374165 -0.497797 -0.088423 0.862774
0.638904 -0.948478 -0.470061 0.331394 -0.12139 -0.935651
0.769722 -0.173101 0.367872 -0.520925 -0.491518 0.697888
-0.753392 -0.324619 0.269096 0.629977 -0.192931 0.752268
-1.154325 0.591924 -0.065742 -0.799371 0.561442 -0.213982
1.019563 0.426965 -0.310261 0.142159 0.440002 -0.886673
0.936728 0.98977 0.204526 0.838529 0.306492 0.45048
-0.709125 -1.308807 0.099938 -0.408552 -0.890558 0.19998
-1.081268 0.144204 -0.46113 -0.129984 0.386214 -0.913205
0.278619 0.504456 0.264232 -0.510242 -0.680822 0.525485
0.928043 -1.070925 -0.144825 0.848952 -0.4308 -0.306093
0.848501 1.169171 -0.183749 0.718613 0.588091 -0.371138
-0.823323 1.115591 -0.281558 -0.672974 0.473222 -0.568478
0.316893 0.951234 0.435094 -0.462109 0.159505 0.872361
-0.813457 1.246832 -0.07669 -0.642819 0.750432 -0.15374
0.785866 0.489618 -0.292795 -0.138468 -0.237801 -0.961393
0.437108 0.885335 0.492332 -0.212877 0.077215 0.974023
0.518337 0.014144 0.129816 -0.953503 0.159341 0.255819
-0.975521 0.730519 -0.239691 -0.697586 0.138643 -0.702959
-0.765444 0.579615 0.32419 -0.146384 -0.379412 0.913574
1.079252 0.71849 -0.080334 0.886052 0.385384 -0.257663
0.855375 -0.330911 0.329713 -0.368641 -0.354433 0.85935
1.159576 -0.183574 0.424532 0.286475 -0.432097 0.855116
0.875871 0.498468 0.299968 0.011577 0.032065 0.999419
1.073594 -0.657577 0.153822 0.769691 -0.384968 0.509289
-0.706703 1.091903 -0.393726 -0.441803 0.430134 -0.78727
0.904939 -0.427002 -0.312065 -0.115429 -0.249121 -0.961569
0.615256 1.335142 0.120231 0.206828 0.947893 0.242323
-0.428796 -0.645447 -0.438595 0.014806 0.517375 -0.85563
0.998683 -0.739224 0.212359 0.751677 -0.194259 0.630274
0.948687 0.219809 0.419512 -0.168554 0.491181 0.854594
-0.349863 -1.336667 0.107412 0.161541 -0.955068 0.248494
0.758927 -1.13867 -0.32708 0.544652 -0.523686 -0.655063
-0.588616 1.29045 -0.243338 -0.145962 0.859399 -0.490029
0.829809 0.285725 0.337846 -0.445587 0.406827 0.797461
1.362423 -0.322399 -0.11969 0.769466 -0.58153 -0.264093
0.798269 0.993574 -0.369884 0.622902 0.215525 -0.752025
0.396342 -0.44288 0.150338 0.062069 0.965892 0.251397
-0.777886 -0.506738 0.296638 0.083057 0.293724 0.952275
-0.252692 0.431887 0.017873 0.468366 -0.882812 0.03572
0.401852 -0.926375 0.477288 -0.315481 -0.157753 0.935727
1.183011 -0.007686 0.465212 0.36592 -0.022138 0.930383
0.718449 -0.86291 -0.434964 0.477343 0.075699 -0.87545
0.491988 -1.349538 0.110816 -0.006841 -0.972815 0.23148
0.741831 0.797067 0.411883 0.473494 -0.18699 0.86072
1.148398 -0.13469 -0.450095 0.271978 -0.351291 -0.895892
0.117613 0.660101 -0.120756 -0.73525 -0.621105 -0.271359
-1.305017 -0.20932 0.325748 -0.595604 -0.447293 0.667221
-0.309982 1.234881 0.279025 0.257727 0.717712 0.64689
0.455915 0.424149 0.030431 -0.064665 -0.996188 0.058548
0.212816 0.583248 -0.243165 -0.823453 -0.387466 -0.414482
-0.296902 -1.146057 0.349603 0.333019 -0.515334 0.789638
-0.537306 1.35981 0.0348 -0.068038 0.995112 0.071577
1.248693 -0.171624 0.389152 0.475662 -0.39704 0.784923
0.502263 0.51181 -0.290707 0.082688 -0.831066 -0.549993
0.631535 -1.010819 0.459356 0.291244 -0.270072 0.917735
0.534103 -1.360219 0.031925 0.062898 -0.995853 0.065738
-0.756111 0.098301 -0.407176 0.499856 0.421674 -0.756528
0.541673 -1.21308 0.351717 0.03684 -0.70651 0.706744
0.995227 0.047339 -0.495948 -0.01518 0.166504 -0.985924
-0.458991 0.42937 -0.080632 0.054404 -0.986432 -0.154892
0.493644 1.110161 0.429994 -0.081211 0.505944 0.858735
-0.238642 -0.576511 -0.282954 0.772648 0.395006 -0.496976
-0.165861 0.808671 -0.320647 0.630777 -0.273938 -0.726002
-0.155986 1.008123 0.338907 0.410927 0.117889 0.904014
-0.679395 -1.00828 0.441551 -0.402837 -0.247841 0.881077
0.431113 1.181298 0.369586 -0.176616 0.627126 0.75863
0.662073 -0.249767 0.181358 -0.853466 -0.292606 0.431251
-0.657857 -0.263797 0.164065 0.881923 -0.225766 0.413813
0.597069 -1.351522 0.04732 0.173522 -0.98016 0.095791
-0.074689 0.680234 -0.056908 0.563564 -0.811124 -0.156438
1.20239 -0.513445 0.104882 0.71933 -0.622138 0.309044
-0.675469 1.033283 -0.435408 -0.387305 0.306288 -0.869588
-0.640437 0.571743 0.338288 -0.12609 -0.625029 0.77035
0.556017 0.783238 -0.482986 0.212959 -0.245946 -0.9456
-0.139018 -1.272207 0.1565 0.18117 -0.864143 0.469504
-0.589916 1.353662 -0.03664 -0.160248 0.984277 -0.074288
0.758043 -1.247171 -0.194861 0.524738 -0.756754 -0.389837
0.62285 0.302057 0.029702 -0.99077 -0.101105 0.090291
-0.675559 0.80771 -0.447701 -0.405613 -0.201703 -0.891512
-0.902926 -1.131193 -0.115908 -0.815795 -0.526855 -0.238541
-1.123962 0.635194 -0.073432 -0.831237 0.49923 -0.244569
0.042547 -1.103921 -0.283958 -0.110147 -0.34792 -0.931031
0.482363 0.589621 -0.389219 0.145139 -0.684013 -0.714885
0.33092 -1.165248 -0.350095 -0.298995 -0.566684 -0.76777
-0.913755 -0.168329 -0.440311 0.225695 -0.464261 -0.85646
-0.509043 -1.244944 0.317345 0.020256 -0.764715 0.64405
-0.941725 1.002674 -0.18506 -0.851555 0.331359 -0.40627
0.570744 -1.20328 -0.358553 0.099411 -0.688539 -0.718353
-0.168008 0.560429 0.047006 0.881334 -0.465806 0.079218
-0.805372 -0.903681 -0.379311 -0.60817 -0.046987 -0.792415
0.725532 0.645023 -0.36435 0.28177 -0.420944 -0.862213
0.668516 -0.612684 0.362374 0.209175 0.538845 0.816022
-0.732531 -0.556446 0.317303 -0.069213 0.460409 0.885004
0.746773 1.187919 0.29145 0.509988 0.632283 0.583207
-1.082237 -0.291115 0.380739 -0.134683 -0.52499 0.840385
-0.58662 0.891092 -0.489337 -0.231899 0.006433 -0.972719
-0.522989 0.035369 0.124773 0.907451 0.350819 0.23121
0.293899 1.103296 -0.373095 -0.368555 0.423576 -0.827497
-0.229847 0.48068 0.145628 0.774493 -0.574125 0.265595
-0.669542 -1.298412 0.183235 -0.321123 -0.873031 0.367012
0.605308 0.35298 0.021095 -0.85029 -0.521599 0.070292
0.631481 -1.286668 -0.232986 0.237094 -0.851707 -0.467313
0.181053 0.712341 -0.289209 -0.740865 -0.352333 -0.571822
0.241499 -1.32813 -0.045068 -0.193744 -0.973816 -0.118939
-0.594198 0.755469 0.463828 -0.288811 -0.323198 0.901183
0.297187 -0.425652 0.077088 -0.085245 0.986822 0.137535
1.290092 0.115942 -0.385859 0.568283 0.282867 -0.772684
-0.46543 1.261446 0.29295 0.087092 0.791139 0.605404
0.123288 0.629429 -0.032899 -0.78424 -0.616571 -0.069338
-1.061362 -0.71432 -0.130659 -0.841746 -0.343662 -0.416365
-1.05272 -0.436692 -0.297943 -0.234329 -0.473865 -0.848848
-0.193631 0.623268 0.242164 0.817839 -0.386397 0.426423
-0.552651 -0.107464 0.056508 0.830629 -0.549194 0.091878
-0.53124 -0.077681 -0.034474 0.844005 -0.533359 -0.056422
-0.572008 -1.259581 -0.294493 -0.107178 -0.798431 -0.592471
-1.271055 -0.081601 0.409694 -0.534705 -0.20876 0.818847
0.732055 1.308825 0.004866 0.459368 0.888192 0.009734
0.452103 0.781599 -0.490487 -0.094399 -0.169659 -0.980971
-1.317326 0.337609 -0.189078 -0.684819 0.591471 -0.425659
0.224793 0.489446 0.148843 -0.803949 -0.53269 0.264399
-0.738739 0.220906 0.306825 0.629023 0.446913 0.636081
0.512594 0.026484 0.091462 -0.941875 0.287413 0.173969
-0.559614 0.822263 0.490281 -0.201338 -0.149857 0.967991
0.245748 -1.313235 -0.116123 -0.205524 -0.930557 -0.303025
-0.487476 0.638279 0.428618 -0.142559 -0.574626 0.805905
0.197371 -0.70341 -0.305122 -0.748483 0.321772 -0.579858
-0.978356 1.017625 -0.01036 -0.918634 0.394429 -0.023179
-0.992157 -0.384064 -0.333801 -0.011555 -0.444988 -0.895462
-0.492806 -1.274055 0.278612 0.038321 -0.819763 0.57142
0.625937 -0.244501 -0.083265 -0.947769 -0.247451 -0.201249
0.320098 -1.191863 -0.32477 -0.285877 -0.621296 -0.729565
-0.629768 -0.519061 0.292494 0.015898 0.693093 0.720673
-0.774493 1.281827 0.040542 -0.555669 0.827438 0.081108
0.644684 -0.174177 -0.220563 -0.772586 -0.483538 -0.411464
-1.442476 0.098969 0.207228 -0.881332 0.224421 0.4158
-0.900504 0.017653 -0.489331 0.199805 0.074023 -0.977036
-0.594862 -0.366962 -0.016801 0.762896 0.644168 -0.05511
-0.591228 -1.098661 0.432517 -0.159281 -0.476471 0.864641
-0.936783 -0.66609 -0.278025 -0.52798 -0.044182 -0.848107
0.617442 0.134518 -0.218402 -0.764414 0.522918 -0.37713
-0.072969 -0.938875 -0.305116 0.288062 0.158586 -0.944389
0.644173 -0.841534 0.467396 0.364991 0.130916 0.92176
1.145213 -0.347258 -0.325777 0.315807 -0.556927 -0.768179
-0.324808 0.599106 -0.383748 0.424123 -0.489441 -0.761949
-0.480412 0.421191 0.020077 0.135223 -0.989927 0.041939
-0.024775 0.940117 0.295301 0.105079 -0.194009 0.975356
0.838047 0.852457 0.354867 0.621863 -0.006649 0.783098
-1.140724 0.315114 -0.350235 -0.278685 0.545717 -0.790271
-0.754773 1.262567 -0.166643 -0.51527 0.789548 -0.333333
-0.774581 -0.832532 -0.398522 -0.532407 0.100277 -0.840528
0.190073 -1.179946 0.28147 -0.2913 -0.580775 0.760161
-1.022531 -0.82216 0.133818 -0.887465 -0.274375 0.370303
0.310295 -0.999346 0.420787 -0.436679 -0.235851 0.868151
-0.496968 -0.425184 -0.079825 0.160598 0.971582 -0.17389
-1.320347 -0.010972 -0.383698 -0.64057 -0.027965 -0.76739
0.681556 0.47791 0.265066 -0.215444 -0.567709 0.794538
0.863556 0.543803 0.301945 0.127746 -0.07678 0.98883
-0.52432 -1.135303 0.41584 0.009417 -0.55593 0.831176
-0.636109 -0.131005 0.256719 0.729152 -0.518722 0.44639
-0.376257 -1.105458 -0.405388 0.293962 -0.465039 -0.83506
-0.832202 0.841725 -0.359178 -0.60691 -0.028925 -0.794244
0.30983 -0.473254 -0.236158 -0.177728 0.874732 -0.45084
-0.789591 -0.182158 -0.375726 0.487499 -0.489434 -0.723048
0.800422 -0.153101 0.401729 -0.44613 -0.479687 0.755559
-0.433095 1.290571 -0.244639 0.116423 0.847026 -0.518645
1.216019 -0.366015 -0.269982 0.492561 -0.588237 -0.641374
-1.098357 -0.282027 -0.38354 -0.166336 -0.524816 -0.834806
-0.599179 -0.993133 -0.473044 -0.216095 -0.242916 -0.945672
1.329504 -0.119759 -0.351957 0.648799 -0.284159 -0.705913
0.963586 0.990076 -0.144804 0.883094 0.337823 -0.325607
-1.395557 0.303319 -0.010903 -0.826681 0.562175 -0.023612
-0.235119 -1.102512 0.346857 0.378055 -0.39486 0.837353
-0.206606 -0.481897 -0.007744 0.865736 0.500332 -0.013039
1.154972 -0.101687 0.459565 0.293898 -0.278686 0.914308
0.549688 0.541805 -0.323246 0.106209 -0.756575 -0.645224
-0.627167 -0.489062 -0.26225 0.124161 0.714588 -0.688439
-0.271843 0.429751 -0.074312 0.278172 -0.949701 -0.143836
-0.252945 1.087049 0.362069 0.392856 0.368738 0.842435
0.619261 0.20964 0.106378 -0.897626 0.379695 0.22383
-0.593446 1.337608 -0.127019 -0.163656 0.952488 -0.256871
1.289948 -0.332544 0.232986 0.620618 -0.583522 0.52377
1.411232 -0.09307 0.265917 0.818156 -0.215472 0.533098
-0.960283 -0.081553 0.486005 0.09549 -0.282936 0.954374
-0.341344 -0.471435 -0.239004 0.021422 0.904429 -0.426087
-0.648374 -0.473708 0.25222 0.21194 0.661915 0.718992
-0.820098 -1.092717 -0.302627 -0.667199 -0.424937 -0.611779
0.974171 -0.414837 0.319861 0.017769 -0.390319 0.920508
0.700207 0.432388 0.244131 -0.428305 -0.414628 0.802894
0.311583 1.098565 0.383309 -0.362222 0.422446 0.830864
0.080519 -0.770572 -0.22574 -0.477207 0.597034 -0.644844
-0.048646 1.128333 0.274345 0.11625 0.42807 0.896238
-1.244005 0.321028 -0.288756 -0.510593 0.568217 -0.64531
0.333097 1.258637 -0.259499 -0.22832 0.772962 -0.591946
-0.031462 -1.010334 0.301545 0.108398 -0.039047 0.99334
-0.332587 1.346005 -0.0374 0.163961 0.98249 -0.088494
0.552977 -1.312429 -0.209845 0.080418 -0.901032 -0.426233
1.079898 -0.591017 0.192821 0.640113 -0.426059 0.639319
0.899514 -0.171968 -0.434272 -0.256602 -0.470555 -0.844236
-0.623747 -0.100625 0.271352 0.725097 -0.504898 0.468307
0.614683 -0.025954 0.314284 -0.761695 -0.205363 0.61453
-1.044268 0.117949 0.475363 -0.061954 0.345101 0.936519
0.7305 -1.135807 -0.350854 0.48447 -0.522044 -0.701968
-0.212998 -1.317232 -0.07569 0.195547 -0.958566 -0.207156
0.55961 0.973098 -0.484748 0.117435 0.215166 -0.969491
0.364397 0.422134 -0.013954 0.060101 -0.997937 -0.022591
1.319904 0.376129 0.117446 0.731636 0.623433 0.275753
0.613045 0.983951 -0.471807 0.255737 0.215569 -0.942406
-0.644809 -0.16369 0.233107 0.755991 -0.497877 0.424966
1.487842 -0.103417 -0.004838 0.973461 -0.228649 -0.009716
-0.333838 1.279088 -0.230769 0.212727 0.820507 -0.53058
0.837763 -0.029155 -0.470827 -0.326262 -0.135443 -0.935526
-0.656114 -0.170054 -0.245234 0.74326 -0.491627 -0.453726
1.023156 -0.700193 -0.197023 0.741921 -0.25356 -0.620693
0.840643 -0.217592 -0.38312 -0.401264 -0.482816 -0.77838
-0.750514 1.265278 0.166716 -0.505498 0.795786 0.333461
0.399471 -0.895256 0.480787 -0.322955 -0.101967 0.940905
0.588011 -1.282574 0.256835 0.143645 -0.843924 0.516874
-0.742712 1.254273 -0.200782 -0.489824 0.77382 -0.40159
-0.787735 1.18795 -0.24952 -0.597141 0.627125 -0.500138
-0.87099 1.032717 -0.279531 -0.746641 0.324299 -0.580825
0.718837 -0.310483 0.239557 -0.727948 -0.165564 0.665342
0.530774 -0.019785 0.166405 -0.922589 -0.208707 0.324455
-1.007115 -0.935682 -0.050846 -0.934608 -0.333469 -0.123715
-0.51304 1.235894 -0.327918 0.015482 0.747672 -0.663888
1.183794 0.544837 -0.085318 0.751538 0.604864 -0.263306
-0.512285 0.022938 -0.09521 0.949648 0.254195 -0.183175
-0.420165 1.344459 -0.114822 0.098991 0.963159 -0.250051
0.524034 1.284295 0.263796 0.01922 0.843322 0.537065
-0.848387 0.461415 0.299211 0.144463 0.028618 0.989096
0.592187 0.530094 -0.304796 0.048789 -0.736058 -0.675158
0.336185 -0.850063 -0.455541 -0.481085 -0.012564 -0.876584
0.951559 -0.760594 0.258383 0.695386 -0.09364 0.71251
-0.233826 -0.760829 0.368986 0.681075 0.198439 0.704811
-1.309637 -0.402451 0.078764 -0.744182 -0.639966 0.191407
0.639124 0.864072 -0.471902 0.353951 -0.078166 -0.931992
-0.598095 -0.179213 0.072126 0.88062 -0.453592 0.136975
-0.436679 0.471054 0.224917 -0.067991 -0.916726 0.393689
0.504996 -0.028586 -0.010158 -0.949211 -0.31406 -0.019114
1.130214 0.61313 -0.095248 0.796442 0.516011 -0.315298
0.216726 1.259521 -0.209074 -0.240698 0.794234 -0.557905
-0.956386 -0.213402 -0.424611 0.150731 -0.488792 -0.85928
0.476191 -1.229394 0.332328 -0.08353 -0.729662 0.678687
-1.463937 -0.139468 -0.114078 -0.924456 -0.304035 -0.230095
-1.189981 0.449177 -0.210631 -0.560408 0.600519 -0.570368
1.499089 0.011209 0.027715 0.998139 0.02541 0.055433
0.356742 1.217289 -0.315035 -0.241857 0.682979 -0.689235
-0.726109 -0.298759 0.250887 0.710338 -0.227348 0.666133
-0.55996 -1.197411 0.365374 -0.074918 -0.676999 0.732161
-1.233424 -0.433723 0.179025 -0.627616 -0.624166 0.465312
-0.673781 -0.655647 0.387225 -0.2819 0.47455 0.833867
-0.531082 0.47667 -0.23143 0.036263 -0.870121 -0.491501
0.016384 -0.783948 0.209444 -0.110156 0.712317 0.69316
0.691948 0.058701 -0.379698 -0.608688 0.337085 -0.718243
-0.172586 1.259297 -0.190953 0.217514 0.810041 -0.544538
0.149281 1.01174 -0.335437 -0.398332 0.120952 -0.909232
0.169742 0.861476 -0.339491 -0.577402 -0.177989 -0.796823
0.879526 0.284167 0.362217 -0.327387 0.447554 0.832173
1.463843 -0.02763 0.184302 0.927366 -0.063769 0.368682
-0.681201 -1.07958 -0.413247 -0.387299 -0.409284 -0.826127
-0.489601 0.786023 0.492466 -0.030943 -0.192813 0.980747
-0.987011 -0.907597 -0.156626 -0.882877 -0.271605 -0.383092
0.848258 0.619626 0.316008 0.311739 -0.173861 0.934126
1.125748 -0.534837 0.190363 0.60445 -0.527618 0.596875
0.175024 -1.315055 0.046131 -0.179927 -0.974635 0.133087
1.443294 0.221275 -0.030328 0.891129 0.44942 -0.062544
-0.821205 0.625007 0.326072 -0.297659 -0.24146 0.923632
1.0144 0.923679 -0.01665 0.941806 0.33362 -0.041228
-1.15005 0.119527 0.455243 -0.279196 0.319754 0.905432
-1.336674 0.141578 0.335489 -0.661573 0.32686 0.674895
0.317503 1.031584 0.414363 -0.407068 0.298245 0.863334
1.252442 -0.35681 -0.247334 0.562316 -0.593702 -0.575603
0.759954 1.27011 -0.138066 0.525578 0.804671 -0.276175
-0.20122 0.715581 -0.316363 0.736495 -0.302713 -0.60493
0.785772 -1.088691 0.338992 0.604019 -0.413398 0.681369
-0.903522 0.090465 0.473761 0.212451 0.329472 0.919953
-0.51894 -0.038194 0.102285 0.90759 -0.375848 0.187135
-1.38401 -0.208357 0.232719 -0.763011 -0.435995 0.477202
1.453627 -0.158848 0.127054 0.903788 -0.342119 0.257143
-0.161532 0.785547 -0.307018 0.652018 -0.318875 -0.687889
0.796238 -0.966432 -0.378228 0.614893 -0.160446 -0.772116
-0.692198 -1.046161 -0.422732 -0.421033 -0.330908 -0.84453
-0.243094 -0.45478 0.116241 0.642163 0.732003 0.227595
-0.001208 -0.96314 -0.29773 0.004841 0.122856 -0.992413
0.509517 -0.939917 0.49389 -0.013022 -0.164114 0.986355
0.407262 -0.472787 -0.23451 0.078183 0.913281 -0.399757
-0.040323 -1.17306 0.247154 0.084362 -0.57523 0.81363
-1.215045 -0.454042 0.176589 -0.623981 -0.619508 0.476296
1.257832 -0.455736 0.094297 0.71972 -0.647524 0.250433
-0.267725 -0.706737 -0.385801 0.670625 0.224589 -0.706981
1.474707 0.147771 -0.021637 0.946883 0.318593 -0.043711
-0.479838 1.113832 0.42626 0.110819 0.511057 0.852373
-1.340924 0.159739 -0.321791 -0.669456 0.360323 -0.649613
1.33488 -0.383095 -0.022475 0.772791 -0.632442 -0.053029
0.418914 -0.6856 0.458539 -0.109953 0.391687 0.913505
0.450088 -0.789115 -0.491497 -0.108773 0.148724 -0.982878
1.055106 -0.048896 0.492967 0.104748 -0.158975 0.98171
0.521285 0.628874 0.414414 0.18784 -0.601478 0.776492
-0.115277 -1.208929 0.231898 0.194338 -0.677448 0.709434
-0.767884 -0.626771 -0.343009 -0.264047 0.359782 -0.894895
0.411596 -1.321686 -0.178744 -0.12195 -0.913257 -0.388702
-0.92446 0.937616 0.251191 -0.795697 0.21686 0.565542
0.717963 0.33181 0.234867 -0.715136 0.072162 0.695251
0.214934 -0.657329 0.302435 -0.775006 0.32688 0.540847
-0.598437 -1.353303 -0.016582 -0.176539 -0.983721 -0.033566
-1.201075 -0.534574 -0.053255 -0.764509 -0.624142 -0.161161
-0.648397 0.390462 0.176815 0.645202 -0.490286 0.585947
-0.558999 0.946198 -0.489919 -0.128901 0.153748 -0.979666
0.942092 0.057306 -0.490222 -0.124229 0.213878 -0.968929
0.865348 0.530482 -0.300873 0.090708 -0.053065 -0.994463
-0.191285 0.76742 0.328624 0.688034 -0.270164 0.673514
-1.071603 -0.22884 0.419569 -0.096338 -0.493554 0.864363
-0.684249 -0.082903 -0.359191 0.622821 -0.427467 -0.65526
0.319405 -0.419865 0.001635 0.0145 0.999891 0.002724
0.826442 -0.973552 -0.350802 0.662527 -0.188522 -0.724926
-0.861619 1.180624 0.132171 -0.742983 0.613603 0.267334
0.742041 0.871242 -0.422112 0.511398 -0.050027 -0.857886
-0.957518 1.046399 -0.081715 -0.892216 0.415273 -0.177479
0.861624 -0.823687 0.335482 0.629719 0.015482 0.776668
1.086592 -0.397822 -0.311648 0.246026 -0.523904 -0.815473
0.915997 1.123584 0.082569 0.837701 0.518662 0.171017
-0.285805 0.606856 -0.359855 0.621212 -0.393011 -0.677967
-0.13435 0.691323 0.204046 0.726797 -0.520487 0.448173
-1.02893 0.06212 0.492564 -0.04886 0.205107 0.977519
1.41366 -0.255601 -0.099279 0.83949 -0.50192 -0.208163
1.290378 0.398388 -0.140524 0.696633 0.63093 -0.341511
0.860246 1.134589 -0.210236 0.740341 0.519142 -0.427068
-0.193155 -0.506854 -0.002653 0.890869 0.45424 -0.0043
0.240578 -0.979766 -0.387322 -0.488789 -0.140326 -0.861043
1.01208 0.763779 -0.185651 0.807843 0.229854 -0.542731
0.298333 0.539258 0.319624 -0.462582 -0.617249 0.636413
-1.438279 0.043581 0.235984 -0.875609 0.101721 0.472189
-0.081155 1.082526 0.297865 0.212555 0.285162 0.934614
-0.887696 -0.419429 0.311386 0.169422 -0.227344 0.958963
0.691147 -1.19872 0.320589 0.381989 -0.665564 0.641178
-0.723283 -0.054769 0.405666 0.551305 -0.299926 0.778528
0.494376 0.5675 0.363996 0.146551 -0.729654 0.667928
0.769143 1.095473 0.349013 0.57138 0.428413 0.699991
-0.261056 -1.0169 -0.390528 0.452518 -0.229777 -0.861644
-1.266861 -0.400536 -0.177761 -0.648487 -0.623898 -0.436139
1.018512 0.674774 -0.211922 0.689804 0.247718 -0.680299
0.762528 0.440206 -0.27516 -0.345137 -0.199064 -0.917199
-0.824618 0.093384 -0.446675 0.368575 0.373298 -0.851352
-0.67594 -0.336613 -0.184728 0.80983 0.095263 -0.578878
0.578947 -0.865321 0.490527 0.225848 0.052963 0.972722
-0.215028 -1.310965 -0.101883 0.200833 -0.939507 -0.277476
1.42539 -0.24704 -0.066153 0.861173 -0.489206 -0.138052
1.165108 0.272382 0.370241 0.309092 0.525742 0.792501
-1.27814 0.26819 0.305516 -0.553287 0.52341 0.648009
-0.189925 0.513519 -0.012893 0.893012 -0.44955 -0.020841
0.109364 1.29948 -0.071744 -0.136376 0.96496 -0.224176
-0.297349 -1.323191 -0.119786 0.193888 -0.936275 -0.292911
-0.870701 0.579273 0.303728 -0.236885 -0.092838 0.967092
-1.366878 0.160086 -0.292446 -0.723547 0.356847 -0.590881
1.348776 -0.354092 -0.082607 0.769353 -0.610446 -0.188288
0.050492 0.785654 0.2218 -0.317334 -0.646435 0.693845
0.661649 0.721524 0.425146 0.346895 -0.375791 0.859328
0.740439 0.374269 0.253612 -0.58816 -0.03916 0.807796
-0.879178 -0.340685 0.334857 0.303361 -0.367878 0.878998
-0.817379 0.652236 0.334683 -0.352084 -0.243303 0.903792
0.646512 1.2145 -0.326511 0.274695 0.705599 -0.653202
-0.082007 -1.268992 -0.143906 0.118934 -0.879458 -0.460877
-1.161859 -0.582198 0.063477 -0.792712 -0.574206 0.204681
0.618537 0.249482 -0.014255 -0.97787 0.206178 -0.035515
-0.896819 -0.82373 -0.305089 -0.677295 -0.037691 -0.734746
0.4613 0.434243 -0.107741 -0.043942 -0.977484 -0.206385
0.590224 0.466166 0.226038 -0.172608 -0.799476 0.575364
-0.510795 0.415179 -0.01558 0.245908 -0.968604 -0.036551
-0.312339 -0.486092 0.260226 0.205847 0.839029 0.503644
-0.581973 0.108034 -0.178078 0.790887 0.535228 -0.296697
-0.17208 -1.033186 -0.341877 0.405757 -0.193191 -0.89333
0.863481 0.242968 -0.378761 -0.360419 0.475031 -0.802773
-1.404178 -0.181318 -0.222787 -0.802193 -0.389022 -0.452933
0.860975 -0.472088 -0.300329 -0.09118 -0.041628 -0.994964
1.101625 0.097287 -0.474684 0.186021 0.28133 -0.941408
-1.034549 -0.242761 0.413965 -0.016582 -0.50213 0.864633
-0.63158 0.0729 -0.308249 0.709148 0.436284 -0.553865
-0.636613 1.289686 -0.22465 -0.248417 0.857507 -0.450523
0.555708 -0.911466 0.494384 0.138602 -0.073453 0.98762
0.742399 0.519585 -0.298948 -0.053156 -0.420014 -0.90596
-0.742182 1.302291 0.03179 -0.482407 0.873636 0.063582
0.914099 -0.299244 -0.365855 -0.243132 -0.455542 -0.856369
1.298059 -0.04733 -0.397832 0.59368 -0.121421 -0.795488
0.959413 -0.123234 -0.470901 -0.113476 -0.383881 -0.916383
0.438667 1.288599 -0.24904 -0.110572 0.843354 -0.525859
0.500176 1.346686 0.122257 0.003926 0.967126 0.254269
0.792936 -0.275994 -0.3195 -0.534337 -0.389131 -0.750374
0.914775 1.136552 0.033948 0.83711 0.542526 0.070085
-0.558495 0.398855 -0.040601 0.477022 -0.871232 -0.115775
0.215359 -1.21958 0.256385 -0.27209 -0.685674 0.675143
1.026198 0.350087 -0.350914 0.050402 0.496702 -0.866456
1.035543 0.845462 -0.065657 0.932332 0.313923 -0.179468
0.921498 0.129098 0.461908 -0.192784 0.408512 0.892162
-0.246349 -1.171213 0.310798 0.320215 -0.561277 0.763172
1.103872 0.589859 0.166943 0.68764 0.473407 0.550488
-0.679971 -0.478783 -0.265268 0.210851 0.573398 -0.79168
0.195114 -0.854614 0.357062 -0.601643 0.141319 0.786164
-0.999224 -0.895164 -0.136087 -0.897274 -0.280553 -0.340866
1.130798 -0.637699 0.034317 0.851221 -0.512215 0.114276
0.292737 0.473338 0.227389 -0.29681 -0.843399 0.447864
-1.095171 0.524696 0.224527 -0.515542 0.484965 0.706417
0.141575 0.835434 0.311147 -0.569526 -0.286807 0.770313
-0.884599 -1.180204 -0.019855 -0.785665 -0.617335 -0.040351
-0.636535 1.269396 0.259687 -0.248148 0.817113 0.520336
0.230713 0.449129 0.024774 -0.721355 -0.690951 0.047249
0.188979 -0.78769 -0.33403 -0.66718 0.250246 -0.701604
-1.295968 -0.223929 -0.323675 -0.578487 -0.46894 -0.667418
-0.26988 -1.082574 0.371947 0.394243 -0.368233 0.842007
1.498123 0.040614 0.002735 0.995771 0.091703 0.005473
1.139999 0.46242 0.239875 0.476538 0.558583 0.678893
0.311209 -0.800973 -0.438729 -0.548852 0.073232 -0.832705
-0.994669 0.916654 -0.129805 -0.901771 0.293474 -0.317304
0.163051 1.150904 -0.291385 -0.292741 0.500191 -0.81493
0.243212 1.292364 -0.165942 -0.221321 0.874689 -0.431204
-0.409378 1.320575 0.180635 0.124896 0.910875 0.39333
-0.637216 -0.088482 -0.302455 0.700571 -0.474331 -0.533113
-0.606245 -0.207352 0.029176 0.926019 -0.372456 0.061365
-1.013089 0.177562 -0.449628 0.021907 0.452651 -0.891418
0.207779 -0.710562 0.321876 -0.738352 0.2942 0.606863
-0.850177 -0.836018 0.344954 -0.625132 0.01506 0.780374
-0.786158 -0.812404 0.3885 -0.531422 0.122425 0.838214
0.913397 -1.023803 0.222518 0.812522 -0.338474 0.474597
1.467062 0.170177 -0.006279 0.932466 0.361032 -0.012743
-0.220101 -0.508004 -0.168814 0.826654 0.481411 -0.291353
-0.307428 0.896519 0.436868 0.508066 0.065667 0.858811
-0.923193 -0.123839 -0.464637 0.187065 -0.398156 -0.898041
0.229129 -1.299262 0.143351 -0.213498 -0.89956 0.381065
0.5788 -0.089384 -0.201268 -0.785598 -0.517766 -0.338754
-0.617783 -0.220034 -0.081115 0.923569 -0.339514 -0.178187
-0.825684 1.241221 0.045289 -0.668522 0.738119 0.090883
0.8757 0.848506 0.323136 0.66835 0.035042 0.743021
0.266193 1.325384 -0.088306 -0.196821 0.954254 -0.225078
0.429515 -1.097946 0.425743 -0.214769 -0.470377 0.855932
-1.099692 -0.343242 0.343677 -0.210255 -0.538108 0.816231
0.96415 0.833989 -0.229433 0.790872 0.164761 -0.589385
-0.51282 -1.360512 -0.041009 -0.029175 -0.995944 -0.08512
-0.276814 0.771637 -0.409691 0.623822 -0.135894 -0.769662
-1.222957 0.382397 -0.248686 -0.527788 0.598148 -0.603041
0.476114 0.981644 0.482298 -0.123056 0.260522 0.957594
-0.457493 -1.350336 -0.102699 0.052968 -0.974393 -0.218522
-1.054517 0.101028 -0.480371 -0.088674 0.303416 -0.948723
-0.772291 0.13537 0.395405 0.48909 0.473737 0.732369
0.099216 -1.29966 0.064732 -0.125584 -0.970787 0.204453
-0.633529 0.258131 0.101435 0.945915 0.197531 0.257345
0.202224 -0.941691 0.368458 -0.517784 -0.023736 0.855182
-0.643988 0.302629 0.120276 0.934143 -0.021118 0.356274
-0.2589 1.269377 0.213276 0.240514 0.808524 0.537068
-1.221274 0.493726 -0.101025 -0.716826 0.635264 -0.287402
1.306757 0.349412 0.189417 0.673234 0.599728 0.43253
-1.180895 0.51164 0.147769 -0.669269 0.599502 0.438948
0.389318 -0.433793 0.111719 0.058025 0.980994 0.185159
0.557639 0.035266 -0.219674 -0.853598 0.31594 -0.414188
-0.693944 -1.212458 0.303915 -0.386001 -0.693932 0.607833
-0.337923 -0.917508 -0.451425 0.45077 -0.119576 -0.884595
0.233887 -0.783782 0.374974 -0.662691 0.171612 0.728965
1.020272 0.508906 -0.2727 0.319484 0.365922 -0.874089
0.909696 0.111657 -0.466928 -0.208878 0.378514 -0.901719
1.080842 0.500165 0.249622 0.428246 0.474952 0.768782
0.903867 -0.083454 0.476267 -0.209099 -0.309791 0.927527
-0.216367 -0.563162 0.230725 0.826383 0.404355 0.391903
0.936569 -0.207196 0.424183 -0.191645 -0.486963 0.852138
-0.530192 -1.165137 0.394328 -0.006091 -0.613491 0.789678
1.457344 -0.192891 -0.018464 0.914919 -0.401874 -0.0377
-0.603086 -0.63324 0.395119 -0.233926 0.568738 0.788552
0.796351 -1.201395 0.220131 0.61314 -0.655197 0.441335
0.608391 1.244788 -0.304972 0.185098 0.769511 -0.611222
-0.737843 -0.191527 -0.327528 0.60222 -0.482232 -0.636225
0.859352 -1.042451 -0.288675 0.729714 -0.336435 -0.595255
-0.660974 0.107257 0.315639 0.669628 0.492217 0.556166
-1.335393 0.37354 -0.072725 -0.762125 0.624793 -0.169705
-0.352473 -0.461624 0.216307 -0.02672 0.927792 0.372139
0.809484 -0.227228 0.359175 -0.474613 -0.469096 0.744776
-0.6678 -0.531297 -0.303551 3.4e-5 0.612986 -0.790094
-1.492627 -0.064164 0.051634 -0.984124 -0.144243 0.103413
0.060696 1.27822 0.119255 -0.087159 0.91715 0.388895
0.755251 1.213321 -0.252656 0.524076 0.685374 -0.505576
1.074832 -0.20349 -0.433266 0.104179 -0.470731 -0.876104
0.777222 1.11113 -0.331965 0.585555 0.46205 -0.666059
-1.370051 0.071538 0.326867 -0.736443 0.172098 0.654243
-0.882611 -0.315208 -0.34755 0.311331 -0.411636 -0.856521
0.51141 0.042487 0.032114 -0.90877 0.41332 0.057485
0.706149 -1.211906 -0.296417 0.414241 -0.690615 -0.592836
-0.548715 -1.349201 0.102731 -0.08376 -0.974075 0.21015
-0.456389 -0.569807 -0.374123 -0.118087 0.723431 -0.680223
-0.961092 1.051634 -0.041219 -0.899796 0.42703 -0.089517
-0.115238 -0.869656 0.305945 0.477362 0.274551 0.834714
1.112815 0.073491 -0.478595 0.215342 0.217705 -0.951962
0.756756 -0.502313 0.292906 -0.112119 0.356257 0.927637
-0.5808 0.101598 0.186338 0.787916 0.531582 0.31082
1.107915 -0.104729 0.471104 0.196696 -0.297375 0.93428
-0.66521 1.23712 0.29093 -0.315685 0.749374 0.58205
-0.376126 0.735671 -0.463886 0.346185 -0.207863 -0.914849
0.72891 -0.814112 0.422435 0.470284 0.165624 0.866834
-0.298741 1.21534 0.294872 0.277267 0.671632 0.687047
-0.579026 0.068202 0.230125 0.788613 0.465091 0.402218
-0.311788 -0.982261 -0.425902 0.447193 -0.207441 -0.87005
-0.207205 -1.275837 -0.179328 0.224441 -0.843366 -0.488222
-1.174533 -0.555 -0.088608 -0.755656 -0.593265 -0.277528
0.682435 1.07354 0.4156 0.391812 0.395398 0.830749
-0.487951 -0.535579 -0.326963 -0.120917 0.792089 -0.598309
0.781421 1.031087 -0.370998 0.59762 0.289769 -0.747586
1.233787 0.334631 -0.284699 0.499611 0.575675 -0.647292
0.772127 0.67051 0.358334 0.351372 -0.319888 0.879891
-0.474854 1.331252 0.169007 0.040016 0.934292 0.354255
0.546912 -0.692065 0.449182 0.222512 0.462931 0.858011
1.161481 -0.591903 0.027872 0.814569 -0.572962 0.090509
-0.169358 0.641257 0.211839 0.808844 -0.435683 0.394907
-0.708124 1.016128 -0.424889 -0.461249 0.259205 -0.848565
-0.388547 0.687441 0.453432 0.243175 -0.345536 0.90635
0.862403 -1.13524 0.205647 0.744247 -0.520988 0.417934
1.075308 0.592235 0.196552 0.633385 0.416099 0.652445
-0.626862 -0.279437 -0.057704 0.985135 -0.059771 -0.161049
1.276353 -0.233491 -0.333103 0.538384 -0.483371 -0.690286
0.910641 0.05242 -0.486235 -0.185748 0.206823 -0.960584
-0.531168 1.219342 -0.345755 -0.016145 0.717723 -0.696142
-0.134803 -0.649092 0.143784 0.777561 0.553394 0.298586
0.904454 1.072953 0.196941 0.809909 0.418375 0.411108
-0.671301 -0.008286 0.376453 0.656987 -0.057879 0.751677
-1.010582 0.912361 0.078181 -0.928429 0.316294 0.194878
-0.332988 0.545874 -0.344872 0.258321 -0.681275 -0.684934
0.910437 0.913588 -0.27723 0.761225 0.166352 -0.626788
0.9598 -0.612768 -0.270005 0.455769 -0.127257 -0.880954
-1.490813 -0.089989 0.001304 -0.979761 -0.200154 0.002616
-1.050485 -0.523563 0.252719 -0.418119 -0.410166 0.810519
0.954162 -0.978045 -0.178177 0.862379 -0.309533 -0.400613
0.935628 0.307457 -0.366889 -0.189695 0.462722 -0.86597
0.520771 -0.717819 -0.467645 0.169186 0.392976 -0.90385
0.592228 -0.379939 0.067288 -0.674582 0.706055 0.215466
-0.013776 0.720295 -0.110606 0.112604 -0.92369 -0.36622
-0.564333 0.121475 0.075482 0.831073 0.542003 0.124703
-1.106478 -0.436422 -0.278549 -0.35352 -0.531045 -0.770074
-0.67346 -0.599351 0.352308 -0.182045 0.547822 0.816548
-1.244024 0.111965 0.417155 -0.474286 0.282879 0.833686
0.757145 -0.430907 -0.271009 -0.385649 0.190044 -0.902861
0.37753 -0.876109 -0.474234 -0.380408 -0.066473 -0.922427
0.241461 1.174723 0.306146 -0.316632 0.569287 0.75872
-0.252272 -1.324639 -0.078852 0.197324 -0.958714 -0.204768
-0.810543 -0.624271 -0.329248 -0.28697 0.266902 -0.920006
-0.238937 -0.726564 0.363491 0.701789 0.228685 0.674682
-0.423892 -0.592029 0.399559 -0.039513 0.657754 0.752196
0.878262 -0.912132 -0.313547 0.713005 -0.126386 -0.689674
0.589224 -0.078468 -0.237654 -0.77116 -0.486821 -0.410265
-1.312615 -0.332958 -0.202563 -0.67036 -0.586836 -0.454137
1.45853 0.042355 0.194102 0.916296 0.097723 0.388396
0.207043 -1.298605 -0.132452 -0.207225 -0.908283 -0.363427
-0.905734 0.654049 -0.29571 -0.457829 -0.032542 -0.888445
-1.362 0.349281 0.017574 -0.793059 0.607844 0.03978
1.338786 0.297529 -0.207716 0.700211 0.554646 -0.449524
1.038002 -0.234364 0.418736 0.023684 -0.497939 0.866889
-0.260966 0.556496 0.298178 0.69291 -0.463467 0.552335
-1.111346 -0.620894 -0.125185 -0.773503 -0.477765 -0.416454
-0.870959 -0.094988 0.463222 0.278766 -0.355513 0.892132
-0.578057 0.393862 -0.075378 0.555805 -0.799403 -0.228115
-0.251688 -1.300556 0.152871 0.215776 -0.89354 0.393736
0.770345 0.00224 0.444122 -0.459313 0.012253 0.88819
0.7213 0.578642 -0.330554 0.132125 -0.480292 -0.8671
0.681014 -1.042025 -0.429699 0.39732 -0.324581 -0.858361
-1.083385 -0.65339 -0.14171 -0.782087 -0.408451 -0.470646
1.172374 -0.263476 -0.373223 0.321718 -0.519187 -0.791797
0.671455 0.0836 -0.346069 -0.644514 0.43823 -0.626543
-0.662484 -0.999168 -0.451324 -0.368127 -0.231884 -0.900396
-0.769175 -0.73938 0.382367 -0.446387 0.247189 0.860021
0.443329 1.138479 -0.404269 -0.175022 0.549177 -0.817173
-0.774521 -1.221419 0.218515 -0.564418 -0.700043 0.437462
-0.943924 -0.861973 0.248565 -0.779618 -0.154042 0.607014
-0.078448 1.234031 0.195983 0.129094 0.767515 0.627898
-0.895989 -0.734887 0.305482 -0.578165 0.036707 0.815094
1.085676 0.554823 -0.211577 0.566838 0.454848 -0.686883
0.355944 -0.624732 0.413509 -0.302965 0.473974 0.826778
-0.150845 -1.229166 -0.22187 0.22116 -0.728726 -0.64811
0.966164 -0.722283 0.250051 0.669544 -0.11543 0.733749
0.95538 0.805554 0.247063 0.750373 0.127006 0.648699
-0.310727 1.280713 -0.218602 0.222159 0.826897 -0.516611
-0.394023 -0.655199 -0.440446 0.170537 0.445638 -0.87882
0.693627 -1.000954 0.436734 0.434609 -0.227534 0.871403
-1.229215 -0.217664 0.374818 -0.43477 -0.468083 0.769333
-0.280257 0.518734 0.283092 0.534511 -0.633341 0.559622
-0.983236 -0.941686 -0.13855 -0.894908 -0.302607 -0.327977
1.280035 0.071664 -0.406087 0.554391 0.183594 -0.811753
-0.331505 0.435724 -0.135767 -0.017047 -0.973209 -0.229289
-0.638752 0.465419 -0.241189 0.241088 -0.684598 -0.687896
0.53223 -0.422004 0.101171 -0.267781 0.930858 0.248588
-0.680534 0.043146 0.376476 0.631964 0.270743 0.726168
0.632582 0.952415 -0.471709 0.315627 0.133116 -0.9395
0.80529 -0.313536 0.310525 -0.502041 -0.321545 0.802847
-0.458962 1.300214 -0.233198 0.077603 0.869073 -0.488559
0.073156 0.687004 -0.081136 -0.547124 -0.806077 -0.225598
-0.86853 0.661157 0.314629 -0.422795 -0.124184 0.897676
-0.163136 -1.194279 0.26007 0.258458 -0.623432 0.737924
-0.851121 -1.1942 0.129068 -0.722592 -0.64038 0.260334
-0.988431 0.317627 0.368978 0.062231 0.488305 0.870451
-1.010576 0.926519 0.049221 -0.936209 0.329912 0.121126
1.259816 -0.297637 -0.296336 0.528744 -0.551326 -0.645345
-0.880483 -1.001592 0.283239 -0.753536 -0.274382 0.59741
0.844571 0.189133 0.402773 -0.378447 0.486753 0.787305
-0.111376 -0.84428 0.294076 0.495373 0.341276 0.798834
-0.09272 1.293661 -0.085616 0.121147 0.954638 -0.272011
0.422528 -0.454128 0.182873 0.056681 0.947261 0.31541
0.276648 -0.487723 -0.238598 -0.47557 0.739302 -0.476724
0.728538 0.451445 0.265743 -0.331334 -0.35707 0.873338
-0.487735 0.455524 -0.183037 0.029617 -0.931755 -0.361877
0.638028 0.362491 0.138548 -0.787596 -0.408385 0.461426
0.507871 -1.173776 0.38698 -0.040571 -0.627953 0.777193
1.02237 -0.895778 -0.039775 0.940944 -0.322863 -0.101902
0.042809 1.103161 -0.284272 -0.111053 0.34545 -0.931843
-1.283937 0.417864 -0.11564 -0.711472 0.640605 -0.288848
0.899544 -0.588916 0.296214 0.301621 0.019045 0.953238
-0.5907 0.371405 -0.013603 0.729626 -0.682419 -0.044149
-0.515534 -0.468293 0.214391 0.037925 0.894826 0.4448
0.613661 -0.391929 0.135119 -0.622272 0.650944 0.434798
0.226898 0.656134 -0.318363 -0.762264 -0.312428 -0.56687
0.57807 1.297628 -0.233375 0.125636 0.87316 -0.470964
-0.37875 0.470442 0.234281 -0.061453 -0.914974 0.398807
-0.092473 -1.24114 -0.190134 0.145692 -0.785948 -0.600883
-0.419016 -0.45165 -0.175895 -0.056331 0.951619 -0.302074
-0.662109 -1.304111 -0.175773 -0.304568 -0.884964 -0.352246
0.470399 0.460405 -0.195127 0.011578 -0.930245 -0.366755
0.980974 -0.521305 -0.281136 0.269254 -0.270264 -0.92437
-0.661056 0.975963 0.457164 -0.371824 0.178413 0.910997
0.279065 -1.046801 -0.390439 -0.42108 -0.301291 -0.855521
-0.896524 -0.787435 0.306292 -0.641918 -0.002192 0.76677
-0.632032 -1.286669 0.232703 -0.238301 -0.85169 0.466731
-1.12032 0.049959 0.481366 -0.235722 0.150619 0.960078
0.070556 1.235279 0.192893 -0.116734 0.7738 0.622581
-1.267041 -0.244089 0.332723 -0.520955 -0.497002 0.69397
-0.518264 0.052586 0.054384 0.881701 0.462292 0.09428
-0.970788 -1.028042 -0.051009 -0.909136 -0.400926 -0.112831
0.711562 -0.336767 0.227834 -0.725055 -0.02997 0.688039
-0.999357 0.965785 -0.000664 -0.934951 0.354774 -0.001564
-0.589809 0.157062 -0.094478 0.850116 0.499061 -0.168052
0.418188 -1.300806 0.223417 -0.127805 -0.867906 0.480005
0.171219 -1.247967 -0.206304 -0.22479 -0.777313 -0.587584
0.760126 0.608826 0.337644 0.219388 -0.384813 0.896542
-0.843228 -0.334316 0.322939 0.396169 -0.330499 0.856634
0.72996 -1.309928 -0.000629 0.454631 -0.890679 -0.001259
0.531879 -0.592612 0.380743 0.17619 0.673934 0.717475
-0.968232 0.27228 0.392564 0.126213 0.495617 0.859322
-0.179381 -1.279644 -0.159646 0.207305 -0.866873 -0.453383
0.477766 1.249596 -0.309457 -0.072835 0.769445 -0.634546
-0.614634 0.399416 -0.147354 0.577131 -0.669046 -0.468292
-0.425145 1.133158 -0.403532 0.208078 0.534133 -0.819393
-0.030681 -1.180849 -0.240579 0.062995 -0.601705 -0.79623
0.519517 -0.007361 -0.137203 -0.958254 -0.084016 -0.273295
-0.097901 -1.180328 -0.251783 0.186317 -0.591761 -0.784286
-0.033081 0.796392 0.225132 0.209617 -0.650138 0.730329
-1.051401 0.399006 0.319673 -0.168317 0.493571 0.853263
0.309244 -0.870783 -0.439367 -0.520281 -0.028228 -0.853528
0.347324 -1.343028 0.076844 -0.158438 -0.971063 0.178701
0.667623 -0.287849 -0.173542 -0.870105 -0.135659 -0.473829
-0.683809 1.275882 0.218835 -0.354427 0.826206 0.437911
0.206207 -1.160554 -0.301718 -0.317125 -0.529665 -0.786693
-0.770963 -0.941561 0.401223 -0.571326 -0.101325 0.814444
-0.903742 -0.960947 -0.270395 -0.774541 -0.227726 -0.590108
-0.222894 -0.556265 -0.237096 0.814963 0.413236 -0.406289
0.339551 1.171702 -0.348556 -0.287914 0.582664 -0.760005
-0.285307 0.482074 -0.237369 0.387626 -0.790734 -0.4738
-0.430745 1.351383 -0.088801 0.083568 0.977762 -0.192346
0.583114 0.597532 0.372362 0.186832 -0.64264 0.743039
0.906868 0.484365 0.300647 0.027798 0.144291 0.989145
1.412244 -0.256428 0.102914 0.836807 -0.503136 0.215889
-1.176007 0.420191 0.25053 -0.479445 0.586108 0.653154
-0.119785 -1.261828 -0.167652 0.168024 -0.840783 -0.514639
-0.909429 -0.667679 0.294164 -0.48934 0.024502 0.871749
0.877309 0.366757 0.324217 -0.281162 0.316764 0.905875
-0.404104 1.354913 -0.048745 0.107994 0.988279 -0.107901
-1.03423 -0.638792 0.210876 -0.651717 -0.300097 0.696568
-0.644178 -0.951211 -0.467796 -0.342254 -0.125953 -0.931127
0.275571 0.793682 -0.41217 -0.61317 -0.108323 -0.782489
0.45007 -1.354005 0.082395 -0.059997 -0.982503 0.17632
-0.802913 0.393607 0.289431 0.410906 0.084353 0.907767
-0.301925 -0.507379 0.286232 0.34902 0.743077 0.570983
-0.70195 1.070578 0.40717 -0.436419 0.383563 0.813891
1.309907 -0.267876 -0.275467 0.621836 -0.522345 -0.583503
-0.484624 -0.526469 0.315198 -0.111965 0.809672 0.576103
0.180953 1.314381 0.057745 -0.183716 0.968997 0.165205
-1.107652 0.444721 0.272247 -0.371347 0.530045 0.762334
-1.280089 -0.385373 0.179602 -0.656651 -0.619292 0.43045
-0.741599 0.066006 -0.413612 0.518011 0.334128 -0.787415
-1.313513 0.085605 0.37747 -0.620357 0.211742 0.755197
0.599652 0.909969 -0.485555 0.254967 0.045866 -0.965861
0.159177 0.592265 -0.103984 -0.854519 -0.485125 -0.185611
-0.961369 -0.355886 -0.346271 0.093727 -0.439874 -0.893155
-0.770294 -0.537077 -0.306808 -0.018198 0.351272 -0.936097
-0.931216 0.985753 -0.217031 -0.828039 0.294498 -0.477098
-0.629115 0.307812 0.07283 0.968155 -0.112898 0.223449
1.269945 -0.2687 -0.31192 0.535757 -0.524072 -0.662053
1.439533 -0.090679 -0.217496 0.875762 -0.207006 -0.436108
0.93225 0.895163 0.254772 0.78381 0.172425 0.596583
0.297664 0.429634 0.101769 -0.096393 -0.978345 0.183164
0.373331 -0.774731 0.469741 -0.378965 0.120936 0.917475
0.006963 -0.761865 0.182748 -0.050363 0.792116 0.608289
0.333222 -0.516103 -0.311226 -0.173971 0.778054 -0.603627
0.701076 -0.196371 0.284029 -0.68569 -0.467484 0.557932
0.221692 -0.471189 -0.089852 -0.805159 0.570762 -0.161088
-1.492368 0.067897 0.048649 -0.983497 0.152436 0.097455
1.177783 -0.566665 0.042915 0.790046 -0.597829 0.135747
0.139285 -0.808997 -0.298279 -0.595787 0.340584 -0.727352
-0.720383 -0.480099 -0.276447 0.211987 0.444358 -0.870406
0.316849 -0.458669 -0.206737 -0.090843 0.921247 -0.378222
0.995769 -0.491654 -0.28695 0.226678 -0.336222 -0.914096
-0.048502 -0.697246 0.067566 0.39138 0.896681 0.206844
-0.45893 0.615971 0.416239 -0.10089 -0.617206 0.780306
-1.216676 0.42088 0.214351 -0.569792 0.61026 0.550382
-0.765505 -1.047754 0.376543 -0.568533 -0.324559 0.755931
0.220413 1.261952 0.207176 -0.240027 0.799738 0.550279
0.492611 0.426632 0.084043 -0.143343 -0.973191 0.179867
-1.175297 0.55063 -0.095626 -0.747016 0.594236 -0.298079
-0.610104 -0.145155 -0.18638 0.79188 -0.516834 -0.325283
-0.562648 -1.355559 0.055906 -0.110351 -0.987326 0.114062
-0.346453 1.323822 0.146594 0.172817 0.924912 0.338634
0.980207 -0.270835 -0.394972 -0.099653 -0.499234 -0.860717
-0.957185 -1.054815 -0.060636 -0.894037 -0.428359 -0.131169
0.411661 1.345632 0.106521 -0.106799 0.966452 0.23359
-1.153477 -0.189614 0.423441 -0.272967 -0.441719 0.854619
-0.34405 1.248749 -0.276062 0.228835 0.750669 -0.619782
-0.541816 -0.018886 -0.195439 0.903628 -0.192498 -0.382625
-1.258156 -0.385642 -0.20897 -0.609127 -0.612397 -0.503918
0.483509 -0.572715 0.371953 0.143205 0.719658 0.6794
-0.906982 0.614812 0.294027 -0.375316 -0.015949 0.92676
-0.215581 -1.318859 0.070387 0.195157 -0.961787 0.19204
-0.881167 0.593691 -0.302121 -0.288074 -0.074043 -0.954741
0.12023 -1.193866 0.246784 -0.210478 -0.629873 0.747636
0.290184 1.013197 0.406704 -0.442222 0.245645 0.862611
-0.826961 1.121799 0.271822 -0.679578 0.486674 0.548928
-1.110355 -0.433848 0.27854 -0.357519 -0.53527 0.765288
-0.239653 -1.329094 0.032384 0.192782 -0.977491 0.085713
-0.728281 1.310775 0.002185 -0.450841 0.892593 0.004371
0.361657 1.149285 -0.373009 -0.283604 0.543923 -0.789757
-1.401031 -0.136134 0.260172 -0.794881 -0.306167 0.523857
0.250092 -1.168473 0.314371 -0.322837 -0.555173 0.766524
0.135818 1.305212 0.06392 -0.158106 0.96822 0.193783
-0.311555 0.682801 -0.414772 0.558178 -0.265113 -0.786227
-0.618562 0.106383 0.256538 0.736056 0.514696 0.439671
-1.145382 -0.392476 0.292037 -0.369867 -0.564125 0.738215
-0.732689 -0.199142 0.316753 0.620755 -0.473693 0.624722
-0.051425 0.692526 0.050591 0.415941 -0.896411 0.153104
1.0286 0.45075 -0.296723 0.207772 0.432311 -0.877461
0.483712 -1.33992 0.144983 -0.0233 -0.952616 0.303281
-1.238763 -0.460697 0.128612 -0.687881 -0.637682 0.346672
1.096818 0.220363 -0.420769 0.150574 0.484815 -0.861558
0.674868 0.195521 0.249079 -0.741625 0.458351 0.489802
-0.442448 -1.271177 0.275863 0.115066 -0.807788 0.578134
-0.595029 0.48007 -0.245759 0.120927 -0.782354 -0.610982
-0.706996 -0.531727 0.304169 0.011243 0.522883 0.85233
-0.481484 -0.781245 0.491678 -0.008774 0.198127 0.980137
-0.805788 0.155754 -0.403176 0.437255 0.480055 -0.760497
-0.924127 -0.760066 -0.283515 -0.651209 -0.035524 -0.758067
0.770297 1.035391 0.377996 0.577808 0.297967 0.759838
0.102498 -0.736187 0.211341 -0.598349 0.586358 0.546043
0.06804 -0.681405 -0.03643 -0.528288 0.842796 -0.102991
0.392317 0.769447 -0.476024 -0.308375 -0.144956 -0.940156
1.402632 -0.208563 0.199641 0.802413 -0.434088 0.409513
0.325929 -0.757533 0.442795 -0.522905 0.137621 0.841208
-0.955572 0.809247 0.246104 -0.754242 0.129937 0.643611
-0.747912 1.009644 -0.402788 -0.53817 0.241292 -0.807559
0.736636 -0.886974 -0.425973 0.508797 0.020794 -0.860635
-0.863175 0.958326 -0.318805 -0.712335 0.186133 -0.676707
0.654529 1.331965 0.088185 0.288641 0.94093 0.177023
-0.833287 0.993722 -0.338413 -0.678102 0.230377 -0.697929
0.799984 1.059529 -0.342459 0.630837 0.352367 -0.69129
0.66834 -0.416867 -0.214895 -0.508393 0.497307 -0.703009
-0.576705 -1.292038 -0.2438 -0.121897 -0.862133 -0.4918
0.311278 -1.211644 -0.303457 -0.275153 -0.66423 -0.695046
-1.313178 -0.392022 -0.097645 -0.737404 -0.633615 -0.234024
1.240076 0.445276 0.152399 0.662249 0.63253 0.40166
-0.593331 -1.212946 0.344967 -0.150893 -0.7071 0.690826
1.467961 -0.052751 0.166783 0.934872 -0.120672 0.333846
-0.359711 -1.273677 -0.248725 0.199931 -0.807156 -0.555452
0.166795 -0.648345 0.214432 -0.801506 0.439399 0.405607
0.081695 -0.703875 -0.139535 -0.564195 0.733081 -0.379837
-0.714387 0.820373 -0.431349 -0.456922 -0.161745 -0.874678
0.760576 1.19734 0.267721 0.538323 0.650414 0.535882
-0.871076 0.819641 -0.327671 -0.638538 -0.006638 -0.769562
-1.466048 -0.111384 0.137016 -0.928917 -0.2476 0.275331
0.614758 -0.149217 -0.191185 -0.78991 -0.512627 -0.336535
-0.074255 0.99188 -0.309837 0.253515 0.002246 -0.967329
0.714511 0.610409 -0.349514 0.209015 -0.471971 -0.856479
-1.261701 0.006985 0.425966 -0.523337 0.018689 0.851921
1.056985 0.79722 -0.035469 0.934503 0.340383 -0.104136
-1.454638 -0.126435 0.158852 -0.905325 -0.279565 0.319736
0.115466 -1.282694 -0.125782 -0.151602 -0.908503 -0.38941
-1.411922 -0.001086 -0.283406 -0.823842 -0.002594 -0.566813
0.0979 -1.283822 0.116483 -0.131664 -0.920549 0.36777
-1.278122 0.450007 0.019638 -0.75298 0.656038 0.051337
-0.791335 0.980056 0.379064 -0.609786 0.185933 0.770448
0.428189 0.462613 0.205595 0.06326 -0.93212 0.356582
-1.025909 0.745569 -0.17296 -0.812601 0.259025 -0.522098
0.908103 -1.097359 -0.159908 0.820366 -0.465451 -0.332198
-0.764917 1.19981 0.260211 -0.547253 0.655109 0.520909
-0.470111 1.138113 0.409434 0.125182 0.554679 0.822594
1.108569 -0.56654 0.181179 0.64287 -0.490335 0.588464
1.273035 0.453152 0.041518 0.747736 0.654952 0.109217
1.259623 -0.415318 0.167134 0.654703 -0.628915 0.41932
0.802796 1.250856 -0.097819 0.620138 0.759623 -0.195962
-0.983774 0.605098 0.258498 -0.481415 0.195102 0.854503
0.744431 -0.703485 -0.382351 0.383261 0.325792 -0.864275
0.881661 -0.534732 0.299221 0.127146 0.010547 0.991828
0.730337 -0.368751 0.245604 -0.622285 0.05076 0.781143
-1.495468 -0.051886 -0.038296 -0.990174 -0.116959 -0.076661
0.275045 -0.874038 0.417244 -0.560112 -0.002027 0.828414
-1.409408 -0.235964 0.149805 -0.823394 -0.474704 0.310932
-0.582209 1.176668 -0.380634 -0.125997 0.63587 -0.761442
-1.416293 0.234456 0.132732 -0.837575 0.47189 0.275296
0.459451 -0.526083 0.319619 0.112441 0.813281 0.570904
-0.843742 1.226875 0.004424 -0.706085 0.708071 0.008898
0.928474 -0.992667 0.217463 0.826292 -0.302188 0.475315
0.638186 -0.653597 -0.397856 0.267932 0.510008 -0.817377
0.715061 -0.206388 -0.292458 -0.667016 -0.458091 -0.587573
-0.575011 -1.180547 0.378478 -0.108965 -0.64388 0.757327
-0.760525 -0.10358 -0.407101 0.493927 -0.43075 -0.755309
-1.244014 -0.096489 0.422065 -0.477112 -0.248203 0.843066
-0.731971 -0.869282 0.427884 -0.497384 0.058062 0.865585
0.283395 -1.323483 -0.109167 -0.196544 -0.942074 -0.271785
1.362754 -0.003661 0.344083 0.725497 -0.009045 0.688166
-0.211631 -1.097678 -0.338553 0.374908 -0.373232 -0.848612
-0.308131 0.455196 0.19555 0.125969 -0.923351 0.362705
0.495839 0.764979 -0.487316 0.06949 -0.253566 -0.964819
1.473273 -0.150526 -0.030559 0.94404 -0.323996 -0.061766
-0.437387 -1.109932 0.420849 0.196135 -0.494641 0.846677
0.133662 1.136647 0.28963 -0.2692 0.457364 0.847555
0.936131 0.952507 -0.227188 0.821502 0.251887 -0.511554
-0.563867 1.258883 -0.296778 -0.090173 0.796707 -0.597601
-0.467293 1.2376 0.322117 0.094769 0.744211 0.661188
0.990877 -0.375434 0.338134 -0.002679 -0.451166 0.892436
-0.83625 -1.233197 -0.027011 -0.690638 -0.721162 -0.054269
-1.234283 -0.164615 -0.400953 -0.445989 -0.387779 -0.806673
0.799095 0.249805 0.338432 -0.509981 0.438444 0.740058
0.247819 -0.534704 0.259715 -0.734567 0.48556 0.473966
-1.490485 -0.080076 -0.046872 -0.979351 -0.179006 -0.093961
-0.229878 -0.8817 -0.385855 0.57915 0.042678 -0.814103
0.16547 0.613006 -0.166208 -0.835461 -0.459668 -0.301183
0.245387 1.306666 -0.13443 -0.210523 0.91274 -0.350123
-0.863992 0.096981 0.460171 0.29329 0.363743 0.884122
0.137191 1.288378 0.121314 -0.169442 0.915063 0.365991
-0.564518 -0.949748 -0.488586 -0.142581 -0.159142 -0.976906
1.354328 0.274372 0.211083 0.720671 0.528671 0.448485
-0.847402 0.260317 0.360997 0.401128 0.453563 0.795849
-1.070039 0.448148 -0.28587 -0.294566 0.487893 -0.821701
0.658421 0.390046 0.187197 -0.644886 -0.443194 0.622656
0.395501 -0.493272 0.278167 0.069707 0.873213 0.482328
1.407133 -0.157215 0.236705 0.80727 -0.345535 0.478457
-0.138066 -1.199432 -0.247298 0.228768 -0.643127 -0.730789
-0.256248 -0.840789 0.402471 0.601377 0.067006 0.796151
0.987702 0.174124 -0.450008 -0.074159 0.453998 -0.887911
-1.486751 0.082954 0.072855 -0.97172 0.185535 0.14607
0.905293 1.142418 -0.075341 0.821017 0.549501 -0.154854
0.032596 -0.696118 -0.021972 -0.277165 0.958245 -0.070323
-0.273098 -0.941233 -0.411843 0.510184 -0.104977 -0.853635
0.232644 1.328386 -0.023556 -0.192209 0.979333 -0.062943
-0.189041 0.961944 -0.359923 0.490001 0.04785 -0.870408
-0.829559 1.18435 0.194528 -0.681497 0.618332 0.391442
0.666871 1.133139 0.388292 0.338992 0.53105 0.776576
-0.761801 -0.220195 -0.328492 0.576281 -0.458746 -0.676352
0.856187 -1.173131 -0.160997 0.732955 -0.597338 -0.325521
0.631546 -0.629197 -0.383836 0.234168 0.554833 -0.798327
0.120729 0.828004 0.293017 -0.536784 -0.353134 0.766263
0.140527 -1.088912 0.313259 -0.316959 -0.322125 0.892061
-0.390748 0.742574 0.470496 0.294104 -0.205898 0.933332
-0.677626 -0.261667 0.202274 0.824307 -0.273667 0.495605
0.593177 -0.84485 -0.485144 0.267788 0.110167 -0.957159
0.265459 1.335141 0.017213 -0.189427 0.980905 0.044078
0.758324 0.777408 0.398267 0.474534 -0.2046 0.856129
0.709086 -0.634561 -0.364157 0.257018 0.457047 -0.851499
1.122216 -0.151232 0.450355 0.213494 -0.388416 0.896411
-0.19778 -0.961331 0.364924 0.496191 -0.057161 0.866329
0.304804 1.198274 -0.313147 -0.288395 0.633036 -0.718397
0.567697 0.066589 0.208484 -0.804915 0.46987 0.362402
-0.740315 0.672193 -0.371487 -0.335058 -0.369171 -0.866862
-0.001569 -0.708992 0.072942 0.013383 0.969904 0.243118
-0.278456 -0.826413 -0.417871 0.589116 0.061794 -0.805682
-0.685039 -0.23194 0.233599 0.769399 -0.382526 0.511565
0.749886 -0.323129 0.266503 -0.640008 -0.190299 0.74443
-0.403947 -1.109145 -0.412365 0.252791 -0.482536 -0.838603
0.529582 1.326973 -0.179997 0.043205 0.928517 -0.368768
-0.279417 -0.691357 0.391637 0.650777 0.241218 0.719933
0.103064 -1.001699 0.318256 -0.321338 -0.053929 0.945428
-0.975525 0.934663 -0.163443 -0.877917 0.2829 -0.386301
0.902167 -0.119496 -0.461694 -0.227379 -0.39776 -0.888868
-0.089904 -0.664506 -0.030224 0.649946 0.756097 -0.076734
1.194775 0.238766 0.379403 0.363823 0.495786 0.788561
1.312733 0.22882 0.304696 0.615302 0.473836 0.629987
-1.334522 0.278809 0.235316 -0.680195 0.534189 0.501973
0.624397 -0.938073 0.476176 0.30202 -0.102339 0.947793
1.024248 0.784557 -0.154855 0.854752 0.263043 -0.447446
-0.525793 -0.416251 0.066312 0.28178 0.945594 0.162638
0.761898 1.225355 0.227859 0.536578 0.710048 0.455978
1.02177 0.190529 0.443067 -0.00672 0.465242 0.885158
-0.681683 1.13246 0.381897 -0.374363 0.525838 0.763771
-0.412091 0.783692 -0.483826 0.244975 -0.128285 -0.961005
1.169126 0.034128 0.468723 0.336196 0.09886 0.936589
0.545588 0.936146 0.492943 0.095825 0.137506 0.985855
-0.622942 0.809371 0.469601 -0.331808 -0.202543 0.921347
0.574793 -0.989494 0.478703 0.152212 -0.245402 0.957397
0.40704 1.355957 -0.04152 -0.104609 0.990275 -0.09172
1.030722 -0.145613 0.464791 0.024588 -0.402424 0.915123
0.033385 1.034942 0.299774 -0.106904 0.120323 0.986962
-0.112466 0.685265 0.157932 0.691284 -0.618636 0.373384
0.014348 0.973894 -0.299263 -0.055564 -0.085617 -0.994778
-0.71432 0.690865 -0.389953 -0.348141 -0.379705 -0.857101
0.838336 0.96621 -0.341594 0.678231 0.181974 -0.711961
-0.473373 1.24731 -0.311679 0.080899 0.76428 -0.63979
-0.721119 1.221833 -0.272897 -0.446622 0.708955 -0.545813
-0.474572 -1.201744 -0.359694 0.096682 -0.675953 -0.730575
0.753375 -1.150764 0.321674 0.530918 -0.55081 0.643999
0.283933 -0.421801 0.006639 -0.149328 0.988712 0.012205
-1.0334 -0.31397 0.371714 -0.03786 -0.511345 0.858541
1.225828 -0.074055 0.437661 0.444239 -0.197656 0.873833
-1.04635 0.59559 0.220072 -0.581627 0.352145 0.733283
-0.781463 0.803283 0.390004 -0.51929 -0.141299 0.842836
-1.388113 -0.183349 -0.247514 -0.768676 -0.394721 -0.503321
1.257163 -0.442699 0.125035 0.694689 -0.641116 0.326155
-1.160337 0.369312 -0.302332 -0.373319 0.568164 -0.733364
1.053475 0.019196 -0.496513 0.106073 0.063952 -0.9923
-0.298558 1.021334 0.408523 0.430187 0.26669 0.862447
0.117069 -0.636467 -0.026863 -0.764118 0.642407 -0.058624
-1.344974 -0.171284 0.310838 -0.677773 -0.380292 0.629286
0.422831 -0.43964 0.131716 0.033884 0.972867 0.22887
0.748952 1.085274 0.370388 0.532497 0.407767 0.741737
-0.348572 0.688397 -0.438745 0.419843 -0.289333 -0.860243
0.735193 1.260829 -0.196997 0.472116 0.788589 -0.393998
0.65841 0.355643 -0.165909 -0.791835 -0.274869 -0.545384
-0.575429 -0.819989 0.486287 -0.239123 0.163601 0.957108
-0.620453 -0.757635 0.455605 -0.324339 0.318001 0.890887
-0.044734 -1.269114 -0.135992 0.06729 -0.891613 -0.447771
-0.328989 -0.669923 -0.421575 0.486455 0.308938 -0.817263
-1.451071 0.200171 0.054864 -0.902964 0.41479 0.112271
0.741739 -0.321096 -0.259804 -0.662458 -0.178933 -0.727415
0.709781 -1.278659 0.18876 0.412789 -0.828877 0.377583
0.993978 -0.665146 0.237292 0.625447 -0.189496 0.756906
0.902644 0.889823 0.291601 0.735334 0.124542 0.666163
-1.452516 -0.192785 0.068451 -0.904787 -0.402284 0.139747
0.74465 -0.047197 -0.422472 -0.510669 -0.253888 -0.821437
-1.196235 0.545494 0.028822 -0.779551 0.620053 0.088512
-0.059472 -0.686503 0.0372 0.473397 0.87407 0.109074
0.677667 -0.047635 -0.37218 -0.636243 -0.295664 -0.712585
-1.134017 0.064277 -0.475253 -0.260412 0.188397 -0.946939
-0.910143 -1.075724 -0.182283 -0.819968 -0.426982 -0.381232
-0.368571 -0.650334 -0.431435 0.282306 0.420138 -0.862431
-0.686157 1.213726 -0.307273 -0.367707 0.697931 -0.61456
-1.044305 -0.752628 0.135872 -0.858744 -0.302898 0.413294
0.45158 0.965713 0.482418 -0.187459 0.231988 0.954485
-0.591422 -1.28407 0.253391 -0.150955 -0.846932 0.509822
-0.510657 0.656962 -0.436852 -0.174328 -0.537243 -0.825215
-1.0298 0.865691 0.05981 -0.935765 0.314676 0.159131
-0.645886 -0.614951 -0.369836 -0.21276 0.56242 -0.79901
-0.170228 -0.952801 -0.349709 0.482566 -0.004518 -0.875848
0.378708 -0.422809 -0.001018 0.054983 0.998486 -0.001665
1.318949 -0.084654 -0.373205 0.63152 -0.208773 -0.746724
-1.485718 -0.014797 -0.117592 -0.97136 -0.033784 -0.2352
-1.239697 0.344198 -0.271226 -0.52149 0.582898 -0.623119
0.585168 1.290932 0.243494 0.138936 0.860254 0.490571
-0.113239 0.880903 -0.308347 0.460419 -0.252097 -0.851153
0.365515 0.439295 -0.144212 0.061437 -0.969428 -0.23756
-0.37354 1.033582 -0.43776 0.336845 0.333496 -0.88052
-0.715259 -0.263085 -0.25433 0.72459 -0.328786 -0.605697
1.292085 -0.042316 0.402942 0.582153 -0.109325 0.805696
0.266035 1.328126 0.075586 -0.194736 0.961701 0.192898
-0.87343 0.393945 -0.314659 0.250227 0.252511 -0.934679
0.146396 0.66554 0.194364 -0.771595 -0.496851 0.397217
0.676752 -0.342396 -0.186921 -0.795928 0.123435 -0.592675
-0.79187 0.517679 -0.300676 0.033807 -0.264229 -0.963867
-0.667239 -0.08674 0.339397 0.652036 -0.449304 0.610716
-0.050536 0.907164 -0.291522 0.227471 -0.280266 -0.932581
0.600925 0.186222 0.067547 -0.890149 0.436334 0.131331
0.173242 0.778472 -0.315143 -0.669261 -0.298844 -0.68028
-0.645093 0.525531 0.298681 0.005897 -0.660858 0.750487
1.252493 -0.20085 -0.370847 0.483221 -0.442076 -0.755689
-0.397518 -0.962548 -0.468438 0.3195 -0.220084 -0.921674
0.90386 -0.651594 -0.29657 0.450273 0.036929 -0.892127
-1.303707 0.232227 0.310737 -0.596745 0.479248 0.643597
-0.839074 0.766303 0.347356 -0.546196 -0.115144 0.829706
-1.320358 0.325225 0.200976 -0.680553 0.580801 0.446674
0.702299 -0.961797 -0.440456 0.457956 -0.137016 -0.878352
-0.664248 -0.785356 0.447039 -0.384598 0.250865 0.888342
0.426795 0.444468 0.150193 0.037498 -0.964329 0.262038
1.031454 0.868844 -0.040703 0.941205 0.320069 -0.108119
-0.623199 -0.145757 0.214625 0.769649 -0.515401 0.376832
-1.093976 0.217592 0.422808 -0.144457 0.482484 0.86391
-1.498654 0.034125 -0.005114 -0.996968 0.07714 -0.010232
1.025184 -0.829141 0.121572 0.898647 -0.283515 0.334743
0.125799 1.083458 0.310099 -0.298971 0.301421 0.905407
-1.196035 -0.11895 -0.438571 -0.374141 -0.307905 -0.874764
0.437591 -1.264089 -0.284527 -0.125301 -0.792687 -0.596613
-1.451884 0.192251 -0.07386 -0.903383 0.401458 -0.150764
0.878965 1.087226 -0.228836 0.769357 0.43159 -0.470978
0.173951 1.31779 0.011863 -0.177452 0.983532 0.034299
-1.450323 -0.068143 -0.204546 -0.898722 -0.15648 -0.409649
-0.843706 -0.256003 0.361584 0.408698 -0.45609 0.790536
0.772424 -1.264977 -0.128194 0.55347 -0.79239 -0.256493
-0.68629 0.473415 -0.263267 0.237429 -0.547935 -0.802119
-0.973691 0.372084 -0.339321 0.046714 0.436493 -0.898494
0.67108 0.03471 -0.371019 -0.651796 0.229495 -0.722837
0.530021 -1.059793 -0.457666 0.008281 -0.408281 -0.912819
-0.103477 -0.687234 -0.144649 0.66448 0.657476 -0.355236
1.137508 -0.619786 0.058295 0.826833 -0.528239 0.193158
-0.693363 0.303372 -0.210198 0.798792 0.131112 -0.587146
0.724171 -1.310514 0.045522 0.441771 -0.892494 0.091067
0.535975 -0.075684 -0.085569 -0.83932 -0.524942 -0.14134
-1.267234 0.332154 0.257884 -0.570679 0.579861 0.581453
0.910042 0.859252 -0.288594 0.725233 0.097411 -0.681577
-0.597608 -0.422011 -0.164141 0.414414 0.77333 -0.479815
-0.288587 -1.33189 -0.079261 0.189226 -0.962039 -0.196658
-0.535346 -0.943818 -0.492603 -0.061916 -0.160474 -0.985096
1.251597 -0.481134 -0.00821 0.755718 -0.654506 -0.022644
1.281402 0.443902 -0.039581 0.749179 0.654391 -0.10249
0.364722 -1.108785 -0.399367 -0.306164 -0.466511 -0.829838
-0.504787 0.930074 -0.495342 0.022668 0.144612 -0.989229
-0.640751 0.228804 0.150299 0.878929 0.338857 0.335648
-0.87515 -0.191691 0.414473 0.315919 -0.485191 0.815344
0.348851 0.736878 -0.45201 -0.448131 -0.183443 -0.874944
-0.955988 0.278208 -0.387174 0.152616 0.48989 -0.858322
-0.814025 0.332744 -0.308566 0.469945 0.287739 -0.834481
-1.00689 0.943418 -0.024622 -0.938086 0.341254 -0.059504
-0.200146 -0.524595 -0.131395 0.87145 0.440209 -0.216313
1.251244 0.380953 -0.222449 0.587967 0.60747 -0.534111
-0.802225 1.200637 -0.212896 -0.625291 0.653203 -0.427009
-0.026381 -0.89632 -0.283312 0.126671 0.336609 -0.933086
-0.237051 0.782256 -0.37749 0.661772 -0.168705 -0.730477
0.661577 1.205796 0.329013 0.311387 0.685536 0.658087
-0.777766 -0.070672 -0.433375 0.450879 -0.329886 -0.829387
-0.544478 -0.671093 0.437741 -0.218854 0.509931 0.831909
-1.222364 0.093046 -0.434583 -0.433586 0.244237 -0.867382
1.128674 0.35387 -0.327463 0.285641 0.551611 -0.783667
0.145444 -1.311828 0.028746 -0.161953 -0.983026 0.0862
-1.459387 -0.187478 0.024732 -0.918409 -0.392408 0.050417
0.298847 0.426118 -0.081308 -0.07828 -0.986396 -0.144552
-0.337043 0.692483 0.434051 0.469372 -0.2672 0.841602
-0.571209 1.288034 0.251946 -0.110121 0.854044 0.508411
0.803473 0.120662 -0.422892 -0.421488 0.441339 -0.792192
0.552313 -1.043053 -0.463798 0.071171 -0.369731 -0.926409
-0.610219 -0.021317 0.310128 0.772919 -0.173359 0.610363
1.085008 -0.693168 0.0975 0.858275 -0.40224 0.318696
1.103406 -0.634726 0.12452 0.786384 -0.457523 0.415057
-0.898564 -0.21633 -0.408297 0.275682 -0.489051 -0.827544
-0.026046 -1.300192 0.012709 0.035239 -0.998488 0.042196
-0.087954 -1.159492 -0.263963 0.181463 -0.527271 -0.830094
0.530434 -0.492584 -0.258137 0.011598 0.847264 -0.531046
-0.001695 -0.862006 0.266388 0.009118 0.459931 0.887908
-0.332181 0.574738 -0.370119 0.334261 -0.583369 -0.740236
-0.255901 0.48295 -0.205009 0.619246 -0.675186 -0.400821
-0.936844 -0.301023 0.370622 0.189597 -0.468422 0.862922
0.984312 -0.984645 -0.07881 0.916439 -0.356956 -0.180893
0.671086 0.130373 -0.306848 -0.669095 0.507145 -0.543246
0.664948 1.31513 0.142032 0.310761 0.906846 0.284708
-0.728891 -0.799713 -0.419474 -0.461853 0.191777 -0.865975
-0.800974 0.784761 0.374712 -0.5238 -0.146318 0.839181
0.42255 -0.562991 0.371538 0.066384 0.728829 0.68147
-1.03078 -0.781242 -0.143977 -0.86424 -0.276828 -0.420065
1.087634 0.457715 0.272911 0.352233 0.50406 0.788578
-0.050552 -1.162762 -0.25532 0.108339 -0.540629 -0.834256
0.616819 -0.191915 0.127637 -0.865903 -0.432212 0.251804
1.155181 0.185336 -0.425086 0.276982 0.435423 -0.856556
0.84919 -0.954313 -0.334042 0.690193 -0.168271 -0.703789
-0.3235 0.778698 0.444302 0.527168 -0.103284 0.843461
0.902408 0.423827 0.312569 -0.127649 0.249974 0.959801
-0.199455 -0.539484 -0.156129 0.865939 0.428441 -0.258046
1.275864 -0.125525 0.392336 0.537599 -0.305527 0.785901
0.139798 -0.9185 -0.330814 -0.476135 0.116545 -0.871615
0.623364 1.131612 -0.40502 0.232856 0.538284 -0.809956
-0.992394 0.43754 0.309033 -0.100931 0.391491 0.91463
0.435961 0.905504 -0.490047 -0.221917 0.117778 -0.967926
0.417879 -0.597344 -0.404312 0.015295 0.639469 -0.768665
1.475628 -0.04367 -0.14695 0.950564 -0.099746 -0.294071
0.617033 -1.342559 0.084011 0.21149 -0.962588 0.1694
1.078416 -0.289215 0.382513 0.125315 -0.523697 0.842637
-1.006682 -0.865938 0.139946 -0.891603 -0.269859 0.36362
0.42942 -1.146082 -0.395894 -0.195445 -0.559616 -0.805376
-0.849491 -0.402413 0.305802 0.289331 -0.179765 0.940198
0.024683 -0.702662 0.056387 -0.209531 0.960395 0.183679
-0.52121 1.331891 0.168014 -0.030948 0.937915 0.345483
1.497185 0.040765 -0.030437 0.993887 0.092087 -0.060907
-0.857786 0.039423 0.475682 0.288036 0.173731 0.941729
0.519029 -1.112266 0.430289 -0.022611 -0.511512 0.858978
1.485826 -0.043672 -0.108633 0.97103 -0.09919 -0.217397
0.111723 0.716869 -0.200699 -0.648942 -0.580162 -0.492226
1.047403 0.700584 0.164431 0.791388 0.312216 0.525573
1.136638 -0.042158 0.478182 0.269876 -0.125682 0.954657
1.291555 0.134102 0.377612 0.568874 0.320014 0.75761
0.841714 -1.06554 0.296091 0.70356 -0.374505 0.603944
-0.244385 -0.978813 -0.389641 0.489261 -0.142324 -0.860446
-0.196268 0.575548 -0.197901 0.849662 -0.408352 -0.333651
-1.262607 0.467693 -0.020945 -0.752687 0.655955 -0.056448
0.098967 -1.027266 0.314524 -0.291349 -0.125075 0.948405
-1.123868 0.31592 0.355186 -0.241845 0.5418 0.804962
0.732151 -1.287249 -0.136613 0.46188 -0.843807 -0.273233
0.043724 -1.094561 0.287426 -0.116298 -0.317382 0.941139
-1.278826 0.217969 -0.341736 -0.540903 0.462736 -0.702353
-0.299386 0.863841 -0.433369 0.538499 0.010186 -0.842564
-0.872 0.894144 0.322633 -0.693959 0.092792 0.71401
1.197537 -0.537732 0.057646 0.764274 -0.620586 0.175379
0.772747 0.611504 -0.335587 0.231921 -0.356394 -0.905094
0.094148 1.149793 -0.271291 -0.19798 0.496465 -0.845178
-0.123499 1.007243 -0.325281 0.35965 0.086645 -0.929056
0.839923 0.212248 -0.386072 -0.400233 0.484661 -0.777764
0.631675 0.296194 -0.080121 -0.971332 -0.027378 -0.236146
0.563323 1.356171 -0.049589 0.111742 0.988574 -0.101167
1.024395 -0.878991 0.065144 0.934231 -0.313521 0.170051
-0.621881 -0.389376 0.143114 0.644328 0.606077 0.466382
-0.552212 -0.931941 0.492785 -0.117175 -0.124079 0.98533
-0.419566 -1.03604 0.452189 0.254195 -0.355663 0.899383
-1.267617 0.014924 -0.422001 -0.534949 0.039687 -0.843952
0.410693 0.918174 -0.481469 -0.29351 0.14384 -0.945073
0.662509 0.408992 -0.204726 -0.548546 -0.496507 -0.672739
0.647817 -1.340985 0.033576 0.274943 -0.95909 0.067473
-0.296523 1.322964 -0.119965 0.194268 0.935972 -0.293626
-0.409473 -1.221935 0.326831 0.184681 -0.702358 0.687449
1.297898 -0.375841 0.164863 0.683435 -0.617852 0.388814
-0.445098 0.424623 0.028848 0.039543 -0.99777 0.053772
0.829173 0.1272 -0.432045 -0.37527 0.440861 -0.815361
1.278202 -0.274584 0.300232 0.556266 -0.530076 0.639991
0.43298 -0.904365 -0.489487 -0.230391 -0.116148 -0.966142
1.368485 -0.067038 0.329763 0.733677 -0.161855 0.659941
0.399198 -1.068478 0.432037 -0.279311 -0.406588 0.869869
0.851662 -0.953163 0.331882 0.693389 -0.168143 0.700671
0.059309 -0.891273 0.288739 -0.274045 0.318072 0.907596
1.229804 0.493876 0.075998 0.735436 0.642448 0.215394
-0.439549 -0.442335 0.140837 -0.016006 0.967453 0.252545
-0.256112 0.848462 0.402963 0.595495 -0.056492 0.80137
-0.831651 0.418872 -0.297952 0.291507 0.08977 -0.952347
0.076791 -0.782382 0.233644 -0.44826 0.58089 0.679434
-0.588946 0.820082 -0.482704 -0.267832 -0.169001 -0.948528
0.333697 1.222807 -0.301084 -0.254565 0.691815 -0.675714
-1.255692 -0.368205 -0.231893 -0.582182 -0.601505 -0.547043
-1.302273 0.407872 -0.088456 -0.736081 0.641207 -0.216883
0.659283 -1.155628 0.375162 0.315394 -0.580983 0.750323
1.063284 0.581534 -0.213697 0.583574 0.39702 -0.70839
0.336125 1.314979 -0.163943 -0.184997 0.905621 -0.381612
0.396221 0.478535 -0.249222 0.074608 -0.901756 -0.425758
-0.825969 -0.144255 0.420914 0.390728 -0.464297 0.794833
0.810377 0.169187 -0.397264 -0.436629 0.485736 -0.757242
1.192973 0.548016 -0.038319 0.778507 0.61641 -0.118176
0.261928 1.017198 -0.390905 -0.452023 0.231055 -0.861562
-0.63777 0.166929 0.216078 0.774758 0.492748 0.396168
1.09282 -0.09825 -0.476047 0.167753 -0.285978 -0.943438
-0.160171 0.978014 0.343683 0.445639 0.049377 0.89385
1.281284 0.40444 0.147528 0.6855 0.631531 0.362296
0.888664 -0.327827 -0.343728 -0.289804 -0.399639 -0.869657
-0.075383 -1.004323 0.309851 0.248229 -0.041022 0.967832
-1.024058 -0.605271 -0.232767 -0.559062 -0.294564 -0.775036
0.100203 -1.30038 -0.061848 -0.126306 -0.972604 -0.195163
-0.431937 -0.46892 0.220707 -0.068444 0.920739 0.384129
0.852174 -0.25264 -0.367787 -0.388467 -0.463347 -0.796495
0.355305 1.243215 -0.286701 -0.224763 0.739117 -0.63497
0.390155 0.47454 0.241638 0.070804 -0.908621 0.411576
0.536177 0.494239 0.260631 0.008895 -0.840377 0.54193
-0.353712 1.237124 0.293088 0.230291 0.72558 0.64846
0.800598 -0.012385 -0.45809 -0.399021 -0.063117 -0.914767
0.795825 0.189393 -0.375008 -0.479783 0.48809 -0.729093
1.440846 -0.209304 -0.090292 0.883194 -0.430834 -0.185339
1.492526 0.059907 0.057955 0.984041 0.134891 0.116052
0.181182 0.531956 -0.026479 -0.893291 -0.447416 -0.043012
-1.460335 -0.181297 -0.04589 -0.919601 -0.381593 -0.093387
0.927982 1.112713 0.048998 0.856856 0.505312 0.102262
-0.001744 0.857772 -0.264152 0.009494 -0.47404 -0.880452
-0.126348 -0.650805 -0.124202 0.763153 0.588683 -0.266552
0.252617 -1.216991 0.274271 -0.282564 -0.675113 0.681455
1.482675 0.114406 -0.048733 0.962796 0.251842 -0.097981
0.214564 0.878967 -0.374707 -0.582346 -0.069718 -0.809946
-0.245678 -0.633902 0.330766 0.742199 0.322308 0.587588
-0.674022 0.399816 0.208223 0.59117 -0.4135 0.692486
-0.899612 0.05069 0.484345 0.207293 0.204117 0.956747
-0.501685 -0.707164 0.466103 -0.132666 0.409755 0.902497
-0.845459 0.598825 0.312994 -0.258236 -0.175294 0.950045
-0.232374 1.269069 -0.201816 0.237658 0.815305 -0.528012
-0.516015 1.044378 0.464137 0.025981 0.379359 0.924885
0.055109 -0.686627 -0.009965 -0.446475 0.894304 -0.029692
0.456206 0.425715 -0.050657 -0.060154 -0.993442 -0.097235
1.210767 -0.189856 0.400354 0.394559 -0.43243 0.810757
-0.216109 -1.05789 0.355784 0.412993 -0.282426 0.865836
-0.901976 -0.024877 0.488973 0.197661 -0.103448 0.974797
0.787202 0.06983 -0.438691 -0.432699 0.321802 -0.842149
-0.695902 1.307046 -0.129454 -0.379304 0.888249 -0.259119
0.602695 0.104449 -0.230378 -0.758517 0.521656 -0.390547
0.969635 0.627857 0.262178 0.506436 0.143656 0.850227
-1.316924 0.147045 -0.351171 -0.620182 0.340714 -0.706603
-0.869719 0.514017 -0.300011 -0.047853 -0.013836 -0.998759
0.197824 1.05745 -0.347327 -0.404136 0.269653 -0.874049
-0.570207 -0.70231 -0.448123 -0.253183 0.441505 -0.860797
-0.280016 -0.426853 0.0681 0.198905 0.971597 0.1282
1.266599 0.131074 0.396332 0.517647 0.318594 0.794065
-0.667931 0.260082 -0.186145 0.849551 0.262038 -0.457819
0.108472 -0.714125 -0.193038 -0.643782 0.5976 -0.477932
0.31012 -1.329047 -0.10865 -0.185684 -0.946997 -0.26214
-0.941482 1.047961 0.138332 -0.865665 0.40286 0.297201
-0.780657 0.251204 0.324134 0.554147 0.423859 0.716424
0.379303 1.235432 -0.303612 -0.209369 0.725094 -0.656051
0.266009 1.287964 -0.185771 -0.225771 0.8551 -0.466723
-1.23676 0.292751 0.317687 -0.475538 0.545693 0.689987
0.58022 0.038645 0.258974 -0.812273 0.318823 0.48843
-1.208093 -0.477382 0.154536 -0.654492 -0.620209 0.432413
-1.112819 0.547459 0.192532 -0.606679 0.504057 0.614708
-1.075451 -0.5355 0.231382 -0.499229 -0.446942 0.742303
-0.302916 0.425216 -0.076873 0.055947 -0.989289 -0.134824
0.589363 -0.104733 0.201864 -0.777937 -0.529297 0.338614
0.232241 0.68217 0.338314 -0.739167 -0.281945 0.611669
-0.551626 1.27816 0.271045 -0.069328 0.833583 0.548027
-0.232948 -0.798527 -0.377409 0.651086 0.154981 -0.743012
-0.975546 -0.582216 0.267787 -0.412043 -0.192629 0.89057
-0.392385 1.350446 0.071567 0.121263 0.979681 0.159752
0.375307 1.176817 -0.357312 -0.251469 0.603191 -0.756918
-0.12695 1.149158 -0.280473 0.250532 0.49402 -0.832573
-1.098028 -0.6879 -0.06292 -0.87734 -0.432883 -0.207092
1.03883 -0.234535 -0.418614 0.025485 -0.498035 -0.866782
0.715342 0.2356 -0.271329 -0.698915 0.402343 -0.591302
0.572365 -0.124407 -0.108615 -0.823093 -0.538323 -0.180901
-0.701622 -1.024321 0.425767 -0.446282 -0.279065 0.850268
0.710917 0.973465 0.433855 0.472802 0.16248 0.866059
0.386 0.778401 0.475118 -0.33655 -0.120843 0.933879
1.046783 0.79243 -0.093529 0.908455 0.316057 -0.273529
0.258927 1.330049 -0.056477 -0.193402 0.970252 -0.145626
-0.691551 -0.197506 0.270911 0.707836 -0.462157 0.53421
-1.139981 -0.537318 -0.172402 -0.640599 -0.547453 -0.53845
0.304107 0.456779 -0.197975 -0.155204 -0.915183 -0.371956
-0.671687 -0.793321 -0.445936 -0.396137 0.232351 -0.888307
0.428599 0.600724 -0.406717 0.042329 -0.638457 -0.768493
-0.276444 0.958196 0.411413 0.494514 0.136756 0.858343
-0.340015 1.348661 0.013971 0.158338 0.986839 0.032819
1.036228 0.386273 -0.329433 0.115682 0.486516 -0.865979
0.231578 0.948524 -0.385915 -0.517668 0.072687 -0.852488
-0.500342 0.004842 0.014045 0.997819 0.059765 0.028032
-0.578521 -0.391488 -0.067896 0.572882 0.793079 -0.206961
-0.702604 1.197563 0.314666 -0.40875 0.660951 0.629339
-0.540618 0.092479 -0.031569 0.834806 0.548171 -0.051068
-1.131178 -0.638311 -0.028198 -0.853329 -0.512846 -0.093903
0.501268 1.316706 0.205053 -0.007349 0.905966 0.423286
1.153498 -0.474089 0.219399 0.529478 -0.570909 0.627468
1.057947 -0.689598 -0.155127 0.795091 -0.339553 -0.502527
0.426617 1.190548 -0.360698 -0.178749 0.643921 -0.743919
0.333418 -0.485206 0.264744 -0.086434 0.866687 0.491308
0.185696 0.556466 -0.13671 -0.872878 -0.431973 -0.226897
0.159593 -0.578654 0.061105 -0.867153 0.486429 0.106923
-1.002526 0.84363 -0.163572 -0.8671 0.245851 -0.433238
0.657791 0.228661 0.189188 -0.833931 0.361647 0.416858
-0.309151 -0.813384 0.438337 0.548119 0.056127 0.834515
0.66643 0.005906 0.3723 -0.666912 0.041883 0.743959
-1.314762 0.058112 0.382931 -0.626193 0.146369 0.765806
-1.213165 0.524181 -0.032082 -0.766492 0.635139 -0.095333
-0.44151 -1.058682 0.448217 0.203331 -0.402139 0.892715
-0.562909 -0.424759 -0.13902 0.327781 0.869178 -0.370255
-0.632098 -0.568715 -0.337137 -0.121947 0.639504 -0.759054
0.431201 0.437155 0.119739 0.017438 -0.977111 0.212012
1.434214 0.240579 -0.003836 0.877651 0.479234 -0.007978
0.061736 1.250138 -0.17116 -0.097948 0.824746 -0.556956
0.683424 0.203805 -0.254208 -0.734446 0.447187 -0.510502
1.28832 0.309302 0.25919 0.598586 0.56361 0.569243
-0.67746 -0.194248 -0.254138 0.734108 -0.461732 -0.497884
-0.439232 0.535088 -0.335839 -0.104333 -0.794626 -0.598067
1.39412 -0.25612 -0.157677 0.797923 -0.503865 -0.330814
0.729767 0.310041 0.25119 -0.698921 0.193052 0.688652
0.52529 0.952757 -0.49149 0.027968 0.185343 -0.982276
-1.070932 -0.594954 0.19906 -0.630581 -0.405649 0.661677
0.086332 -0.964393 -0.312399 -0.308971 0.069131 -0.948556
0.39143 1.196434 -0.345943 -0.221304 0.646896 -0.729761
0.383771 1.022124 -0.445806 -0.325664 0.318106 -0.890366
-1.012715 0.808063 -0.163462 -0.855659 0.246706 -0.454955
-1.187871 0.367922 0.287865 -0.432686 0.57903 0.691019
0.311386 -0.447771 -0.176201 -0.084737 0.943919 -0.31912
-0.759023 0.342254 -0.26975 0.600116 0.142785 -0.787066
-1.41344 0.049561 -0.275953 -0.82544 0.117211 -0.552187
0.863311 -0.267656 0.364438 -0.365345 -0.454764 0.812227
-1.36703 0.316055 -0.120121 -0.774398 0.575239 -0.263453
0.339932 -0.45358 -0.195768 0.008452 0.94109 -0.33805
1.194159 -0.540821 -0.061341 0.764248 -0.617042 -0.187574
1.125016 -0.426189 0.276916 0.376731 -0.549291 0.745891
-0.496764 -0.67975 0.453127 -0.139326 0.476823 0.867887
1.401198 0.295113 -0.004316 0.833374 0.552631 -0.009288
0.767104 0.540708 -0.308278 0.028715 -0.363126 -0.931297
0.515639 -0.048761 -0.047766 -0.891316 -0.445577 -0.08377
-0.589148 -1.337694 -0.129344 -0.155293 -0.952557 -0.261763
0.63489 -0.334245 0.108796 -0.899333 0.258308 0.352814
-0.964808 -0.823472 -0.231414 -0.782882 -0.158029 -0.601766
0.570786 1.303773 0.223546 0.112381 0.884927 0.451967
0.753517 -1.096932 -0.360346 0.540018 -0.432926 -0.721773
1.209319 -0.529124 -0.03017 0.769552 -0.632159 -0.090358
-0.710154 -1.280779 0.183616 -0.413396 -0.833185 0.367297
-0.728454 0.29024 -0.256531 0.703133 0.262139 -0.660974
-0.810382 -1.093404 0.312457 -0.649565 -0.42506 0.630388
-0.620164 0.326868 0.047135 0.947249 -0.281715 0.152825
-0.703115 0.893396 -0.444724 -0.460565 -0.014825 -0.887502
-1.34524 0.335523 0.138156 -0.743539 0.592908 0.309209
0.856191 0.830897 0.340018 0.628728 -0.013891 0.777501
0.564861 0.693011 0.444774 0.245495 -0.461994 0.852229
-0.606713 0.708547 0.439615 -0.293612 -0.423816 0.856838
-1.103758 0.24577 0.404737 -0.167772 0.50518 0.84655
0.519635 -1.334229 0.161671 0.029255 -0.942551 0.33278
-1.168278 -0.278399 -0.364954 -0.318524 -0.530189 -0.785775
-1.057493 -0.66155 0.173671 -0.743843 -0.346272 0.571659
0.564558 0.105696 -0.127867 -0.813056 0.542966 -0.210067
-1.460379 0.034354 0.191537 -0.920253 0.079338 0.383198
0.484224 -1.358208 -0.063859 -0.013662 -0.99086 -0.134197
-0.187264 -0.906462 -0.35821 0.544676 0.064801 -0.836139
0.307856 -1.342831 0.022078 -0.176069 -0.982912 0.053706
-0.613315 -0.340726 -0.035421 0.905898 0.406882 -0.117457
-0.479981 0.67257 -0.451522 -0.106008 -0.485768 -0.867636
1.001804 -0.47631 0.291428 0.203857 -0.364614 0.90857
0.107335 1.305872 0.031434 -0.131079 0.986465 0.098515
0.101077 -1.018446 -0.316235 -0.303103 -0.100695 -0.947623
0.262026 -1.032359 0.386626 -0.438975 -0.260768 0.859826
-0.194903 1.298125 -0.126736 0.202362 0.91315 -0.353845
-0.03003 0.752638 -0.175572 0.217278 -0.792632 -0.569671
-0.266459 1.333934 0.036993 0.1903 0.977161 0.094561
-0.673727 -0.101452 -0.33507 0.645825 -0.475978 -0.596956
0.967749 0.05988 0.492267 -0.073542 0.214657 0.973917
0.554955 0.874829 -0.49558 0.158285 -0.015474 -0.987272
-0.725338 0.861293 -0.431021 -0.486075 -0.076561 -0.870557
0.917376 1.032379 -0.208973 0.821482 0.356248 -0.445258
-0.490428 -1.221713 -0.34193 0.061528 -0.717101 -0.694249
-0.624423 0.43218 0.198334 0.395912 -0.698545 0.59606
-0.783293 0.287273 0.306856 0.560444 0.354047 0.748701
-0.589161 0.16712 0.053366 0.872654 0.478483 0.097613
1.475639 -0.146471 0.001287 0.948755 -0.316 0.002599
-0.681945 -0.461853 0.253854 0.28902 0.546838 0.785771
0.731702 -0.482562 -0.280289 -0.199425 0.409928 -0.89005
0.884086 -0.629165 0.304095 0.376085 0.083017 0.922859
-0.540438 1.310693 0.215443 -0.056936 0.89679 0.438777
0.697294 1.170889 -0.343589 0.401906 0.605176 -0.687193
-0.753497 -0.059849 -0.423588 0.494882 -0.303343 -0.814294
-0.515303 0.039632 0.078934 0.909629 0.38993 0.143279
0.534203 -0.079365 -0.056036 -0.840345 -0.534238 -0.091707
-0.824321 -0.538604 -0.305042 -0.065051 0.189503 -0.979723
-0.230558 0.598317 -0.286905 0.78555 -0.366 -0.498954
-1.151312 0.339317 -0.329009 -0.321818 0.556856 -0.765731
-0.783191 -0.471006 -0.287981 0.208775 0.207223 -0.955757
1.05781 -0.800118 0.007479 0.93906 -0.343055 0.021907
0.79905 -0.72536 -0.362885 0.455355 0.221702 -0.862264
-0.472389 -0.501489 0.278967 -0.08605 0.857654 0.506976
-0.645448 0.658299 0.398332 -0.276093 -0.496571 0.822915
-0.440296 -1.235926 0.319262 0.136283 -0.736236 0.66286
-0.85482 1.066178 0.279767 -0.725805 0.380482 0.573097
-0.12602 -0.625901 0.032874 0.792855 0.605581 0.068211
0.946497 -0.661716 -0.272207 0.535489 -0.069777 -0.841655
-0.659545 0.198937 0.220666 0.781065 0.443543 0.439553
1.358897 0.01821 -0.347538 0.717511 0.045053 -0.695088
-1.207306 0.226693 -0.380909 -0.388842 0.481446 -0.785501
-1.047907 0.522104 0.254762 -0.409202 0.406542 0.816871
-0.85377 -1.206308 -0.083136 -0.727067 -0.665791 -0.167618
0.869243 -0.800646 -0.328695 0.618632 0.030753 -0.785078
0.942532 0.10849 -0.474518 -0.141583 0.358658 -0.922669
0.007665 -1.25269 0.16179 -0.012425 -0.842152 0.539097
-0.785276 0.201186 -0.359805 0.510354 0.482523 -0.711835
-0.98719 0.979379 0.074446 -0.919277 0.354082 0.171919
-1.457401 0.083453 0.181101 -0.912315 0.189467 0.363021
-0.576078 -0.113378 -0.150327 0.804209 -0.539503 -0.249369
-1.201443 0.326181 0.31373 -0.421277 0.564178 0.710091
0.480106 0.794867 -0.494168 -0.008473 -0.161437 -0.986847
1.194433 0.30464 0.334226 0.390097 0.550202 0.73831
0.855111 -0.544142 0.303024 0.117675 0.102589 0.987739
-0.198173 -0.574334 0.20124 0.848285 0.406756 0.33906
-0.197047 -0.502219 0.040675 0.885492 0.459888 0.06638
-1.123055 0.096406 -0.47019 -0.230039 0.273779 -0.933878
-0.569904 -0.413857 0.119772 0.408167 0.848889 0.335838
-1.158077 0.446675 -0.240229 -0.48601 0.575435 -0.657776
0.202158 0.614497 -0.250593 -0.817499 -0.376958 -0.435428
0.937041 -0.793351 0.268773 0.708403 -0.082644 0.700953
0.122307 1.140671 -0.283953 -0.249927 0.468593 -0.847324
-0.878926 1.091792 -0.224633 -0.769874 0.440388 -0.4619
0.368771 -0.470875 -0.236628 0.047425 0.912708 -0.405851
-0.915526 -1.124742 0.081348 -0.83703 -0.520594 0.168414
-0.814748 -0.19676 0.381981 0.445129 -0.4869 0.751524
0.96963 0.949683 0.165646 0.875433 0.292388 0.384872
0.832297 -0.284354 0.339928 -0.439563 -0.41127 0.798524
-0.361005 -1.092566 0.406712 0.320584 -0.434335 0.841771
1.25666 0.338437 0.261774 0.553211 0.582572 0.595456
-0.554697 1.175012 0.385374 -0.06197 0.633365 0.771368
0.97208 0.969179 0.142808 0.888696 0.320498 0.327872
-0.845597 1.210748 0.098957 -0.710927 0.674451 0.199244
0.713803 -0.356109 -0.230374 -0.686005 0.052438 -0.725704
-0.690482 1.305515 0.141903 -0.367349 0.88564 0.284073
1.085983 0.297939 0.375829 0.146444 0.527536 0.836816
0.300316 1.341889 0.012229 -0.178971 0.983396 0.030015
1.284319 0.342868 -0.228044 0.617854 0.590748 -0.518916
-0.891327 -0.696479 0.306205 -0.514512 0.063511 0.855128
-0.506954 0.034034 -0.010636 0.933569 0.357859 -0.019621
-0.225331 0.667979 -0.322652 0.756631 -0.303603 -0.579081
-0.774232 1.245357 0.174813 -0.560199 0.75085 0.349859
0.722634 0.207758 -0.299788 -0.65176 0.459255 -0.603568
0.740081 -0.005339 0.427034 -0.519817 -0.031309 0.853704
-0.489282 0.705515 -0.466977 -0.102841 -0.405998 -0.908069
0.29742 -0.420746 -0.021682 -0.067733 0.996973 -0.038162
0.847287 -1.220091 -0.047379 0.713583 -0.694049 -0.095367
0.516739 -1.357085 -0.069599 0.033798 -0.988982 -0.144124
-0.611391 1.151842 -0.394063 -0.199258 0.58256 -0.787985
-0.554435 1.204989 0.358755 -0.063284 0.691557 0.719545
0.629181 0.705361 0.430072 0.310789 -0.422591 0.851368
-0.350644 0.616029 -0.406391 0.315022 -0.490517 -0.812498
-0.111575 1.215276 0.224662 0.185578 0.698183 0.691449
-0.203914 -1.30918 0.099932 0.198199 -0.940395 0.27636
-0.880869 -0.369243 0.324428 0.269505 -0.317688 0.909088
0.814528 -0.849779 -0.372735 0.590769 0.035736 -0.806049
-0.953472 0.894874 0.224938 -0.817769 0.204122 0.538134
-0.244596 0.88669 0.396384 0.570494 -0.014962 0.821166
1.034366 -0.663072 0.200126 0.699715 -0.290377 0.652748
0.414442 0.446539 -0.15977 0.053528 -0.960535 -0.272961
-0.122853 -0.686075 0.17792 0.713219 0.57236 0.404627
-0.923293 -1.102133 0.106004 -0.847068 -0.483171 0.221406
-0.941269 0.096324 -0.478843 0.139234 0.329786 -0.933732
1.091232 -0.673813 -0.105533 0.837598 -0.420475 -0.348756
-0.830666 0.803753 -0.357649 -0.574225 -0.082999 -0.814479
-0.268156 -0.759124 -0.400027 0.643892 0.159253 -0.748359
-0.702167 -0.065349 -0.38499 0.590106 -0.35694 -0.724133
1.171828 0.5138 0.158116 0.654671 0.589578 0.473079
-0.718657 -0.461919 0.266883 0.290308 0.417633 0.86099
0.495364 -0.425297 0.078989 -0.156016 0.972815 0.171142
-0.328595 -0.589529 -0.37936 0.385821 0.527493 -0.756897
-1.439622 0.187688 -0.133945 -0.877074 0.395245 -0.27299
0.178758 1.274966 0.168017 -0.210289 0.853405 0.476947
-0.004784 1.297545 -0.038427 0.006571 0.991743 -0.128073
-0.387112 0.978444 -0.460675 0.336478 0.244041 -0.90952
0.797749 0.071458 0.443337 -0.412915 0.321772 0.852035
0.706569 1.163749 0.344207 0.424831 0.587832 0.688457
0.358787 0.42998 0.100942 0.059709 -0.984543 0.164651
0.935773 -0.699671 -0.277018 0.584703 -0.040622 -0.810229
-0.569691 0.082932 -0.189468 0.796994 0.512753 -0.319192
1.098569 0.144207 0.45832 0.165975 0.381733 0.909248
-0.311131 -0.77486 -0.435755 0.557126 0.112059 -0.822832
0.167094 1.052475 -0.335028 -0.382508 0.237886 -0.892803
0.471539 1.34381 0.130835 -0.038222 0.960492 0.275669
0.320869 0.7731 0.441923 -0.53455 -0.112549 0.837609
1.035113 -0.689368 0.187198 0.748002 -0.284678 0.599543
0.15984 0.571562 0.004065 -0.873552 -0.486679 0.00704
0.698758 -0.794817 -0.433688 0.42717 0.218506 -0.877371
-0.317571 -0.420376 -0.025278 -0.008714 0.999067 -0.042308
0.345514 -1.263524 -0.257729 -0.217137 -0.784129 -0.581372
-1.1604 0.355647 0.312784 -0.358143 0.564761 0.743491
0.726164 -0.673536 0.37752 0.329772 0.387606 0.860821
-0.784571 -0.113489 0.416363 0.453737 -0.437722 0.776223
-0.258794 0.624763 -0.341693 0.713943 -0.334912 -0.614914
-0.565075 1.334141 -0.152265 -0.108716 0.944679 -0.309456
0.88846 -1.155015 -0.109836 0.791912 -0.568006 -0.224154
0.162861 0.718337 -0.269552 -0.726875 -0.396869 -0.560489
-0.153431 -0.950007 0.34063 0.464841 0.024107 0.885066
0.903849 -1.147955 0.06196 0.818928 -0.55963 0.127165
0.347201 1.347454 -0.04664 -0.155317 0.98187 -0.108663
0.613766 0.092112 0.264815 -0.736936 0.497946 0.457138
0.898503 -0.352265 -0.336011 -0.246288 -0.373649 -0.894276
-0.463932 -1.247681 0.309931 0.095634 -0.763545 0.638633
-0.941104 -0.122359 0.468625 0.15025 -0.388692 0.909034
-0.461357 0.91898 0.493128 0.150123 0.138201 0.97896
-0.009435 0.790914 0.215546 0.062452 -0.694454 0.716822
-0.867551 -0.354253 -0.325429 0.318988 -0.326146 -0.889874
0.25738 0.812605 -0.400289 -0.621687 -0.103412 -0.776409
0.861149 1.027771 -0.294368 0.729741 0.309528 -0.609647
-0.780736 0.61775 0.335846 -0.251063 -0.336587 0.907566
-0.756077 -0.768973 -0.397409 -0.464974 0.219878 -0.857586
-0.375025 0.929054 0.46677 0.376182 0.155841 0.913346
0.212845 0.969081 -0.3729 -0.495338 0.090244 -0.864
0.641868 -1.317812 0.155931 0.260846 -0.913209 0.313062
0.481073 -0.639758 -0.430744 0.130252 0.568699 -0.812167
-0.043241 1.17303 0.247488 0.090269 0.574899 0.81323
-0.099487 0.759631 -0.231394 0.559701 -0.554489 -0.615854
0.056804 0.686919 0.028101 -0.456699 -0.885719 0.083231
-1.097097 0.661956 -0.10609 -0.82788 0.436436 -0.352333
-0.969644 0.034667 0.496821 0.06386 0.128258 0.989683
0.233641 -0.934547 -0.388198 -0.530417 -0.050163 -0.846251
0.65853 1.269376 -0.247914 0.297668 0.815495 -0.496348
-0.656278 0.43665 0.222533 0.401373 -0.594106 0.697093
1.326308 0.264555 -0.260017 0.655787 0.51797 -0.549228
-0.382261 -1.132941 -0.391011 0.270299 -0.51939 -0.810662
0.97935 0.695029 -0.243074 0.650892 0.146644 -0.744873
0.924785 -0.609317 -0.286718 0.389594 -0.035685 -0.920295
0.427879 0.627707 -0.427153 0.006289 -0.565743 -0.824558
0.560121 -0.109304 0.097611 -0.822412 -0.546003 0.159748
-0.815107 -0.301374 -0.321751 0.480513 -0.362142 -0.798725
0.974427 1.026226 0.016285 0.914786 0.402317 0.036153
0.895714 0.699675 0.303745 0.52563 -0.052627 0.849084
0.818984 1.051352 0.328506 0.663566 0.339144 0.666829
-0.540066 -0.085625 0.07091 0.833517 -0.54027 0.115573
0.566474 1.164974 -0.392276 0.089288 0.613554 -0.784588
0.163797 0.841215 0.329844 -0.593214 -0.225764 0.77274
-1.093135 0.692301 -0.073646 -0.874306 0.421019 -0.241521
0.770589 0.870707 0.40422 0.548068 -0.035801 0.835667
0.584597 0.828417 -0.485284 0.255638 -0.146858 -0.955553
0.894956 0.956102 0.28333 0.759021 0.211284 0.61583
1.371048 0.279293 -0.174552 0.759207 0.534131 -0.371898
-1.060658 0.311897 -0.370797 -0.097968 0.521939 -0.847338
-0.405213 0.700377 -0.462142 0.187647 -0.33241 -0.924279
0.498326 0.435257 0.124767 -0.121593 -0.956341 0.265756
-0.914633 -1.126685 -0.079742 -0.83572 -0.523794 -0.164962
-0.577497 -1.125513 -0.418807 -0.119397 -0.534037 -0.836988
0.921997 0.376507 -0.33142 -0.162317 0.367588 -0.915714
0.711677 1.254655 0.232679 0.420059 0.77909 0.465371
-1.361846 0.322501 0.121138 -0.768299 0.581595 0.267329
0.995269 -0.817792 0.189244 0.831788 -0.215069 0.511736
-0.463926 0.44679 -0.156339 0.012755 -0.955368 -0.295143
-0.630769 0.102649 -0.279826 0.715312 0.503402 -0.484681
-1.071933 0.258483 0.402154 -0.100696 0.511606 0.853299
0.285838 -0.599574 -0.355557 -0.616455 0.409627 -0.67245
-0.318059 1.315991 0.152291 0.192583 0.912051 0.362042
-0.612621 -1.308146 0.199218 -0.198073 -0.894529 0.400731
-0.707903 0.253283 0.250871 0.735361 0.348184 0.581389
0.735554 0.744034 0.400779 0.423541 -0.278872 0.861884
0.646803 0.120366 0.284615 -0.701542 0.511762 0.495923
-0.425946 1.183607 0.366438 0.183194 0.63028 0.754445
0.571199 -1.248009 -0.30963 0.10399 -0.775818 -0.622328
0.463955 1.039756 0.460806 -0.156361 0.371176 0.915303
-0.898489 -0.997348 -0.261386 -0.780354 -0.281477 -0.558407
-0.688944 0.965512 0.446582 -0.431918 0.147343 0.889796
-1.185665 0.553009 0.056212 -0.774661 0.607724 0.174848
-0.964858 -0.858892 -0.220774 -0.811914 -0.187048 -0.553
0.141243 -1.312369 -0.004996 -0.158317 -0.987273 -0.015063
1.012635 -0.783435 -0.176019 0.830874 -0.236699 -0.503608
1.062253 -0.686645 0.150256 0.799036 -0.350426 0.488614
-1.28595 -0.428247 -0.08305 -0.732423 -0.647587 -0.210209
-0.516897 -1.337224 0.153172 -0.025976 -0.948473 0.315792
1.26178 0.343045 -0.252276 0.568764 0.586737 -0.57641
0.347769 0.535502 0.338317 -0.147958 -0.739932 0.656208
-0.975663 0.1717 -0.450076 0.098541 0.453866 -0.885605
0.593566 -1.300485 0.22317 0.157577 -0.879237 0.449568
-0.608429 0.957682 -0.478199 -0.255342 0.155997 -0.954183
-0.606461 -1.300146 -0.218885 -0.184308 -0.878735 -0.44029
0.230376 -1.326235 0.042418 -0.193386 -0.974522 0.11362
0.95981 0.40709 0.323008 -0.028319 0.378986 0.924969
0.961049 1.052346 0.038136 0.899924 0.428114 0.082793
-0.127073 0.636045 -0.087842 0.782225 -0.595141 -0.184205
-1.149514 -0.40015 -0.283961 -0.389983 -0.567198 -0.725396
0.1843 -0.63129 0.23155 -0.816004 0.401822 0.415543
0.188525 -1.306317 0.098771 -0.193341 -0.940637 0.278966
0.256693 -0.562782 -0.297877 -0.713392 0.441051 -0.54456
0.838276 -0.260237 0.356298 -0.422269 -0.448563 0.787706
-0.517017 0.049369 -0.058056 0.888581 0.447301 -0.10171
0.25131 -0.45886 0.147389 -0.587551 0.754724 0.291849
-0.756183 -0.145282 0.37729 0.52623 -0.487107 0.697
1.031598 -0.473726 -0.284748 0.262682 -0.41748 -0.86989
0.135216 -0.611951 -0.01778 -0.820857 0.570064 -0.034948
-0.929527 0.161171 -0.447911 0.190244 0.452887 -0.871034
-0.673781 -0.281096 -0.186719 0.850012 -0.183521 -0.493761
0.254846 0.472793 0.18492 -0.600859 -0.711603 0.364129
-0.255957 1.154056 -0.326869 0.335206 0.521933 -0.784361
-0.656485 -1.102554 -0.411671 -0.322111 -0.467366 -0.823294
-0.82827 -0.452287 -0.295707 0.206609 0.010215 -0.97837
-1.142246 0.082381 0.46884 -0.27283 0.234491 0.933048
-0.307312 1.304632 -0.173089 0.205106 0.886447 -0.414902
-0.732805 0.948867 -0.425151 -0.512033 0.108244 -0.852118
0.77315 -0.597739 -0.330067 0.198282 0.359157 -0.911971
-0.480474 1.347446 -0.118527 0.024181 0.968245 -0.248831
-0.826667 -0.613458 0.321462 -0.275677 0.228072 0.933802
-0.333221 -0.539526 0.338471 0.239811 0.702798 0.669751
1.38413 0.21292 -0.228286 0.764068 0.443036 -0.468957
-1.126367 0.562775 0.16361 -0.671623 0.521322 0.526447
0.834221 -0.492913 0.298574 -0.069934 0.084755 0.993945
-1.350819 0.073458 -0.346819 -0.697378 0.178744 -0.694056
-0.577204 0.980209 -0.480576 -0.162956 0.223215 -0.961052
-0.575283 -0.792481 0.480597 -0.249569 0.231281 0.940332
-1.245754 0.177153 -0.38809 -0.46913 0.406706 -0.783905
1.226419 0.209579 -0.381211 0.428117 0.457838 -0.779166
0.909441 -0.257256 0.387824 -0.259446 -0.482221 0.83675
-0.406287 1.310321 -0.201838 0.134477 0.888392 -0.438947
0.478882 1.225215 0.337093 -0.080563 0.721994 0.687193
-1.191205 0.266614 0.362874 -0.36386 0.522086 0.771383
0.336611 1.347885 0.019609 -0.160632 0.985931 0.046224
-0.492781 1.20856 0.35525 0.061445 0.692163 0.719121
0.508784 -0.791335 0.492367 0.085793 0.194866 0.97707
-1.301757 0.207408 -0.329895 -0.588457 0.444908 -0.675111
-1.478487 -0.126955 -0.055333 -0.954208 -0.277618 -0.111421
-0.970944 0.768041 -0.236922 -0.73713 0.138909 -0.66132
-0.38186 -0.448664 -0.174399 -0.067342 0.954632 -0.290073
-0.837232 -0.675122 -0.331737 -0.414012 0.190612 -0.89009
0.448561 0.473107 0.227683 0.061856 -0.912147 0.40517
1.143493 -0.251732 -0.391034 0.25545 -0.509584 -0.821627
-0.019416 -1.160448 -0.253982 0.042801 -0.534545 -0.844056
0.862781 0.828807 -0.334613 0.635515 -0.007531 -0.772052
-0.604744 1.342616 -0.097102 -0.186866 0.962608 -0.19613
0.298721 1.307752 -0.161835 -0.20531 0.896505 -0.392589
0.418414 1.151536 -0.389271 -0.210165 0.566716 -0.796658
-0.456601 -0.451362 0.170605 -0.010671 0.949222 0.314426
0.845668 -0.859015 -0.34868 0.63614 -0.011576 -0.771487
1.364324 -0.298345 0.159792 0.755957 -0.556059 0.345439
1.022588 0.728733 0.185679 0.783476 0.250237 0.568812
-1.477236 0.046745 -0.140524 -0.953701 0.106581 -0.281237
0.600391 0.925211 0.48435 0.249836 0.082322 0.964782
0.620573 0.162463 -0.18504 -0.800947 0.496208 -0.335054
-0.833914 0.533609 -0.303561 -0.059863 -0.15368 -0.986306
0.449586 -1.051455 0.453172 -0.187552 -0.390655 0.901228
-0.611517 -0.214387 -0.055186 0.928121 -0.35274 -0.119022
-0.442106 -0.864391 0.494531 0.188718 -0.031631 0.981522
-0.353767 0.433046 -0.119273 -0.0554 -0.979103 -0.195676
1.391443 -0.020275 -0.310282 0.782594 -0.049024 -0.620599
0.346176 1.342196 0.080264 -0.159689 0.969328 0.186821
0.183464 0.965244 -0.356633 -0.482441 0.048075 -0.874608
0.119833 0.761629 0.252295 -0.613136 -0.480021 0.627411
0.106341 0.662657 -0.094659 -0.704985 -0.673102 -0.223449
0.751201 0.422201 0.2665 -0.424659 -0.183368 0.886589
0.271926 0.959399 -0.408614 -0.496271 0.134531 -0.857681
-0.590805 -0.577007 -0.352204 -0.153226 0.670607 -0.725816
0.261382 1.297249 0.165266 -0.218626 0.881074 0.419417
0.606585 0.086029 -0.259704 -0.746341 0.491108 -0.449208
-0.861938 -0.102755 -0.457042 0.299752 -0.378727 -0.875622
-0.318565 1.006909 0.422744 0.423318 0.254936 0.869373
-0.282025 -1.0271 0.398421 0.435822 -0.265426 0.860005
-1.10429 -0.138605 -0.459547 -0.1794 -0.369875 -0.911597
0.715617 -0.172946 -0.320057 -0.628733 -0.493687 -0.600806
1.218087 0.223361 0.377429 0.411567 0.476412 0.776945
-0.32325 -1.295095 0.199388 0.206069 -0.859863 0.467087
-0.536654 0.426998 -0.122226 0.252712 -0.91994 -0.299745
-1.206325 0.193453 -0.400558 -0.38502 0.438392 -0.812141
1.075648 -0.740433 0.056878 0.909216 -0.375921 0.178912
-0.070413 0.948585 0.30585 0.272353 -0.132284 0.953061
-0.270379 0.732388 0.395655 0.654339 -0.190769 0.731742
0.966471 0.451421 0.306023 0.071957 0.330592 0.941027
0.368984 -0.998178 -0.448006 -0.361249 -0.26989 -0.892557
-1.049129 -0.599649 -0.215839 -0.596581 -0.355902 -0.719323
0.551719 -0.837432 0.493801 0.17256 0.106945 0.979176
0.362724 1.206275 0.327692 -0.244328 0.660698 0.709775
0.107732 -1.123093 -0.288822 -0.238848 -0.414609 -0.878095
0.9494 -1.079177 0.006481 0.886967 -0.461626 0.013819
0.226005 1.063146 0.358736 -0.411352 0.300556 0.860497
0.015184 0.888534 0.279141 -0.075238 -0.368359 0.926634
0.441368 -1.00525 0.468939 -0.212768 -0.305021 0.928274
0.625415 0.182867 0.167203 -0.828406 0.459973 0.319639
-0.37017 -0.889405 -0.47 0.396286 -0.087768 -0.913922
-1.023954 0.302151 0.378991 -0.009767 0.509276 0.860548
-0.67462 -1.320297 -0.111224 -0.331893 -0.916607 -0.222888
0.486808 1.210307 -0.353006 -0.071852 0.694549 -0.715848
1.091963 -0.664902 0.114212 0.822545 -0.42431 0.378657
-1.112622 0.410928 -0.293555 -0.324196 0.541461 -0.775704
-0.162227 -0.720598 -0.270328 0.723978 0.396468 -0.564508
-0.554722 0.028875 -0.218151 0.867307 0.270031 -0.418165
-0.842337 0.501238 -0.299658 0.031927 -0.075194 -0.996658
0.068969 -0.68238 0.047499 -0.531923 0.836143 0.133873
-1.063276 0.561907 0.22463 -0.536957 0.408685 0.738006
-0.666209 1.114106 -0.400891 -0.342373 0.489896 -0.801737
-0.152443 0.628021 -0.154088 0.816817 -0.496342 -0.294031
-0.455307 1.158237 -0.392704 0.146496 0.589195 -0.794599
-0.94351 -0.325242 0.359131 0.161402 -0.453198 0.876676
-0.334425 0.42394 -0.066405 -0.039289 -0.993259 -0.109055
-0.195426 0.515789 -0.086252 0.883265 -0.447283 -0.140644
-0.106835 0.646978 -0.011648 0.72702 -0.686089 -0.026911
-0.395128 -0.539104 -0.346224 -0.027387 0.772879 -0.633962
1.458116 -0.002511 0.200306 0.916229 -0.005831 0.400612
-0.765353 -1.206607 0.250945 -0.547082 -0.669604 0.502326
-1.023456 -0.407705 0.319503 -0.118255 -0.459901 0.880061
0.79628 1.124684 0.303831 0.62147 0.490857 0.610601
-0.851052 -1.204351 0.100768 -0.721925 -0.66149 0.203116
-0.890925 0.404061 0.315986 0.191992 0.266052 0.944646
0.647155 -1.249154 0.284213 0.272983 -0.775763 0.568921
0.747652 -1.237361 -0.225032 0.503401 -0.737527 -0.450157
0.710119 1.036535 -0.416947 0.461454 0.304991 -0.833091
-0.681144 -0.973703 0.448839 -0.414763 -0.167742 0.894335
0.380067 -0.943518 0.466132 -0.361537 -0.181992 0.914423
-0.130929 -0.695805 0.203791 0.715941 0.529197 0.45539
-0.411695 -0.775263 0.482515 0.240031 0.147672 0.959468
0.893773 0.80695 -0.308422 0.657638 0.015576 -0.753173
-1.444397 -0.007211 -0.229021 -0.888767 -0.016877 -0.458048
0.741271 1.260456 0.190239 0.485711 0.786963 0.380492
-0.580604 -1.356447 0.005152 -0.143382 -0.989612 0.010469
-0.351508 -1.096636 -0.400923 0.328748 -0.437667 -0.836882
1.467008 0.005173 -0.178529 0.934005 0.011945 -0.35706
0.990201 -0.989082 -0.008771 0.928571 -0.370607 -0.020171
0.798977 -0.893146 -0.3846 0.594987 -0.023701 -0.803386
0.121995 -0.651079 -0.11191 -0.755229 0.608238 -0.244287
-0.766323 0.821194 0.402129 -0.515832 -0.126251 0.847336
0.424328 0.958148 0.477804 -0.257673 0.217346 0.94147
0.275685 0.455291 -0.17444 -0.361337 -0.865857 -0.346016
0.778521 1.268941 0.099335 0.566102 0.800012 0.19877
0.868493 -0.957768 -0.313295 0.720012 -0.189597 -0.66756
-0.046157 1.251039 -0.167391 0.073998 0.831591 -0.550437
0.075809 0.674626 -0.019279 -0.576462 -0.815435 -0.052514
1.058685 -0.45674 0.284886 0.286412 -0.468924 0.835511
1.223582 -0.512859 0.023057 0.763311 -0.642526 0.067208
0.812641 0.006955 0.463439 -0.374798 0.03466 0.926458
-0.575371 -0.562017 0.34077 -0.13135 0.706219 0.695702
1.320264 -0.352871 0.160941 0.706174 -0.604855 0.368062
1.474048 -0.01915 -0.157662 0.947953 -0.043993 -0.315358
-0.142134 0.772484 -0.28146 0.642666 -0.391968 -0.658287
0.714549 -0.46259 -0.26583 -0.288312 0.433807 -0.853632
-0.482418 1.355099 0.083506 0.017698 0.984321 0.175499
1.390966 0.159669 0.260434 0.773694 0.352431 0.526489
-0.884881 0.154091 0.439462 0.278234 0.456996 0.844832
0.575736 -0.412054 0.1225 -0.432251 0.830918 0.350335
0.877952 0.634466 -0.307139 0.379798 -0.100185 -0.919628
0.294802 0.63536 -0.382719 -0.600814 -0.343927 -0.721621
0.286851 -0.725451 0.408057 -0.62486 0.191524 0.756881
0.917 0.627446 0.289768 0.418736 0.004677 0.908096
1.062747 -0.225877 0.422142 0.077141 -0.491752 0.867312
0.882876 -0.505763 0.299511 0.044616 -0.039321 0.99823
0.83583 -1.052815 -0.310157 0.692265 -0.347076 -0.632698
0.867783 -0.395559 -0.312694 -0.260489 -0.237255 -0.935872
0.511377 1.302074 0.233991 0.003352 0.877386 0.479773
0.925841 0.40888 -0.319943 -0.103261 0.321983 -0.941097
1.079411 -0.727251 -0.065217 0.899167 -0.385111 -0.207818
-0.63781 -0.400055 -0.174311 0.59115 0.572715 -0.567925
1.050031 -0.643307 0.192812 0.692783 -0.335662 0.638266
0.398323 1.314038 -0.191567 -0.139871 0.896762 -0.419826
0.923396 0.698536 -0.285739 0.563693 0.011104 -0.82591
0.103864 0.64999 0.009284 -0.715011 -0.698773 0.021808
-0.873503 -0.510746 -0.29982 -0.044005 -0.003063 -0.999027
0.617327 -1.172847 0.376018 0.210514 -0.624613 0.752026
1.053987 0.810681 -0.007412 0.940952 0.337862 -0.021399
-0.699925 0.371548 0.219731 0.67316 -0.177995 0.717756
-0.931008 -0.040084 0.491991 0.142204 -0.156235 0.977429
-0.427502 0.74058 -0.478547 0.145137 -0.250809 -0.957095
-0.031548 1.263073 0.145803 0.048895 0.87426 0.48299
-0.199835 1.260096 0.201018 0.233173 0.801683 0.550395
-0.948417 0.837397 0.248751 -0.767554 0.138704 0.625797
0.326464 -0.535613 0.331741 -0.270108 0.70219 0.658764
1.02981 -0.173046 -0.451963 0.01443 -0.443554 -0.896132
1.430593 0.097423 0.231484 0.857245 0.22253 0.464339
0.74099 -1.285572 0.126111 0.481714 -0.839247 0.252222
-1.310999 0.412287 0.013669 -0.761548 0.647236 0.03362
0.403258 -0.765562 0.478708 -0.264373 0.163096 0.95053
0.787266 -0.645625 0.343787 0.315304 0.309817 0.896993
-0.154706 -0.607777 -0.122587 0.838489 0.495845 -0.225996
0.925594 -0.57582 -0.288191 0.308598 -0.065514 -0.948934
0.033119 1.257903 -0.15495 -0.05225 0.856841 -0.512926
-1.425206 0.104809 0.237612 -0.845878 0.238883 0.476891
-1.32873 -0.297649 -0.22246 -0.678511 -0.554501 -0.481822
-1.203147 0.303959 0.329989 -0.40879 0.550895 0.727603
-0.429906 -1.347062 0.108182 0.087079 -0.968298 0.23413
0.955936 -1.04026 0.101424 0.88772 -0.404043 0.220687
0.441263 0.445252 -0.151455 0.019766 -0.962166 -0.271748
-0.263079 0.500015 -0.240877 0.608267 -0.639468 -0.470205
0.98959 -0.165985 -0.454261 -0.067618 -0.443733 -0.893604
0.504277 0.020305 -0.042082 -0.96866 0.234666 -0.081428
-0.839272 0.918016 -0.349978 -0.660982 0.098024 -0.743972
-0.350103 1.263924 0.25889 0.213764 0.785073 0.581347
-0.6174 0.155415 -0.188022 0.79506 0.505541 -0.335122
1.071454 0.618605 0.183663 0.684763 0.395347 0.61221
-0.706211 -0.958535 0.438891 -0.465499 -0.129317 0.87555
-0.401248 0.63668 0.431388 0.108073 -0.510315 0.85317
0.988746 0.300013 0.37899 -0.070988 0.4956 0.865645
-0.552427 -1.35963 0.014009 -0.093634 -0.995194 0.028679
-0.816055 0.992048 0.355013 -0.650846 0.219084 0.726913
1.013657 -0.923816 -0.028372 0.940493 -0.332485 -0.070196
0.782351 0.730358 -0.372968 0.446945 -0.240869 -0.861523
-0.058066 1.250172 0.170483 0.092441 0.82585 0.556261
0.416861 -0.505313 0.29562 0.08736 0.852251 0.515788
1.060567 -0.27792 -0.391623 0.081166 -0.51734 -0.851922
0.587479 -0.127806 0.155887 -0.804341 -0.53281 0.262963
0.816253 -0.459462 -0.293461 -0.204167 0.066876 -0.976649
0.169338 -0.896217 0.345461 -0.540132 0.113921 0.833834
-0.911292 1.112837 -0.125953 -0.828128 0.496052 -0.261031
1.193059 -0.550429 0.021473 0.784341 -0.616767 0.066391
-1.064738 -0.28448 -0.387197 -0.092899 -0.519743 -0.849257
0.301242 0.553741 -0.335 -0.47591 -0.575957 -0.664668
0.048394 -0.708761 0.105623 -0.378355 0.866799 0.324818
-0.825188 -0.988531 0.347747 -0.664336 -0.2164 0.715422
0.269965 0.689609 -0.382213 -0.672497 -0.245629 -0.698151
0.601494 -0.069312 0.268507 -0.756002 -0.449164 0.476144
1.169717 0.569646 -0.068704 0.779915 0.586461 -0.218621
0.425376 0.682823 0.457995 -0.08019 -0.407562 0.90965
-0.07547 -1.060422 -0.302437 0.212576 -0.214541 -0.953301
1.313692 0.300694 0.238999 0.647872 0.55704 0.519585
1.1397 0.039713 -0.477618 0.276397 0.11821 -0.953746
-0.6884 -0.340202 0.201557 0.774698 0.066874 0.628785
-0.907535 1.146757 0.039243 -0.825358 0.558818 0.080655
-0.175851 -1.117015 0.314679 0.333447 -0.409701 0.849093
0.426874 -1.307552 -0.213045 -0.113995 -0.882641 -0.456016
-0.956576 -0.163706 0.451631 0.135403 -0.449005 0.883211
-0.977251 0.993739 0.094869 -0.907858 0.359843 0.215189
-0.34502 -1.165404 0.35537 0.288025 -0.571164 0.768644
0.432459 0.453055 0.178001 0.045604 -0.948989 0.311994
-0.638127 -1.081909 0.429265 -0.283116 -0.427594 0.858492
0.243948 0.868659 0.395278 -0.58624 -0.043135 0.808989
-1.355677 0.040731 -0.348484 -0.709962 0.100412 -0.697045
-0.063659 -1.301104 0.031268 0.083668 -0.991274 0.101864
-1.143383 -0.046365 -0.475645 -0.282755 -0.136822 -0.949384
0.42545 -0.526441 -0.32634 0.092056 0.810621 -0.57829
0.580369 -0.821822 0.485337 0.249149 0.161277 0.954942
0.985327 0.997545 -0.035534 0.923362 0.375304 -0.080932
-0.691416 1.254072 -0.250276 -0.373992 0.780698 -0.50064
0.967397 -0.383765 -0.333471 -0.046217 -0.417194 -0.907641
-0.024545 0.814622 -0.238226 0.149439 -0.603838 -0.782974
0.146212 1.07768 -0.319195 -0.334392 0.293286 -0.895637
-1.029756 -0.874969 -0.037165 -0.942012 -0.32097 -0.097935
0.72438 -0.274144 0.259185 -0.707848 -0.30808 0.63564
0.725391 -1.07688 -0.390552 0.48541 -0.392658 -0.781151
0.083957 1.043338 0.30786 -0.244252 0.165106 0.955553
-0.89218 0.627709 -0.300647 -0.383661 -0.061294 -0.921438
-0.145224 -1.127117 -0.298418 0.291904 -0.431165 -0.85375
1.236072 -0.005099 0.44072 0.472107 -0.013959 0.881431
0.026725 0.817842 0.241101 -0.160747 -0.590918 0.790554
0.358272 -1.224666 -0.308098 -0.235449 -0.699063 -0.675184
-0.245265 -0.481102 0.183252 0.68751 0.636159 0.350188
-1.430106 -0.07767 -0.240763 -0.857391 -0.179559 -0.482327
0.923946 -1.080171 0.142924 0.844057 -0.444126 0.300534
-1.384888 0.223868 0.216221 -0.767979 0.459425 0.446247
-1.419863 -0.152045 0.217785 -0.83361 -0.334059 0.439885
-0.514635 0.939277 0.494022 -0.002639 0.160361 0.987055
0.738345 -0.750957 0.401579 0.432571 0.265427 0.861644
0.642984 1.235035 0.304374 0.264409 0.747681 0.609148
0.84002 -0.352012 0.315181 -0.388508 -0.285541 0.876087
0.322453 1.302128 0.185507 -0.201147 0.877057 0.436247
-1.270071 0.169925 -0.376225 -0.520707 0.390358 -0.759266
0.741669 -1.194866 -0.288215 0.497502 -0.648051 -0.576647
-1.211949 -0.190269 0.399557 -0.397052 -0.432844 0.809318
0.543225 -1.205128 -0.359417 0.039024 -0.691263 -0.721548
0.481921 0.643738 0.433362 0.129738 -0.559343 0.818721
0.255637 1.030305 0.383966 -0.442089 0.251864 0.860884
0.811743 0.517182 0.301087 -0.017245 -0.200012 0.979642
-0.30502 -0.524556 0.30882 0.379398 0.68897 0.617558
-0.050151 -0.780592 -0.216814 0.319887 0.66187 -0.677939
-0.263816 0.577415 0.317932 0.692533 -0.422217 0.584919
0.2538 -1.250212 -0.237534 -0.255644 -0.759849 -0.597726
0.658232 1.286883 -0.216755 0.296284 0.850704 -0.434187
0.456307 -1.200155 -0.35834 -0.128392 -0.669277 -0.731836
-0.575621 0.493505 -0.260765 0.044576 -0.800133 -0.598164
-0.909176 0.70299 0.295297 -0.549808 -0.021065 0.835025
-1.248758 -0.483603 -0.02122 -0.754664 -0.653471 -0.0588
-0.380726 -0.474437 -0.24293 -0.061624 0.90767 -0.415137
0.617301 0.229426 0.05911 -0.944376 0.299807 0.135166
0.050557 0.749534 0.181699 -0.350776 -0.748524 0.562732
-0.931939 -1.10941 0.027139 -0.863127 -0.501784 0.056793
-0.59709 1.041394 0.458055 -0.191573 0.352217 0.916102
1.470181 0.096597 -0.135457 0.937728 0.216278 -0.271827
0.976306 -0.945479 -0.153183 0.884789 -0.29682 -0.359231
-0.153844 -1.31102 -0.04784 0.168762 -0.975392 -0.14188
-0.460549 0.77601 0.490114 0.058441 -0.192199 0.979614
0.608931 -1.0375 0.456837 0.223936 -0.339303 0.913633
-0.607087 -1.349712 -0.046656 -0.192765 -0.976706 -0.094275
-0.877611 -0.856507 0.320947 -0.67693 -0.047865 0.73449
1.106496 -0.685425 -0.008987 0.891396 -0.452253 -0.029677
-0.676409 -1.033998 0.434736 -0.38922 -0.307638 0.868255
-0.923224 1.000779 0.221321 -0.820822 0.309642 0.479973
-0.029494 0.696207 -0.00496 0.252667 -0.967421 -0.015988
0.775881 -0.526288 -0.30292 -0.015352 0.324759 -0.945672
-0.237274 1.166863 -0.310144 0.322589 0.549356 -0.770807
-1.40496 -0.028455 0.291611 -0.809396 -0.068085 0.583303
0.589618 0.685854 -0.433254 0.268064 -0.474308 -0.838555
0.531052 1.361121 0.018059 0.058252 0.997607 0.037233
-1.102204 -0.035626 -0.487408 -0.201734 -0.110825 -0.97315
1.267096 -0.454265 -0.067213 0.736979 -0.652196 -0.177489
-1.465477 -0.174316 0.002151 -0.929562 -0.36864 0.004369
-0.050247 1.293921 0.068286 0.068659 0.972096 0.224311
-0.358777 1.29195 -0.219572 0.187699 0.848699 -0.494448
0.64356 0.434612 -0.21313 -0.402748 -0.636231 -0.65803
0.663109 1.320173 -0.127091 0.306789 0.917027 -0.254837
0.772315 0.758691 -0.385917 0.470006 -0.217052 -0.85556
-0.285658 0.4516 0.173969 0.263538 -0.903524 0.337922
0.770143 -0.206359 -0.344844 -0.546715 -0.476013 -0.68885
0.068966 -1.090334 0.292831 -0.180098 -0.307199 0.934448
0.46306 -1.225624 -0.334502 -0.106671 -0.720022 -0.685704
-0.81625 0.928878 0.368283 -0.633309 0.099724 0.767447
0.868641 1.196091 0.051277 0.755847 0.646483 0.103709
-0.448457 0.573485 0.379273 -0.106199 -0.713515 0.692545
-0.700338 1.323198 -0.02153 -0.388276 0.920535 -0.043104
0.880753 0.394971 -0.31626 -0.231474 0.264876 -0.936088
-0.507527 0.012627 0.080713 0.975937 0.148849 0.159343
0.008258 -0.74764 -0.162694 -0.062335 0.838611 -0.541153
1.460091 -0.132048 -0.136796 0.916485 -0.290016 -0.275583
-0.719866 0.169488 0.327243 0.616777 0.495432 0.611664
-1.462974 -0.147069 0.107469 -0.922647 -0.318771 0.217042
-1.009306 0.663759 0.224461 -0.651848 0.228393 0.723139
-0.483331 -1.001393 0.477377 0.106487 -0.298347 0.948499
-0.377353 -0.463534 -0.217907 -0.063151 0.927646 -0.368082
-0.632212 -0.449955 0.22258 0.310225 0.693236 0.650526
-0.544194 1.35127 -0.094523 -0.076635 0.978066 -0.193685
0.606021 1.160372 0.388932 0.184802 0.600798 0.777747
0.36707 0.552124 -0.35972 -0.09466 -0.715605 -0.692061
0.281558 -1.135445 -0.34973 -0.347063 -0.487047 -0.801457
-0.186143 -0.557322 0.140016 0.871887 0.430967 0.232553
0.40146 -1.351544 -0.071468 -0.112588 -0.980942 -0.158359
-0.181186 0.616762 -0.209948 0.829533 -0.41632 -0.372226
0.887988 1.126016 -0.1665 0.789138 0.510674 -0.341281
-1.035404 0.333025 -0.360292 -0.056128 0.508237 -0.859386
0.938012 -1.069678 -0.115851 0.865431 -0.436313 -0.246293
0.643803 1.343171 -0.010828 0.266694 0.963535 -0.02177
1.053487 0.797167 0.059091 0.927108 0.332492 0.172972
-1.0379 0.855387 0.018919 -0.944497 0.324493 0.051291
0.918775 0.737395 0.288598 0.61422 0.012599 0.789034
-0.62018 -0.259748 -0.003552 0.9879 -0.154819 -0.00923
-1.10193 -0.694111 0.014301 -0.896452 -0.440642 0.04699
0.451047 1.357423 -0.060769 -0.056899 0.989867 -0.130097
-0.949215 0.969575 -0.194362 -0.850556 0.291677 -0.437582
-0.639614 -0.975711 0.465329 -0.323559 -0.185287 0.927889
0.503708 1.249442 -0.311729 -0.028493 0.772786 -0.634027
-1.388054 -0.265722 0.157414 -0.789059 -0.516744 0.332208
0.575692 1.018791 -0.469978 0.142674 0.310317 -0.939866
0.608702 -1.233786 -0.318247 0.185776 -0.747711 -0.637508
0.419801 -1.053706 -0.444912 -0.248251 -0.387308 -0.887898
0.514911 0.55825 -0.349142 0.142133 -0.743531 -0.653422
-0.333344 -0.526145 -0.323635 0.201843 0.746612 -0.6339
-0.619421 0.206551 -0.112206 0.890657 0.390281 -0.233259
-0.398415 0.59391 0.401119 0.046402 -0.631022 0.774376
0.809755 1.235694 -0.12827 0.636503 0.727141 -0.257158
-0.813801 -1.059419 0.329435 -0.655124 -0.354557 0.66716
-0.596972 0.155332 0.129193 0.83316 0.503327 0.229141
1.322158 -0.210254 -0.308924 0.632158 -0.446503 -0.633254
1.090612 0.009124 -0.491586 0.181039 0.029108 -0.983045
-0.272504 -1.197634 0.3005 0.297768 -0.627894 0.719085
0.483681 1.341677 -0.139343 -0.022498 0.956269 -0.291622
1.003247 -0.822684 -0.173332 0.850965 -0.23431 -0.470061
-0.692513 -1.296445 0.165311 -0.372429 -0.867082 0.330854
-1.462049 -0.070881 -0.175341 -0.922251 -0.161516 -0.351234
0.73927 -0.343365 0.253623 -0.647928 -0.085144 0.756928
-0.640704 -0.180318 0.205463 0.791066 -0.471847 0.389326
-0.929296 -0.639135 -0.283485 -0.462756 -0.032303 -0.885897
1.160349 0.491234 0.196714 0.580316 0.57724 0.57448
0.209146 -0.518045 0.152077 -0.855418 0.451104 0.254491
0.75689 0.30289 0.278941 -0.628652 0.272278 0.728465
1.206083 0.48001 -0.153813 0.655521 0.619131 -0.432399
0.70053 0.639982 -0.369727 0.264548 -0.463079 -0.845915
-1.137735 0.597283 -0.102595 -0.776453 0.532726 -0.336635
1.007827 -0.832221 0.159458 0.867758 -0.249272 0.429953
0.146049 0.916505 -0.334025 -0.488497 -0.110887 -0.865491
0.57797 -0.872559 -0.491075 0.219755 0.034549 -0.974943
0.501779 -1.152844 -0.402661 -0.057199 -0.587474 -0.807219
-0.875271 -0.572852 -0.302084 -0.225581 0.07416 -0.971398
0.678354 0.407742 0.216444 -0.551718 -0.424614 0.717851
-0.48449 1.344055 0.131356 0.020202 0.96124 0.274972
0.076141 1.070503 0.30014 -0.208167 0.246272 0.946581
-0.002064 -0.873281 -0.271936 0.01074 0.422329 -0.906379
-0.641737 -0.636207 0.385548 -0.245895 0.534944 0.808313
-0.819988 -0.001769 0.466463 0.360029 -0.008696 0.932901
-0.534277 -0.811093 -0.492987 -0.143216 0.162518 -0.976257
-0.334172 -0.433432 -0.125313 -0.026642 0.97739 -0.209761
0.476351 -1.353084 -0.093408 -0.027002 -0.980068 -0.196817
0.750156 -0.275838 -0.284632 -0.641642 -0.340036 -0.687511
-0.457747 1.092367 0.434962 0.161695 0.467288 0.869193
-0.198534 -0.724773 0.317676 0.728815 0.299723 0.615626
-0.82227 -1.154481 0.245244 -0.669424 -0.554996 0.493813
0.412278 -0.620196 -0.421673 -0.037169 0.571307 -0.819894
0.488084 1.102646 -0.433772 -0.094549 0.491208 -0.865895
-0.200052 0.5641 0.193433 0.852068 -0.411163 0.323923
-0.272769 -0.484405 0.22932 0.495399 0.738287 0.457725
0.62525 1.264433 0.272241 0.222957 0.807801 0.545662
-0.232619 -1.251881 -0.226314 0.251346 -0.768873 -0.587928
0.944454 -0.722886 0.268775 0.633991 -0.064901 0.770612
-0.859274 0.686154 -0.322938 -0.45725 -0.13832 -0.878516
0.272115 -1.328189 -0.081217 -0.19431 -0.959152 -0.205598
-0.914631 -1.042822 0.205454 -0.819858 -0.37191 0.435333
0.886579 1.01313 -0.269615 0.766527 0.299113 -0.568302
-0.469218 -1.177465 0.380055 0.114748 -0.628582 0.769232
-0.520963 0.875819 0.499332 -0.058887 0.009282 0.998221
0.579237 1.322862 -0.17857 0.132911 0.922907 -0.361356
-0.325912 -1.021641 0.421665 0.405706 -0.285815 0.868166
0.525948 -1.355562 0.077045 0.04782 -0.986128 0.158946
0.691958 -0.656466 0.38149 0.289118 0.453098 0.843275
0.2352 0.894089 0.390021 -0.566902 -0.015716 0.823635
0.476793 -0.422972 0.04075 -0.11881 0.989377 0.083769
-0.164361 -1.163279 0.2839 0.28401 -0.534999 0.795685
-1.073254 0.616633 -0.18293 -0.684174 0.400154 -0.60974
0.575401 -0.072508 0.217512 -0.79163 -0.481993 0.375505
-0.643943 0.009101 -0.350585 0.711331 0.068615 -0.6995
0.659276 1.307015 0.170806 0.298329 0.890942 0.342378
1.410204 0.084946 0.270603 0.816631 0.197803 0.542207
-0.918922 -0.787518 0.2867 -0.674411 -0.043539 0.737071
0.670269 -0.631606 -0.374022 0.24351 0.512178 -0.823636
-0.437907 -0.427575 -0.061699 0.016797 0.993533 -0.112294
-0.61326 0.8783 0.481762 -0.298975 -0.036842 0.953549
-0.547268 0.71029 0.458361 -0.220998 -0.420681 0.879879
-0.170558 1.280164 0.154627 0.201215 0.872722 0.444824
-0.355491 -0.498405 0.289382 0.027275 0.849044 0.527618
1.354946 0.075431 0.342103 0.705528 0.182815 0.684696
0.97078 -0.784845 -0.233427 0.755525 -0.146197 -0.638599
-0.631006 0.571685 -0.339814 -0.129166 -0.637212 -0.759787
1.233218 -0.466638 0.128694 0.687344 -0.63608 0.350657
0.683681 1.294936 -0.178422 0.352784 0.864855 -0.357169
0.757626 0.205943 -0.334807 -0.57342 0.473274 -0.668731
0.810223 -0.751733 -0.362773 0.498678 0.175411 -0.848853
-1.303081 -0.420155 -0.030331 -0.756506 -0.64961 -0.07554
1.359258 0.036657 0.345361 0.717401 0.090266 0.690788
0.378497 -0.427641 0.076725 0.058819 0.990325 0.125682
-1.16517 -0.40487 0.271087 -0.431641 -0.577126 0.693262
-0.253202 -0.582068 -0.308003 0.730557 0.398911 -0.554217
0.202974 0.512007 0.115917 -0.870468 -0.453428 0.191542
0.72116 -1.238235 0.250087 0.44399 -0.743435 0.500177
0.398081 1.18188 0.360362 -0.22197 0.619571 0.752901
-0.537047 0.452718 0.186461 0.134215 -0.894868 0.425674
0.339593 -1.210534 0.315399 -0.259703 -0.665595 0.69967
1.369276 0.235639 0.229736 0.73779 0.477857 0.47678
0.832363 -0.06441 0.460752 -0.343885 -0.28014 0.89625
-0.9358 1.100954 0.039291 -0.868264 0.489182 0.082574
-0.301713 -0.857015 0.434907 0.539114 -0.002089 0.84223
-1.072174 0.617911 0.183306 -0.684738 0.397231 0.611016
-0.606427 1.207599 -0.347242 -0.181303 0.69578 -0.694995
-1.193669 -0.459008 0.196124 -0.586942 -0.605039 0.537984
0.232631 0.710312 0.350765 -0.719784 -0.253822 0.646131
1.447344 -0.193469 0.094721 0.894048 -0.404069 0.193407
-1.430034 -0.241444 -0.055901 -0.869059 -0.480837 -0.116326
1.206362 -0.326223 0.310725 0.432139 -0.565187 0.702723
-0.968668 -1.017324 0.090129 -0.901885 -0.38277 0.200225
0.534461 -0.472976 0.225157 -0.053762 0.872182 0.486217
0.656099 -1.181186 0.355225 0.302544 -0.635383 0.710462
0.660089 -0.560374 -0.326541 0.090616 0.607558 -0.78909
0.972313 1.016597 -0.073553 0.907866 0.385891 -0.163914
-0.648314 0.844978 -0.466216 -0.371674 -0.123388 -0.920127
0.550628 0.416855 0.104615 -0.343848 -0.897578 0.275901
1.127761 -0.028808 -0.482092 0.253867 -0.087423 -0.96328
-0.001532 -0.849729 -0.259659 0.008542 0.50086 -0.865486
-0.525277 1.284797 0.262959 -0.021615 0.844426 0.535236
-0.759627 -0.295637 0.28415 0.621731 -0.298659 0.724053
-1.011587 0.127607 -0.472565 0.008567 0.375159 -0.926921
0.732398 0.492679 0.285156 -0.15822 -0.422557 0.892419
1.000373 -0.327208 -0.364215 -0.028353 -0.490682 -0.870877
-0.731505 -1.294684 -0.112381 -0.4596 -0.859211 -0.224776
0.534216 0.039093 0.158148 -0.883977 0.365799 0.291165
1.452483 0.19173 -0.071619 0.904561 0.400504 -0.146169
0.788844 -1.266461 -0.076722 0.588583 -0.793717 -0.153571
-0.09456 0.659384 0.017883 0.673545 -0.737821 0.04424
0.974226 1.021316 0.046812 0.912784 0.394929 0.104192
0.13338 -0.839926 -0.306922 -0.549859 0.297703 -0.780402
0.846904 0.093799 -0.45547 -0.325471 0.363537 -0.872875
0.699359 -0.110116 0.354406 -0.60647 -0.475406 0.637325
-0.228583 -1.231243 0.249421 0.266965 -0.714667 0.646515
-0.763579 0.516767 -0.299025 0.055567 -0.352585 -0.934129
-0.48403 0.531003 -0.321597 -0.116831 -0.801348 -0.586679
-0.379785 -1.049117 0.433923 0.319465 -0.363854 0.874958
0.239279 0.565477 -0.274886 -0.771701 -0.412068 -0.484435
0.791328 -0.804018 0.38396 0.530444 0.129881 0.837711
1.328408 -0.26499 -0.257074 0.660498 -0.518403 -0.543141
0.451486 1.01602 0.46746 -0.187792 0.325974 0.926539
-1.062714 0.51819 -0.24907 -0.431213 0.435451 -0.790214
0.039421 -0.702811 -0.075659 -0.322504 0.916073 -0.238333
-0.315634 0.50388 -0.288636 0.243473 -0.787017 -0.566855
-1.068044 -0.356727 0.341974 -0.152382 -0.520929 0.839889
1.328419 0.081486 0.365868 0.651126 0.200162 0.7321
-0.854873 0.865911 -0.340719 -0.652854 0.032169 -0.7568
-0.036077 -1.057709 -0.296401 0.107812 -0.195593 -0.974741
-1.435409 0.23817 0.010539 -0.879379 0.475619 0.021895
-0.809988 -0.727171 -0.357469 -0.467969 0.202417 -0.860251
0.20771 0.599162 0.247691 -0.821547 -0.379862 0.425166
0.886555 0.10147 0.465227 -0.250617 0.364813 0.896718
-0.689384 0.319309 0.202448 0.800961 0.043038 0.597168
-1.108011 -0.325679 -0.353129 -0.213782 -0.539411 -0.814453
-0.329293 -0.911461 0.447696 0.467789 -0.10464 0.877624
0.034414 -0.981952 0.301697 -0.128318 0.052802 0.990326
-0.884089 1.157633 -0.118228 -0.78415 0.5719 -0.240914
-0.56969 -0.129677 -0.075822 0.835125 -0.535235 -0.126844
-0.097842 0.852619 0.289762 0.447914 -0.35315 0.821376
0.969554 0.713441 0.248413 0.662416 0.122581 0.739039
-0.894187 0.714373 -0.30562 -0.546398 -0.050631 -0.835994
0.832376 -0.8256 -0.358233 0.594814 0.051551 -0.802208
0.881063 1.14475 0.152831 0.778137 0.545283 0.31172
0.266133 -0.672386 0.371966 -0.686136 0.269374 0.675763
0.60463 -0.37262 -0.083197 -0.734647 0.621049 -0.273114
-1.048442 -0.163737 0.455738 -0.056001 -0.426455 0.902774
0.736067 -0.911021 0.426207 0.513156 -0.028427 0.857824
0.697754 0.995705 -0.435984 0.444054 0.214714 -0.869893
-0.622064 0.271525 -0.017881 0.994562 0.092065 -0.048683
-0.779486 -1.141748 0.306203 -0.586428 -0.52827 0.61403
0.563255 1.214641 -0.3483 0.083459 0.710585 -0.698644
0.300093 0.800109 -0.431103 -0.57052 -0.080562 -0.817323
1.224187 -0.317795 -0.306053 0.464659 -0.563046 -0.683426
1.248078 0.30152 -0.302342 0.505578 0.553727 -0.661648
1.404695 0.246351 -0.146085 0.8168 0.489826 -0.304809
1.070628 0.753086 0.056283 0.914697 0.364528 0.174494
-0.380571 -0.856377 -0.476527 0.373153 -0.031966 -0.927219
-0.24169 -0.614734 -0.314312 0.756945 0.345843 -0.554461
0.44835 -0.452585 0.174762 0.025289 0.94846 0.315885
-0.708969 0.133169 0.345823 0.604558 0.4951 0.624008
-0.246274 1.237487 -0.249744 0.265282 0.728162 -0.631985
-0.031153 0.697045 0.02817 0.265133 -0.959957 0.090482
-0.661647 0.292503 0.161014 0.887787 0.094944 0.450354
-0.715068 0.204204 0.294175 0.664501 0.461357 0.587867
-0.14463 1.298483 -0.096493 0.169559 0.942228 -0.288889
0.929336 0.033167 -0.492761 -0.144238 0.13072 -0.980871
-1.41308 0.259722 0.091316 -0.839989 0.507531 0.191914
-1.46462 0.142363 -0.10727 -0.925918 0.309543 -0.216469
-0.138417 1.254002 0.185963 0.192257 0.808488 0.556224
0.87752 -0.320445 0.343199 -0.320973 -0.398808 0.859027
-0.605605 0.104569 -0.235785 0.754319 0.520135 -0.400578
1.156941 0.517758 -0.172726 0.631706 0.572046 -0.523173
-1.128359 0.640712 -0.038773 -0.852309 0.506836 -0.129177
-1.244841 0.240883 0.350446 -0.472306 0.494791 0.729457
0.61671 0.797154 0.468944 0.322376 -0.22994 0.91826
-0.538372 0.791885 0.488597 -0.166629 -0.214366 0.962435
-0.820259 0.493547 0.297538 0.086576 -0.131051 0.987588
-0.47928 -1.272077 -0.280254 0.060957 -0.814182 -0.577402
0.639404 -0.06953 -0.320475 -0.697235 -0.418656 -0.581886
0.545815 0.792342 0.487338 0.184716 -0.217646 0.958389
0.944666 -0.917221 -0.2296 0.816846 -0.21702 -0.534477
-0.54894 0.505398 0.276693 -0.024212 -0.813431 0.581157
-1.111999 -0.62568 0.118284 -0.785312 -0.477712 0.393797
0.840216 -1.180071 -0.182009 0.702394 -0.609962 -0.366863
0.690268 -1.115316 -0.388847 0.398746 -0.486131 -0.77761
0.615737 0.53531 0.308614 0.044995 -0.699887 0.712835
0.192992 -1.075077 -0.339293 -0.384666 -0.309323 -0.869685
-0.62152 1.302951 -0.206034 -0.216404 0.884205 -0.413944
-0.26509 0.833891 -0.408556 0.5988 -0.065871 -0.798185
0.302428 -0.431051 0.111192 -0.076455 0.977178 0.198186
0.611796 1.323604 0.160861 0.198193 0.925058 0.324017
0.721226 0.809021 -0.425535 0.459049 -0.179616 -0.870065
-0.880298 0.429492 -0.307931 0.163815 0.188633 -0.968288
1.167381 -0.582679 -0.033426 0.805593 -0.582615 -0.107608
0.289932 -1.244017 -0.260387 -0.257164 -0.739862 -0.621668
0.805902 0.045643 -0.45514 -0.391619 0.218457 -0.893819
0.170309 -0.552793 0.020276 -0.886432 0.461624 0.033772
0.038058 0.899401 0.286308 -0.178594 -0.317356 0.931337
0.626505 1.106556 0.419648 0.246891 0.484426 0.839271
-0.876778 0.239387 -0.386563 0.32982 0.48089 -0.812382
0.988831 0.871 -0.175418 0.862509 0.240664 -0.445151
-0.018336 1.165338 0.250765 0.039808 0.550838 0.833662
-1.211178 -0.345651 -0.291505 -0.460216 -0.57685 -0.674867
-0.957561 0.84424 -0.235405 -0.788243 0.161094 -0.593904
-0.300651 0.968166 -0.423135 0.467979 0.17485 -0.86627
-0.496327 -1.302421 0.233075 0.021132 -0.876758 0.480467
-0.457802 1.188745 -0.368737 0.130555 0.647676 -0.750647
0.333003 -0.433076 -0.12379 0.024659 0.97794 -0.207425
-0.900081 -0.503584 -0.298684 -0.068122 -0.091995 -0.993427
1.098731 0.322367 0.357596 0.190514 0.535791 0.822577
-0.896226 -0.209244 0.411701 0.27837 -0.488334 0.827067
-0.434388 1.308081 -0.213824 0.104884 0.884034 -0.455504
-0.693428 1.319344 -0.081369 -0.373222 0.913323 -0.16293
1.300167 -0.249965 -0.300366 0.594032 -0.501881 -0.628682
1.205951 -0.055837 0.450817 0.407179 -0.153957 0.900279
0.361911 1.33819 0.109177 -0.152841 0.956206 0.249619
0.94794 1.075428 -0.053511 0.883605 0.454105 -0.114153
0.088148 -0.690776 0.123084 -0.607756 0.7255 0.322927
0.994439 0.965765 -0.062428 0.92615 0.347528 -0.146528
0.621165 0.304889 -0.000669 -0.991833 -0.127525 -0.002055
-0.743595 -1.258136 0.192029 -0.491213 -0.781787 0.384081
1.025017 0.886262 0.044996 0.94013 0.320222 0.116675
-0.683815 -1.306571 -0.146962 -0.352499 -0.88834 -0.294271
-0.892963 1.106574 -0.182236 -0.795756 0.475125 -0.375537
-0.927839 -0.435507 0.311654 0.046946 -0.28074 0.958635
0.012324 1.227668 -0.195571 -0.021791 0.758569 -0.651228
-0.35114 -1.348139 -0.046019 0.152548 -0.982509 -0.106799
-0.748226 -1.098692 0.363193 -0.528957 -0.437441 0.727221
0.500244 1.009108 -0.476401 -0.062127 0.311378 -0.948253
0.700272 -0.605143 0.349886 0.195376 0.500657 0.84331
0.189977 0.560347 0.158641 -0.866135 -0.424297 0.264165
0.852837 -0.730931 -0.333492 0.518219 0.124265 -0.846172
-0.492407 1.31439 -0.20963 0.022165 0.90063 -0.43402
1.435279 -0.050564 -0.23987 0.869277 -0.117961 -0.480044
-0.925276 0.709373 -0.284233 -0.583655 0.017538 -0.811813
0.217731 -0.566674 0.237107 -0.822434 0.400754 0.403731
-0.650196 -0.136265 -0.272761 0.710811 -0.514583 -0.479534
-0.944357 -0.072868 -0.486654 0.124472 -0.262968 -0.956742
0.865577 0.26861 -0.364915 -0.360169 0.455075 -0.814361
-0.377772 0.877136 0.474259 0.379709 0.068283 0.922583
-0.600624 1.19427 0.361505 -0.168459 0.669618 0.723349
0.481192 1.351398 0.102003 -0.021229 0.976539 0.214292
0.967427 0.027307 -0.49753 -0.067117 0.102047 -0.992513
-0.616076 -0.333751 0.034591 0.930624 0.347865 0.11371
-0.651337 0.111442 -0.299674 0.687744 0.502371 -0.524054
0.838912 1.225965 0.063467 0.696586 0.706037 0.12759
-0.1326 0.712105 0.223776 0.699009 -0.504671 0.506649
0.959371 -0.44019 0.310374 0.032606 -0.333244 0.942277
1.038249 -0.509205 -0.265476 0.358113 -0.399092 -0.844086
0.294352 1.24433 -0.261839 -0.255763 0.740368 -0.621644
-0.692888 0.448549 -0.249631 0.353948 -0.483583 -0.800542
1.29288 -0.431245 -0.036017 0.752343 -0.652412 -0.09132
-0.267953 -1.000431 0.398342 0.464233 -0.204285 0.861833
1.233793 -0.342286 -0.277806 0.506693 -0.580417 -0.637478
0.621252 0.315794 -0.03471 -0.973297 -0.201576 -0.10982
-0.234892 0.73217 -0.361181 0.701879 -0.22819 -0.674756
-0.532517 -1.354504 -0.081302 -0.05814 -0.984188 -0.167312
1.182247 -0.547534 -0.08354 0.754552 -0.603074 -0.258751
-0.509551 1.304108 0.230244 -0.001068 0.881291 0.472574
0.727675 0.758855 -0.40934 0.430603 -0.262796 -0.863434
-1.069446 0.478805 -0.268082 -0.356197 0.470264 -0.80745
0.760369 1.243016 -0.199671 0.530465 0.747673 -0.39949
-1.037146 0.812703 -0.102388 -0.908147 0.301576 -0.290381
0.770221 -0.141316 0.390106 -0.496838 -0.479902 0.723081
0.158897 1.218798 -0.235773 -0.236124 0.695655 -0.678461
0.163499 1.233192 0.22172 -0.229552 0.736609 0.63617
0.815264 -0.793387 0.366898 0.547258 0.116694 0.828789
-0.742054 0.781034 0.408027 -0.461933 -0.213836 0.860751
0.692461 -0.603147 -0.350473 0.190397 0.515162 -0.835677
1.115121 0.425406 0.282271 0.353435 0.541149 0.763048
-0.261008 0.498527 0.236102 0.618933 -0.636896 0.459658
-0.949701 -0.3089 -0.36892 0.156349 -0.470607 -0.86838
-0.793703 0.212561 0.358137 0.500278 0.476529 0.72294
0.435761 1.076018 -0.438698 -0.210319 0.432185 -0.876916
-0.825318 0.382122 0.300907 0.382485 0.176836 0.906882
-0.626756 -0.258317 0.071975 0.966267 -0.179883 0.184311
1.034593 0.841039 0.07722 0.926989 0.309517 0.211874
0.458032 1.106269 -0.427275 -0.157668 0.492992 -0.855628
0.526327 -0.903969 0.497852 0.057204 -0.073218 0.995674
0.919538 -0.017538 -0.492848 -0.161744 -0.071207 -0.98426
-0.361513 0.425937 -0.07126 -0.060769 -0.991424 -0.1157
0.364362 0.791843 0.46775 -0.413344 -0.08368 0.906722
-0.506229 0.026235 -0.045792 0.952662 0.291331 -0.086951
1.160727 0.580142 0.072906 0.785482 0.572609 0.234813
0.353936 0.922333 -0.458567 -0.420349 0.135972 -0.897117
1.450067 -0.045564 0.212196 0.899195 -0.105545 0.424628
-0.857003 1.17969 -0.146312 -0.734326 0.610998 -0.295715
0.371448 1.124817 0.392387 -0.288369 0.499789 0.816734
0.176279 1.28194 -0.153736 -0.203722 0.875162 -0.438849
0.200302 -0.579094 -0.211918 -0.842844 0.401453 -0.358399
-0.796194 -0.829404 -0.384078 -0.555118 0.085861 -0.827328
0.71972 0.657219 0.372256 0.300758 -0.416042 0.858169
0.949599 -0.598009 0.276872 0.403774 -0.111016 0.908098
1.247533 -0.478641 0.058791 0.741952 -0.650615 0.161889
-0.472389 1.358173 -0.062182 0.029673 0.990874 -0.131488
-0.980263 0.855709 -0.198011 -0.836136 0.212195 -0.505817
-0.216454 0.470788 -0.054802 0.827909 -0.55251 -0.096429
1.266419 0.452708 0.075256 0.732663 0.651046 0.198352
0.027277 -0.736548 0.149461 -0.208049 0.848606 0.486399
-0.50003 0.550448 -0.343215 -0.134685 -0.761773 -0.633689
0.624772 -1.199021 0.35034 0.225126 -0.676827 0.700873
-0.774367 -1.077278 -0.355262 -0.583199 -0.388671 -0.713312
-0.934156 -0.881648 -0.256024 -0.777991 -0.159523 -0.607686
0.16987 -1.229144 0.228633 -0.23771 -0.722819 0.648866
0.071428 -0.861811 0.281233 -0.346549 0.384186 0.855748
0.372608 -1.343114 0.095642 -0.141891 -0.965848 0.216804
-0.953558 -0.922641 0.212998 -0.834415 -0.236359 0.497881
-0.838603 1.048182 0.309626 -0.696361 0.338802 0.632689
1.204316 0.502168 0.121925 0.698598 0.622001 0.353661
0.277594 -0.941611 0.414472 -0.506837 -0.110013 0.854993
-0.450208 -0.424655 0.03334 0.050374 0.996739 0.063035
0.768493 0.485349 0.288804 -0.169068 -0.288815 0.942338
0.608229 1.306012 0.205974 0.188657 0.890309 0.414438
-0.207672 -0.587226 -0.236541 0.828696 0.388423 -0.402978
-0.964963 0.468167 -0.300529 -0.106137 0.30462 -0.946542
0.315133 -1.293503 -0.198693 -0.210718 -0.857358 -0.469611
0.062621 -0.976854 0.306559 -0.227695 0.052594 0.972311
1.245161 0.187203 -0.383102 0.467508 0.422767 -0.776341
1.042731 -0.824895 -0.064584 0.930223 -0.318838 -0.181732
-0.74549 1.298132 -0.05493 -0.490169 0.864676 -0.109861
-0.423173 1.290585 0.242271 0.128257 0.846364 0.516932
-0.344034 0.428126 -0.094577 -0.048627 -0.986719 -0.154985
0.097835 0.695835 -0.150216 -0.635608 -0.671605 -0.380722
-1.277787 -0.333796 -0.245359 -0.595189 -0.58274 -0.553321
0.991098 -0.930598 -0.126818 0.90302 -0.302323 -0.305214
0.578896 -0.476636 -0.237963 -0.111145 0.812163 -0.572747
0.429179 1.339548 -0.135335 -0.092384 0.951849 -0.292315
1.437841 -0.100047 0.216219 0.871852 -0.227257 0.433853
0.739872 -0.081516 -0.405188 -0.524132 -0.387255 -0.758498
0.18101 0.612628 -0.204846 -0.833095 -0.418603 -0.361557
-0.816167 -0.344773 -0.30583 0.454627 -0.260268 -0.851807
-0.698904 -0.552653 0.31755 -0.058082 0.538594 0.840561
0.443829 -1.35971 -0.034229 -0.064044 -0.995224 -0.073675
-0.858272 0.562868 -0.304622 -0.176056 -0.114066 -0.977749
0.906897 0.069193 0.481315 -0.198109 0.265129 0.943641
-0.39454 0.524876 0.327905 -0.043001 -0.805892 0.590498
-0.785127 -1.257882 -0.121605 -0.581805 -0.77605 -0.243412
-0.856445 -0.704511 -0.327353 -0.48391 0.135179 -0.864614
-0.048285 -1.09674 0.287272 0.127012 -0.324958 0.937161
-0.428018 1.002422 0.466565 0.243982 0.297714 0.922951
-0.07365 1.302646 0.02421 0.095249 0.99237 0.078288
-0.430451 -0.930106 0.485086 0.241334 -0.165735 0.956185
0.753356 0.726841 0.386447 0.41898 -0.283744 0.862523
-0.997166 0.068795 0.49158 0.017045 0.233752 0.972147
0.868898 1.199868 -0.002624 0.756236 0.654278 -0.005306
1.334803 0.201203 -0.302233 0.657906 0.431148 -0.617471
-0.954703 -0.421072 -0.317389 0.015336 -0.352141 -0.935821
0.536071 -1.172255 0.388598 0.019801 -0.627499 0.778365
1.421932 0.244516 0.091638 0.852891 0.485898 0.190995
-0.535154 0.501914 -0.272326 -0.030543 -0.829577 -0.557556
-0.155303 -0.91014 0.338577 0.508724 0.109452 0.853944
-1.096317 0.470282 -0.260521 -0.396851 0.509309 -0.763618
1.328409 -0.358863 0.132745 0.730236 -0.611264 0.305142
0.875656 1.052463 -0.26116 0.758272 0.363779 -0.541006
-0.923293 -1.121727 -0.042553 -0.850103 -0.519139 -0.088431
-0.424889 -1.092266 -0.427633 0.225211 -0.458595 -0.859634
-0.552385 0.587068 -0.370476 -0.173737 -0.677275 -0.714922
-0.55685 -1.15161 0.40331 -0.066875 -0.58765 0.806346
-1.205098 -0.502674 0.11946 -0.701378 -0.622836 0.346617
0.803631 0.941438 0.376778 0.619514 0.115458 0.776448
0.671623 -0.388858 0.199644 -0.643107 0.378908 0.665464
0.414232 -0.436906 -0.120937 0.0397 0.977477 -0.207272
-0.281752 0.476869 0.225386 0.396946 -0.799971 0.449978
-0.497222 0.571457 0.367642 -0.149918 -0.721506 0.675984
-1.156971 -0.549277 0.134743 -0.704824 -0.569584 0.422843
1.342606 -0.055137 0.358938 0.682568 -0.136337 0.717992
-0.065285 1.118884 -0.281209 0.157486 0.398036 -0.903751
0.494837 -0.726369 -0.475 0.100312 0.355045 -0.929452
-1.301297 -0.393642 -0.125927 -0.713803 -0.631254 -0.30332
-0.661132 0.049541 0.355834 0.665597 0.316621 0.675819
0.593213 1.18328 -0.372975 0.151657 0.648265 -0.746159
0.739746 -0.191289 0.329498 -0.598005 -0.482734 0.639811
-1.256512 0.114305 -0.408986 -0.499529 0.285543 -0.817885
-0.573536 0.141127 0.049061 0.848614 0.522333 0.083802
0.626261 0.358569 0.111953 -0.813941 -0.445316 0.373087
0.332683 0.561632 -0.359453 -0.300525 -0.627973 -0.717868
-1.074599 0.700956 0.114466 -0.848876 0.376706 0.370813
-0.586314 0.52883 0.303834 -0.050272 -0.74433 0.665918
0.342984 -0.994569 -0.43785 -0.402239 -0.24948 -0.880888
-0.706019 1.277318 0.195645 -0.404461 0.826584 0.391369
0.518745 -0.012754 0.132136 -0.954494 -0.144102 0.261104
0.941857 0.602836 0.279776 0.402097 0.086482 0.911504
-0.270651 -1.072921 -0.376407 0.402194 -0.348569 -0.846605
-0.688209 0.073859 -0.368445 0.615042 0.397082 -0.681211
-0.516521 1.260731 0.297744 0.001722 0.796351 0.604832
-0.655034 -1.31878 -0.140796 -0.289245 -0.914641 -0.282436
0.01296 -1.248268 -0.168659 -0.021321 -0.827147 -0.561582
-0.565718 -0.5591 -0.339587 -0.130038 0.717852 -0.683943
0.360501 0.630974 0.418651 -0.290544 -0.463418 0.837155
0.2318 0.658174 0.325938 -0.754442 -0.305402 0.580988
0.37571 -0.910752 0.469864 -0.379288 -0.125238 0.916764
0.181347 -0.930996 0.355834 -0.515215 0.025973 0.856667
0.723423 1.304633 0.087257 0.440643 0.880549 0.17455
-0.435065 1.243276 0.309815 0.139752 0.750078 0.646415
-0.745012 -0.940051 0.41867 -0.531092 -0.091213 0.84239
1.024499 0.124694 0.473654 0.019001 0.365286 0.930701
-0.9428 0.4056 -0.322697 0.069946 0.355156 -0.932187
-1.08059 -0.094426 0.479205 -0.143965 -0.279892 0.949176
1.222364 -0.388234 0.243372 0.534143 -0.600469 0.595087
0.572438 -0.105594 -0.155369 -0.802233 -0.53888 -0.256963
-0.783467 0.08122 0.432042 0.442929 0.360883 0.820718
-1.462634 -0.032023 -0.186507 -0.924835 -0.073896 -0.373121
-0.752738 0.249615 0.301474 0.620211 0.4046 0.67204
-0.636136 -1.085353 -0.428181 -0.277103 -0.435762 -0.856344
-0.204271 0.486744 -0.022245 0.872214 -0.487716 -0.037092
-0.143354 -0.659095 0.179704 0.775867 0.512711 0.367637
-0.550696 -0.488699 -0.252346 0.026794 0.835054 -0.549515
-0.546051 0.845446 0.495515 -0.152349 -0.083128 0.984825
-0.70755 1.267333 -0.214016 -0.409063 0.805863 -0.42808
-0.560294 0.472087 0.22754 0.099439 -0.843743 0.527456
-0.846506 0.235876 0.374913 0.396106 0.474277 0.786232
-1.379473 -0.321155 0.052885 -0.805329 -0.581294 0.116367
1.058441 0.514372 0.253412 0.413143 0.430679 0.802389
0.532999 -0.5488 0.334465 0.126045 0.753887 0.6448
0.622808 0.27401 -0.026542 -0.994167 0.079465 -0.072919
-0.950647 -0.24342 -0.406243 0.167179 -0.494792 -0.852779
0.76869 -1.176171 0.283704 0.559107 -0.603783 0.568195
0.951408 0.338521 0.353663 -0.133098 0.447453 0.884347
0.847812 1.185817 0.155785 0.716655 0.622621 0.314242
-0.769543 1.238719 -0.195188 -0.551069 0.737387 -0.39062
-0.16194 -0.847079 -0.330117 0.584794 0.219549 -0.780906
1.391532 0.304922 0.048398 0.81912 0.563935 0.104975
0.608679 -0.37681 0.101448 -0.711549 0.619058 0.332363
0.79788 -0.496782 0.295947 -0.101195 0.211042 0.972225
0.222689 -0.581987 -0.260717 -0.80705 0.38462 -0.448038
-0.560004 0.6552 -0.423248 -0.229798 -0.543046 -0.807647
0.124742 -1.212947 -0.23068 -0.203823 -0.687345 -0.697146
-1.253571 -0.427602 -0.157991 -0.661165 -0.63215 -0.404038
-0.667305 -0.046021 -0.36335 0.655522 -0.294429 -0.695415
1.24958 0.210219 0.367121 0.477604 0.455698 0.751155
1.149424 0.573683 -0.11383 0.746272 0.555794 -0.366293
0.715418 -0.735245 0.40737 0.399111 0.311955 0.862203
0.425807 1.354151 -0.070675 -0.087158 0.984255 -0.153773
0.825142 -1.113511 0.281124 0.676344 -0.469105 0.56789
1.28164 0.209524 -0.345041 0.545879 0.450586 -0.706391
-0.493405 -0.5027 -0.277702 -0.07345 0.850047 -0.521561
-0.608633 0.19755 -0.08176 0.897626 0.408627 -0.165202
-0.571795 -0.141476 0.021461 0.852263 -0.521828 0.036658
0.498294 -0.693236 -0.459965 0.134192 0.443484 -0.88618
1.026667 -0.564887 -0.246858 0.469146 -0.330005 -0.819145
0.496195 -0.447161 0.16174 -0.072552 0.940188 0.332839
0.077233 -1.049514 0.305098 -0.223645 -0.181231 0.957673
0.278453 -0.447584 0.156377 -0.304309 0.901944 0.30642
-0.236776 -1.227527 -0.256853 0.271898 -0.703615 -0.656504
-1.000942 -0.558045 0.262544 -0.401114 -0.277449 0.873
-0.604583 -0.158613 -0.148078 0.82486 -0.499357 -0.265046
-0.346848 -0.566848 -0.369191 0.231362 0.63945 -0.733195
0.059124 0.92715 0.298903 -0.247937 -0.209228 0.945913
0.752247 0.576501 0.32486 0.132675 -0.411542 0.901682
-0.377309 -0.584986 -0.391582 0.117737 0.63167 -0.766245
0.323863 -0.424237 0.071693 0.017824 0.992656 0.119654
-0.084507 -0.667503 0.005391 0.624693 0.780744 0.014057
0.788017 -0.748971 0.374818 0.474044 0.21012 0.855062
0.922464 -0.881727 -0.270478 0.759864 -0.14212 -0.634357
-1.017879 -0.853118 -0.120975 -0.903478 -0.282649 -0.322238
-0.645991 -0.72986 -0.434986 -0.339862 0.368084 -0.865453
1.283992 -0.396868 0.155414 0.680623 -0.627817 0.377621
-0.632352 -0.248641 0.105236 0.935823 -0.24126 0.256961
1.39202 0.17666 -0.246681 0.776424 0.382661 -0.500736
0.44065 0.43077 -0.085592 -0.013533 -0.987643 -0.156138
-0.796694 0.303346 -0.309158 0.526339 0.333713 -0.78205
-1.005186 -0.781326 0.188716 -0.814365 -0.219403 0.537282
0.895558 0.687784 -0.303082 0.505729 -0.056055 -0.86087
1.265941 -0.387261 -0.197102 0.628259 -0.615935 -0.475306
-0.896958 -0.94897 0.283257 -0.758885 -0.202237 0.619026
-0.028327 -0.933066 -0.294231 0.12221 0.215378 -0.968853
1.314728 0.403571 -0.04968 0.756816 0.64238 -0.120734
-0.551886 1.317394 -0.199234 -0.079766 0.910791 -0.405089
-0.970969 -0.979089 0.135762 -0.891099 -0.332077 0.309302
-0.477216 -0.859617 -0.499209 0.06992 -0.000414 -0.997553
-0.393533 1.000152 0.456672 0.316662 0.283881 0.905062
1.253021 0.072601 0.423059 0.499567 0.18979 0.845229
-0.927528 -1.020766 0.199063 -0.834521 -0.345816 0.428935
1.073813 -0.543317 0.227818 0.514435 -0.439602 0.736279
0.721477 -1.241287 -0.245202 0.444225 -0.749777 -0.490406
-0.209995 -0.497625 0.112592 0.856104 0.480646 0.189909
1.087549 0.132205 -0.465081 0.146537 0.361967 -0.920601
-0.616394 -0.152355 0.190267 0.791928 -0.509188 0.337014
-0.583162 1.307518 -0.212478 -0.137621 0.89279 -0.428936
0.72319 -0.125644 -0.364594 -0.57364 -0.483314 -0.661321
-1.104855 -0.599859 0.156821 -0.712708 -0.471731 0.519151
0.2985 0.649263 0.392056 -0.592873 -0.319644 0.739141
1.157369 -0.318388 0.341578 0.317917 -0.550876 0.771663
-0.89976 0.305977 0.358003 0.274401 0.438315 0.855911
0.20734 1.026456 -0.360304 -0.43847 0.205471 -0.874943
-0.289673 1.078394 0.383011 0.39056 0.370593 0.842688
0.36146 -1.320186 -0.163184 -0.165854 -0.913846 -0.370645
-0.173315 0.932045 0.351091 0.506891 -0.035438 0.861282
-0.334242 -1.11858 0.381962 0.33032 -0.472547 0.817061
-1.340635 -0.250318 -0.255719 -0.681122 -0.499739 -0.535102
-0.621204 0.223195 -0.092068 0.920873 0.332033 -0.204323
1.425539 -0.252778 -0.039308 0.863704 -0.497239 -0.082276
-0.095013 -0.758197 -0.226037 0.546627 0.573346 -0.610306
0.288399 0.498019 -0.264185 -0.418387 -0.738777 -0.528357
1.115561 0.482129 -0.240961 0.463748 0.528454 -0.711107
-0.618275 0.783623 0.464756 -0.324698 -0.260762 0.909161
-1.054739 0.139531 -0.466081 -0.076333 0.38494 -0.91978
-0.2538 -0.433878 -0.050916 0.466764 0.878508 -0.10176
-0.594502 0.516785 -0.289912 -0.008723 -0.749209 -0.662276
0.477068 -0.480695 0.240109 0.047521 0.893362 0.446818
-0.903385 -0.461905 0.304285 0.037688 -0.17752 0.983395
-0.30344 -1.074855 0.390905 0.38571 -0.371269 0.844622
-0.79118 0.741508 -0.371223 -0.468344 -0.214982 -0.856993
0.000867 0.761142 -0.181517 -0.006295 -0.796169 -0.605042
0.974476 0.16917 0.451235 -0.100169 0.451209 0.886779
-1.484394 0.116503 0.014009 -0.966291 0.255906 0.028174
-0.940675 -0.784669 -0.266146 -0.705057 -0.084019 -0.704156
-0.526211 1.007885 0.477517 -0.009716 0.303279 0.952852
0.983654 -0.083444 0.487215 -0.049076 -0.280261 0.958669
-0.791427 0.575081 0.318382 -0.147702 -0.312073 0.938507
-0.431713 0.445336 -0.152693 -0.032962 -0.962663 -0.26869
-1.17855 0.167231 -0.425697 -0.328557 0.403131 -0.854128
-0.609634 1.255559 -0.290505 -0.188086 0.790771 -0.582499
0.272894 0.64939 0.369065 -0.673804 -0.302532 0.674139
0.854059 1.194913 -0.118712 0.728186 0.642157 -0.239541
0.135126 0.883657 0.321621 -0.504807 -0.202755 0.839083
-0.731352 -0.414411 -0.254289 0.478841 0.231632 -0.846793
1.420942 0.263809 -0.003137 0.858623 0.512565 -0.006608
-0.725481 -0.220245 0.293593 0.658715 -0.4407 0.609818
0.204426 0.56222 0.202316 -0.846984 -0.409183 0.339392
0.307736 -0.727383 -0.424661 -0.573773 0.18594 -0.797628
0.122755 1.306346 -0.045424 -0.145819 0.979365 -0.139929
0.686491 -1.326119 -0.054091 0.357787 -0.927495 -0.108359
1.179883 0.537587 0.109527 0.72632 0.599686 0.33591
-0.065517 -0.696149 -0.095047 0.495803 0.824093 -0.273954
0.451418 -0.853074 0.496338 -0.151985 -0.001909 0.988381
0.671951 0.109453 -0.326533 -0.652691 0.489135 -0.578568
1.160662 -0.465757 -0.220996 0.528266 -0.57789 -0.622076
0.966228 0.924146 0.189573 0.856397 0.256766 0.447946
0.633994 0.10748 -0.279538 -0.712938 0.507368 -0.484043
-0.027445 0.744366 0.162408 0.204463 -0.823744 0.528811
0.721784 -0.735873 -0.404628 0.404598 0.305027 -0.862125
0.681133 -1.158158 -0.36307 0.366929 -0.581448 -0.726141
-0.270998 0.675122 0.377886 0.674362 -0.264915 0.689243
-0.250812 1.323247 -0.083789 0.1983 0.95561 -0.217916
0.658806 0.276539 0.160063 -0.890087 0.168209 0.423616
0.887872 1.168178 -0.070835 0.791376 0.59406 -0.144282
-0.407141 1.114833 0.409994 0.245122 0.494199 0.834076
-0.138702 1.307526 0.053889 0.159154 0.97373 0.162851
-0.266531 -1.202593 -0.293629 0.294305 -0.639469 -0.710257
-0.435163 1.354202 0.075221 0.077044 0.983684 0.162576
-0.813997 -0.544442 0.307021 -0.073272 0.227371 0.971048
0.633997 -0.445097 0.21832 -0.337436 0.68305 0.647749
1.359774 -0.344195 0.067741 0.783199 -0.602751 0.152614
-0.06228 -0.843426 -0.268446 0.324852 0.454097 -0.829619
0.305566 -0.438997 0.145749 -0.086266 0.961039 0.262607
-0.916027 1.082982 0.15988 -0.831269 0.443877 0.334611
0.797492 -0.674343 0.349173 0.376557 0.270935 0.885889
-0.234885 0.46542 -0.123581 0.725449 -0.647419 -0.233607
0.851308 0.790467 0.341618 0.586139 -0.069705 0.807206
-0.321815 1.165013 -0.346684 0.305226 0.563579 -0.767604
0.235101 0.73311 -0.361715 -0.700994 -0.226901 -0.676109
0.166494 -0.731285 -0.28276 -0.71536 0.372949 -0.590906
-0.556548 1.134535 -0.415252 -0.066879 0.55409 -0.829766
-0.303068 0.450408 -0.180933 0.138779 -0.931392 -0.336525
0.770938 -0.032667 -0.441188 -0.458871 -0.172553 -0.871586
-0.90048 -0.844016 0.300156 -0.69952 -0.065561 0.711599
0.804797 -0.067603 -0.448074 -0.398328 -0.304788 -0.865124
0.375954 -0.715961 -0.458829 -0.330236 0.254679 -0.908891
-0.982697 -0.911994 0.163323 -0.877856 -0.269046 0.396212
0.791112 -0.994829 -0.375366 0.611516 -0.215947 -0.761194
-0.868601 0.094131 -0.46282 0.283065 0.354357 -0.891238
-0.056896 -1.253167 0.165754 0.089726 -0.835993 0.541354
-0.179445 -0.58808 -0.168686 0.853963 0.431957 -0.290105
-1.237105 -0.404653 0.210815 -0.589489 -0.613885 0.525022
-0.509867 0.961003 -0.48988 0.020961 0.209647 -0.977552
-0.731178 1.110411 0.367847 -0.491081 0.466029 0.735973
-0.823884 -0.275312 -0.33989 0.459087 -0.418341 -0.783728
0.037893 0.693709 -0.005825 -0.31976 -0.94732 -0.018384
-1.013256 -0.218306 -0.427764 0.029254 -0.489029 -0.871777
0.262471 0.585996 0.322366 -0.700425 -0.402941 0.589104
-0.247786 -1.283186 -0.185606 0.229 -0.848281 -0.477471
0.451628 -1.239632 0.317283 -0.118012 -0.745578 0.655886
-0.644856 0.267702 0.130911 0.923431 0.176964 0.340528
-0.398465 -1.347136 0.093159 0.118159 -0.971262 0.206613
-0.962035 0.937227 -0.189957 -0.856337 0.266273 -0.442476
-1.472487 0.123618 0.098102 -0.941916 0.271686 0.197438
0.652474 -0.269551 -0.149109 -0.90297 -0.186577 -0.387084
-0.660144 0.230037 0.192655 0.830017 0.360064 0.42594
0.639667 0.246691 -0.130624 -0.911786 0.264862 -0.31384
-1.003838 0.816276 0.175423 -0.846361 0.232001 0.479426
0.066895 -0.748 -0.191249 -0.441258 0.697928 -0.564081
0.195293 -0.639332 0.258939 -0.804069 0.373549 0.462531
1.456125 0.098388 -0.175767 0.909108 0.221619 -0.352716
-1.273034 0.308618 0.274998 -0.564797 0.56176 0.604508
0.704071 -0.819753 0.436532 0.444501 0.167581 0.879964
0.151459 0.615648 -0.12786 -0.829158 -0.504681 -0.240404
0.390813 1.347957 -0.08442 -0.124251 0.974176 -0.18853
-0.410237 1.337495 0.135332 0.11335 0.94836 0.296251
1.258088 -0.322071 0.276063 0.542236 -0.57095 0.616438
0.151299 -0.78556 0.29739 -0.640458 0.346171 0.68555
-0.543954 -1.3003 0.235104 -0.060338 -0.876496 0.477613
-1.329048 0.342826 -0.160388 -0.715218 0.597597 -0.36241
0.528887 -0.41152 -0.039289 -0.317011 0.943263 -0.098791
-1.190489 -0.534478 -0.090176 -0.741729 -0.612083 -0.274213
0.757556 0.940392 0.410514 0.550695 0.094838 0.829301
-0.958199 0.564892 0.278342 -0.337143 0.164637 0.926946
-1.02294 0.817289 -0.136405 -0.883969 0.272891 -0.379644
-1.163763 0.513505 -0.169088 -0.63671 0.580353 -0.507731
-0.112313 1.306903 0.027602 0.135535 0.987029 0.086051
-0.488004 -1.31507 0.207954 0.028577 -0.901699 0.431419
0.632386 0.763443 0.45318 0.340256 -0.303924 0.889863
0.60753 -0.210442 -0.030077 -0.92977 -0.362534 -0.06401
-0.009431 -0.791988 -0.216581 0.062227 0.690895 -0.720272
0.551983 0.085731 0.130278 -0.819355 0.531488 0.214891
-1.187243 -0.556684 0.030536 -0.786655 -0.609997 0.095276
-0.557448 -0.397376 -0.019813 0.484285 0.873077 -0.056604
-0.361415 0.906885 0.464165 0.411062 0.113997 0.904451
-0.640235 1.094314 0.422139 -0.284619 0.454102 0.844265
0.210819 -0.48018 -0.057463 -0.852358 0.513651 -0.098229
-1.019885 0.897128 0.055394 -0.93701 0.31941 0.141383
-1.033406 -0.311358 -0.373271 -0.03626 -0.511727 -0.858383
1.3777 -0.319149 0.07176 0.799891 -0.579068 0.157653
0.303771 -0.424478 -0.071599 -0.049942 0.990893 -0.125049
-0.495217 0.444449 0.153644 0.080091 -0.944968 0.317208
-0.839422 -1.196911 -0.152275 -0.699829 -0.645167 -0.306593
0.297335 0.594796 -0.362465 -0.56032 -0.443057 -0.699816
-0.508764 -0.021371 0.077343 0.958776 -0.241743 0.149362
-0.720075 0.052205 0.404353 0.557303 0.290515 0.777827
0.767442 -0.338539 -0.276804 -0.582794 -0.176586 -0.793201
-1.163995 0.486057 -0.198261 -0.577167 0.581085 -0.573776
-0.160588 -0.619557 -0.16285 0.828492 0.472307 -0.300878
1.338269 -0.322392 -0.174881 0.717118 -0.579736 -0.386842
1.066362 0.505357 -0.254306 0.409023 0.449658 -0.794046
-0.347883 0.569407 0.371729 0.231724 -0.633119 0.738555
0.695857 1.325209 0.018052 0.378345 0.924959 0.036148
1.048383 -0.202928 -0.435857 0.047757 -0.473597 -0.879446
-0.590241 0.134395 0.151012 0.809308 0.528136 0.257083
0.996594 0.773502 0.203959 0.789621 0.197593 0.58091
-1.182317 -0.4304 0.236226 -0.510292 -0.59191 0.623895
0.74152 -0.840922 -0.419615 0.498449 0.108413 -0.860114
1.292981 -0.417646 -0.09086 0.730731 -0.644084 -0.226247
0.737963 -0.144791 0.36312 -0.560231 -0.492135 0.666292
-0.796244 0.422531 0.285759 0.350974 -0.027524 0.935981
-0.962238 -0.309855 0.370442 0.126903 -0.477521 0.869407
-0.359212 -1.301017 -0.20341 0.180971 -0.869531 -0.459527
0.080988 -1.161833 -0.260995 -0.167693 -0.53524 -0.827887
-0.28661 -1.279462 -0.209991 0.230013 -0.828024 -0.511342
0.515677 0.040313 -0.079442 -0.907714 0.394156 -0.143865
-0.922096 -0.985782 0.232224 -0.813442 -0.284993 0.507041
0.683999 1.198819 -0.324625 0.365291 0.667107 -0.649254
-1.101359 0.687585 -0.047547 -0.884014 0.440427 -0.156664
0.383576 0.486438 0.267063 0.05786 -0.884756 0.462449
-1.332526 0.380518 0.058485 -0.764443 0.629824 0.137651
1.015046 -0.075422 -0.489936 0.016958 -0.247892 -0.968639
-0.222622 0.457991 -0.015907 0.787028 -0.616229 -0.029116
-1.142209 0.620599 -0.027815 -0.838696 0.536754 -0.092112
0.911242 0.157437 0.44547 -0.226145 0.453435 0.862122
-0.385937 0.597588 -0.40284 0.104089 -0.605632 -0.788907
-1.240512 0.176005 0.391768 -0.458146 0.405757 0.790862
-0.711022 -1.315945 0.05296 -0.412253 -0.904884 0.105981
0.380134 -0.424197 -0.039949 0.055268 0.996324 -0.065447
0.963527 0.192609 0.437395 -0.130437 0.47589 0.869779
1.006595 0.920682 -0.083474 0.9257 0.317441 -0.205695
-0.848332 0.880358 0.345623 -0.653336 0.046234 0.755655
0.791516 -0.92458 -0.388193 0.59687 -0.077001 -0.798635
0.977381 0.780413 0.22658 0.762342 0.158174 0.627548
-0.151492 -0.708412 -0.246608 0.728296 0.442331 -0.523382
0.191468 1.301419 0.115797 -0.198317 0.924609 0.325222
0.295325 -0.704638 -0.409309 -0.608768 0.221132 -0.761907
-0.606016 1.321695 0.169492 -0.186097 0.921243 0.341584
-0.875284 0.543288 0.300313 -0.142534 -0.041147 0.988934
-0.635317 -0.302508 -0.094635 0.957515 0.053346 -0.283406
-1.131801 0.442101 -0.261265 -0.419821 0.553215 -0.719516
0.163557 -0.59946 0.137245 -0.848052 0.469774 0.245193
1.406348 0.259953 -0.116452 0.825691 0.508236 -0.244807
-0.501858 0.813503 0.496514 -0.046222 -0.131968 0.990176
0.577575 -0.718154 -0.453669 0.264179 0.406446 -0.874649
-0.832291 -1.188368 -0.183023 -0.686533 -0.626895 -0.36834
-0.600344 0.426018 0.172689 0.39565 -0.768819 0.502372
-0.542715 -0.830193 0.494461 -0.153215 0.119483 0.980943
0.563157 0.561241 -0.342325 0.134793 -0.716072 -0.684888
-0.602856 -0.198812 -0.031956 0.914731 -0.398788 -0.065084
0.75923 -1.096834 0.35606 0.551546 -0.432127 0.713487
0.844851 1.001156 -0.324178 0.697882 0.250586 -0.670945
0.955834 0.807437 -0.246162 0.752948 0.129191 -0.645274
1.005284 0.436514 0.307864 0.127812 0.411791 0.90227
-0.382291 -1.227017 0.313624 0.211922 -0.707831 0.673843
1.364486 0.197582 -0.269863 0.720267 0.421465 -0.550984
0.636967 -0.221265 -0.148231 -0.875177 -0.360744 -0.322381
0.867769 1.043507 0.277457 0.743651 0.34271 0.57405
-1.26905 -0.219318 0.348167 -0.520203 -0.465686 0.715909
1.428829 0.042624 -0.252915 0.856684 0.100087 -0.506039
-0.519867 1.321725 0.193507 -0.024896 0.91737 0.397256
-0.986919 0.61682 -0.253941 -0.513695 0.195056 -0.835506
0.21058 -1.162734 0.302006 -0.317403 -0.53576 0.782442
-1.011398 0.598697 0.243706 -0.5192 0.268661 0.811328
0.469085 1.285034 -0.259874 -0.070653 0.839015 -0.539502
-0.726578 0.949184 0.428802 -0.501612 0.10844 0.858269
0.420705 1.020194 0.458498 -0.256168 0.327759 0.909369
0.336374 -1.039501 -0.420138 -0.382571 -0.32416 -0.865193
0.96733 0.66817 -0.257302 0.582931 0.121182 -0.803434
-0.671214 -0.23477 0.209168 0.808439 -0.358529 0.46678
-0.943744 -0.902059 -0.236726 -0.8064 -0.197485 -0.557422
-0.996823 0.571782 0.260302 -0.426891 0.255028 0.867597
0.879889 -0.620078 -0.304885 0.35015 0.091169 -0.932246
0.940797 1.058562 0.124984 0.86736 0.419832 0.267259
-1.139483 -0.381761 -0.302918 -0.342342 -0.55992 -0.754514
-1.361553 0.223678 -0.252275 -0.718319 0.461604 -0.520518
-0.834574 -0.035067 -0.468753 0.333395 -0.162416 -0.928692
-0.016172 1.001607 0.300464 0.05773 0.006705 0.99831
0.207084 0.481602 0.019367 -0.864301 -0.501913 0.032668
0.983379 0.354061 -0.348901 -0.044298 0.461663 -0.885948
-0.22962 -0.641812 -0.313962 0.766853 0.322954 -0.554651
-0.957124 -1.014195 0.135931 -0.88125 -0.365291 0.299935
-0.090906 0.676515 -0.091872 0.637319 -0.733864 -0.235091
-1.203659 0.251414 -0.366981 -0.386026 0.508149 -0.769915
-0.428985 -1.260723 -0.287059 0.138299 -0.784666 -0.604295
1.43602 0.22174 0.083362 0.875864 0.450888 0.171938
1.030875 0.223354 -0.425136 0.008368 0.491448 -0.870866
0.986522 -0.997176 0.020383 0.925308 -0.376358 0.04648
-0.614501 -0.633937 -0.392215 -0.23745 0.560194 -0.7936
-1.194509 0.31533 -0.326123 -0.397614 0.556704 -0.729372
0.812448 -0.453724 0.292229 -0.228404 0.064454 0.97143
1.451383 -0.176358 -0.109328 0.900398 -0.374067 -0.222164
-0.901004 -1.085789 0.190193 -0.806441 -0.439981 0.395055
-0.709165 0.719538 -0.404224 -0.378766 -0.34263 -0.859733
-0.760902 1.198413 -0.266085 -0.538846 0.652668 -0.532606
-0.670444 0.568793 0.331527 -0.109915 -0.582932 0.805052
-0.581048 1.213977 -0.346341 -0.122999 0.709429 -0.693961
0.258127 -0.745033 0.387781 -0.666395 0.185931 0.722044
-0.563879 0.95091 0.488487 -0.140203 0.162176 0.976751
-1.076226 -0.635143 0.166627 -0.730031 -0.39891 0.55491
0.737312 1.286101 0.13121 0.47349 0.840798 0.262422
0.525423 0.521153 -0.300787 0.082761 -0.80478 -0.587776
-0.799687 0.232606 -0.349339 0.49961 0.460171 -0.733916
1.491254 0.08359 -0.028361 0.980812 0.186476 -0.056866
-0.160558 1.314609 -0.026134 0.171152 0.98224 -0.076882
0.00592 1.200211 0.223464 -0.011499 0.667312 0.74469
0.817083 0.654859 -0.335505 0.356986 -0.242847 -0.90199
0.680011 1.234877 -0.285283 0.350234 0.742762 -0.57065
-0.373482 1.343395 -0.094958 0.141053 0.966353 -0.215097
-0.009541 1.300056 0.001935 0.012973 0.999895 0.006446
0.509028 -0.480404 0.237574 0.007142 0.880348 0.474275
0.762037 -0.02993 0.43692 -0.476265 -0.162018 0.864247
-0.388478 1.294094 -0.226403 0.162078 0.852743 -0.496549
-0.959799 -0.383487 -0.333136 0.064281 -0.408234 -0.910611
0.617185 0.119288 0.238272 -0.748131 0.523688 0.407494
0.621313 -1.040166 -0.45258 0.254769 -0.340684 -0.905001
0.439128 1.276037 0.268276 -0.116846 0.817385 0.564118
-0.547048 0.706422 -0.456542 -0.221284 -0.429716 -0.87543
0.836914 1.14649 0.233564 0.697521 0.539478 0.471623
0.554226 1.17742 0.383421 0.060983 0.638045 0.76758
0.786743 0.909204 -0.392871 0.584977 0.045332 -0.809782
0.374577 -0.567804 -0.376121 -0.094717 0.679 -0.728003
-0.214902 -0.640343 -0.291648 0.786746 0.34041 -0.514929
0.538192 -1.245022 0.31692 0.035552 -0.767998 0.639465
1.15183 -0.37674 -0.300869 0.363439 -0.565663 -0.740228
0.794194 0.795671 -0.380814 0.5265 -0.139011 -0.838734
-0.411477 0.457444 -0.194701 -0.067602 -0.941126 -0.331229
-0.191939 1.004036 0.356945 0.450805 0.142024 0.881251
0.731413 -1.10965 -0.368171 0.491736 -0.464304 -0.736626
-0.402126 1.057615 0.437911 0.279038 0.388226 0.878304
1.051693 -0.812363 -0.034032 0.937698 -0.333382 -0.097872
0.062839 -1.295784 0.064379 -0.084346 -0.9741 0.209799
0.182653 -1.141286 0.304456 -0.31831 -0.475874 0.819892
-0.263391 -0.677688 0.371262 0.690324 0.26322 0.67392
0.76153 1.289751 0.045056 0.526424 0.845433 0.090117
0.181177 0.548026 -0.09712 -0.882639 -0.44197 -0.160032
-0.064083 0.729079 -0.162515 0.448409 -0.754429 -0.479339
0.012203 -0.699864 0.017626 -0.106472 0.992598 0.058413
0.943523 -1.02985 -0.155017 0.863722 -0.37547 -0.336166
0.397082 1.227599 0.317488 -0.195841 0.711602 0.674736
0.735751 0.13494 -0.368479 -0.557079 0.486714 -0.672884
0.441627 -0.816971 -0.493464 -0.162185 0.073955 -0.983985
-1.297954 0.426352 -0.028186 -0.755294 0.651541 -0.070883
0.162981 -1.105302 0.315049 -0.330902 -0.374625 0.866118
-0.539388 -1.359018 0.042858 -0.071219 -0.993564 0.088078
0.890963 -0.839741 0.309614 0.682554 -0.046295 0.729368
1.061136 0.166958 0.45324 0.081761 0.428176 0.899989
0.154779 0.59213 0.080925 -0.853911 -0.499562 0.145857
0.39481 -0.863842 0.48161 -0.334037 -0.044743 0.941497
1.204906 -0.226456 -0.382232 0.383649 -0.481397 -0.78808
-0.986682 0.808375 -0.205989 -0.807416 0.191992 -0.55787
1.007268 0.248451 -0.410246 -0.04269 0.502338 -0.863617
1.395926 -0.073058 -0.294734 0.788608 -0.172772 -0.590125
0.309505 -0.470004 0.229588 -0.168511 0.88389 0.436282
0.484984 -0.832289 0.498621 -0.024021 0.070989 0.997188
-0.931605 -0.003159 -0.49528 0.136817 -0.012637 -0.990516
0.321901 -1.235107 0.283469 -0.252033 -0.718647 0.648094
0.58973 -1.147432 -0.401983 0.146683 -0.576727 -0.80366
0.851629 -0.986918 -0.322173 0.704582 -0.228239 -0.671916
0.044094 1.215742 0.21102 -0.079957 0.715524 0.693997
0.400815 0.904243 0.480194 -0.319367 0.118206 0.94023
1.367358 -0.23788 0.230442 0.734343 -0.481139 0.478796
-1.051349 -0.652873 -0.186211 -0.714513 -0.334903 -0.614257
0.840262 1.025048 0.319195 0.695585 0.294 0.655535
0.214698 -0.863209 0.373193 -0.597397 0.094381 0.796373
-1.437489 0.231993 -0.033902 -0.881837 0.466294 -0.070235
-0.072869 1.298962 -0.052799 0.095653 0.980651 -0.170804
1.289822 -0.40877 -0.121184 0.710404 -0.637335 -0.298546
-0.799906 0.677927 -0.349217 -0.384683 -0.263735 -0.884569
0.902043 0.949342 -0.276806 0.766778 0.208152 -0.607227
-0.882792 -0.868962 -0.315038 -0.692968 -0.070984 -0.717466
0.766786 -0.470183 0.283987 -0.228107 0.262898 0.937471
0.314463 -1.275333 0.228567 -0.224808 -0.813403 0.536504
1.083455 0.370769 -0.329847 0.203037 0.52766 -0.824834
1.456846 -0.07003 0.188797 0.911793 -0.160093 0.378159
1.338652 -0.338281 0.148191 0.731779 -0.59473 0.33286
-0.174283 -0.707572 0.277195 0.743974 0.374517 0.553389
0.189821 0.734777 -0.312389 -0.719894 -0.30932 -0.621348
1.347148 0.368419 -0.015187 0.781588 0.622804 -0.03516
1.22197 0.496495 -0.092834 0.724215 0.636618 -0.265009
-0.080805 1.015863 0.310543 0.255086 0.079656 0.963632
0.125495 -0.940503 -0.326047 -0.426805 0.085568 -0.900287
-0.306817 -0.430683 -0.110818 0.054744 0.979266 -0.195044
0.849614 0.723539 0.334299 0.5043 -0.135971 0.852756
-0.699864 0.668103 0.384752 -0.309561 -0.427962 0.849129
0.622939 0.154945 0.20131 -0.783983 0.506454 0.358991
-1.472262 -0.133224 0.084563 -0.941489 -0.290784 0.170417
0.468216 -0.713271 -0.471848 0.03416 0.368166 -0.929132
-0.819262 -0.81668 0.366962 -0.572059 0.079841 0.816318
-0.606694 -0.501829 0.273418 0.053055 0.745965 0.663869
-0.551599 0.092167 0.111289 0.821377 0.540547 0.182066
0.76667 0.538334 0.307364 0.020641 -0.362774 0.931649
-0.272885 1.227145 0.272276 0.273712 0.699493 0.660145
-0.78885 -0.646176 -0.343418 -0.317506 0.306291 -0.897427
-0.998961 -0.642736 -0.239179 -0.591214 -0.211098 -0.778398
-0.677236 1.319538 -0.11041 -0.33763 0.914913 -0.221225
-0.18261 -0.634184 -0.231044 0.814054 0.404266 -0.416996
0.969605 -0.990266 -0.127147 0.893375 -0.345493 -0.287257
-0.60779 -0.543675 0.317514 -0.073048 0.700498 0.709906
0.572229 0.128738 0.09421 -0.829666 0.535538 0.157648
1.043086 0.639026 0.2022 0.669978 0.321148 0.669323
1.221014 -0.493814 -0.101478 0.716454 -0.635067 -0.288761
-0.806976 0.073547 -0.446909 0.395754 0.323951 -0.859322
-0.092665 -1.257977 0.165874 0.137722 -0.839828 0.525092
1.152412 -0.154182 0.440749 0.275978 -0.386585 0.879993
-0.293035 0.929036 -0.42516 0.503233 0.104047 -0.857864
-1.392604 0.1729 0.248616 -0.777455 0.375993 0.504176
-0.309186 0.429927 0.107548 0.042448 -0.981291 0.187793
-0.222473 -1.20631 -0.272095 0.285546 -0.649544 -0.704667
-1.436914 -0.101314 -0.217408 -0.869905 -0.230054 -0.436281
0.270462 0.432774 0.089677 -0.304674 -0.936247 0.174976
-1.174119 0.387893 -0.279697 -0.427342 0.57881 -0.694519
-0.514074 0.802688 -0.493998 -0.092312 -0.169518 -0.981194
0.063517 1.265356 -0.146473 -0.095309 0.874065 -0.476368
-1.347108 -0.035426 -0.357705 -0.693104 -0.088026 -0.715442
0.212167 1.118411 -0.328957 -0.356666 0.424033 -0.832457
-0.147672 -1.009117 -0.33507 0.398498 -0.112851 -0.9102
-0.647849 0.663467 -0.400597 -0.283166 -0.486176 -0.82671
-0.277271 0.455263 -0.175991 0.347696 -0.870486 -0.348369
1.247357 0.476188 0.068639 0.736644 0.649514 0.18838
1.132291 -0.346078 0.331631 0.28587 -0.55181 0.783444
-0.369512 1.256635 0.275283 0.203981 0.769691 0.604953
-0.582585 1.245849 -0.310192 -0.128198 0.771867 -0.622725
-1.050676 -0.2496 -0.409325 -0.052541 -0.506054 -0.8609
0.418149 -0.667963 -0.450327 -0.08755 0.44114 -0.893158
-0.2817 -0.539919 -0.306359 0.568061 0.565028 -0.598373
-0.804784 1.016961 -0.356714 -0.636504 0.265023 -0.72431
-1.446743 0.216479 -4.8e-5 -0.897226 0.441571 -9.9e-5
0.423332 1.312083 -0.203124 -0.115311 0.892284 -0.436501
0.61508 1.292551 0.229868 0.201868 0.86373 0.461757
0.215251 -0.568522 -0.233846 -0.826288 0.399325 -0.397224
0.727312 -1.305145 0.073708 0.449219 -0.881172 0.147441
-0.763765 0.057764 -0.430393 0.475094 0.28926 -0.831032
-0.050744 1.228353 0.198031 0.087694 0.755867 0.648826
-1.428297 0.13472 -0.214078 -0.85109 0.299517 -0.431202
-0.956272 1.023456 -0.126614 -0.882972 0.378365 -0.277848
1.493814 0.025063 0.07372 0.987429 0.056896 0.147469
0.917178 0.995417 0.23458 0.809221 0.29527 0.507914
-0.041722 0.841228 -0.260328 0.229181 -0.496541 -0.837211
-0.891511 -1.158294 -0.088604 -0.797558 -0.575482 -0.180891
-0.524897 0.511519 0.287294 -0.063537 -0.820987 0.5674
0.275471 1.31788 0.121864 -0.201884 0.930414 0.305897
-0.987681 0.097466 -0.483026 0.046 0.315883 -0.947683
0.920877 0.875182 0.273759 0.752974 0.132076 0.64466
-0.114225 -0.762858 -0.247843 0.59802 0.496987 -0.628789
0.824703 0.741383 -0.352177 0.501018 -0.164094 -0.849738
-0.780739 -1.019951 0.375652 -0.596136 -0.266077 0.757512
0.551126 1.319879 0.193707 0.079073 0.915671 0.394073
0.8486 1.080021 0.278092 0.716701 0.405743 0.567197
-0.540751 -0.774867 -0.483944 -0.182648 0.259147 -0.94841
0.816058 1.25216 0.01373 0.647569 0.761509 0.027526
-0.325621 0.869483 0.449072 0.494037 0.037241 0.868643
-0.304903 0.574944 -0.35459 0.493736 -0.51735 -0.69898
-0.666737 0.71139 -0.418566 -0.342229 -0.390715 -0.85453
-0.915241 0.893367 0.276455 -0.756419 0.146121 0.637557
-0.818583 1.149794 0.255235 -0.662637 0.544903 0.513803
0.358257 1.241728 0.289463 -0.223521 0.736119 0.638879
1.029605 0.518966 0.264698 0.363257 0.374747 0.853
0.920961 -0.40689 0.320045 -0.117976 -0.316803 0.941126
1.060645 0.406757 -0.313131 0.201029 0.498431 -0.8433
0.078235 -0.911491 0.301098 -0.327793 0.231845 0.91586
0.609302 -0.217264 0.014942 -0.940492 -0.338241 0.032677
-1.025612 0.887922 -0.034356 -0.942331 0.322634 -0.088989
0.596257 0.186785 0.004075 -0.902268 0.431102 0.007953
-0.778916 -0.765456 0.383885 -0.483001 0.199754 0.852531
-0.179308 1.233632 -0.227068 0.241312 0.733006 -0.63598
-0.369015 0.792902 -0.469925 0.399056 -0.083126 -0.913151
0.957759 0.339529 -0.35405 -0.117399 0.451965 -0.884277
0.916686 1.070752 0.173469 0.829895 0.422384 0.364508
0.563689 -1.280377 -0.265816 0.093616 -0.838669 -0.536535
1.390382 -0.31063 -0.015218 0.820748 -0.570328 -0.033161
-0.055167 -1.023682 0.304133 0.178035 -0.090794 0.979827
-0.658918 0.59482 0.352362 -0.173481 -0.573145 0.80088
0.694685 0.13667 -0.328377 -0.633013 0.50169 -0.589577
-0.549424 0.632349 0.409838 -0.211009 -0.591574 0.778149
0.268172 -0.905759 -0.411861 -0.541655 -0.042653 -0.839518
0.4699 -0.467172 -0.211602 0.027833 0.918742 -0.393877
-0.98329 -0.210611 -0.429972 0.092549 -0.486051 -0.869016
0.529007 -0.026949 -0.155582 -0.913948 -0.276245 -0.297301
-0.260945 -0.558253 -0.299617 0.694104 0.459296 -0.554316
0.940957 -0.871369 -0.249964 0.781674 -0.158898 -0.603106
-0.830332 -0.993892 -0.341209 -0.673546 -0.229213 -0.702707
1.204638 0.353502 0.289213 0.453753 0.57886 0.677517
0.737933 -0.791577 -0.412777 0.465713 0.199451 -0.862166
0.149382 0.959201 0.338714 -0.44973 -0.007981 0.893129
0.223013 0.506743 -0.174796 -0.816977 -0.489771 -0.304423
0.241491 0.504476 -0.213006 -0.740241 -0.545901 -0.392472
0.641837 -0.277611 0.117987 -0.940075 -0.11671 0.320372
0.851596 -0.016248 0.476832 -0.297406 -0.074535 0.951837
0.446561 0.528014 0.324843 0.108704 -0.809497 0.576973
0.777408 0.841971 0.397737 0.541447 -0.081929 0.836733
0.668977 -0.190967 0.244338 -0.747733 -0.463882 0.475087
-0.33264 -1.184726 0.335594 0.283433 -0.608468 0.741237
0.829925 0.034687 -0.467125 -0.342561 0.162173 -0.925393
-1.152778 -0.015608 -0.475707 -0.305098 -0.046325 -0.951193
0.735182 1.302672 -0.063246 0.466899 0.875216 -0.126501
-0.575285 1.019674 -0.469747 -0.141233 0.312408 -0.93939
-1.095727 0.55106 -0.205636 -0.57905 0.474277 -0.663146
-0.218682 0.482247 -0.110326 0.824769 -0.531384 -0.193356
1.046508 -0.70125 0.165382 0.790615 -0.309955 0.528067
-0.800499 -0.856125 0.383138 -0.577593 0.038711 0.815407
0.787472 -0.149427 -0.396167 -0.469023 -0.480725 -0.740892
0.871156 -0.590154 -0.304698 0.266036 0.099654 -0.958798
1.320679 0.31975 0.207488 0.676812 0.575776 0.458703
-0.642804 -1.319091 0.151344 -0.262919 -0.915722 0.303855
1.428757 0.148484 0.202904 0.851983 0.326077 0.409631
-1.005592 -0.703387 -0.215674 -0.712901 -0.210258 -0.669002
0.616014 -0.704357 0.43429 0.299695 0.429578 0.851848
0.130054 -0.720997 0.229036 -0.683813 0.503303 0.528285
0.499107 -1.082613 0.445615 -0.070633 -0.454192 0.888099
-0.532774 0.073906 -0.072041 0.843632 0.523556 -0.119053
0.4458 -0.670487 -0.45276 0.010373 0.464499 -0.885513
-0.967478 0.449541 0.306612 -0.070133 0.334989 0.939608
0.624008 0.513998 -0.287351 -0.028013 -0.706967 -0.706691
-0.54625 0.564707 -0.349463 -0.145452 -0.719844 -0.678726
0.970322 -0.301591 0.376147 -0.112304 -0.486363 0.866509
-0.618215 -0.20854 0.104024 0.897943 -0.382279 0.218084
0.956886 0.081959 -0.485531 -0.102463 0.285286 -0.95295
-0.298225 -1.024536 -0.407356 0.427977 -0.27233 -0.861784
0.937506 -0.848622 0.259547 0.759139 -0.130056 0.637804
0.165361 -0.686676 -0.248577 -0.761995 0.417797 -0.494782
0.429446 1.359604 0.01759 -0.079995 0.996061 0.038241
0.464538 -1.023911 -0.467037 -0.15583 -0.341697 -0.926801
-0.795231 -0.681502 -0.352339 -0.38693 0.269578 -0.881824
0.586274 -0.03476 0.27106 -0.806012 -0.287693 0.517279
1.492084 0.008517 -0.088153 0.984144 0.019385 -0.17631
-0.724023 -0.097272 -0.384562 0.557519 -0.437764 -0.705362
0.6688 -0.700226 0.412511 0.33318 0.408523 0.849765
0.414954 -0.544376 0.35113 0.066833 0.769094 0.635632
-1.008152 -0.722433 0.206553 -0.746454 -0.215585 0.629547
0.890741 0.822849 0.310657 0.667988 0.027076 0.743679
1.339717 0.102895 0.34873 0.671607 0.24658 0.698671
-0.831722 0.695983 -0.338923 -0.443701 -0.189963 -0.87581
0.149272 1.098991 0.312563 -0.320214 0.353104 0.879079
0.68095 0.375406 0.202358 -0.688972 -0.276034 0.670167
-0.605055 0.20594 -0.01746 0.925821 0.376192 -0.036542
0.736494 1.231345 0.246019 0.479589 0.726526 0.492092
0.463534 -1.094813 -0.434673 -0.1491 -0.472939 -0.868388
0.015937 -1.150916 0.259612 -0.036257 -0.502923 0.863571
0.604352 0.178806 -0.10564 -0.865993 0.458271 -0.200107
0.581077 -0.562552 -0.340242 0.129973 0.700919 -0.701298
0.410304 -0.493235 -0.27572 0.083137 0.875147 -0.476661
-0.715362 0.528188 0.302234 0.024484 -0.500734 0.865255
0.404051 0.853136 0.485116 -0.305051 0.022825 0.952063
-1.032004 -0.058015 -0.493232 -0.05613 -0.19192 -0.979804
-0.873784 1.183797 0.080422 -0.765672 0.622235 0.162999
-0.593736 0.538061 -0.313206 -0.06839 -0.724021 -0.686379
-0.917072 -1.096598 0.137031 -0.83551 -0.469273 0.285842
0.274146 0.810785 0.413192 -0.604502 -0.087151 0.791822
1.094546 -0.291929 -0.378043 0.162389 -0.527721 -0.833751
-0.40283 -0.577404 0.38689 0.004074 0.680564 0.732677
0.647622 1.193704 -0.347171 0.280179 0.662801 -0.694402
-0.213656 -0.687722 0.317768 0.75344 0.303724 0.583163
0.559312 0.075433 0.174726 -0.811513 0.504081 0.295548
-0.432172 0.88892 -0.490908 0.229022 0.085887 -0.969625
0.656158 -0.530401 0.302856 0.003187 0.636815 0.77101
-0.044716 1.27562 -0.122176 0.065684 0.913125 -0.402353
-0.493049 -0.629421 -0.421062 -0.154293 0.596974 -0.787283
-0.258837 0.438977 0.096754 0.44164 -0.876152 0.193163
0.904835 -0.431736 0.310852 -0.105574 -0.239703 0.965089
-1.207604 -0.234451 0.375942 -0.3907 -0.490244 0.779111
-0.248372 -0.633519 -0.333927 0.73669 0.322233 -0.59452
-1.265972 -0.050149 0.419439 -0.52884 -0.131795 0.838426
1.464673 -0.166111 0.060516 0.927167 -0.353988 0.122694
-0.847164 1.149866 -0.213457 -0.716539 0.547899 -0.431717
-0.7809 -0.697102 0.363672 -0.400347 0.279916 0.872565
0.830846 -1.202195 0.160199 0.682615 -0.655949 0.322132
-0.081617 1.28332 0.112293 0.112428 0.926081 0.360185
-0.077422 -0.973438 -0.310238 0.27602 0.050944 -0.959801
-0.585061 -0.380134 -0.040084 0.662679 0.738055 -0.127006
-0.666863 -0.155664 0.276602 0.703252 -0.505229 0.50018
-0.674724 0.168226 0.275098 0.704028 0.495618 0.508632
-1.175061 -0.34513 0.313516 -0.379965 -0.56634 0.731359
0.966848 0.964832 -0.16004 0.877848 0.307854 -0.366892
-0.714029 -1.295347 -0.140533 -0.420604 -0.862585 -0.281138
-0.259085 0.446313 0.125675 0.47162 -0.845229 0.251322
-0.844664 1.218184 0.073552 -0.708571 0.689941 0.148016
0.451724 1.056267 -0.451497 -0.182008 0.39985 -0.898328
0.52501 0.05304 0.097622 -0.873004 0.457115 0.170028
-0.205368 -0.879813 -0.368188 0.579906 0.082845 -0.81046
-0.187197 -0.781519 0.330047 0.672869 0.262075 0.691783
-0.756506 0.123106 -0.392474 0.51123 0.465851 -0.722237
0.432706 0.977618 -0.475126 -0.235876 0.253598 -0.93811
0.044897 0.695954 0.053985 -0.368152 -0.914633 0.167065
0.524257 1.344563 -0.128113 0.040799 0.9637 -0.263851
0.739897 0.530792 0.304162 -0.01384 -0.434755 0.900442
-1.081433 -0.518053 -0.23818 -0.470721 -0.466473 -0.748883
0.110452 -0.705358 0.184479 -0.660326 0.60175 0.449295
0.283464 1.102151 0.368998 -0.373814 0.416255 0.828851
0.115523 1.283006 -0.125076 -0.151492 0.909459 -0.387215
1.119409 0.263612 -0.390373 0.206065 0.517457 -0.830527
1.227802 0.231779 -0.366811 0.433717 0.485548 -0.759034
-0.603123 -0.440483 0.19571 0.319561 0.770892 0.551004
-1.358586 -0.142015 0.312267 -0.706925 -0.324137 0.628643
1.197584 -0.003197 -0.459288 0.395152 -0.009079 -0.918571
-0.634834 1.345641 0.006446 -0.248287 0.9686 0.012973
-1.267981 -0.455037 -0.060339 -0.740311 -0.653081 -0.159452
-0.084088 -1.291563 0.089178 0.112005 -0.951783 0.285595
-0.29646 1.017697 -0.408579 0.434477 0.258527 -0.862783
0.448538 -1.352954 -0.087554 -0.06242 -0.980283 -0.187479
-0.46257 0.816941 -0.496114 0.088243 -0.090634 -0.991967
0.244934 0.450097 0.105494 -0.612818 -0.76229 0.208249
0.386632 -0.462522 0.213616 0.070008 0.930402 0.359794
-0.567183 -0.450297 0.19302 0.204689 0.851511 0.482734
-0.910483 1.12101 0.11196 -0.827809 0.511004 0.231531
-0.251522 0.975839 0.394203 0.490586 0.143858 0.859436
-0.519751 -1.176044 -0.385563 0.015231 -0.633568 -0.773537
0.812285 -0.494223 -0.296906 -0.094122 0.1585 -0.982863
-0.325863 -0.421447 0.041756 -0.026802 0.997254 0.069035
-0.885481 0.266254 -0.374419 0.314186 0.467306 -0.826385
-0.751334 1.297842 -0.019103 -0.503074 0.863399 -0.038206
-0.952179 -1.072655 0.022855 -0.890157 -0.45302 0.048927
-0.211754 0.876619 0.372466 0.584285 -0.077891 0.807802
0.354445 -0.993921 0.44315 -0.38624 -0.255031 0.886441
1.308348 0.269556 0.275619 0.619209 0.524273 0.584566
-0.349671 0.521681 -0.322107 0.103842 -0.783003 -0.613289
0.605271 0.351988 -0.010831 -0.855675 -0.516253 -0.036096
-0.567788 -0.89675 -0.493206 -0.180275 -0.03069 -0.983137
1.380913 -0.173148 0.265597 0.753024 -0.378127 0.538493
-1.023751 -0.529458 0.262757 -0.376586 -0.353893 0.856121
-0.772005 1.176203 0.280368 -0.566078 0.603457 0.561601
0.843075 -1.212735 0.101155 0.705852 -0.678474 0.203584
1.236761 0.474368 0.105577 0.710219 0.641308 0.290365
0.677391 -0.866352 0.455965 0.418457 0.075881 0.905061
-0.255668 0.518241 0.253558 0.683078 -0.551612 0.478674
-1.105508 -0.649329 0.102376 -0.820983 -0.457888 0.341064
0.258644 0.430262 -0.038132 -0.402214 -0.912407 -0.075748
0.351303 1.347609 0.050872 -0.152832 0.98118 0.118017
1.186441 -0.187896 0.412301 0.343059 -0.433639 0.833227
-0.183153 1.196225 -0.265673 0.273267 0.626206 -0.7302
-1.453383 -0.188455 -0.074884 -0.905981 -0.394824 -0.152683
-1.059171 -0.789631 0.04043 -0.931516 -0.34338 0.119865
0.10329 -0.84004 0.28725 -0.477767 0.370487 0.796541
1.280649 -0.316499 -0.260013 0.58716 -0.569159 -0.575588
-0.662601 0.475247 0.257712 0.216463 -0.622478 0.752107
-0.858007 0.894753 -0.33579 -0.67489 0.078386 -0.733743
0.629861 1.343386 0.058373 0.237781 0.964182 0.117531
1.265193 0.465591 -0.003892 0.754193 0.65657 -0.010447
-0.467577 -0.997633 -0.476434 0.147716 -0.292142 -0.944899
-0.603117 -0.699233 -0.436101 -0.286063 0.443727 -0.849278
-1.155721 -0.118526 0.453806 -0.291142 -0.316243 0.902899
-0.749156 0.842176 0.415288 -0.508184 -0.101561 0.855239
-0.46888 -0.931441 -0.492303 0.131667 -0.161474 -0.978054
-0.97415 -0.850696 0.209716 -0.821595 -0.196797 0.535025
1.317107 -0.309755 -0.22452 0.661507 -0.56605 -0.491931
-1.367934 0.325384 0.094203 -0.783857 0.584962 0.208296
0.959034 -0.850977 0.231523 0.796044 -0.169635 0.58098
0.355977 -0.936413 0.457191 -0.410925 -0.159978 0.897523
0.65375 -0.327231 -0.146641 -0.878088 0.13115 -0.460175
0.703069 0.243021 0.251104 -0.737317 0.371475 0.564243
-0.813053 -1.11764 -0.291661 -0.653837 -0.476506 -0.587741
-0.904165 1.025266 -0.236738 -0.798061 0.333519 -0.501861
1.214209 0.486615 -0.129881 0.686685 0.62745 -0.36711
-0.428086 -0.476425 -0.238625 -0.078093 0.907244 -0.413291
0.724597 1.187095 0.310208 0.460926 0.634431 0.620519
0.311559 -1.184319 0.327672 -0.29619 -0.602965 0.740746
0.478816 0.956194 -0.488827 -0.109898 0.209265 -0.971664
0.270775 0.762718 -0.403006 -0.637968 -0.152422 -0.754827
0.499858 -0.468419 -0.213755 -0.012274 0.904684 -0.425907
0.986961 0.490967 0.28927 0.2065 0.319461 0.924826
0.966165 -0.698021 -0.253753 0.632477 -0.114088 -0.766131
0.413145 0.557167 0.366043 0.051041 -0.738446 0.672378
-0.450863 -0.518275 0.309854 -0.106356 0.828593 0.549656
-0.743282 0.648882 0.360239 -0.296404 -0.388617 0.872423
1.047037 -0.417068 0.310302 0.186966 -0.479343 0.857481
-0.765924 -1.254407 -0.168071 -0.540868 -0.770964 -0.336269
-0.65399 -0.214882 -0.194292 0.820756 -0.399428 -0.408433
1.46102 0.184034 0.021292 0.921367 0.386266 0.043363
-1.174741 0.294595 0.351048 -0.340771 0.541409 0.768603
-0.702234 0.37299 -0.222223 0.664764 -0.175475 -0.726153
-0.741073 -0.318534 -0.25984 0.665602 -0.18693 -0.722517
0.630295 -0.275233 0.077464 -0.972651 -0.09569 0.211646
1.13134 -0.48657 0.226374 0.507511 -0.545861 0.666685
-0.742746 -0.443902 0.268511 0.352069 0.283314 0.892065
-0.775365 0.455497 -0.282689 0.274006 -0.195996 -0.941545
0.825373 -0.262848 -0.347601 -0.453061 -0.437389 -0.776805
0.577943 0.623001 -0.394696 0.216382 -0.60038 -0.769885
-0.187411 -0.578407 0.177813 0.856096 0.420121 0.300995
-1.02696 -0.720473 -0.183379 -0.780382 -0.260846 -0.568299
-0.329818 -0.717974 -0.43705 0.506613 0.209304 -0.836382
-0.540703 -1.010449 0.47625 -0.049269 -0.304432 0.951259
0.215493 1.119058 0.330055 -0.357542 0.426709 0.830712
0.97255 0.318001 -0.367306 -0.098528 0.47878 -0.872389
-0.923378 1.044907 0.186157 -0.834784 0.382391 0.396122
0.219187 1.307124 0.116804 -0.204964 0.926417 0.31582
1.406781 -0.227982 -0.167731 0.815518 -0.463279 -0.346847
1.376435 -0.261695 -0.187869 0.762354 -0.512164 -0.395606
-0.371204 -1.352514 -0.029868 0.136387 -0.988316 -0.068041
1.005527 -0.908749 0.103716 0.916996 -0.304138 0.258103
-0.463847 -0.647202 0.43806 -0.087454 0.541233 0.836313
-0.64788 0.68632 -0.413395 -0.307604 -0.447342 -0.839801
0.434419 0.792565 0.489758 -0.169288 -0.126126 0.977463
0.761411 1.013692 0.39223 0.562259 0.25062 0.78807
0.420024 0.872652 -0.489028 -0.261408 0.056882 -0.963551
-1.498727 -0.017486 0.030414 -0.997361 -0.039627 0.060834
-0.215013 1.134769 -0.321339 0.34353 0.465442 -0.81569
0.95252 -0.887624 -0.229018 0.811522 -0.194726 -0.55092
-0.242359 1.213815 0.273138 0.284116 0.667617 0.688162
-1.281902 0.236778 0.326353 -0.551048 0.487018 0.677613
0.254621 0.721379 -0.37771 -0.685267 -0.216856 -0.695257
-0.430226 0.765119 0.484593 0.160271 -0.190134 0.968588
0.320815 -0.933211 0.440205 -0.468163 -0.133277 0.873533
1.146436 0.423727 -0.267072 0.42002 0.566098 -0.709307
-0.153304 0.592602 0.0736 0.853068 -0.504508 0.133216
0.524419 -0.727994 0.471228 0.171633 0.369178 0.913373
-0.749026 -0.438551 -0.269458 0.366844 0.244025 -0.897707
0.379893 0.825625 0.476391 -0.372327 -0.024129 0.927788
0.081035 1.292075 0.08625 -0.108142 0.95477 0.276984
0.067215 0.851807 -0.274791 -0.338529 -0.420518 -0.841761
-0.298707 0.954768 0.424592 0.479413 0.150849 0.864528
0.188078 0.528497 -0.079811 -0.887662 -0.441832 -0.129772
0.88443 0.941994 -0.300089 0.736916 0.178637 -0.651954
-0.068803 -0.82988 0.263448 0.365312 0.478459 0.798514
-1.122787 0.382421 -0.309509 -0.305938 0.550531 -0.776736
1.12324 0.648883 0.040921 0.858157 0.494934 0.136405
-0.312029 1.318966 -0.14119 0.192619 0.921046 -0.338486
-0.991144 0.494533 0.28705 -0.223842 0.323701 0.9193
-0.73082 -0.036414 -0.416678 0.537257 -0.2081 -0.817343
0.595393 0.168035 0.090951 -0.861833 0.478984 0.166789
0.548067 -0.029841 0.203074 -0.87726 -0.283465 0.38738
-0.800421 1.135244 -0.29062 -0.628625 0.513492 -0.584086
-0.483125 -0.447639 0.160767 0.045315 0.946773 0.318696
0.207624 -1.277963 0.175801 -0.222992 -0.849206 0.478669
-0.494092 0.42487 0.075317 0.154637 -0.974479 0.16272
0.191829 0.513733 0.048808 -0.890012 -0.449021 0.079109
-0.322442 0.992272 -0.428733 0.429062 0.232223 -0.872914
-0.710586 0.067973 -0.390425 0.575066 0.361132 -0.734086
-1.415243 -0.197131 -0.185893 -0.827165 -0.41415 -0.379838
0.867575 -0.375951 0.318127 -0.292254 -0.28074 0.914206
0.346786 -0.726797 -0.448714 -0.45118 0.202592 -0.869133
0.637886 -0.976567 0.465755 0.319214 -0.187961 0.928856
-0.650873 1.058632 0.435567 -0.321844 0.371722 0.87077
0.276644 -1.172087 -0.322887 -0.318075 -0.568367 -0.758806
0.66485 0.205507 0.223494 -0.779446 0.432247 0.45346
-0.915397 -1.137169 0.017965 -0.838269 -0.543995 0.037092
0.678679 0.071246 0.361171 -0.631452 0.394973 0.667281
-0.404312 -1.279595 -0.254452 0.155808 -0.821749 -0.548136
0.11405 1.217492 -0.223075 -0.18749 0.704388 -0.684605
-0.654538 -0.339988 0.152554 0.846893 0.203302 0.491366
-0.717563 -0.486239 0.279006 0.186534 0.462464 0.866794
-0.290575 0.523552 -0.297506 0.476148 -0.649719 -0.592578
0.016484 -0.823995 0.243951 -0.098468 0.580671 0.808162
-0.622283 0.230358 0.085665 0.93226 0.304284 0.19571
0.30413 1.169486 -0.336236 -0.311297 0.568571 -0.76146
0.678942 0.500322 0.280823 -0.119326 -0.589302 0.799053
1.481088 0.107415 -0.074804 0.959648 0.237677 -0.150282
0.682797 1.136408 -0.378596 0.376006 0.534138 -0.757177
-1.204301 0.038258 -0.454099 -0.406301 0.106848 -0.907471
-0.094942 -0.82776 -0.276089 0.465604 0.42026 -0.778842
-0.67428 1.160474 0.364586 -0.350185 0.587944 0.729172
-0.55038 0.073175 -0.152415 0.823419 0.50597 -0.256855
-1.128291 -0.292617 -0.369397 -0.237397 -0.533947 -0.811507
-0.393903 -1.260853 -0.277611 0.178418 -0.780868 -0.598676
-1.368077 -0.037183 -0.335892 -0.735059 -0.090984 -0.671871
-0.544684 -0.643635 0.41945 -0.212735 0.569068 0.794296
-0.886286 -0.884877 0.309696 -0.708459 -0.096803 0.699082
-0.791181 -0.01204 -0.453891 0.417809 -0.062618 -0.906375
0.477393 -0.749733 -0.484023 0.025994 0.27803 -0.960221
0.54319 0.068273 -0.138155 -0.834828 0.49835 -0.233903
-1.382356 0.317356 0.051788 -0.808537 0.577385 0.113555
-0.891456 0.56129 -0.297876 -0.216788 -0.015637 -0.976094
0.522135 1.349998 0.106698 0.039481 0.974664 0.220163
-0.900758 -1.022577 0.2438 -0.791819 -0.326237 0.516325
0.330469 1.301728 -0.189942 -0.197681 0.874698 -0.442521
-1.159105 -0.597008 0.013411 -0.821341 -0.568759 0.043727
1.024634 0.028028 0.498029 0.047321 0.096513 0.994206
0.444956 1.25106 -0.302587 -0.122046 0.767323 -0.629539
-0.653366 -0.025613 0.357 0.688383 -0.182197 0.702092
1.080781 -0.737062 -0.032896 0.915786 -0.387946 -0.10409
1.079578 0.280532 -0.387721 0.124225 0.521343 -0.844257
1.455558 -0.137843 0.145302 0.907189 -0.301968 0.292955
0.444593 0.645996 0.438724 0.035935 -0.530454 0.846952
-0.704791 0.094424 0.37038 0.590351 0.443015 0.674702
-0.827554 0.892997 -0.362351 -0.632779 0.046134 -0.772957
-0.689565 -1.268868 -0.227046 -0.368123 -0.81126 -0.454249
0.271852 0.88601 0.414969 -0.554077 0.016387 0.832304
0.163235 -0.606749 -0.149472 -0.841221 0.468541 -0.269846
-0.206891 -0.567773 -0.214685 0.84043 0.403477 -0.361779
0.644033 0.20736 0.181027 -0.831773 0.411501 0.372586
-0.898175 0.461957 0.304049 0.04808 0.164408 0.98522
0.614136 0.442333 0.204427 -0.326595 -0.740901 0.586858
1.316911 -0.147605 -0.350913 0.620111 -0.34178 -0.706151
1.483768 -0.063322 0.106836 0.96631 -0.143064 0.213957
0.383169 -0.634967 0.427279 -0.186289 0.489319 0.851976
0.497436 0.626059 -0.417598 0.160987 -0.605551 -0.779353
-0.45705 0.425742 -0.051462 0.06194 -0.993156 -0.099016
-0.674179 1.30991 -0.148029 -0.331083 0.895793 -0.296545
-1.119401 0.121133 -0.462982 -0.215561 0.330855 -0.918732
-0.188878 -0.755922 -0.321267 0.699009 0.28885 -0.654181
0.322114 1.240043 -0.277986 -0.248181 0.729997 -0.636797
0.954365 1.023764 -0.132131 0.879869 0.376839 -0.28952
-1.21015 -0.476216 -0.153081 -0.65657 -0.621606 -0.427226
0.691805 -0.40065 0.223115 -0.575461 0.340238 0.743695
0.947413 -0.695263 0.268781 0.596316 -0.068387 0.799832
0.163798 -0.584965 0.106509 -0.861269 0.47268 0.186518
-0.708152 -0.688863 0.39154 -0.342154 0.389531 0.8551
1.153903 -0.444433 0.245178 0.472726 -0.571976 0.670354
-0.736271 1.143909 0.340555 -0.495422 0.53869 0.681447
0.780948 -0.089713 -0.426749 -0.450469 -0.386512 -0.804789
-0.739962 -0.924832 -0.42315 -0.521248 -0.058183 -0.85142
0.505229 0.02907 -0.013234 -0.947725 0.318118 -0.024861
0.986767 0.970327 0.092725 0.914628 0.342113 0.215441
-0.662742 -0.683753 0.406551 -0.312791 0.440845 0.841319
0.436073 0.524037 -0.321122 0.101636 -0.816795 -0.567905
-0.914582 0.11132 -0.468172 0.19895 0.375829 -0.905081
1.383432 0.320877 0.005389 0.813661 0.581219 0.011852
-1.016897 -0.911344 -0.040707 -0.939682 -0.326426 -0.102197
-0.728366 0.152556 0.34884 0.584615 0.496917 0.641326
-1.121034 -0.64986 -0.050201 -0.855386 -0.490219 -0.167331
0.183567 -1.221514 -0.241944 -0.25357 -0.697275 -0.670455
1.161289 0.315995 -0.341654 0.324833 0.55068 -0.768918
0.12285 -0.750398 -0.246505 -0.633598 0.487775 -0.600524
-0.403094 -0.688052 -0.45705 0.180016 0.363951 -0.913857
0.960644 -1.018478 0.119232 0.888662 -0.375537 0.263157
-1.1672 -0.138248 -0.442529 -0.310198 -0.353799 -0.882385
0.461644 -0.423165 0.018627 -0.081262 0.996023 0.036528
-0.458168 -0.807405 -0.494738 0.095828 0.110366 -0.989261
-0.87446 -0.282768 -0.360935 0.339399 -0.445719 -0.828337
-0.45484 -1.031314 0.462483 0.178513 -0.354543 0.917841
0.01817 -1.199066 0.224868 -0.035336 -0.663028 0.74776
-1.289614 -0.281622 -0.283784 -0.584466 -0.537302 -0.608035
1.212834 -0.299435 0.327829 0.427186 -0.548862 0.718514
-1.320999 -0.400763 -0.004028 -0.766399 -0.642291 -0.009738
0.119581 -0.72306 -0.217676 -0.660112 0.54013 -0.522027
-1.392102 -0.232523 -0.193485 -0.785556 -0.47133 -0.400937
0.062961 1.021868 0.305814 -0.201855 0.088512 0.975408
0.663256 -0.203452 -0.222717 -0.779861 -0.435863 -0.449266
1.484733 0.10057 0.060568 0.967191 0.223055 0.121604
-0.117121 1.171452 -0.263205 0.220964 0.561779 -0.797232
-0.025426 0.894445 -0.2825 0.122858 -0.343369 -0.93113
0.139962 1.23594 0.210343 -0.20573 0.75279 0.625286
0.556537 -0.938829 0.491334 0.125792 -0.137863 0.982431
0.56052 0.437051 -0.164336 -0.25616 -0.871053 -0.419105
0.816106 -0.575556 0.314424 0.167731 0.244968 0.954912
-0.601458 0.372788 -0.074617 0.731211 -0.636926 -0.244244
1.155334 -0.281784 0.367677 0.291654 -0.531399 0.795332
-0.330948 -0.807537 0.451504 0.503935 0.056064 0.86192
-0.863998 -1.161789 -0.163635 -0.747591 -0.575393 -0.331709
1.022065 -0.80029 -0.149663 0.866391 -0.263669 -0.424081
0.278556 0.440974 -0.135243 -0.273956 -0.925229 -0.262489
1.45201 0.200476 0.045356 0.90499 0.415182 0.092826
-0.756117 0.897406 -0.414072 -0.538825 0.007499 -0.842384
0.575233 1.141865 0.408229 0.111802 0.567164 0.815981
0.362613 -0.867537 0.468265 -0.417934 -0.049276 0.90714
0.754835 -0.579295 0.325731 0.141337 0.405067 0.903296
-1.130839 0.246853 -0.397719 -0.226871 0.505804 -0.832281
0.246498 0.439404 -0.059442 -0.560573 -0.819585 -0.118489
-0.745452 0.695924 0.379019 -0.373618 -0.333931 0.86539
0.982143 0.440485 -0.30884 0.083863 0.371858 -0.924494
0.24343 1.086775 -0.357755 -0.392988 0.363177 -0.844786
-0.511428 -0.75117 0.481697 -0.125179 0.301833 0.945107
0.090219 -0.701495 0.148037 -0.601442 0.697897 0.388853
1.063242 -0.736507 -0.105835 0.877434 -0.346817 -0.331402
0.041802 -1.128266 -0.27355 -0.100547 -0.427758 -0.898284
-0.61506 0.614157 0.377539 -0.210747 -0.592372 0.777613
-0.907857 -0.60281 0.293542 -0.348229 0.006243 0.937389
-1.127755 0.288998 -0.371927 -0.234386 0.532177 -0.813542
0.336435 -1.313822 -0.166811 -0.185684 -0.902772 -0.387973
-0.930695 -0.405684 -0.321581 0.097677 -0.335428 -0.936989
0.941277 1.092769 0.027732 0.87605 0.478648 0.05859
1.240887 0.320269 0.291857 0.503168 0.567225 0.65198
0.725137 -0.027652 -0.414901 -0.54873 -0.163444 -0.819867
0.652366 -0.404278 -0.192312 -0.57238 0.524028 -0.630695
0.761102 -0.177678 -0.357971 -0.541948 -0.491282 -0.681861
0.708027 -0.418267 0.241963 -0.486859 0.338338 0.805293
-0.376973 0.423062 -0.020687 -0.056233 -0.997846 -0.033779
-0.235658 0.698581 -0.349461 0.724394 -0.261699 -0.637783
-0.98785 -0.675265 0.239978 -0.632551 -0.171172 0.755367
-0.646122 0.189564 -0.20548 0.795326 0.456084 -0.399305
-0.865957 -0.432407 0.304828 0.18747 -0.146588 0.971271
0.367734 -0.57656 0.382847 -0.144928 0.643621 0.751497
0.862068 1.08621 0.255382 0.740413 0.422702 0.5226
-1.258853 -0.226655 -0.350589 -0.499511 -0.476369 -0.723575
-0.651049 -1.227642 -0.309677 -0.283828 -0.731805 -0.619599
-0.824134 -0.074545 0.454042 0.362872 -0.318548 0.8757
-1.338267 0.358383 -0.107321 -0.751117 0.612562 -0.246152
-1.129001 -0.614724 -0.095711 -0.797419 -0.513406 -0.317076
-0.283877 -0.780487 -0.416736 0.607874 0.118683 -0.785114
0.501894 0.721499 -0.472231 0.122807 -0.37276 -0.919766
-0.49231 0.904974 -0.497928 0.04844 0.095043 -0.994294
-0.767703 -1.254368 0.165265 -0.544743 -0.770659 0.330667
-0.480482 -0.833465 0.498556 0.040012 0.064559 0.997111
0.832142 0.907679 0.357365 0.646297 0.074604 0.759431
-0.27927 -1.261355 -0.233749 0.245516 -0.783851 -0.570351
1.017286 0.916065 0.011203 0.943065 0.331427 0.028013
-0.405081 -0.793105 -0.483043 0.276848 0.101677 -0.955519
1.089691 -0.452037 0.275648 0.345598 -0.50871 0.788528
1.181418 -0.273868 0.362438 0.34534 -0.527621 0.776116
0.841149 -0.086781 -0.456153 -0.333981 -0.34726 -0.87628
1.050323 0.486602 0.27178 0.331826 0.436865 0.836087
0.711658 0.819931 0.432686 0.453537 -0.163895 0.876038
-0.651206 -0.477969 -0.256894 0.195226 0.655971 -0.729101
-0.073938 -1.212815 -0.218517 0.131375 -0.700084 -0.701871
0.522607 -1.223395 -0.341632 -0.000187 -0.724663 -0.689103
-0.784963 0.330644 -0.291247 0.544846 0.240017 -0.803451
-0.309729 -1.317023 0.145092 0.194889 -0.916811 0.348533
-0.268783 -0.751799 0.398963 0.647019 0.167811 0.743778
-1.456437 0.032644 -0.201071 -0.912401 0.075592 -0.402257
-1.123711 0.630714 0.082831 -0.82114 0.499718 0.275702
-0.602544 1.348162 -0.067217 -0.183533 0.973575 -0.135894
-0.243574 1.074973 -0.362697 0.403427 0.337223 -0.850604
0.708972 -1.318273 -0.039168 0.407574 -0.909801 -0.078389
1.114315 -0.301896 0.367158 0.211589 -0.535049 0.817895
0.783948 0.14798 -0.394857 -0.474901 0.480721 -0.73714
-0.719225 0.544033 -0.311303 -0.029089 -0.493082 -0.869496
-1.037341 -0.599282 0.225375 -0.571907 -0.329461 0.751251
-0.999057 -0.420867 -0.315785 -0.084931 -0.418574 -0.904203
1.233048 0.19275 0.387113 0.441771 0.433123 0.785648
0.524673 0.006977 0.154241 -0.948364 0.078151 0.307405
0.618895 -1.348872 0.024446 0.216184 -0.975107 0.049309
-1.41321 0.079452 0.267985 -0.823099 0.185291 0.53682
-0.399365 -0.525045 0.327741 -0.053106 0.807267 0.587793
-1.193019 -0.333 -0.313228 -0.408473 -0.565919 -0.71616
0.676876 -0.087936 -0.348543 -0.636239 -0.44571 -0.629717
-0.056221 0.686916 0.024684 0.453095 -0.888447 0.073264
-0.211605 1.231132 -0.242597 0.261244 0.717674 -0.64552
0.760269 -0.886891 -0.411385 0.541079 0.011107 -0.840898
0.580495 -0.481994 0.245719 -0.092729 0.80492 0.586093
0.732481 1.231168 -0.250122 0.470639 0.726786 -0.500282
-0.629375 -0.233958 -0.110058 0.919294 -0.301049 -0.253513
0.699285 0.312787 -0.216118 -0.779323 0.104106 -0.617914
-0.329623 1.339331 -0.080476 0.17025 0.966801 -0.190553
-1.043874 0.789597 0.105595 -0.899582 0.308711 0.30895
-0.394072 -0.713528 -0.463863 0.251423 0.282628 -0.925693
-0.729906 0.502753 -0.289663 0.11886 -0.442516 -0.888849
-0.732049 0.9208 0.428162 -0.508479 0.04809 0.85973
0.728981 0.093586 0.39064 -0.54735 0.426349 0.720163
0.94628 -0.896883 0.234879 0.807288 -0.195301 0.556906
1.42184 -0.132908 -0.227556 0.837837 -0.296834 -0.458169
-0.948089 -0.986973 0.184175 -0.856011 -0.315056 0.409861
0.977962 0.570412 0.269361 0.387534 0.209748 0.897677
0.35336 0.655534 0.428131 -0.363102 -0.38044 0.850542
0.731794 -0.100559 0.388566 -0.544924 -0.440314 0.713569
0.592915 0.374141 0.048201 -0.71403 -0.682488 0.156109
-0.939222 0.667993 0.276385 -0.535427 0.050026 0.843098
0.211319 -1.048765 0.356331 -0.419446 -0.258507 0.870195
0.672403 0.553954 -0.320474 0.06845 -0.591083 -0.803701
-1.432839 -0.242112 -0.021559 -0.875258 -0.48157 -0.044876
1.363461 -0.323496 0.114113 0.772612 -0.58272 0.252009
0.785493 0.585848 0.32311 0.173884 -0.329661 0.927948
-0.89676 -1.164434 0.01494 -0.807311 -0.589337 0.030518
0.467262 -0.5193 -0.308196 0.107785 0.82563 -0.553821
-0.713417 -1.286317 -0.166466 -0.420135 -0.844158 -0.332993
-0.41674 0.571918 0.381209 -0.043768 -0.704274 0.708577
0.869469 -1.194626 -0.054254 0.757443 -0.643609 -0.10976
0.923452 0.709535 0.285537 0.58113 0.013365 0.813701
0.61758 0.333274 0.044149 -0.930262 -0.337075 0.14489
-1.229758 -0.284306 -0.328891 -0.455683 -0.538232 -0.708984
0.600225 0.676659 0.424501 0.271001 -0.489594 0.828768
0.759707 -0.252138 -0.306261 -0.604994 -0.405534 -0.685219
0.478719 1.080826 0.444351 -0.118232 0.449271 0.885538
0.530767 -0.051131 -0.127409 -0.86877 -0.441411 -0.224489
-0.166376 0.89366 -0.343177 0.539692 -0.124076 -0.832669
-1.418 0.267961 -0.019218 -0.85428 0.518227 -0.040582
-0.117453 -1.30854 0.013272 0.139652 -0.989345 0.041147
1.441757 0.205796 -0.093978 0.884414 0.42508 -0.192664
1.006285 -0.507376 0.2781 0.286523 -0.340004 0.895713
0.413484 1.08649 -0.427529 -0.247499 0.44436 -0.860981
0.414586 -1.339852 -0.129246 -0.107543 -0.953307 -0.282207
0.338829 0.978414 -0.440217 -0.417231 0.219584 -0.881874
-0.500514 1.285967 -0.261116 0.020907 0.84427 -0.535511
-0.202296 1.322749 0.019128 0.187725 0.980778 0.053239
0.548927 0.094431 -0.090467 -0.82565 0.544612 -0.147309
1.08811 -0.617167 -0.164581 0.716322 -0.431595 -0.548278
1.362076 0.339917 -0.072599 0.784093 0.598904 -0.162828
-0.249639 -0.602388 0.317143 0.740685 0.363812 0.564825
-1.218018 0.139801 0.420509 -0.415514 0.345625 0.841363
-0.130324 -0.720988 -0.229377 0.68431 0.502321 -0.528577
0.225988 -0.453846 -0.015528 -0.761539 0.647472 -0.028946
-0.334328 1.10312 -0.390585 0.341216 0.442199 -0.829477
0.389026 -1.232596 -0.309748 -0.201436 -0.720604 -0.66344
0.084932 1.087996 -0.297009 -0.217539 0.303073 -0.927806
0.452709 0.51335 -0.301935 0.103563 -0.837956 -0.535822
0.661513 -1.298216 0.190392 0.303327 -0.873196 0.381472
-0.460434 1.328204 -0.174834 0.061099 0.927435 -0.368959
-0.192745 -0.809468 0.34452 0.646354 0.21314 0.732665
0.225735 -0.603138 0.28276 -0.792561 0.362528 0.490327
0.16189 -1.000665 -0.342569 -0.425543 -0.105193 -0.898803
0.780129 -1.245065 0.165649 0.572913 -0.74955 0.33158
-1.283097 -0.374017 -0.191019 -0.648966 -0.612722 -0.451015
-0.255757 0.714181 0.376545 0.687582 -0.224093 0.690662
-0.876939 0.903139 -0.316439 -0.706139 0.111569 -0.699228
0.663895 -0.80782 -0.45292 0.390832 0.204173 -0.897532
0.34099 0.712245 -0.441996 -0.465351 -0.228397 -0.855151
-0.199119 -1.322007 0.021473 0.18699 -0.980527 0.060021
0.88938 -0.270646 0.373403 -0.305302 -0.465739 0.830589
-0.136648 -0.609366 -0.004621 0.825199 0.56477 -0.009005
1.454211 0.115329 0.169064 0.904656 0.257135 0.339823
0.172494 1.30264 -0.100197 -0.186882 0.938862 -0.289158
-1.435754 0.191298 0.140865 -0.869437 0.401856 0.287387
1.207461 0.526726 0.053588 0.760116 0.629738 0.160167
0.549731 -0.521007 0.29763 0.062484 0.789464 0.610608
-0.69419 0.540969 0.310159 -0.022218 -0.552569 0.833171
-0.12598 0.644475 0.107977 0.770274 -0.594771 0.230058
0.881573 -0.972228 -0.293871 0.745245 -0.224986 -0.627688
0.149056 1.279624 0.14623 -0.185258 0.881915 0.43348
0.775398 0.334793 -0.283452 -0.565989 0.20714 -0.797966
0.642141 0.627392 -0.379503 0.232849 -0.548042 -0.803387
-0.437375 -0.531569 0.331431 -0.102841 0.801645 0.588888
0.116097 1.213925 0.227251 -0.192322 0.692725 0.695086
-0.755023 -0.895458 -0.414782 -0.536728 -0.003196 -0.84375
-1.116815 -0.649218 0.069708 -0.845003 -0.48165 0.232341
-0.168691 -0.555456 0.013139 0.885072 0.464934 0.02199
-1.151231 -0.204882 -0.416035 -0.267368 -0.461929 -0.845657
-1.278742 0.048803 -0.411318 -0.554682 0.127028 -0.822309
-0.578946 -1.348474 0.089237 -0.138278 -0.973678 0.181194
0.603009 -0.801769 -0.474676 0.299133 0.217087 -0.929189
-1.419834 -0.191714 0.181627 -0.836088 -0.404581 0.370502
0.783538 0.295684 -0.303194 -0.560323 0.334135 -0.757886
0.61614 -1.170197 -0.378532 0.208015 -0.619377 -0.757035
0.213592 0.89743 0.375275 -0.5645 -0.040665 0.824431
0.165281 -0.864173 -0.336896 -0.569965 0.181962 -0.801268
-0.996248 0.285636 0.387863 0.059711 0.501959 0.862828
0.859943 -0.084293 0.463791 -0.296288 -0.331295 0.8958
1.256203 -0.016736 -0.428933 0.512032 -0.044931 -0.857791
0.137605 0.615793 -0.067231 -0.818944 -0.558523 -0.131845
1.403844 -0.159843 -0.24029 0.800476 -0.350862 -0.485935
-0.703922 -0.323683 -0.220285 0.759275 -0.067075 -0.647304
0.519665 0.506699 0.280745 0.058019 -0.831799 0.552036
-0.484446 0.637275 -0.428429 -0.137676 -0.575975 -0.80579
0.976388 0.984422 0.11216 0.902614 0.346216 0.255779
-1.361036 -0.183872 0.284214 -0.711859 -0.399455 0.577661
1.166562 0.364339 -0.30299 0.381368 0.569547 -0.728131
-1.057625 0.5804 -0.218864 -0.56925 0.385878 -0.725984
-0.425045 -1.347088 -0.106195 0.092276 -0.968655 -0.230636
-1.088706 0.203616 -0.43131 -0.133811 0.469019 -0.872992
-0.713977 1.231604 0.265641 -0.428763 0.730685 0.531282
0.691587 -1.319637 -0.083884 0.369157 -0.914061 -0.167977
-0.700569 -0.576345 0.332321 -0.12542 0.52308 0.843005
0.067137 0.724113 0.157518 -0.470174 -0.754051 0.458633
0.354897 0.479464 0.255659 0.005741 -0.891947 0.452103
-0.310642 -0.423716 0.067288 0.020526 0.993122 0.115273
-0.750556 1.050909 -0.386026 -0.540018 0.331843 -0.773473
0.986938 0.877357 0.175637 0.863525 0.242774 0.442024
0.003497 1.181495 -0.238887 -0.007228 0.604969 -0.796216
0.441218 0.430021 0.080781 -0.016569 -0.988888 0.147736
0.061051 -0.76909 0.211104 -0.38898 0.663287 0.639332
-0.697772 -0.063274 0.382393 0.597997 -0.351851 0.720139
0.482645 1.028859 -0.467792 -0.110731 0.351444 -0.929637
-0.79563 0.138006 0.408346 0.446143 0.468002 0.762844
1.066868 -0.77614 -0.000111 0.933603 -0.358308 -0.000337
0.552704 -0.670237 0.434999 0.227886 0.511887 0.828275
-0.515935 0.486003 0.247503 -0.012675 -0.867312 0.497604
-0.957385 1.063505 0.002542 -0.896716 0.442572 0.00548
-0.384526 1.304689 0.205816 0.15856 0.876389 0.454754
1.150405 0.208758 -0.414165 0.265559 0.46671 -0.843599
1.300076 -0.20617 0.332162 0.584755 -0.443304 0.67937
0.381526 0.455769 -0.196265 0.067729 -0.942073 -0.328498
0.974643 -1.010111 -0.075736 0.909557 -0.379345 -0.169715
0.946964 3.3e-5 0.497179 -0.106072 0.000129 0.994358
-1.174429 0.527372 -0.136081 -0.691092 0.592807 -0.413488
-0.871983 -0.598674 0.305361 -0.288727 0.10266 0.951892
0.303947 -1.308843 -0.16206 -0.202971 -0.897838 -0.390755
0.408137 0.433415 0.104419 0.041208 -0.983271 0.177423
-0.042409 -1.136722 -0.269429 0.099327 -0.455537 -0.884658
0.824909 -0.125282 -0.431098 -0.382569 -0.439603 -0.812644
-0.363834 -1.026167 0.436678 0.355255 -0.315701 0.879845
0.77678 -1.114658 -0.329878 0.584293 -0.469728 -0.661783
-0.622511 -0.472226 0.243132 0.190946 0.728016 0.658432
0.388169 -0.825752 0.479588 -0.347196 0.025913 0.937434
0.617027 -0.338829 0.053314 -0.909835 0.375714 0.176178
0.667714 0.93766 -0.459937 0.395219 0.087372 -0.914422
-0.683507 0.749976 0.427191 -0.385481 -0.310827 0.868787
0.564282 -0.125494 -0.054941 -0.837006 -0.539551 -0.091138
1.40942 -0.17773 0.216402 0.81289 -0.382087 0.439567
0.601365 -0.487396 -0.25599 -0.10034 0.766072 -0.634874
1.037092 -0.774274 -0.135451 0.869388 -0.289519 -0.40043
-0.888449 1.152839 0.115231 -0.791785 0.563684 0.235236
-0.595375 -0.374957 0.061212 0.711436 0.674127 0.198521
-0.026553 1.046898 -0.297428 0.08252 0.158399 -0.983921
-0.445936 -0.781078 -0.489735 0.116529 0.165102 -0.979368
0.173364 1.139787 0.30176 -0.311748 0.470493 0.8255
-0.158613 -1.256723 0.189316 0.208674 -0.808223 0.550664
1.04177 0.046407 -0.494605 0.078474 0.153785 -0.984983
-0.504611 1.179627 -0.382002 0.046052 0.638668 -0.768103
0.436695 0.473752 -0.231098 0.071283 -0.911871 -0.40424
0.708705 0.681671 -0.388004 0.332829 -0.398981 -0.854423
1.133503 0.338296 0.33666 0.281277 0.550626 0.785935
-0.184651 -1.228586 0.234787 0.248801 -0.717081 0.651071
0.869303 -0.574254 0.303578 0.221564 0.092602 0.970739
0.426173 -0.424965 0.028163 -0.001723 0.998749 0.04997
0.881935 -0.915019 0.309157 0.719854 -0.134725 0.680925
1.278258 0.232779 0.332109 0.542317 0.4823 0.687953
0.17426 -0.555186 -0.076955 -0.882454 0.452615 -0.128123
-1.005828 0.886931 -0.125098 -0.904211 0.285134 -0.317965
0.232801 -0.786726 -0.374678 -0.660961 0.169724 -0.730975
-0.417062 -1.213911 -0.336839 0.179595 -0.687774 -0.703358
-0.811864 -0.764073 0.364227 -0.514195 0.158482 0.842904
-1.004216 -0.049803 0.495583 -0.002289 -0.172535 0.985001
0.523397 0.065829 0.024642 -0.859338 0.509749 0.041151
-1.497601 0.021122 -0.04344 -0.995067 0.047875 -0.086892
-0.565823 1.313502 0.204712 -0.104933 0.903854 0.414774
0.633657 -0.296996 -0.087953 -0.965491 0.024949 -0.259239
-0.058427 0.750525 0.188163 0.394363 -0.720668 0.570189
-0.942451 -0.734805 0.269453 -0.64746 -0.063657 0.759436
0.668037 -0.235803 -0.202768 -0.818163 -0.351241 -0.455234
-0.778708 -1.275108 -0.069214 -0.565671 -0.812919 -0.138489
0.576725 -0.987051 -0.479008 0.158575 -0.239014 -0.95798
0.725054 0.614322 0.348984 0.219955 -0.450206 0.86541
-1.355502 0.350546 -0.064352 -0.780268 0.608168 -0.145993
-0.20164 -1.266532 0.192099 0.229106 -0.819243 0.525692
-1.420064 0.262248 0.038514 -0.856036 0.510522 0.081049
-0.143755 0.610468 -0.082183 0.829972 -0.535316 -0.156791
0.215387 1.319065 0.069152 -0.194946 0.962484 0.188733
-0.227092 -0.844471 -0.380363 0.613454 0.102631 -0.783033
-1.465183 0.163594 0.063791 -0.928039 0.349334 0.129262
-0.935174 -0.098251 0.477199 0.15224 -0.336998 0.929115
-0.017801 -1.078995 0.28988 0.050512 -0.263849 0.963241
0.182156 -0.830672 -0.341461 -0.619774 0.203968 -0.757811
-0.712317 -0.988269 -0.430012 -0.473786 -0.195642 -0.858633
0.333332 -0.534808 -0.333459 -0.226174 0.718524 -0.6577
-0.486472 -1.254754 -0.30399 0.056404 -0.780847 -0.622171
-0.48213 0.899747 0.497765 0.077718 0.08868 0.993024
-0.642812 -0.377787 0.159214 0.711394 0.461363 0.530153
0.590524 -1.177473 0.378472 0.145661 -0.636896 0.757064
-0.3085 0.475751 0.240377 0.194846 -0.865265 0.4619
0.02368 -1.297126 -0.044128 -0.032446 -0.988662 -0.146614
1.187012 0.347483 -0.305133 0.408709 0.570924 -0.712041
0.809872 -0.552616 -0.309386 0.094951 0.247273 -0.964282
1.045894 0.59844 0.21907 0.587247 0.349386 0.730117
-0.397791 -0.880956 -0.481559 0.327067 -0.076009 -0.94194
-0.874684 -0.553929 0.300935 -0.172208 0.056121 0.983461
-0.973349 0.130725 -0.469255 0.088094 0.39352 -0.915086
-0.350373 0.810419 -0.462326 0.454964 -0.048633 -0.889181
0.900125 -1.099611 0.175561 0.807103 -0.465381 0.363324
0.109698 -0.988732 -0.321141 -0.347557 -0.023286 -0.937369
-1.478804 -0.086 -0.111225 -0.955548 -0.19283 -0.223033
0.482135 0.607686 0.405638 0.1436 -0.64418 0.751273
1.48941 0.096589 0.002605 0.97677 0.214224 0.005228
0.364743 -1.271728 0.25332 -0.197447 -0.80284 0.56255
-0.303464 0.424874 0.074549 0.052468 -0.990067 0.130441
-1.35937 -0.331242 -0.108493 -0.770342 -0.590163 -0.241415
0.131397 -0.701165 0.210577 -0.710224 0.521611 0.472761
0.450228 -0.511061 0.298801 0.101903 0.842398 0.529132
-0.340378 0.998429 0.435552 0.403448 0.254487 0.878901
0.958878 -1.052316 -0.057122 0.89622 -0.425975 -0.123838
-1.261312 -0.293396 -0.298716 -0.52945 -0.547689 -0.647858
-1.031982 0.039607 -0.496284 -0.060173 0.1338 -0.98918
0.388666 1.012399 0.450959 -0.321151 0.303239 0.897167
0.962603 0.302493 0.374566 -0.129595 0.481954 0.86656
0.122831 -1.10495 0.301198 -0.277288 -0.362936 0.8896
0.605238 -1.317713 -0.180268 0.183946 -0.913371 -0.363203
-0.806232 0.353281 0.298066 0.470236 0.216636 0.855539
0.45439 -0.616771 0.417424 0.090573 0.613026 0.784854
1.465235 -0.138831 0.109607 0.927118 -0.302632 0.221057
0.195134 -0.996928 0.359694 -0.459829 -0.129441 0.878523
0.833437 0.686876 -0.336088 0.430509 -0.192281 -0.881867
-0.189634 0.688437 -0.285693 0.763762 -0.35158 -0.541349
-0.121345 -1.291034 0.10691 0.152974 -0.93182 0.329104
-0.855727 -1.073241 0.273772 -0.728184 -0.394744 0.56029
-1.231413 -0.067132 0.436273 -0.456737 -0.179428 0.871319
0.661848 -1.330004 0.08631 0.304267 -0.936717 0.173156
-1.383033 0.215866 -0.227272 -0.762309 0.447653 -0.46743
0.798957 -0.772892 0.373757 0.510168 0.1648 0.844139
-0.19672 0.683624 0.292611 0.766206 -0.339519 0.545578
0.33759 -0.454295 0.197773 0.000603 0.939204 0.34336
0.891935 0.168545 -0.43381 -0.270646 0.469323 -0.840527
0.501437 0.69896 0.462298 0.137613 -0.430636 0.891972
1.178139 0.016252 -0.466781 0.355816 0.046971 -0.933375
-1.284158 0.334073 -0.23802 -0.609344 0.583913 -0.536419
-0.808105 -1.20658 0.194214 -0.636582 -0.665539 0.389642
0.046408 -1.300784 0.020091 -0.061948 -0.995885 0.06615
0.915193 -1.070574 0.177033 0.827362 -0.421049 0.371739
0.876585 0.977347 0.297901 0.739531 0.229453 0.632807
-1.146458 -0.082175 -0.467639 -0.281441 -0.233057 -0.930847
0.301375 0.685416 -0.408096 -0.591605 -0.254406 -0.765037
1.070478 -0.332322 0.35677 0.134936 -0.525365 0.840109
1.248404 0.368607 0.238987 0.566689 0.599645 0.565057
-1.339814 -0.377975 -0.000273 -0.777086 -0.629394 -0.000641
-0.164977 0.847749 -0.332581 0.587371 -0.211919 -0.78108
0.391115 -0.67055 0.447117 -0.207655 0.396801 0.894108
0.451368 -0.7346 0.479233 -0.047439 0.293139 0.954892
-0.476303 -0.689107 -0.460608 -0.082335 0.439956 -0.894237
0.897236 0.855546 0.302232 0.703779 0.074116 0.706542
-0.637685 -0.006207 0.344353 0.724226 -0.047787 0.687905
0.805309 -0.72651 0.359839 0.46266 0.210618 0.861154
-0.5444 1.263233 0.293244 -0.051823 0.803909 0.59249
-0.267222 0.872944 0.411896 0.567842 -0.00814 0.823097
0.382629 0.908325 -0.472987 -0.363925 0.122856 -0.92329
-0.116963 -0.635452 0.006987 0.765192 0.643622 0.015234
0.48511 0.91667 0.496178 -0.076654 0.124298 0.98928
-0.559569 -0.531814 -0.309964 -0.07905 0.765313 -0.638786
0.028135 0.704847 -0.070246 -0.235558 -0.944889 -0.227371
-0.359489 -0.422002 0.019925 -0.060134 0.99767 0.032214
0.984784 1.002254 0.011741 0.924214 0.380945 0.026648
1.085679 -0.123177 0.468827 0.145421 -0.344187 0.927571
-0.507455 1.016804 -0.474215 0.044059 0.325601 -0.94448
-0.122717 0.849572 0.303389 0.516943 -0.302915 0.800633
-0.723048 -1.006915 0.419155 -0.492056 -0.236365 0.837862
1.31368 -0.365639 -0.152258 0.705748 -0.613896 -0.353625
-0.700178 -0.27895 -0.227477 0.77544 -0.24951 -0.580032
-0.88408 -0.317883 0.3468 0.306504 -0.409299 0.859377
-0.577218 0.565699 0.344117 -0.137371 -0.699002 0.701802
0.086227 0.820051 0.266568 -0.444059 -0.461513 0.767996
-0.020704 -1.250499 0.165712 0.033721 -0.833927 0.550843
-1.425345 0.035116 0.260047 -0.85 0.08281 0.520232
1.048338 -0.810958 0.060502 0.929457 -0.325471 0.173721
-0.944524 0.311092 0.366774 0.167266 0.465706 0.868988
0.762355 -1.018269 0.390066 0.563883 -0.26056 0.783674
0.729351 -1.142879 0.346276 0.480497 -0.537745 0.692786
0.145297 -0.599961 -0.046687 -0.84211 0.532197 -0.087282
0.874535 -1.072693 0.248062 0.759832 -0.401618 0.511233
0.409814 -1.278909 0.257009 -0.150323 -0.820667 0.551279
1.012436 0.09357 0.484808 0.005598 0.297817 0.954607
-0.144347 1.121444 0.300918 0.295359 0.414881 0.860603
-0.588165 -0.160211 -0.074855 0.85977 -0.492727 -0.134225
1.044698 0.735422 -0.147106 0.837249 0.302957 -0.455226
0.90185 1.15428 -0.044095 0.815841 0.571175 -0.090348
-0.204861 0.501215 0.097052 0.868869 -0.468035 0.161278
-1.453923 0.109266 -0.174228 -0.904242 0.244673 -0.349973
-0.257574 -1.26831 -0.214283 0.241336 -0.80607 -0.540378
-0.263825 -1.330829 0.057762 0.192755 -0.970022 0.147999
-0.018232 -0.992303 -0.300513 0.066805 0.023768 -0.997483
0.693476 -1.282322 -0.197494 0.375697 -0.838269 -0.395166
-0.846053 1.01154 -0.31884 -0.702163 0.270842 -0.658492
0.277555 -1.065787 0.382587 -0.40597 -0.338109 0.849041
1.261111 -0.064831 0.419833 0.51711 -0.169419 0.838984
-0.851207 -1.05271 0.292627 -0.717953 -0.352619 0.600169
-0.710907 -1.119269 0.374921 -0.444748 -0.489816 0.749853
0.986608 0.761255 -0.22044 0.757076 0.171277 -0.630475
1.015735 -0.639572 0.226847 0.616878 -0.254576 0.74475
-0.734766 1.282073 0.147599 -0.468325 0.832784 0.2952
1.163993 0.588607 -0.026184 0.812244 0.577126 -0.084765
0.307392 1.270839 0.232291 -0.230959 0.803366 0.548872
0.602364 -0.15355 0.150796 -0.819819 -0.506711 0.266723
0.351124 0.482013 -0.260579 -0.010084 -0.884947 -0.465583
0.747642 0.08015 0.411115 -0.509544 0.378393 0.772776
0.877103 0.718406 -0.316888 0.529919 -0.084878 -0.84379
0.131537 -0.879874 0.318515 -0.502067 0.218097 0.836877
0.533749 1.353756 -0.085169 0.0599 0.982714 -0.175173
0.960614 -0.573477 -0.275904 0.363168 -0.162205 -0.917496
0.774339 -1.200634 -0.248849 0.567226 -0.65568 -0.498335
-0.617098 0.036656 -0.313029 0.750262 0.276428 -0.600578
-1.192958 -0.003362 0.46125 -0.385897 -0.009592 0.922492
0.429911 -1.0314 -0.4568 -0.234089 -0.350135 -0.906977
-0.793215 0.696126 0.357669 -0.408691 -0.260441 0.874724
-1.272009 -0.335514 0.249662 -0.584109 -0.583135 0.564597
0.074233 -1.17592 0.250029 -0.148509 -0.581034 0.800215
-1.153184 -0.470255 -0.223128 -0.520991 -0.570775 -0.634653
0.746887 1.202382 -0.27481 0.507641 0.663294 -0.549856
0.447414 1.325482 0.17911 -0.079203 0.921364 0.380546
-0.667134 1.266235 0.24772 -0.317381 0.808357 0.495811
0.964147 1.043497 -0.048211 0.902634 0.417325 -0.105315
1.093505 -0.712427 -0.00627 0.907735 -0.419052 -0.020332
-0.405226 1.179267 -0.364564 0.214303 0.616371 -0.757735
0.633733 0.619674 0.376496 0.220077 -0.567613 0.793336
0.531706 0.832389 -0.49625 0.121191 -0.106401 -0.98691
0.844239 -0.44242 0.299351 -0.205584 -0.062943 0.976613
-0.550194 -0.065085 0.16658 0.828608 -0.481113 0.28625
-0.770094 0.211731 0.341111 0.551107 0.471101 0.688727
0.632879 -0.676232 -0.413191 0.289985 0.474713 -0.830997
0.477282 -0.899789 0.497344 -0.093037 -0.091183 0.991479
1.14723 0.299744 -0.358479 0.283144 0.540375 -0.792354
0.136727 -1.166178 0.272653 -0.251109 -0.544258 0.800455
1.051551 -0.367679 0.338039 0.127125 -0.5072 0.852401
-0.592452 -0.467479 -0.228505 0.170288 0.794488 -0.582916
-0.629192 -1.341395 0.073942 -0.236174 -0.96024 0.148865
-1.349756 -0.34123 0.114162 -0.758636 -0.598772 0.256795
-0.873604 -1.101602 0.223922 -0.761831 -0.457333 0.45876
0.142104 1.054597 0.324312 -0.348731 0.228351 0.908979
-0.956733 0.563228 -0.279162 -0.330244 0.16257 -0.92979
0.256316 -0.940506 -0.401772 -0.519622 -0.086369 -0.85002
-1.224639 0.17194 -0.402569 -0.425014 0.401959 -0.811044
0.133306 0.809616 -0.29373 -0.584377 -0.355517 -0.729459
0.400272 0.53798 0.344559 0.041607 -0.778022 0.626858
0.836755 0.280021 -0.344611 -0.428716 0.421648 -0.799009
-0.658994 1.053401 -0.434655 -0.343015 0.357243 -0.868745
-1.083801 -0.258381 0.400631 -0.126691 -0.512372 0.849367
0.367585 -1.299109 0.210183 -0.17619 -0.864566 0.47062
-0.650037 0.548706 0.318236 -0.062408 -0.63444 0.770449
0.60243 0.452929 -0.212422 -0.254169 -0.77592 -0.577362
-0.744302 -1.221457 -0.252548 -0.498618 -0.704363 -0.505225
-0.88233 -0.708095 -0.312645 -0.521113 0.078996 -0.849824
0.622726 -0.625973 0.384128 0.228407 0.567259 0.791231
0.595115 -0.161567 0.107091 -0.848933 -0.492055 0.192859
-0.446888 -0.663324 -0.448874 -0.022591 0.485245 -0.874086
-0.938337 -1.050002 0.144568 -0.860971 -0.403471 0.309743
1.032565 -0.866783 -0.036973 0.941976 -0.320893 -0.098531
0.505395 0.851369 -0.499637 0.027703 -0.039513 -0.998835
1.011943 -0.86208 0.129555 0.89874 -0.277134 0.339798
-0.752708 -1.122114 0.344528 -0.534405 -0.488318 0.689896
-0.712758 1.257461 0.226913 -0.422123 0.784755 0.453841
-0.083644 -1.300794 0.048494 0.107671 -0.981953 0.155481
0.834785 -1.079301 -0.295274 0.692745 -0.400291 -0.599893
-1.484681 0.06348 0.102518 -0.968143 0.143342 0.205311
-0.829977 -1.211016 0.14288 -0.68013 -0.674507 0.287165
1.193051 -0.295127 -0.341947 0.381267 -0.543799 -0.747609
-0.681953 -1.106911 0.398077 -0.381602 -0.469803 0.796031
0.351951 0.829594 -0.463822 -0.449373 -0.016109 -0.893199
0.64971 -0.044156 0.346752 -0.687926 -0.29679 0.662324
-0.889822 1.051507 0.240933 -0.781322 0.370173 0.502502
-0.197282 -0.510435 -0.080603 0.882148 0.452184 -0.1317
-1.450136 -0.158085 0.139664 -0.896515 -0.34117 0.282602
1.056156 -0.160947 -0.456494 0.072907 -0.420423 -0.904394
-0.578241 0.111621 0.160715 0.79937 0.538271 0.266966
-0.899682 -0.466776 -0.303321 0.032674 -0.158778 -0.986773
1.125385 -0.512836 0.209536 0.552814 -0.532712 0.640792
-1.283802 -0.396959 0.155607 -0.680334 -0.627809 0.378154
-0.34669 -1.238922 -0.288538 0.234145 -0.728894 -0.643342
0.92342 -0.302964 0.366389 -0.220032 -0.458422 0.861066
0.033166 1.197958 0.226843 -0.064291 0.65816 0.750128
-0.633615 -0.317911 0.094667 0.941491 0.159483 0.296917
-1.355952 -0.216436 -0.26594 -0.704944 -0.451604 -0.546907
-0.353609 -1.296192 0.21011 0.188239 -0.858832 0.476418
0.999895 -0.953539 -0.056353 0.930276 -0.341437 -0.13419
0.851554 0.070079 0.465896 -0.307924 0.290926 0.905839
0.787417 -1.274758 -0.008312 0.584434 -0.81127 -0.016635
0.127717 0.984992 -0.328395 -0.388095 0.031194 -0.921091
1.329143 0.127417 0.349108 0.647251 0.299983 0.700769
-0.118199 -0.637207 -0.044148 0.765411 0.636341 -0.096002
-0.108339 -0.65715 0.083777 0.717497 0.668769 0.1948
0.682822 -0.467075 -0.257799 -0.265048 0.551267 -0.79111
-0.308807 -1.328391 0.110077 0.186615 -0.945756 0.265935
1.453702 0.201834 0.002453 0.908791 0.417222 0.005022
0.09945 -1.055005 -0.309787 -0.271395 -0.207453 -0.939845
-0.410426 0.471251 -0.230342 -0.077662 -0.916255 -0.392996
0.755813 -0.423268 0.268885 -0.414514 0.169906 0.894042
-0.588233 0.391726 0.091656 0.589403 -0.756156 0.28431
0.568961 -0.755828 0.471438 0.248234 0.317952 0.915034
-0.628869 0.192446 -0.162736 0.83925 0.439344 -0.320368
-0.244951 -0.724317 -0.368942 0.696412 0.223727 -0.681878
-0.664393 -0.868698 0.461984 -0.397553 0.070596 0.91486
-0.341077 0.506945 -0.30065 0.107514 -0.815187 -0.569131
0.652426 0.889242 -0.468046 0.374571 -0.022039 -0.926936
0.853207 0.271443 0.357624 -0.389207 0.444684 0.806706
0.23755 0.449264 0.075215 -0.670638 -0.727221 0.146265
-0.572533 -0.663579 -0.425101 -0.243489 0.52354 -0.816467
-0.318317 -0.934427 0.438676 0.470753 -0.133392 0.872123
-0.646619 -1.25544 0.275701 -0.271384 -0.788462 0.551977
-0.61405 -0.232457 -0.006789 0.959763 -0.280368 -0.015782
0.306766 0.869326 -0.437892 -0.524783 0.024177 -0.850893
-0.866464 -0.038749 -0.47837 0.270663 -0.168354 -0.947839
-0.990748 -0.346502 -0.353233 0.034551 -0.473164 -0.880297
-0.697086 1.324081 0.030007 -0.381086 0.922585 0.060084
-0.790695 -1.235269 -0.168801 -0.596768 -0.727717 -0.338078
0.899979 0.983276 -0.266065 0.777685 0.259559 -0.572569
0.908714 -1.056882 0.204209 0.813582 -0.392218 0.429243
-1.372391 -0.062155 0.326534 -0.74197 -0.150073 0.653421
-0.222982 -0.460365 0.046422 0.787965 0.609852 0.084803
0.291433 -0.615105 0.369506 -0.603352 0.383059 0.699452
-0.287252 -1.328975 0.091263 0.191694 -0.954945 0.226568
-0.655607 1.018466 0.448574 -0.346284 0.27875 0.89576
-1.305257 0.368656 -0.163226 -0.690894 0.61437 -0.381071
-0.809617 1.177267 -0.235122 -0.642818 0.603138 -0.472238
-0.723922 1.311237 -0.03919 -0.441157 0.893999 -0.078401
-0.385187 0.425827 -0.056894 -0.053304 -0.994169 -0.093735
-1.092275 -0.56065 -0.201888 -0.594576 -0.463956 -0.656676
-1.411588 -0.184654 0.20603 -0.818009 -0.393732 0.419328
0.329521 0.804652 -0.450469 -0.507879 -0.060983 -0.859267
0.581111 0.126504 0.137868 -0.812538 0.535023 0.23137
-0.234139 -1.033548 -0.372035 0.439807 -0.242023 -0.864867
0.802203 -0.676599 -0.347827 0.384295 0.260379 -0.885731
-0.652414 0.073791 -0.332512 0.675549 0.423003 -0.603906
1.141445 0.084284 -0.46859 0.270726 0.239491 -0.93239
0.695317 -0.078317 -0.372157 -0.603092 -0.406433 -0.686362
-0.739049 -0.386286 -0.253609 0.559666 0.093402 -0.823438
0.555786 1.02154 0.471485 0.08725 0.323259 0.94228
-0.596832 -0.024025 -0.291469 0.796429 -0.20162 -0.570132
-0.544104 -0.442271 0.166591 0.194878 0.895857 0.399327
1.145201 0.004171 -0.478425 0.290368 0.012506 -0.956833
0.031073 -0.752659 0.176005 -0.224357 0.790401 0.570026
-0.056167 -0.732231 -0.160542 0.401118 0.776257 -0.486343
-0.120708 1.071712 -0.312083 0.299773 0.265662 -0.916275
-0.73143 0.154793 -0.349888 0.580714 0.496581 -0.645119
-0.573127 -1.132325 0.414977 -0.107666 -0.548283 0.829333
-0.569971 -0.730384 0.461341 -0.253718 0.378022 0.890352
0.540284 0.014626 -0.193725 -0.911416 0.152049 -0.382363
-0.933507 0.180932 0.438225 0.189701 0.471383 0.861285
1.497482 0.018087 -0.04627 0.994863 0.041013 -0.09255
0.570152 0.744026 0.466799 0.252501 -0.346237 0.903528
-0.364217 -0.422767 -0.031435 -0.06031 0.99688 -0.050916
-0.808782 0.479859 -0.294284 0.147299 -0.140208 -0.979104
1.258019 0.085614 -0.416878 0.507565 0.22037 -0.832955
0.594765 -0.912983 0.486652 0.241559 -0.055576 0.968793
0.322318 0.616354 -0.392674 -0.463031 -0.434029 -0.772801
0.200927 1.04563 0.352252 -0.417039 0.24404 0.875513
-1.190904 -0.035192 -0.460209 -0.379767 -0.099711 -0.919693
0.046027 1.287033 0.092298 -0.064747 0.950521 0.303837
-0.537594 -1.323619 -0.187202 -0.055942 -0.922302 -0.3824
0.920032 -0.153239 0.449842 -0.206352 -0.445872 0.870986
-0.644097 1.31787 -0.153872 -0.265631 0.913254 -0.30888
-0.644812 1.140713 -0.391836 -0.283672 0.552634 -0.783662
-1.393783 0.277277 -0.12143 -0.807037 0.531094 -0.25813
0.577398 -0.143377 -0.069709 -0.846134 -0.519335 -0.119782
-1.227032 0.059405 0.440041 -0.449129 0.160341 0.878962
1.336164 -0.374263 -0.066316 0.764662 -0.62555 -0.154852
-0.498982 0.605408 -0.400186 -0.162715 -0.651256 -0.741208
-0.91093 -1.014313 -0.23305 -0.805639 -0.320468 -0.498243
-0.797608 0.867257 -0.385611 -0.580368 -0.022471 -0.814044
-0.028524 0.728723 0.135516 0.222155 -0.870262 0.439649
-0.36189 0.714656 -0.452862 0.386521 -0.242438 -0.889846
0.537232 1.151605 -0.40438 0.021053 0.587728 -0.808784
-0.311993 0.428779 -0.101895 0.028306 -0.983947 -0.176202
0.471645 0.462783 0.201011 0.015453 -0.925808 0.377679
-1.147137 0.478961 -0.220334 -0.525719 0.564151 -0.636673
0.935175 -0.107075 0.473881 -0.155819 -0.358221 0.920542
-1.286805 -0.295527 0.27393 -0.586201 -0.550871 0.594061
0.812218 0.679997 0.344358 0.398719 -0.238763 0.885446
-0.172852 1.302372 -0.101294 0.187288 0.937852 -0.292159
-0.955775 0.432599 -0.313157 -0.009226 0.337641 -0.94123
-0.981172 0.951212 -0.135222 -0.896024 0.310773 -0.317115
-0.431537 -1.338806 -0.138454 0.09022 -0.95014 -0.298486
0.731019 -0.371968 -0.246372 -0.613142 0.062221 -0.787518
1.025539 0.649214 -0.214714 0.655471 0.274268 -0.703658
0.02309 0.720164 0.114055 -0.186396 -0.908848 0.373164
-1.138605 0.610711 -0.075923 -0.808903 0.531829 -0.250666
-0.796532 -0.251351 0.335738 0.516712 -0.434583 0.737663
0.384139 -0.428555 -0.081194 0.056544 0.989407 -0.133707
0.139029 1.189817 -0.255748 -0.236713 0.614194 -0.752817
-1.019073 -0.764441 0.174559 -0.822224 -0.246047 0.513234
-0.326932 -0.875854 0.449501 0.488877 -0.047796 0.871042
-0.159859 0.586742 -0.091967 0.859726 -0.484159 -0.162668
0.171095 0.550669 -0.008489 -0.887677 -0.460251 -0.014095
0.926573 0.403847 0.321777 -0.110312 0.331494 0.936986
-0.828708 0.171641 -0.405719 0.40114 0.483643 -0.777931
1.355881 -0.153727 -0.30903 0.700793 -0.346833 -0.623374
-1.226623 -0.315221 0.30651 -0.468075 -0.561652 0.682241
-0.583164 0.730396 -0.457431 -0.27249 -0.379234 -0.884268
0.502732 -1.294872 0.246604 -0.013784 -0.862228 0.506333
-1.126403 -0.630337 -0.075118 -0.82609 -0.505076 -0.249948
-1.239928 0.428573 -0.177111 -0.633104 0.625621 -0.455826
0.150743 -0.78395 -0.29605 -0.641575 0.350112 -0.682498
-0.221729 1.155732 0.311285 0.327945 0.519325 0.789147
0.322809 -1.232898 -0.286251 -0.253239 -0.713642 -0.653135
-0.677921 -0.014606 -0.381488 0.643058 -0.099489 -0.759328
0.53212 1.311728 0.214266 0.042425 0.898259 0.437415
1.492805 -0.036054 -0.075281 0.985207 -0.081725 -0.150626
0.397309 1.356512 -0.016505 -0.113012 0.992913 -0.036766
0.675555 -0.690554 -0.405162 0.326914 0.419125 -0.847031
0.721545 -0.788729 0.420741 0.447334 0.216401 0.867792
-0.496671 -0.983451 -0.483837 0.066268 -0.260405 -0.963223
-0.293369 -0.548213 0.324166 0.513047 0.572173 0.639844
0.759646 0.453774 0.277454 -0.297538 -0.247979 0.921942
0.511113 -0.504355 -0.278086 0.061154 0.840055 -0.539043
-0.285955 -0.496776 0.260456 0.432893 0.73571 0.520897
-1.052473 -0.123304 0.472749 -0.076987 -0.353952 0.93209
-1.208326 -0.444569 -0.196416 -0.591988 -0.612358 -0.523992
1.211732 -0.459773 0.173481 0.627622 -0.618724 0.472515
0.273167 0.688243 0.384791 -0.665936 -0.246596 0.704074
0.571419 0.391254 0.042757 -0.559552 -0.818768 0.128531
1.177576 -0.059871 0.461884 0.349258 -0.168909 0.921677
-0.51384 -0.045635 0.044801 0.899365 -0.429932 0.07938
-0.79614 1.267499 0.026758 -0.603965 0.795208 0.053572
0.404533 -0.426723 -0.057123 0.034943 0.994695 -0.096753
-0.33793 -0.742776 0.447305 0.486199 0.166412 0.857856
-1.065872 -0.74548 0.087729 -0.894882 -0.353082 0.272983
-0.61913 1.342018 0.084442 -0.215664 0.961518 0.170214
-0.782919 0.370297 -0.281579 0.501824 0.10605 -0.858444
1.301662 0.22801 -0.315713 0.591452 0.473848 -0.652421
0.514792 -0.437911 0.141146 -0.148565 0.937776 0.313856
1.399069 0.033883 0.298938 0.797373 0.081278 0.597989
-0.471877 0.811025 0.49616 0.050929 -0.113102 0.992277
1.300928 0.421848 -0.036631 0.754517 0.649871 -0.091493
0.668155 -0.743579 0.431481 0.367745 0.331335 0.868896
-0.044723 -0.763441 -0.195843 0.303454 0.725499 -0.61771
-1.155795 -0.568905 -0.107978 -0.748563 -0.566078 -0.345267
0.626482 0.210502 -0.130808 -0.881087 0.384863 -0.274894
-0.423501 1.199261 -0.35223 0.178736 0.660205 -0.729508
1.371637 0.062003 0.327423 0.740462 0.149792 0.655193
-0.869144 -0.520102 0.300164 -0.065193 0.025609 0.997544
0.592782 -1.352422 -0.045657 0.16545 -0.98187 -0.092506
-0.900997 -0.858261 -0.29814 -0.711234 -0.082833 -0.698058
-0.624089 -0.205204 0.130717 0.876225 -0.3994 0.269646
1.325412 0.385764 -0.072081 0.755688 0.632224 -0.170963
-0.614984 -0.228453 0.042771 0.948911 -0.300063 0.097619
1.475458 0.146945 0.004791 0.948401 0.316927 0.009678
0.421636 0.435161 -0.111162 0.02724 -0.980754 -0.193339
-1.028301 -0.563846 0.246343 -0.469921 -0.334432 0.816902
-0.183486 -1.310903 0.077528 0.187494 -0.957125 0.22081
0.045701 -1.19139 -0.233712 -0.089725 -0.635074 -0.767223
0.216583 1.280803 -0.174926 -0.224132 0.853471 -0.470481
0.825947 0.871392 -0.364413 0.618636 0.009578 -0.785619
-0.590623 -0.1398 0.140862 0.817124 -0.523313 0.241766
0.873482 -0.401344 0.312746 -0.236929 -0.236154 0.942388
-0.361245 -0.424543 -0.058242 -0.060606 0.993685 -0.094426
-0.638988 -0.783432 0.456926 -0.35316 0.260192 0.898653
1.195351 0.125387 0.436542 0.371338 0.321607 0.871021
0.199849 -0.960697 -0.366154 -0.497942 -0.05836 -0.865244
-0.856939 1.054925 -0.284299 -0.727798 0.359368 -0.584094
-1.467294 0.034288 -0.174016 -0.934115 0.078871 -0.348149
-0.462841 1.20997 0.350217 0.113569 0.689554 0.715275
-0.167833 -0.774058 0.307762 0.670145 0.318296 0.670517
-0.276503 -1.313488 -0.135125 0.205148 -0.918466 -0.338135
-0.615871 0.060311 0.29717 0.73784 0.402404 0.541906
-0.673215 1.134696 -0.384376 -0.353758 0.532817 -0.76874
1.280031 0.256788 0.312944 0.552941 0.510894 0.658213
-0.566743 -1.044586 -0.461775 -0.109581 -0.369011 -0.922943
0.337949 0.420726 0.017449 0.047348 -0.998475 0.028382
-0.137308 -0.943695 -0.332061 0.445918 0.061126 -0.892984
0.927365 0.098308 0.47583 -0.167932 0.340196 0.925238
0.637117 -0.892761 -0.47401 0.344244 0.010164 -0.938825
1.222492 -0.284779 -0.333092 0.440074 -0.538276 -0.718744
-1.078241 0.04182 0.490984 -0.152624 0.133145 0.979274
-0.241831 -0.502625 0.211049 0.736788 0.552321 0.389982
-0.569693 0.104472 -0.149 0.805111 0.539736 -0.245928
0.160361 0.593251 0.111716 -0.853695 -0.481174 0.199189
-0.310461 -0.825872 -0.439884 0.54042 0.037128 -0.840576
-0.150178 0.591581 0.043655 0.853045 -0.515743 0.07952
0.239869 -1.267974 -0.206857 -0.239957 -0.810025 -0.535051
-0.84191 -0.642005 0.322718 -0.354561 0.190031 0.915519
-0.66985 0.781427 -0.443467 -0.389419 -0.257013 -0.884475
-0.557306 -0.107375 0.08934 0.824326 -0.547006 0.145844
-0.622395 -0.263285 -0.035843 0.985507 -0.141031 -0.094269
0.281097 -0.969909 -0.412027 -0.482208 -0.161124 -0.861113
0.768229 -1.128977 0.326783 0.565303 -0.501508 0.654922
-0.753074 0.807501 -0.407668 -0.492347 -0.160256 -0.855519
-0.68556 -0.826341 0.446834 -0.42371 0.160472 0.89147
-0.589347 0.400788 -0.1154 0.531572 -0.77099 -0.350722
-0.044531 0.693518 -0.037174 0.368131 -0.922625 -0.115077
-0.913494 1.134928 -0.055142 -0.834689 0.53883 -0.113824
-0.664186 0.378881 -0.186121 0.693217 -0.367294 -0.620117
0.663654 0.666753 0.397 0.293284 -0.467542 0.8339
-0.789051 -0.227296 0.345239 0.52033 -0.461563 0.718482
-1.08586 -0.375344 0.326303 -0.214037 -0.528382 0.821584
1.04528 0.658766 -0.1901 0.713556 0.31826 -0.624138
-0.378354 0.658573 -0.438362 0.248357 -0.411981 -0.876693
1.093397 -0.553396 0.206009 0.579691 -0.469207 0.666186
1.450812 0.004354 -0.21621 0.901614 0.010151 -0.432422
0.52974 -0.623555 0.408137 0.193388 0.612348 0.766571
0.661537 -0.349777 0.167785 -0.805975 0.228328 0.546141
-0.586317 -0.163958 -0.042376 0.871486 -0.484372 -0.076786
0.696936 -1.296942 -0.158838 0.382278 -0.867654 -0.317868
-0.548602 -0.41437 -0.093355 0.353355 0.902371 -0.246713
-0.845901 -0.727897 0.337206 -0.506181 0.139512 0.851068
0.859534 1.020908 0.299653 0.725653 0.295769 0.621248
-0.866603 0.732992 0.325135 -0.537404 -0.096629 0.837771
0.231392 -0.451749 0.054938 -0.722209 0.683717 0.104621
0.364103 0.578788 0.383978 -0.167678 -0.631246 0.75724
-1.203406 -0.538069 0.014393 -0.777549 -0.627303 0.043686
-0.780009 -0.649351 0.347672 -0.317802 0.321915 0.891837
-0.905858 -0.987764 0.25575 -0.788531 -0.272273 0.55144
1.370109 -0.200133 0.260327 0.732438 -0.424796 0.532055
-0.068684 0.800206 0.24323 0.393879 -0.558926 0.729699
-0.490966 -1.045863 0.461933 0.090438 -0.383896 0.918937
-0.518774 -1.316564 -0.205078 -0.02115 -0.906944 -0.42072
-0.522701 -1.244626 -0.317883 -0.005241 -0.765708 -0.643167
0.49742 -0.422741 -0.065327 -0.17268 0.97447 -0.143491
-0.032198 -1.299755 -0.023874 0.043517 -0.995916 -0.079104
0.442795 1.298828 0.232723 -0.099706 0.865002 0.491763
-1.321818 0.300669 -0.228523 -0.665484 0.557348 -0.496482
-0.127825 -0.755356 0.255584 0.637923 0.463136 0.615271
0.540117 -1.293947 0.246834 0.051452 -0.863696 0.50138
-0.061971 -0.981768 0.306636 0.222549 0.037769 0.97419
0.578772 -1.356736 -0.000764 0.140053 -0.990143 -0.001553
0.348927 -1.327604 -0.137157 -0.168623 -0.933491 -0.316482
-1.014934 -0.893231 0.087404 -0.925231 -0.307077 0.222825
-0.617997 -0.3403 0.060916 0.902767 0.38002 0.201488
-1.113713 -0.261165 0.393256 -0.192894 -0.515643 0.834808
1.052941 0.759708 0.109774 0.885283 0.323802 0.333804
0.362567 0.882029 0.467264 -0.415171 0.07339 0.906778
-0.418002 -1.358953 -0.000598 0.092156 -0.995744 -0.001312
0.830372 0.996861 0.340188 0.674271 0.23493 0.700119
-0.391238 -0.619096 0.418941 0.120784 0.548798 0.827183
1.088001 0.402953 -0.307911 0.256804 0.523656 -0.812303
0.856698 -1.024982 0.300996 0.72201 -0.30188 0.622551
-1.090567 0.380354 -0.321784 -0.230978 0.530586 -0.815553
0.561456 -1.151596 0.402907 0.077825 -0.587445 0.805513
0.216827 0.770881 -0.355405 -0.682251 -0.21498 -0.698797
-0.427189 -1.036913 -0.453928 0.238448 -0.359341 -0.902229
0.837826 -1.154662 0.222452 0.69898 -0.556634 0.448983
0.975092 0.529447 -0.2806 0.278285 0.246973 -0.928203
0.679976 -0.568192 0.32983 0.106178 0.566932 0.816893
0.106527 -1.233678 0.203063 -0.1683 -0.757465 0.630811
0.743945 0.264934 0.28434 -0.652022 0.36063 0.666943
0.08764 -1.271163 -0.141211 -0.12519 -0.884258 -0.449905
0.473548 -1.299803 0.235939 -0.057122 -0.869446 0.490715
-1.344 -0.062344 0.356145 -0.684708 -0.15342 0.712487
0.810321 -0.343904 0.302909 -0.47 -0.251465 0.846088
1.059696 0.730743 0.120119 0.862042 0.338564 0.37717
-1.223206 0.356689 0.272975 -0.498013 0.585846 0.639349
1.140298 -0.228267 -0.406131 0.244697 -0.48888 -0.837329
0.258618 -0.962681 0.400376 -0.49981 -0.127212 0.856742
-0.95652 -0.891019 0.221751 -0.820337 -0.204737 0.533976
0.313651 1.327033 0.118026 -0.185964 0.940821 0.283325
-0.535523 0.440892 0.159179 0.182355 -0.909513 0.373541
0.414073 0.819288 -0.48763 -0.260053 -0.050297 -0.964284
0.012708 0.699764 0.016841 -0.11085 -0.99227 0.055783
-1.085994 0.471516 0.264885 -0.376829 0.496049 0.782263
-0.569244 -0.136767 -0.028587 0.847874 -0.52799 -0.048344
-0.666051 1.336202 -0.018154 -0.313489 0.948893 -0.036421
0.209876 0.93503 0.373325 -0.527234 0.021087 0.849458
-0.323836 1.206704 0.313025 0.272508 0.654735 0.705025
0.378731 -1.002843 0.450402 -0.342663 -0.282461 0.89599
0.69939 0.18996 0.28739 -0.681359 0.475668 0.556317
-0.053912 0.705444 -0.10356 0.417123 -0.853424 -0.312531
0.010065 -1.221518 0.202447 -0.018184 -0.738188 0.67435
-1.058565 0.745388 -0.109054 -0.879289 0.335923 -0.33765
0.892519 -0.369914 0.327454 -0.240799 -0.334975 0.910938
0.774042 1.242565 0.180976 0.560202 0.744971 0.362206
-0.056413 0.914797 0.295177 0.245961 -0.250128 0.93645
0.723376 1.114681 0.370216 0.473326 0.476986 0.740572
-1.044956 0.21253 0.430793 -0.039387 0.482516 0.875001
-0.161091 -1.213882 -0.241476 0.241742 -0.6807 -0.691527
0.017798 -1.098186 0.283927 -0.047654 -0.327609 0.943611
0.136617 1.19495 0.250721 -0.230246 0.629974 0.7417
-0.601411 1.022004 -0.464052 -0.210162 0.307527 -0.92804
-0.585438 0.77443 -0.472796 -0.273211 -0.277806 -0.920967
0.6559 -0.508155 0.284176 -0.074844 0.646359 0.759354
-0.171851 -0.563004 0.087368 0.877657 0.456163 0.147085
0.190395 1.118157 0.319955 -0.344165 0.416715 0.841367
0.519436 -0.58022 -0.371665 0.162975 0.700781 -0.694511
0.549211 1.360096 -0.005349 0.088244 0.996039 -0.010961
-1.218639 -0.518008 0.029258 -0.764245 -0.63916 0.086048
1.153264 0.433512 0.254825 0.451782 0.571355 0.685162
0.251829 0.726127 0.376427 -0.686406 -0.214203 0.694955
-1.431027 -0.237904 0.062635 -0.869979 -0.475611 0.130116
-0.141135 -0.915735 -0.331172 0.481302 0.12066 -0.868211
0.585738 1.029851 0.464526 0.165617 0.330918 0.929012
0.686092 -0.908487 0.453216 0.432963 -0.018029 0.901231
-0.674877 0.375576 0.196066 0.695921 -0.303508 0.650828
-0.26 0.439135 -0.100049 0.431326 -0.879842 -0.199588
1.258125 -0.147622 0.394752 0.497795 -0.352518 0.792421
0.252805 1.127177 0.341989 -0.358142 0.458537 0.813313
0.590229 0.110397 0.194852 -0.780998 0.532285 0.326671
-0.324309 -1.078915 -0.398387 0.367169 -0.390505 -0.844211
0.938669 -0.287411 -0.37852 -0.189842 -0.478305 -0.857429
-0.885197 0.349616 -0.333168 0.280885 0.360412 -0.889498
-1.028925 0.145869 -0.464723 -0.020779 0.403362 -0.914804
0.137417 1.310767 0.02592 -0.156159 0.984607 0.078503
-1.126285 -0.449215 -0.259052 -0.420898 -0.547176 -0.723494
0.721989 1.000705 0.421471 0.490753 0.222568 0.842392
1.02949 -0.095604 0.483771 0.039531 -0.297615 0.953867
-0.618042 0.175958 0.157775 0.83085 0.471381 0.295783
-0.731014 0.295081 0.257359 0.697027 0.250238 0.671963
0.861615 -1.126465 -0.217454 0.742511 -0.503026 -0.442315
1.181403 0.55952 0.052526 0.78091 0.602521 0.164768
-0.655287 1.306085 0.176551 -0.289582 0.889302 0.353954
1.113506 0.527327 0.208051 0.560794 0.51183 0.650799
0.383146 0.965219 0.462553 -0.348646 0.219949 0.911081
0.76179 1.019975 -0.3899 0.562846 0.264213 -0.783196
0.191719 1.270512 -0.181373 -0.221126 0.834665 -0.504418
-0.294178 -0.599437 -0.362771 0.579701 0.424884 -0.695284
-1.01567 0.474484 -0.288854 -0.229733 0.390707 -0.891387
-0.356726 0.990617 -0.445082 0.384491 0.250667 -0.888444
1.229485 0.146909 0.411638 0.438222 0.356828 0.825006
-0.397007 -1.034224 -0.445935 0.297539 -0.344759 -0.890287
0.283427 0.425036 -0.058362 -0.166391 -0.980094 -0.108308
-0.31349 1.092092 0.387379 0.365826 0.41053 0.835246
-0.818463 -0.384553 -0.297528 0.39404 -0.153209 -0.906234
-0.096312 -1.304586 -0.030238 0.120159 -0.988118 -0.095833
0.42682 0.425076 -0.030314 -0.002614 -0.998545 -0.053862
0.675089 0.215137 -0.231711 -0.770129 0.417041 -0.482678
0.781712 1.277836 0.029312 0.571783 0.818306 0.058652
0.023941 -0.877849 -0.275611 -0.121508 0.398639 -0.909023
0.872496 -0.758997 -0.323708 0.577914 0.065395 -0.813473
-0.632292 -1.289607 -0.227124 -0.238953 -0.857514 -0.4556
-0.666479 0.779044 0.444241 -0.384699 -0.262974 0.884789
0.387406 -0.771144 -0.474615 -0.327454 0.137497 -0.934809
-0.983285 -0.515747 0.282135 -0.259904 -0.282034 0.92353
1.054564 -0.366259 -0.338428 0.132331 -0.509794 -0.850058
1.206471 -0.247643 0.368042 0.391111 -0.504291 0.769885
1.046411 0.765104 -0.121358 0.878074 0.309325 -0.365108
0.511833 0.824483 0.497288 0.068369 -0.111815 0.991374
1.416752 -0.261415 0.067606 0.848583 -0.509591 0.142212
-0.780216 -1.277748 -0.042229 -0.568572 -0.818283 -0.084494
-0.349632 0.422594 -0.042947 -0.05669 -0.995966 -0.069553
1.385379 -0.049896 0.313802 0.769018 -0.120125 0.627839
0.102085 -0.755378 -0.229944 -0.573108 0.553276 -0.60451
0.170035 0.743011 -0.29395 -0.705033 -0.350329 -0.616602
0.635296 -1.229358 0.314356 0.247045 -0.736983 0.629146
-0.960522 -0.354588 0.34682 0.097034 -0.440327 0.892579
0.484457 -0.927655 0.494609 -0.08343 -0.148173 0.985436
1.423407 -0.230097 0.117426 0.851401 -0.464799 0.243061
0.851361 1.196534 0.12247 0.722937 0.645256 0.246996
0.836046 1.221438 -0.095736 0.691277 0.696492 -0.192445
-1.015319 -0.656716 -0.221349 -0.650102 -0.245969 -0.718934
-0.350417 0.426444 0.080613 -0.055748 -0.989784 0.131221
-0.318376 0.474892 -0.242251 0.132892 -0.880283 -0.455456
0.560352 -1.226021 -0.336694 0.078283 -0.732607 -0.676135
-0.267776 -0.523486 -0.275083 0.622722 0.574711 -0.530965
0.137108 -0.635266 0.122408 -0.796359 0.551925 0.247368
-0.261839 0.624506 0.345045 0.705827 -0.336479 0.623371
0.261145 -1.009826 -0.392405 -0.458574 -0.216252 -0.861943
-0.154857 0.649147 0.190858 0.795946 -0.477302 0.37236
-0.802567 0.455784 0.290033 0.236841 -0.102628 0.966113
-0.448126 -0.481105 0.245001 -0.073385 0.897842 0.434159
1.292021 0.426189 -0.066403 0.742201 0.648965 -0.167276
0.168276 0.571994 0.093895 -0.871678 -0.463048 0.160514
1.375399 -0.28628 -0.154357 0.772448 -0.542338 -0.330445
-1.347769 0.102569 0.340923 -0.688084 0.244664 0.68314
-0.140555 0.921178 -0.331572 0.474636 -0.109196 -0.873383
-0.628186 -1.336381 0.10228 -0.23353 -0.950308 0.205858
0.91708 1.134955 -0.010846 0.840968 0.54062 -0.022419
-1.332215 -0.00842 0.373555 -0.664361 -0.021271 0.747109
-0.09377 -1.258449 -0.165409 0.138911 -0.840914 -0.523036
0.070188 0.943908 -0.305101 -0.275045 -0.146583 -0.950191
-1.234547 0.233205 -0.361948 -0.44849 0.486651 -0.749685
1.255486 -0.275826 0.317564 0.50755 -0.531235 0.678367
0.398024 -1.278128 -0.254815 -0.163231 -0.818208 -0.551264
0.594245 1.276498 0.264761 0.156046 0.832105 0.532213
0.935086 1.04282 -0.161724 0.85357 0.388745 -0.346836
-0.391636 -0.887702 0.478768 0.343618 -0.088107 0.934967
0.213841 0.473608 -0.047609 -0.839677 -0.536748 -0.082732
0.587484 1.132077 -0.412964 0.143305 0.54593 -0.825484
1.147001 -0.161015 -0.439354 0.263304 -0.399478 -0.878116
0.187049 1.019031 0.351839 -0.432742 0.171643 0.885027
-1.174098 -0.451984 -0.222496 -0.530964 -0.588712 -0.609504
0.619448 0.860626 0.47865 0.317161 -0.08144 0.944869
-0.867273 -0.946146 -0.317687 -0.713453 -0.169162 -0.679977
0.781481 -0.249324 -0.325887 -0.551162 -0.427548 -0.716536
-1.063155 -0.010567 0.49581 -0.126047 -0.034868 0.991411
-0.416782 1.014632 -0.459343 0.265768 0.316811 -0.910493
0.427561 -1.33635 0.144855 -0.096076 -0.944914 0.3129
0.572056 -1.13058 0.416263 0.105224 -0.544904 0.83187
-1.290816 -0.168164 -0.362035 -0.564339 -0.383716 -0.730947
0.028191 -0.84741 0.260871 -0.155413 0.49396 0.855482
0.715813 0.475913 -0.273109 -0.230271 -0.453303 -0.861099
0.93754 0.151404 -0.454523 -0.169757 0.43835 -0.882628
0.50358 -0.019681 -0.034963 -0.971126 -0.228738 -0.067769
-0.48511 0.662076 0.444702 -0.125299 -0.515366 0.84776
0.190244 -1.038153 -0.349151 -0.417 -0.218825 -0.882172
-0.107982 -1.147448 0.276109 0.22288 -0.488903 0.843385
-0.275849 -0.423248 -0.001258 0.214434 0.976736 -0.002377
-0.250818 1.1947 -0.294033 0.300881 0.619416 -0.725117
1.144625 -0.618852 -0.010834 0.839997 -0.541406 -0.03584
-0.383834 -1.336579 0.126875 0.137678 -0.948915 0.283909
-0.777469 0.716911 0.371506 -0.425587 -0.263714 0.865639
0.271947 -0.440119 0.124327 -0.32623 0.91318 0.244287
0.525542 1.132454 0.417744 -0.006733 0.550497 0.83481
0.617698 0.372442 -0.112747 -0.741738 -0.557168 -0.373347
0.506665 1.261404 0.296685 -0.019237 0.796522 0.604303
1.06607 0.544029 0.232673 0.499896 0.425034 0.754619
-0.755349 -1.107931 -0.352098 -0.542102 -0.456879 -0.705257
0.904228 -0.591174 -0.294729 0.314207 0.007753 -0.949323
-0.839949 -1.09674 0.276491 -0.702722 -0.437167 0.561307
-0.242584 0.444215 0.071313 0.613533 -0.776991 0.140931
1.037323 -0.802838 -0.111561 0.899306 -0.298226 -0.319859
-0.820884 -0.221396 0.369837 0.446264 -0.47681 0.757299
-0.577413 0.686496 0.437435 -0.257267 -0.475179 0.841438
0.006874 0.796574 -0.220704 -0.044793 -0.676811 -0.734793
-0.311557 -0.487154 -0.261658 0.214493 0.834349 -0.507793
-0.022234 1.124703 -0.273525 0.054776 0.415777 -0.907816
-0.332869 -1.338496 0.087321 0.169339 -0.963803 0.205934
0.392288 0.875244 -0.480031 -0.341828 0.065756 -0.937459
-1.288988 -0.058325 0.402588 -0.574221 -0.14977 0.804885
-0.291092 1.109301 0.368726 0.364986 0.43477 0.823262
1.057529 0.462133 0.282277 0.294861 0.464014 0.835313
-0.927539 -0.715796 0.282411 -0.596852 -0.024303 0.801983
0.94322 -0.500808 -0.294527 0.141809 -0.208808 -0.96762
-0.586926 0.98856 0.476794 -0.185553 0.237883 0.953405
-0.915191 -1.034276 -0.211464 -0.818458 -0.357691 -0.449648
0.195087 0.640601 -0.259602 -0.803169 -0.373165 -0.4644
0.593819 -0.014579 -0.289967 -0.808327 -0.126826 -0.574911
0.613535 -0.124635 -0.224216 -0.759244 -0.525908 -0.383365
0.17439 0.686851 0.262423 -0.764903 -0.391621 0.511426
-0.225194 -1.295938 0.148836 0.215086 -0.892072 0.397425
1.474683 -0.103576 0.112113 0.946688 -0.230428 0.225134
-0.574708 -0.042811 0.246551 0.816683 -0.350068 0.458782
-0.718717 0.6203 -0.353785 -0.231215 -0.456084 -0.859376
0.26459 -1.312399 0.13079 -0.206838 -0.920168 0.332429
-0.306209 -0.650885 -0.398715 0.565032 0.324381 -0.758628
-0.962615 -0.798062 -0.240148 -0.755157 -0.136628 -0.641148
0.24294 -0.849214 0.393122 -0.603206 0.072717 0.794263
-0.153205 0.583203 -0.006091 0.862174 -0.506495 -0.010877
1.380222 -0.148044 0.28264 0.751496 -0.332328 0.569923
-0.784689 -1.199453 -0.238162 -0.589196 -0.652035 -0.477178
-0.901911 0.268625 0.378916 0.27664 0.473029 0.836489
-1.299755 -0.1801 0.348367 -0.582834 -0.402499 0.705903
0.339032 -1.048393 0.417874 -0.373825 -0.341757 0.862239
-0.617965 0.244905 -0.023609 0.971871 0.228338 -0.057698
-1.286288 -0.012373 -0.409681 -0.572394 -0.032403 -0.819339
-0.63743 0.240676 -0.129403 0.908496 0.286707 -0.304031
0.937427 0.195539 0.43098 -0.186429 0.481068 0.856632
0.742204 -1.046256 -0.393668 0.524366 -0.322179 -0.788189
-1.371574 -0.196448 0.261228 -0.735097 -0.418696 0.533223
-0.601165 -1.313419 -0.192605 -0.175003 -0.904849 -0.388101
0.742318 0.642444 0.357665 0.283828 -0.396157 0.873213
0.630829 -0.045664 0.32521 -0.7206 -0.319023 0.615597
0.341962 -0.601961 0.394005 -0.335346 0.516897 0.78763
0.618323 -0.439511 -0.203309 -0.347666 0.726236 -0.593051
0.855673 -0.206748 0.397131 -0.363888 -0.487124 0.793912
-0.391499 -0.751472 -0.472597 0.298487 0.1855 -0.936213
-0.951053 1.047233 -0.107945 -0.881525 0.41042 -0.233384
0.794139 0.221533 -0.352575 -0.505257 0.469189 -0.724277
-0.086193 -0.864798 0.288971 0.397749 0.347048 0.849325
-0.672097 0.173075 -0.266637 0.715646 0.490388 -0.497364
0.009283 1.295702 0.050952 -0.012836 0.985403 0.169755
0.869384 0.119368 -0.452023 -0.292538 0.410733 -0.863551
0.89722 0.133597 0.453773 -0.243701 0.424966 0.871788
0.268749 -0.429416 0.065335 -0.303608 0.944253 0.127313
-0.601902 0.134456 -0.183547 0.790171 0.52611 -0.314385
1.120321 -0.279002 -0.380425 0.213506 -0.526272 -0.823075
-1.092997 -0.105697 -0.473682 -0.165854 -0.303597 -0.938255
-0.841348 -0.104618 0.448586 0.34083 -0.392477 0.854281
0.629344 0.158201 -0.210415 -0.777128 0.503016 -0.378215
1.450029 0.147384 0.15201 0.895931 0.32108 0.306947
-0.037452 -0.83685 -0.256544 0.209869 0.516407 -0.830228
0.709015 0.534373 0.305798 -0.002439 -0.518022 0.855364
0.37341 1.353718 0.010375 -0.133968 0.990705 0.023595
0.642021 -0.104346 0.294072 -0.698589 -0.49907 0.51274
-0.379423 -0.434335 0.117687 -0.062508 0.979091 0.19358
-0.5534 -0.014959 -0.222305 0.886083 -0.148461 -0.439108
0.939994 -0.526499 -0.29016 0.203422 -0.163735 -0.965303
-0.564712 0.582351 0.363052 -0.167105 -0.679537 0.714357
0.610503 -0.805213 0.473003 0.311574 0.210453 0.926624
-0.929535 0.402786 0.322498 0.105268 0.338117 0.935198
0.196913 0.590771 -0.216919 -0.83894 -0.398965 -0.370145
0.339704 1.330273 0.123695 -0.171899 0.941902 0.288569
0.622448 0.231719 -0.08435 -0.934452 0.298743 -0.193786
-0.230875 1.005702 -0.37714 0.464895 0.181834 -0.866492
-0.353126 -1.203451 -0.326933 0.25452 -0.652806 -0.713487
1.476129 0.104692 0.104623 0.949606 0.232591 0.21012
0.464987 -0.97594 -0.48222 -0.152509 -0.25065 -0.955989
-1.426464 0.019555 -0.260147 -0.85271 0.046225 -0.520335
0.021768 1.138683 0.266653 -0.051354 0.462188 0.885294
-0.224279 0.46994 0.097805 0.79161 -0.584747 0.177268
0.833468 0.162161 -0.413929 -0.38604 0.477596 -0.789225
-0.619799 -0.205496 -0.115384 0.887474 -0.394135 -0.238848
-0.736853 -0.744762 -0.400374 -0.425318 0.276445 -0.86179
-0.774238 0.261489 -0.313137 0.574899 0.399881 -0.713853
1.221971 0.068612 0.440786 0.43739 0.184617 0.880117
0.974226 0.504105 -0.287925 0.212351 0.276207 -0.937346
-0.670519 1.292387 0.196155 -0.323512 0.860838 0.392807
1.315028 0.195058 0.325981 0.615539 0.424306 0.664135
0.661445 0.854631 0.461929 0.392844 -0.102158 0.913913
0.14885 -0.941452 0.337857 -0.466941 0.050129 0.882866
1.219285 -0.096181 -0.435212 0.426672 -0.252161 -0.868542
0.816421 0.806572 -0.367832 0.560323 -0.097377 -0.82253
1.336845 -0.38052 0.024409 0.773806 -0.630817 0.057396
-0.533908 0.009057 0.179757 0.928766 0.097683 0.357564
0.147771 -0.716852 -0.248611 -0.714719 0.445907 -0.538835
0.160622 0.727003 0.272744 -0.715778 -0.394554 0.576185
0.26227 0.837795 -0.406759 -0.598575 -0.063813 -0.798521
-0.770905 0.988977 -0.392407 -0.577747 0.199131 -0.791552
0.586845 -0.527066 0.301821 0.045117 0.746031 0.664381
0.913588 -1.125586 -0.088078 0.833767 -0.521195 -0.182177
-0.16842 1.130433 0.305039 0.315019 0.444207 0.838716
-0.939618 0.701815 0.274088 -0.594254 0.050014 0.802721
-1.421452 -0.15269 -0.214247 -0.836912 -0.335047 -0.432808
-0.946515 -0.385895 0.330951 0.091904 -0.388046 0.917046
0.539354 1.202654 0.361955 0.030423 0.686239 0.726739
-1.343653 0.252041 0.250188 -0.688207 0.501738 0.524051
0.97245 0.357022 0.3467 -0.066673 0.449384 0.890847
0.418122 -1.225482 0.325421 -0.171801 -0.711204 0.68167
1.279101 0.367365 -0.205217 0.632383 0.607206 -0.481033
1.091841 -0.385329 0.318173 0.240375 -0.530558 0.812852
-0.307857 -0.551368 -0.337388 0.429548 0.602095 -0.67303
-0.342565 0.660921 -0.425448 0.419761 -0.349264 -0.837744
0.940084 0.756791 -0.269626 0.672101 0.067261 -0.737398
-0.13975 -1.302682 -0.078201 0.162944 -0.958045 -0.235794
-1.352595 0.251128 -0.238899 -0.707064 0.499987 -0.500073
1.227505 0.50851 0.019967 0.762094 0.644884 0.057767
-0.948103 0.119669 0.470855 0.134952 0.38074 0.914781
-0.346887 -1.160464 -0.359694 0.289919 -0.56159 -0.774961
0.084728 -0.672405 -0.055214 -0.6189 0.772066 -0.144491
-0.735971 -0.134406 -0.369048 0.556298 -0.486213 -0.673892
0.748416 -0.170347 0.352937 -0.561138 -0.493597 0.664444
-0.366832 -0.654706 0.432939 0.297374 0.404692 0.86475
-0.494874 0.688735 0.458193 -0.129372 -0.453054 0.882046
-0.89063 0.774403 -0.31094 -0.619645 -0.019545 -0.784639
-0.108386 -1.102943 0.297708 0.254124 -0.353857 0.900114
-0.419923 -0.489124 -0.266245 -0.086529 0.883637 -0.460107
0.737604 -0.297258 0.263222 -0.679626 -0.255283 0.687706
0.002807 0.703286 0.044515 -0.02437 -0.988636 0.148338
-0.632512 1.333357 0.110843 -0.242207 0.944263 0.222943
-0.722536 -0.784358 0.419122 -0.445414 0.223468 0.866988
-0.970111 0.965426 0.151488 -0.883655 0.312993 0.348123
0.641088 -1.152386 -0.384669 0.27198 -0.578083 -0.769316
-0.743473 1.292611 0.093513 -0.486357 0.853509 0.187026
1.120895 -0.50378 -0.220568 0.522694 -0.529154 -0.668421
-0.193482 0.898782 0.361706 0.556231 -0.069093 0.828151
-0.693543 0.276079 -0.219593 0.792009 0.247629 -0.558034
0.235151 0.924748 0.389648 -0.539198 0.035007 0.841451
0.712287 0.633289 0.362515 0.255502 -0.4536 0.853795
-1.072125 -0.457034 -0.279803 -0.316674 -0.485789 -0.814694
-0.811088 -0.988012 -0.360579 -0.642269 -0.209084 -0.737411
0.023372 -0.891096 0.280979 -0.114249 0.355644 0.927612
-0.361514 1.147634 -0.37409 0.284837 0.540597 -0.791595
-0.28848 1.337737 -0.041245 0.184812 0.977405 -0.102582
-0.166718 -1.060137 -0.332741 0.375068 -0.257222 -0.890596
-0.511101 -0.003572 -0.104412 0.977083 -0.042318 -0.208609
-0.875317 -1.167389 -0.122904 -0.76844 -0.589231 -0.249614
1.00163 -0.955436 0.035625 0.934302 -0.346241 0.084838
-0.208192 -0.488803 0.075847 0.861307 0.491743 0.127826
-0.122569 1.190338 0.250378 0.215902 0.618636 0.755431
-1.393301 -0.304773 0.032873 -0.82283 -0.563799 0.071285
1.187916 0.544382 0.073747 0.759251 0.609906 0.227053
-0.522074 0.587803 -0.378534 -0.16951 -0.685502 -0.708063
0.589322 1.264687 -0.283687 0.144388 0.808864 -0.569992
-1.167105 -0.365162 -0.302059 -0.383513 -0.56999 -0.726656
-1.011043 -0.353782 0.34944 -0.019325 -0.484094 0.874803
0.426689 0.605786 0.410931 0.030876 -0.623854 0.780931
-1.158004 -0.571602 0.098292 -0.759612 -0.569147 0.314739
0.265522 -0.747887 -0.395189 -0.654139 0.175477 -0.735738
-0.658417 0.28156 -0.157406 0.894061 0.142241 -0.424761
0.705511 -1.321454 -0.005203 0.399755 -0.916563 -0.010415
0.664011 0.259285 0.179153 -0.859642 0.257828 0.441066
0.505486 0.9001 0.498699 -0.004481 0.07664 0.997049
-1.023217 -0.472775 0.287612 -0.242351 -0.404851 0.881681
0.252624 -1.332755 0.01469 -0.191189 -0.980808 0.038241
-0.457746 1.284585 0.258913 0.087191 0.836899 0.540368
0.536388 -0.474485 -0.228046 -0.051799 0.868293 -0.49334
1.102355 -0.279121 0.384552 0.173979 -0.524148 0.833667
0.494378 -1.221556 -0.342422 -0.054427 -0.717408 -0.694524
-0.529332 0.054367 -0.114665 0.865848 0.458768 -0.199597
0.085217 -0.725381 0.178972 -0.55116 0.676391 0.488587
0.650902 -0.153032 -0.255513 -0.729531 -0.507976 -0.457979
-1.303149 -0.421816 -0.003453 -0.759269 -0.65072 -0.008619
1.163691 0.38845 0.285411 0.404997 0.57365 0.711971
1.157686 0.136594 0.446416 0.290806 0.352807 0.889359
0.501329 -0.012608 0.018735 -0.987659 -0.152198 0.036962
0.514422 0.049217 -0.028447 -0.891943 0.449402 -0.049749
-0.165966 1.032582 0.339255 0.399794 0.187047 0.897317
0.705436 -0.668308 -0.382817 0.312231 0.420994 -0.851631
1.494385 -0.025242 0.069712 0.98857 -0.057282 0.139453
-0.628756 0.267262 -0.074691 0.97064 0.13656 -0.198015
-0.891807 1.100164 0.192393 -0.792961 0.462325 0.396823
0.626885 0.454423 -0.224999 -0.281188 -0.711991 -0.64343
0.914074 -0.125656 0.461817 -0.206229 -0.404971 0.890768
0.912689 1.110092 0.126707 0.830142 0.491672 0.262912
-0.531188 -1.09194 0.441885 -0.0075 -0.471812 0.881667
-0.422462 1.330688 0.159456 0.105025 0.932693 0.34504
-0.442107 -1.338973 0.14089 0.078008 -0.950235 0.30161
0.028922 1.204285 -0.220791 -0.055028 0.679545 -0.731568
0.447461 -0.448051 -0.160594 0.016793 0.956531 -0.291148
1.016703 0.831462 0.140833 0.884073 0.267079 0.383514
1.251047 -0.475234 -0.056323 0.742667 -0.651682 -0.154131
-0.955115 -1.022855 -0.131025 -0.880829 -0.376233 -0.287383
0.682716 -0.019811 0.384713 -0.632779 -0.132107 0.76298
0.158542 -1.271759 0.1651 -0.198225 -0.853391 0.48211
0.993782 -0.584351 0.258272 0.451487 -0.236678 0.860316
-0.217902 1.32142 -0.058932 0.193951 0.967811 -0.160392
-0.268658 1.063544 0.379191 0.410658 0.328081 0.850719
-0.628792 -1.24045 -0.303447 -0.231407 -0.759796 -0.607587
-0.527776 0.54173 0.327011 -0.11728 -0.768567 0.628928
-1.157054 -0.43724 -0.249115 -0.466682 -0.574377 -0.672532
0.656515 0.098779 0.317678 -0.672952 0.481819 0.561236
0.181373 0.68923 -0.274432 -0.763497 -0.371188 -0.52848
-1.38818 0.045119 0.311217 -0.774946 0.108622 0.622624
0.687553 0.298703 0.203127 -0.815394 0.137129 0.56243
0.342579 1.026239 0.427673 -0.383789 0.304161 0.87189
0.449903 1.209547 -0.348377 -0.134582 0.686134 -0.714918
0.034705 1.293603 0.065579 -0.047959 0.974979 0.217061
0.330867 -0.421822 -0.044796 0.035859 0.996644 -0.073588
0.614149 0.771852 -0.462661 0.318063 -0.287083 -0.903559
-0.435979 1.248791 -0.303502 0.135603 0.761357 -0.633993
-0.851701 -1.176167 0.165385 -0.724428 -0.603005 0.334049
-0.62424 -0.111941 -0.259471 0.731069 -0.516575 -0.445744
-0.679203 -1.134924 0.381396 -0.367901 -0.531811 0.762775
-1.227403 -0.482092 0.111199 -0.705711 -0.636867 0.310439
-0.34781 -0.4316 0.113506 -0.050389 0.981161 0.186507
-1.193156 -0.468357 -0.185973 -0.604058 -0.606236 -0.517292
-1.480075 0.114716 -0.069134 -0.957488 0.252775 -0.139
-0.346367 -1.245406 0.280914 0.229687 -0.743307 0.628282
-0.765376 -0.790654 0.397233 -0.492526 0.176954 0.852118
-1.255712 0.415733 0.172492 -0.646833 0.627392 0.433575
-0.639835 0.623044 0.377167 -0.225832 -0.556771 0.799379
0.318126 -1.125001 -0.371587 -0.337819 -0.478787 -0.810334
0.764935 0.894804 -0.408368 0.550113 0.00644 -0.835065
0.072882 1.289466 -0.091956 -0.099149 0.949623 -0.297298
0.642566 0.985598 -0.462193 0.326954 0.207302 -0.922023
1.377251 -0.180632 -0.265344 0.745714 -0.391624 -0.539019
-0.526621 -1.289785 0.254861 -0.025599 -0.854375 0.519026
0.401364 -1.131205 0.398187 -0.245528 -0.522826 0.816314
0.90525 1.072353 -0.19598 0.811121 0.417776 -0.409323
0.716776 0.928992 -0.436397 0.484682 0.063769 -0.872363
1.344085 -0.132448 -0.332413 0.67761 -0.307655 -0.667977
-0.864784 0.122602 0.44887 0.30315 0.418609 0.856076
-0.157113 -0.584936 -0.069239 0.861191 0.493208 -0.122862
-0.658337 0.741259 0.43468 -0.357583 -0.340592 0.869558
1.229951 -0.436442 -0.180049 0.624724 -0.623215 -0.470449
-0.877557 0.290495 0.358073 0.331138 0.439155 0.835159
-1.041018 0.787805 -0.115211 -0.891883 0.301768 -0.33687
-0.932906 -0.617301 0.282727 -0.42089 -0.052609 0.905585
0.352885 0.59206 -0.391262 -0.25548 -0.569859 -0.781019
-1.23653 0.4957 -0.037545 -0.753711 0.648545 -0.106345
0.09213 -1.249564 0.178495 -0.141095 -0.813047 0.564843
0.595531 0.427389 0.171077 -0.379383 -0.784467 0.490592
1.065734 0.317685 -0.366586 0.113194 0.523827 -0.84427
-0.901969 0.527822 0.29666 -0.139762 0.058413 0.988461
-0.038674 1.103643 -0.283624 0.100548 0.346741 -0.932556
-0.535097 1.079968 0.44803 -0.01854 0.447868 0.893907
0.594079 0.434315 -0.180979 -0.337725 -0.792741 -0.507449
0.354167 -1.339333 -0.099598 -0.15702 -0.96053 -0.229624
0.530325 -0.987885 0.483311 0.02796 -0.259795 0.965259
-1.080549 -0.702871 0.097489 -0.864667 -0.3903 0.316254
0.244602 0.460472 0.136813 -0.646081 -0.714991 0.267146
-1.393755 -0.213057 -0.211661 -0.784474 -0.44213 -0.434881
0.673344 -0.157944 -0.283258 -0.69385 -0.503462 -0.514877
-0.719562 1.247908 -0.236555 -0.438885 0.763902 -0.473109
0.879456 -1.093095 -0.222491 0.770941 -0.44314 -0.457468
-1.413519 -0.23796 -0.135082 -0.832767 -0.47722 -0.280641
0.593597 1.212953 -0.344901 0.151502 0.707105 -0.690688
-0.841987 0.146375 0.427185 0.360273 0.461417 0.810739
0.485484 -0.99881 -0.478416 -0.100327 -0.293049 -0.950819
-1.49863 0.016692 0.032436 -0.997176 0.037832 0.064877
0.703292 0.130505 0.342377 -0.612695 0.495444 0.615744
0.711508 -1.30272 -0.119949 0.414326 -0.877917 -0.23999
0.23132 1.297663 0.148272 -0.215203 0.894142 0.39268
0.807552 -1.095984 -0.31361 0.644322 -0.430214 -0.63227
-1.099912 -0.544512 0.206736 -0.57235 -0.484125 0.661845
-0.044116 0.85603 0.269187 0.231485 -0.447128 0.863997
0.273303 -0.663901 -0.375691 -0.671044 0.280833 -0.686172
-0.906041 -0.026404 -0.489614 0.189741 -0.108883 -0.975778
0.299399 -0.428824 -0.098223 -0.084462 0.980839 -0.175561
-0.874209 1.048022 0.266085 -0.755047 0.354658 0.551472
0.039078 0.711402 -0.102863 -0.312161 -0.892706 -0.325011
-0.900061 -0.171075 0.434935 0.255083 -0.469705 0.845169
-0.237917 0.443779 0.041761 0.651884 -0.753894 0.081799
-0.179023 -0.674835 -0.260212 0.777233 0.388123 -0.495246
1.151514 0.518722 0.178089 0.622268 0.565299 0.541497
0.159976 -0.592471 -0.10812 -0.854397 0.48256 -0.192724
-0.200393 1.16652 0.295302 0.308908 0.544862 0.779552
-0.088268 0.902973 -0.302728 0.368006 -0.240448 -0.898196
0.507799 0.463078 -0.202759 -0.041359 -0.908178 -0.416536
-0.681975 -1.172167 0.350938 -0.365832 -0.611177 0.701876
-0.878011 0.0728 0.473205 0.256643 0.288279 0.922513
0.075551 1.30005 -0.047829 -0.09847 0.983089 -0.154404
0.683095 -0.280539 -0.202185 -0.823527 -0.207531 -0.527952
-1.04382 0.276455 -0.393729 -0.043533 0.513927 -0.856729
-0.57114 -1.013914 -0.472225 -0.132137 -0.301313 -0.944325
-0.006275 -1.054752 -0.295023 0.019212 -0.182608 -0.982998
-0.362653 0.57778 -0.382809 0.172741 -0.63208 -0.755404
-0.71716 -1.266491 0.206021 -0.43087 -0.802844 0.412059
0.889513 -0.052857 -0.481562 -0.227945 -0.215396 -0.94955
0.293482 1.333044 -0.078289 -0.18733 0.963125 -0.193128
0.800568 0.467877 -0.291101 -0.198881 -0.140031 -0.969968
1.484594 0.054401 -0.108642 0.96825 0.123246 -0.217493
0.912607 -0.991409 0.24393 0.800504 -0.284492 0.527502
-0.324009 1.045457 0.412339 0.391217 0.327623 0.860007
1.190102 -0.053263 -0.458084 0.375655 -0.14931 -0.914653
-0.757944 0.964937 0.406668 -0.554415 0.146122 0.819312
0.093735 -1.144618 0.27417 -0.20034 -0.480307 0.853914
0.179966 1.081748 -0.331257 -0.368346 0.319429 -0.87309
0.163062 0.663676 -0.223461 -0.78484 -0.441531 -0.43483
0.188346 1.318709 -0.036504 -0.184502 0.977369 -0.103488
-0.862396 1.204671 0.041257 -0.743708 0.663295 0.083299
0.796646 -1.24177 0.141939 0.608419 -0.740937 0.28432
0.695223 1.305135 -0.136777 0.377909 0.88444 -0.273772
-0.512701 -0.440286 -0.147205 0.133863 0.936801 -0.32324
1.112397 0.080819 0.476935 0.212591 0.237188 0.947917
-0.572952 0.029723 0.252019 0.834546 0.261899 0.484707
0.385972 -0.597669 -0.402906 -0.104091 0.605438 -0.789056
0.833982 1.212295 -0.129727 0.687965 0.677255 -0.260824
0.449 1.347068 0.11425 -0.065195 0.967549 0.244127
-1.478859 0.136394 -0.004628 -0.955092 0.296162 -0.009332
-1.420099 -0.240165 -0.10915 -0.847487 -0.479827 -0.227004
-1.309867 0.309778 0.233914 -0.645794 0.565604 0.512876
0.354759 -1.119636 0.389389 -0.310238 -0.483164 0.818721
-0.282899 0.642841 0.375736 0.644096 -0.31851 0.69548
0.716628 0.367228 -0.234038 -0.654084 -0.093319 -0.750643
-0.630233 -1.21985 0.327041 -0.236015 -0.718314 0.654463
0.861558 0.326596 -0.334145 -0.356247 0.370368 -0.857855
0.623835 0.736003 0.446012 0.32179 -0.363169 0.874391
0.284821 1.254986 0.244622 -0.249606 0.767213 0.590831
-1.387301 -0.295515 -0.101883 -0.803702 -0.553083 -0.219457
-0.191824 0.562237 0.167458 0.862983 -0.420999 0.27932
0.7163 0.227879 0.277824 -0.688338 0.420055 0.591393
1.103846 0.675024 -0.065735 0.866943 0.448324 -0.217751
0.473893 0.952907 0.488936 -0.123201 0.203786 0.971233
-0.677115 0.0702 0.360304 0.63416 0.392433 0.666211
-0.002893 0.962986 0.297725 0.011599 -0.123318 0.992299
0.796817 -1.254678 0.10157 0.607072 -0.768173 0.203406
-0.359047 -1.338328 -0.106861 0.154636 -0.957101 -0.245043
0.956649 -1.004315 -0.148493 0.876905 -0.350118 -0.329325
0.346198 -0.961302 0.4477 -0.415774 -0.195577 0.88819
1.115727 -0.642759 -0.08527 0.829437 -0.480882 -0.284231
0.32589 -1.074696 -0.401005 -0.368828 -0.383302 -0.846786
-0.500847 -0.004666 -0.026688 0.996924 -0.057485 -0.053274
-0.006055 -0.73367 0.138402 0.047763 0.88623 0.460776
-0.382355 0.429163 0.086294 -0.058056 -0.988177 0.141898
0.883216 0.884271 0.312866 0.703709 0.092134 0.70449
-0.59632 -1.063754 -0.448924 -0.182069 -0.40114 -0.89774
-0.398821 0.9029 -0.479678 0.324564 0.115678 -0.938763
0.317409 -1.251667 0.262242 -0.241597 -0.756984 0.60713
0.953966 0.983893 -0.173966 0.864486 0.317528 -0.389666
-0.423894 0.639757 -0.434992 0.024131 -0.528305 -0.848712
0.644128 -0.007102 0.350948 -0.711265 -0.053617 0.700876
-0.20309 1.288736 0.152872 0.212978 0.881926 0.420531
-0.388284 1.213072 0.329558 0.214547 0.68003 0.701091
0.888251 -0.111902 0.461299 -0.251752 -0.387802 0.886697
-0.510755 -0.414896 -0.000663 0.247279 0.968943 -0.001556
-0.817552 -0.110303 0.435474 0.389436 -0.415866 0.821824
0.694424 -0.294518 0.213965 -0.796335 -0.173417 0.579463
-0.803579 -1.169963 -0.251884 -0.631531 -0.587701 -0.505743
-0.984165 0.9072 0.16331 -0.877618 0.266493 0.398457
-1.358562 0.123436 0.321216 -0.708181 0.287099 0.645023
-0.669998 -0.667365 -0.395099 -0.296547 0.460746 -0.836524
0.413374 1.293481 -0.234909 -0.137532 0.852 -0.505154
-0.859275 -0.574467 0.305829 -0.20961 0.121642 0.970189
-0.852627 -0.540151 -0.302882 -0.102578 0.105016 -0.989166
0.390401 1.218219 -0.325136 -0.209025 0.691035 -0.691939
-1.115419 0.386233 0.309665 -0.294497 0.545956 0.784349
-0.166842 -1.242245 0.212029 0.225641 -0.762098 0.606872
-0.521912 0.417925 0.069529 0.262146 -0.950368 0.167572
0.340723 1.028669 -0.426001 -0.384519 0.30737 -0.870442
0.536295 0.994987 0.481129 0.042294 0.272927 0.961105
-0.578718 0.085189 0.207338 0.785149 0.510292 0.350918
0.1672 0.88479 0.342305 -0.549979 -0.139772 0.8234
-0.518451 1.182034 0.380556 0.016998 0.644883 0.764093
-0.376445 -1.251731 0.283709 0.201217 -0.759615 0.618463
-0.966445 -0.165444 -0.452149 0.115575 -0.448671 -0.886192
-1.018263 -0.078586 0.489047 -0.022452 -0.25588 0.966448
-0.502481 -1.105587 0.433391 0.061571 -0.498044 0.864963
-0.399385 -1.355782 -0.033661 0.111672 -0.990924 -0.07483
0.544396 0.686132 -0.446573 0.219272 -0.476148 -0.851589
-0.204213 0.493578 0.066296 0.871666 -0.477545 0.110224
0.88411 -0.464099 0.302892 -0.070329 -0.12356 0.989842
-0.152445 -0.707034 0.246774 0.730773 0.440561 0.521418
-0.443706 0.55042 0.35441 -0.107034 -0.763103 0.637352
-0.698806 0.18217 0.293392 0.673073 0.484623 0.558671
0.468538 1.225832 -0.3351 -0.097683 0.721407 -0.685587
0.008412 0.839708 0.253827 -0.048221 -0.532899 0.844804
0.426139 -1.061254 0.44327 -0.233602 -0.402779 0.884985
0.978826 -0.63227 0.255686 0.532328 -0.165034 0.830295
0.629028 -0.316671 0.077855 -0.954255 0.171805 0.244705
-1.064331 0.027322 -0.494605 -0.126936 0.089402 -0.987874
0.298655 0.59874 0.365978 -0.558167 -0.435309 0.706368
0.741364 1.053922 -0.390999 0.521749 0.339248 -0.782745
0.476983 0.44408 -0.148775 -0.04465 -0.955365 -0.292035
-1.038325 -0.342234 0.354635 -0.07068 -0.507207 0.858921
0.243535 1.315354 -0.107816 -0.203666 0.937416 -0.282438
0.11014 0.970563 0.321279 -0.364803 -0.026263 0.930714
0.228149 -1.096355 -0.346535 -0.382001 -0.377471 -0.843558
-0.978683 -0.663325 -0.249747 -0.594048 -0.151383 -0.790057
1.129839 0.441099 0.263163 0.413668 0.551595 0.724308
0.963858 -1.013638 -0.115172 0.892414 -0.371931 -0.25547
1.125844 0.640317 -0.053901 0.846071 0.501906 -0.179596
1.212215 0.09118 -0.440027 0.413267 0.241772 -0.877928
0.867673 -1.14672 0.179944 0.754097 -0.545548 0.36567
-0.904448 0.433851 0.310291 0.101813 0.234737 0.966712
0.510601 -1.055748 0.459107 -0.041372 -0.402257 0.914592
-0.842298 -1.032048 0.313763 -0.700092 -0.308512 0.643965
0.055726 -0.726601 0.150798 -0.404638 0.792428 0.456427
0.461894 -1.257932 -0.296962 -0.094053 -0.783621 -0.614078
-0.91933 -1.084528 -0.149234 -0.83714 -0.448806 -0.312683
0.83748 0.157296 0.41877 -0.375252 0.473056 0.797123
-0.573936 0.133316 -0.087511 0.834227 0.531328 -0.147499
-0.928546 0.809296 -0.275555 -0.710933 0.078764 -0.698836
0.741032 -0.259459 0.284488 -0.655924 -0.370965 0.657381
0.654118 1.159352 -0.374381 0.302128 0.589983 -0.748758
-1.162754 -0.505432 -0.179296 -0.6165 -0.57944 -0.533084
-0.170331 -1.252218 -0.200215 0.221029 -0.790125 -0.571706
0.222223 0.976326 0.377394 -0.490886 0.114775 0.86363
-1.017829 0.849888 -0.123897 -0.90094 0.280453 -0.33114
-0.850132 -0.189015 -0.405468 0.366818 -0.486368 -0.793026
-0.748885 0.465642 -0.277836 0.260069 -0.316452 -0.912262
-0.370152 0.636044 -0.424541 0.251057 -0.464945 -0.848998
-0.895069 0.501995 -0.299132 -0.054761 0.080762 -0.995228
0.173817 -1.160043 -0.289495 -0.295284 -0.526123 -0.797497
0.88097 0.40891 0.312612 -0.205581 0.235367 0.949915
-0.172329 -0.997827 0.347956 0.439963 -0.108736 0.891408
0.357286 0.937072 0.45767 -0.408275 0.161706 0.898422
0.338562 -0.607507 -0.396046 -0.364113 0.49276 -0.790322
-0.391201 -0.613129 -0.414888 0.1101 0.566497 -0.816676
0.878472 -0.672411 0.311134 0.456158 0.098946 0.884381
0.455355 -1.16989 0.383821 -0.142082 -0.611223 0.778601
0.890036 -1.131676 -0.152603 0.793211 -0.522527 -0.3127
0.952043 -0.805666 0.250865 0.744952 -0.12054 0.656138
0.489284 -0.835465 -0.498918 -0.012268 0.066522 -0.99771
-1.111526 -0.062612 -0.481199 -0.215355 -0.188153 -0.958238
0.490004 1.146033 0.406514 -0.083136 0.573001 0.815327
-0.761732 -0.126679 -0.393832 0.503615 -0.468166 -0.72608
-0.299196 -0.726174 -0.418044 0.595917 0.187953 -0.780741
0.347773 1.263439 0.258683 -0.215698 0.783952 0.582146
-0.579504 -0.079014 0.217644 0.784378 -0.496114 0.37232
-0.706149 -0.363625 0.223991 0.684144 0.116008 0.720062
0.976936 0.968143 -0.130071 0.896567 0.325739 -0.300104
0.442397 0.764982 0.486283 -0.113914 -0.202834 0.972565
1.09598 0.683297 0.079039 0.864857 0.429129 0.260521
0.580566 -0.049393 -0.2516 -0.800652 -0.382161 -0.461422
-1.03183 -0.857634 -0.063645 -0.934034 -0.313531 -0.171112
1.066482 0.677522 0.150028 0.791912 0.362621 0.491305
0.134169 1.274258 -0.15078 -0.17532 0.872836 -0.455433
0.021234 0.919943 0.290181 -0.095707 -0.261988 0.960314
-0.637323 1.341907 -0.054787 -0.253061 0.961152 -0.110212
-0.367603 1.06446 0.42275 0.32889 0.385706 0.86201
1.378047 0.150418 0.284101 0.746926 0.33716 0.573084
0.414282 -0.614325 0.417554 -0.020927 0.589887 0.807214
1.227349 -0.215345 0.377268 0.430549 -0.465314 0.773376
0.820897 1.209632 0.165555 0.662119 0.671614 0.332465
1.287647 0.017937 0.408459 0.574913 0.046878 0.816871
0.7512 -1.21151 -0.259185 0.51552 -0.682122 -0.518602
0.966658 -1.029615 0.073629 0.902587 -0.398762 0.16225
-0.245079 1.044762 -0.374202 0.430289 0.273596 -0.86023
-0.965961 -0.191074 0.438589 0.124865 -0.474355 0.871433
0.005627 -0.927688 -0.291227 -0.024988 0.240716 -0.970274
0.784875 0.930558 0.392506 0.589171 0.08517 0.803507
0.685345 0.652574 0.381605 0.280959 -0.466151 0.838907
-1.44659 0.137869 -0.170569 -0.888728 0.303204 -0.343846
-0.723735 -0.245796 0.27432 0.688312 -0.386115 0.61412
0.861168 0.021307 0.479271 -0.278736 0.095594 0.955598
-0.128206 0.621826 -0.019818 0.800903 -0.59742 -0.040539
1.078425 0.743551 -0.029462 0.919338 0.38242 -0.092589
0.890508 -1.03932 -0.248448 0.779691 -0.348473 -0.520239
-0.572507 0.029639 -0.251297 0.835423 0.261607 -0.483354
-1.499967 0.004509 -0.003156 -0.999928 0.010219 -0.006313
-0.327861 -1.342852 -0.0578 0.16845 -0.976097 -0.137326
-1.265804 -0.037022 -0.42134 -0.529876 -0.097948 -0.8424
1.026041 0.576774 0.242484 0.496518 0.319355 0.807145
-0.935436 1.101362 -0.040674 -0.867716 0.48966 -0.085453
-0.754562 -1.01421 0.396875 -0.550014 -0.251397 0.79642
-0.695722 0.156863 -0.311993 0.650402 0.50199 -0.570072
1.444126 -0.220595 0.022275 0.892713 -0.44828 0.045923
1.02366 0.160671 -0.458025 0.0051 0.428056 -0.903738
-0.842801 -0.502893 0.299798 0.026033 0.076819 0.996705
1.084595 -0.260203 0.39941 0.128866 -0.513371 0.848436
-1.413286 0.167775 -0.217666 -0.820378 0.363927 -0.441063
0.57818 1.094423 0.436973 0.126709 0.470454 0.87328
0.259377 -0.773661 0.395453 -0.646707 0.150199 0.747804
0.581729 -0.403115 -0.10916 -0.501827 0.801739 -0.324629
-0.971924 0.049618 -0.494627 0.062456 0.179676 -0.981741
-0.701902 -1.204582 -0.307585 -0.405807 -0.675932 -0.615173
0.912623 0.260217 0.387092 -0.252374 0.481913 0.839087
-0.284157 0.794101 0.418839 0.600302 -0.10026 0.793464
-0.050641 -1.12224 0.27744 0.123043 -0.40823 0.904549
-0.619975 1.017512 0.460783 -0.259816 0.289982 0.92109
0.829607 -0.936865 0.355729 0.655283 -0.123207 0.745268
-0.575633 -0.779553 -0.477088 -0.254314 0.262845 -0.930718
-1.086456 -0.592642 -0.184901 -0.657545 -0.438489 -0.612668
0.379985 0.427706 0.076549 0.058161 -0.990381 0.125547
-0.623724 0.207977 0.125385 0.882854 0.390169 0.261412
-0.932233 0.135313 -0.461243 0.173756 0.415525 -0.892831
-1.016742 0.437394 -0.305644 -0.15516 0.427187 -0.89075
0.835038 -1.046733 0.314271 0.690231 -0.334649 0.641554
0.39981 0.540354 -0.347506 0.037754 -0.772211 -0.634244
-0.801628 -1.262879 0.031897 -0.616155 -0.78503 0.06388
0.313832 -1.027417 0.414034 -0.41336 -0.288289 0.863726
0.680455 0.581189 0.338672 0.139584 -0.555276 0.819869
-0.156028 -1.266662 -0.17282 0.19969 -0.839209 -0.505818
1.392531 0.302967 -0.051008 0.819918 0.561724 -0.11046
-0.664506 0.18801 -0.240122 0.752898 0.467228 -0.463512
0.728415 -0.520233 0.298435 -0.053009 0.461334 0.885642
-1.157156 -0.306071 -0.35037 -0.308933 -0.54518 -0.779319
0.092903 0.686187 0.121994 -0.631548 -0.709562 0.312519
1.212296 0.403427 0.237041 0.533335 0.601974 0.594291
-0.597351 -0.36534 0.028652 0.775118 0.624732 0.094351
0.531114 -0.501647 0.272162 0.034384 0.832852 0.552426
-0.233902 0.915437 0.389131 0.547828 0.017618 0.836406
1.099299 0.512287 -0.230169 0.495575 0.496489 -0.712674
0.042419 0.723381 -0.133688 -0.324295 -0.847603 -0.420001
-0.721179 -0.372773 -0.238595 0.630684 0.101356 -0.769392
1.138452 0.267055 0.382945 0.248838 0.52068 0.816684
0.91501 -0.675166 0.291091 0.511211 0.010889 0.859386
0.145155 0.616036 0.105183 -0.824997 -0.528005 0.201471
0.001602 1.251773 0.16313 -0.002607 0.839238 0.543758
1.055874 0.257558 0.404264 0.065263 0.509901 0.857754
0.784362 -0.227897 0.341406 -0.531277 -0.458957 0.712112
-0.700077 -0.462642 -0.260876 0.289085 0.4854 -0.825116
-0.725995 -0.35523 0.241459 0.660576 0.00647 0.750731
-0.146625 0.723426 -0.252468 0.705808 -0.442447 -0.553242
1.099366 -0.331969 -0.351171 0.199535 -0.537191 -0.819519
0.172865 -0.547808 -0.019638 -0.888847 0.457054 -0.032457
0.709319 -1.047982 0.413001 0.457432 -0.330993 0.825348
-0.412446 1.332539 -0.151067 0.114283 0.937194 -0.329555
-0.862049 0.610059 -0.309903 -0.304598 -0.135064 -0.942856
0.540271 -0.515517 -0.291292 0.058313 0.804863 -0.590589
1.128033 0.393492 -0.299399 0.332648 0.553652 -0.763423
-0.353758 -0.951991 -0.453181 0.40803 -0.184447 -0.894142
-1.327892 0.236925 -0.282566 -0.649694 0.483281 -0.586802
1.05439 -0.784874 0.075469 0.916528 -0.331397 0.223947
-0.371757 0.984191 0.453167 0.362781 0.247369 0.898442
0.15324 -1.185091 0.264167 -0.255832 -0.598199 0.759413
1.365533 -0.170579 -0.287547 0.720789 -0.375896 -0.58238
-0.999374 -0.324562 -0.365672 0.032538 -0.491311 -0.870376
-0.978164 -1.016581 0.025147 -0.917936 -0.392715 0.05629
0.602512 1.009926 -0.467607 0.217839 0.279828 -0.935009
-0.333238 -0.460471 -0.213588 0.026114 0.925229 -0.378509
-1.068951 -0.319715 0.364875 -0.121841 -0.525044 0.842309
-0.271359 1.331937 -0.060242 0.191515 0.969511 -0.152872
0.103906 1.060743 0.309761 -0.276439 0.226483 0.933963
0.824379 0.084001 0.45052 -0.365533 0.347538 0.863483
-1.293997 -0.238971 0.314494 -0.577565 -0.488776 0.653848
0.324363 0.999348 -0.427733 -0.422256 0.245724 -0.872536
0.840223 -0.683066 0.331973 0.431009 0.180406 0.884129
-1.332948 -0.289576 0.22571 -0.682711 -0.546058 0.485516
-0.960683 -0.990644 -0.151903 -0.878434 -0.335115 -0.340662
0.532365 0.527022 0.30764 0.089065 -0.791251 0.60497
-1.435003 0.013552 0.246082 -0.869907 0.031888 0.492184
0.487169 0.783486 0.492031 0.025379 -0.197325 0.98001
-0.380714 -0.745701 0.467755 0.335796 0.189019 0.922774
-1.278829 0.128485 -0.389124 -0.543298 0.311036 -0.779797
-1.409062 -0.217166 0.176348 -0.817726 -0.44673 0.362982
0.711391 0.129923 -0.350689 -0.59779 0.491928 -0.632972
-0.480261 -0.86038 0.499408 0.060363 -0.000148 0.998176
0.175435 -1.051736 0.338854 -0.391701 -0.24137 0.887869
0.581044 0.643836 0.409261 0.236123 -0.560039 0.794105
0.862031 -0.775032 0.33253 0.583136 0.068933 0.809444
-0.2056 -0.983181 -0.367198 0.478918 -0.110928 -0.870823
0.80711 -0.61757 0.328309 0.268799 0.276008 0.922804
0.605368 0.636778 -0.396966 0.238509 -0.561161 -0.792598
-0.612143 0.094916 -0.259046 0.740165 0.503801 -0.445353
1.485582 0.033169 0.113822 0.970792 0.075531 0.227723
-0.773304 0.14347 -0.390782 0.492384 0.480615 -0.725649
0.754943 0.125306 -0.38993 -0.515411 0.469357 -0.716977
-1.037373 -0.378188 0.333857 -0.107639 -0.491784 0.864038
-1.054805 0.798215 -0.049148 -0.930896 0.335757 -0.143874
-1.159942 0.083864 -0.46292 -0.308448 0.234452 -0.921896
-1.082249 -0.72284 0.061067 -0.898933 -0.392023 0.195543
0.527186 -1.148286 0.406887 -0.002062 -0.580981 0.813915
0.802298 -1.097127 0.318114 0.634566 -0.432197 0.640728
-0.649298 -0.275733 -0.138751 0.917073 -0.147509 -0.37043
1.182711 -0.506304 0.152264 0.661309 -0.601061 0.448772
0.584802 -0.065974 0.243489 -0.781688 -0.452072 0.429644
0.547294 -1.061973 0.456105 0.053184 -0.409888 0.910584
-1.391749 -0.279412 0.123357 -0.803802 -0.533789 0.262623
-1.243922 -0.484012 -0.053593 -0.745131 -0.650082 -0.148907
-0.73058 0.642488 -0.361484 -0.279028 -0.415557 -0.865711
0.371551 0.493689 -0.28141 0.027588 -0.866827 -0.497845
-0.377031 1.352071 -0.044345 0.132433 0.98609 -0.100441
-1.459539 -0.09975 -0.165791 -0.915998 -0.224111 -0.33275
0.992129 -0.915822 0.137543 0.896749 -0.288431 0.335632
-0.372098 -0.554131 -0.362414 0.077128 0.715547 -0.694293
0.856602 0.300936 -0.343825 -0.379012 0.407635 -0.830773
0.085916 -0.869603 -0.290763 -0.39209 0.334848 -0.856821
0.337044 1.325438 -0.137046 -0.176836 0.930757 -0.320031
0.068207 1.147872 0.267085 -0.150094 0.491288 0.857967
0.629408 -1.082968 -0.431492 0.260983 -0.432613 -0.86298
-0.683292 -0.365666 0.201219 0.719506 0.218155 0.659333
-1.428085 -0.031416 0.256083 -0.855625 -0.074025 0.512276
0.903248 0.921638 0.283736 0.754824 0.168752 0.633849
0.013507 1.292897 -0.06548 -0.018863 0.975759 -0.218032
-0.452288 1.346548 -0.117127 0.061493 0.966363 -0.249723
-0.162287 -0.809351 -0.317814 0.626514 0.281472 -0.72681
0.460983 -1.294385 -0.243601 -0.077749 -0.857258 -0.508984
0.917969 -0.747184 0.289059 0.625896 -0.015677 0.779749
-0.941364 0.834046 -0.257874 -0.753348 0.123159 -0.645987
0.233031 -0.751681 -0.365537 -0.688816 0.209835 -0.693903
0.199433 0.660517 -0.281478 -0.784492 -0.351195 -0.511111
0.116936 0.741343 0.232329 -0.631226 -0.523041 0.572697
-0.350293 1.287575 0.223689 0.196619 0.839134 0.507144
0.617194 -0.210502 -0.096133 -0.904767 -0.374286 -0.20324
-1.250758 0.482244 0.000614 -0.756178 0.654364 0.001697
-0.139272 -1.147075 0.285552 0.268682 -0.488132 0.830384
0.228277 0.452753 -0.036307 -0.745154 -0.663382 -0.068336
-0.756109 1.111943 0.348875 -0.543046 0.465589 0.698804
-0.176969 0.822481 0.33482 0.625003 -0.227548 0.746721
1.414328 0.168881 -0.214791 0.822603 0.365766 -0.435361
0.768092 -0.309282 -0.285867 -0.59839 -0.272663 -0.753381
-1.371707 -0.335714 0.026281 -0.801049 -0.59572 0.058639
0.268072 -0.711003 0.387463 -0.668173 0.219037 0.711033
1.071913 -0.519911 -0.242864 0.454805 -0.449906 -0.768594
-0.148706 1.017916 -0.334314 0.391696 0.136226 -0.909954
-0.692696 1.227819 0.286243 -0.380583 0.726219 0.572506
-0.617379 1.125165 -0.410885 -0.219385 0.526081 -0.82165
0.802177 1.200732 0.212821 0.625182 0.653407 0.426856
0.099247 0.945849 0.315259 -0.360376 -0.106884 0.926664
-1.21311 0.51275 0.077264 -0.740701 0.632574 0.2263
-0.671209 1.332248 0.049138 -0.324515 0.940734 0.098533
0.524242 -0.411259 -0.013722 -0.305402 0.951615 -0.034033
0.267257 0.435892 -0.099603 -0.348338 -0.91657 -0.196366
1.28339 0.283169 0.288293 0.571771 0.538782 0.618702
0.504045 1.229333 -0.334827 -0.034223 0.733816 -0.678486
-0.906841 0.013302 0.490869 0.186784 0.055315 0.980842
0.629699 -1.307297 -0.191757 0.234175 -0.892666 -0.38511
-0.927204 0.934787 -0.248397 -0.798555 0.216385 -0.561682
-0.733713 -1.26444 -0.191421 -0.4683 -0.796321 -0.382843
-0.713997 -0.916301 -0.438652 -0.47953 -0.035931 -0.87679
0.120966 -1.297507 0.086216 -0.149002 -0.952447 0.265786
0.174658 -0.574787 -0.129659 -0.866945 0.446873 -0.220705
1.02968 0.689893 -0.193591 0.738005 0.271338 -0.617838
-1.322061 -0.319605 0.205618 -0.6797 -0.575756 0.454438
0.644096 0.083635 -0.315318 -0.68909 0.457838 -0.561729
-0.771767 0.506605 0.296045 0.087707 -0.313463 0.945541
0.008727 -1.016385 0.299683 -0.029912 -0.05495 0.998041
0.94376 -0.971878 -0.203214 0.842626 -0.288323 -0.45481
0.486458 0.420236 -0.018416 -0.155041 -0.987125 -0.039324
-0.998105 -0.644892 0.23925 -0.593956 -0.207923 0.777164
0.391956 1.148625 -0.383674 -0.248863 0.552852 -0.79525
-0.015661 1.298594 0.030693 0.021389 0.994538 0.102165
0.446329 -1.344629 -0.122824 -0.069774 -0.962354 -0.26269
0.489215 -1.330494 0.172202 -0.019752 -0.933346 0.358434
1.129796 0.523487 -0.196387 0.586695 0.536126 -0.606924
0.427988 0.537955 0.341425 0.091551 -0.786835 0.610335
1.046566 0.611245 -0.212337 0.617529 0.343442 -0.707606
0.134712 0.936822 0.330209 -0.44825 -0.081369 0.890197
-0.800038 -0.755426 -0.369502 -0.492758 0.185625 -0.850137
-0.610015 0.380278 -0.110389 0.69114 -0.626455 -0.36039
-0.79519 -0.864223 -0.387228 -0.575687 0.029606 -0.817134
-1.252397 -0.37052 0.232836 -0.577686 -0.601921 0.551335
0.207279 0.734832 -0.332311 -0.717452 -0.271869 -0.641366
-0.873372 -1.186332 -0.072215 -0.764888 -0.627326 -0.146318
-0.61402 0.636989 -0.394502 -0.241032 -0.555321 -0.795941
0.388693 -1.298455 -0.218818 -0.159002 -0.862395 -0.480617
-1.028337 0.512852 -0.26791 -0.345892 0.377688 -0.858901
-1.025065 -0.54525 -0.255664 -0.417973 -0.342781 -0.841308
-0.498535 -0.420614 -0.050681 0.1854 0.976213 -0.112403
1.322108 -0.052535 0.37783 0.641549 -0.132005 0.755638
0.465584 1.241628 0.317281 -0.095738 0.751853 0.652344
-0.534365 -0.077926 -0.065128 0.840463 -0.53122 -0.106901
-0.637007 0.112491 0.278701 0.711416 0.510659 0.48282
0.237838 -1.223539 -0.261503 -0.275362 -0.69309 -0.666184
-0.245955 0.608235 0.315994 0.748958 -0.354416 0.559867
1.026008 -0.849539 0.099436 0.91656 -0.296743 0.268068
-0.411651 -0.435378 0.114011 -0.040252 0.980038 0.194691
0.355165 -1.019031 -0.435588 -0.37155 -0.298657 -0.879064
-0.47839 0.466147 0.208769 -0.013906 -0.917929 0.3965
1.025421 -0.254091 0.407426 -0.002222 -0.505765 0.862668
0.683421 0.12971 0.321987 -0.647119 0.502384 0.573452
0.28221 0.859627 -0.422024 -0.562799 -0.01154 -0.826513
-0.041328 1.300839 0.013791 0.055342 0.997429 0.04552
0.204176 -1.296279 0.136542 -0.207814 -0.903046 0.375928
0.991414 -0.956553 -0.094494 0.916546 -0.332151 -0.222752
-1.343565 0.215601 -0.281826 -0.678473 0.451806 -0.579262
-0.569802 1.357716 -0.014464 -0.123869 0.991861 -0.029469
0.677643 -1.328171 0.064 0.338449 -0.932201 0.12827
-0.833548 1.143368 -0.24192 -0.691313 0.532566 -0.488323
0.906207 0.441948 -0.308544 -0.079872 0.222904 -0.971563
1.115045 -0.242662 -0.404189 0.191812 -0.502758 -0.842878
1.312591 0.334744 -0.200277 0.671904 0.58838 -0.449838
-1.274392 0.29295 -0.287915 -0.557662 0.547913 -0.623541
-0.250968 0.680441 0.359173 0.712697 -0.266264 0.648974
1.049008 -0.075481 0.488123 0.085594 -0.238597 0.967339
-0.853588 -1.214303 -0.041183 -0.72626 -0.682392 -0.08299
0.400671 -1.331146 0.15072 -0.126578 -0.934843 0.331732
0.330313 0.422329 -0.051429 0.034238 -0.995824 -0.084633
-1.300902 -0.389092 0.135927 -0.706836 -0.627993 0.325588
1.255089 0.455697 0.101934 0.71373 0.645872 0.270998
-0.48834 -1.334926 -0.160143 0.018985 -0.942439 -0.333838
-0.927344 0.313411 -0.361857 0.206172 0.45176 -0.86799
0.620744 -0.080057 0.287495 -0.725192 -0.465987 0.506905
-1.141953 -0.33822 -0.333571 -0.300018 -0.553479 -0.776949
-1.254349 0.152007 -0.395128 -0.489389 0.361418 -0.793647
0.943091 -0.319561 0.36201 -0.165944 -0.457865 0.873397
-0.723121 -0.59661 0.340048 -0.178497 0.466647 0.866244
0.679308 -0.308621 -0.189028 -0.835183 -0.065174 -0.546096
-0.525447 1.226049 0.338808 -0.006048 0.730083 0.683332
0.700764 -0.367187 0.219515 -0.684639 0.153926 0.712444
-0.584165 1.297766 0.231404 -0.137962 0.873646 0.466593
0.592037 0.388122 0.090316 -0.619684 -0.731561 0.284271
-1.08132 -0.470738 0.267577 -0.364967 -0.490463 0.791357
0.858594 1.135452 0.212037 0.737381 0.520508 0.430513
-0.46758 -1.145162 -0.404208 0.128098 -0.567355 -0.813449
-0.937676 -1.093681 0.057756 -0.87008 -0.477634 0.121765
-0.078851 1.04929 -0.305521 0.227807 0.181191 -0.956699
0.642003 0.271463 -0.121034 -0.935183 0.150201 -0.320738
-0.124773 -0.693913 -0.19167 0.707211 0.555887 -0.436855
0.934828 -0.431118 0.313312 -0.040547 -0.301715 0.952536
1.444114 0.032038 0.227076 0.887725 0.074743 0.454267
0.709018 1.216881 -0.288454 0.419936 0.700591 -0.576911
1.084937 0.429848 0.29174 0.29391 0.512212 0.807004
-0.981774 -0.954388 0.130288 -0.898596 -0.315468 0.304969
-0.637611 0.088399 0.303047 0.69994 0.473869 0.534352
0.748676 -0.693682 0.376768 0.372531 0.332213 0.866519
1.082942 0.736352 -0.002194 0.919513 0.392999 -0.006957
0.684218 0.67347 -0.393229 0.31038 -0.437526 -0.84394
-1.204003 0.52927 -0.05964 -0.75856 0.626506 -0.1791
-1.038217 -0.27239 0.396401 -0.02987 -0.512098 0.858408
-1.125486 0.290353 0.371688 -0.230051 0.532476 0.814584
0.289112 -1.298825 0.176158 -0.214464 -0.876483 0.431025
-0.718849 -0.82736 0.430225 -0.465266 0.146115 0.873028
0.233348 0.470489 -0.132265 -0.743107 -0.621856 -0.247157
0.692257 -0.730489 -0.416 0.377237 0.339237 -0.861749
-0.572413 1.250378 0.306445 -0.10685 0.780482 0.61598
1.227686 -0.45935 -0.1507 0.661375 -0.629798 -0.407354
0.133928 1.161984 -0.274585 -0.250621 0.53199 -0.808812
0.223666 -0.630164 -0.298247 -0.782027 0.338955 -0.523013
0.426359 -1.205301 -0.347366 -0.171598 -0.672737 -0.719708
0.584229 1.351251 -0.067404 0.148898 0.979349 -0.136768
-0.432455 -0.646349 0.439179 0.003419 0.518513 0.855063
1.157596 0.460684 -0.228166 0.511584 0.575117 -0.638375
1.26626 0.428529 -0.133355 0.690236 0.638759 -0.339943
-0.697211 -0.790667 -0.433384 -0.423384 0.227214 -0.876995
0.715727 -0.697176 -0.39213 0.357081 0.369218 -0.858004
-0.51309 -0.005952 0.112739 0.971893 -0.069781 0.224846
0.249462 0.821034 0.395061 -0.622005 -0.102435 0.776284
0.446039 -0.487043 -0.257302 0.081616 0.887246 -0.454019
-0.634708 1.036426 -0.449921 -0.289749 0.327312 -0.899395
0.508609 1.360949 0.036985 0.02295 0.996774 0.076908
0.137326 -1.031468 -0.327407 -0.362027 -0.162931 -0.917818
1.344343 0.31825 0.169641 0.726984 0.576129 0.373589
-0.722112 0.831992 0.429222 -0.471165 -0.135601 0.87156
1.443542 0.111437 0.197627 0.882986 0.250444 0.397006
-0.216714 -0.469466 -0.04914 0.826036 0.556912 -0.086679
-1.119828 -0.655701 0.037821 -0.864518 -0.486546 0.126024
-0.293342 0.422072 0.039855 0.093314 -0.993085 0.07124
0.325158 0.490602 -0.272027 -0.143906 -0.843526 -0.51745
0.727712 0.917386 0.430877 0.501329 0.040076 0.864328
-1.251084 -0.144516 -0.400446 -0.483545 -0.347997 -0.80317
1.064186 0.418491 0.305284 0.227958 0.496338 0.837666
1.470207 -0.093592 0.137705 0.937877 -0.209909 0.276269
-1.338023 0.380177 -0.00181 -0.77593 0.630804 -0.004253
-0.93577 1.084052 0.095797 -0.864864 0.459395 0.2024
-0.517039 0.766987 -0.485661 -0.12829 -0.264528 -0.955807
-1.000167 0.737271 0.211195 -0.751864 0.197504 0.629041
0.626775 0.083325 -0.293001 -0.716059 0.46982 -0.516263
-0.27091 -1.266922 0.222242 0.242058 -0.799463 0.549788
-0.756524 -1.064326 -0.375675 -0.550139 -0.360989 -0.753017
0.233719 1.153797 -0.31758 -0.333034 0.516605 -0.788801
0.652296 -0.357007 -0.157553 -0.795459 0.310542 -0.520393
-0.840151 -0.475053 0.298116 0.117462 0.027976 0.992683
0.394395 1.316487 0.1849 -0.141934 0.902379 0.4069
-1.165816 -0.028404 0.470452 -0.330185 -0.082788 0.940279
-0.717182 1.053039 -0.406461 -0.472883 0.340811 -0.812546
0.717651 1.049134 0.407802 0.474609 0.33195 0.815202
0.279342 0.467172 -0.204773 -0.379409 -0.830504 -0.407813
-0.674205 -0.43168 0.229132 0.434059 0.515111 0.73909
0.829264 -1.142745 -0.24854 0.683295 -0.530812 -0.501345
-1.386912 0.240074 -0.194608 -0.776749 0.482509 -0.404779
0.268762 0.851358 0.412374 -0.582582 -0.037471 0.811907
1.427152 -0.154007 0.201765 0.848744 -0.336715 0.407746
-0.601413 -0.89909 0.485445 -0.264031 -0.018629 0.964334
0.629676 0.033696 0.32932 -0.729312 0.248741 0.637363
0.249222 -0.493494 -0.210976 -0.684389 0.608409 -0.401809
-1.242297 0.067849 -0.430243 -0.478628 0.179609 -0.859451
-0.230694 -0.837812 0.382313 0.61831 0.106508 0.778684
1.058695 0.361082 0.3409 0.135888 0.514128 0.84688
0.298749 1.270818 -0.228654 -0.233789 0.804421 -0.546122
1.021717 0.22874 0.422065 -0.011633 0.494915 0.868864
-0.557032 -0.920808 -0.493402 -0.137035 -0.095035 -0.985997
-0.057214 -1.034273 -0.303335 0.178638 -0.12541 -0.97589
-0.148399 0.680753 -0.21558 0.756416 -0.477976 -0.446514
0.270417 0.476344 0.213011 -0.487626 -0.762279 0.425618
-1.052479 -0.754802 -0.115573 -0.878373 -0.322234 -0.353024
1.064155 0.125371 0.47085 0.100358 0.354801 0.92954
-1.41353 -0.273391 -0.035859 -0.847396 -0.525496 -0.075984
-0.305316 -1.314347 -0.149542 0.19836 -0.911316 -0.360773
0.920238 0.95932 -0.248287 0.799446 0.242965 -0.549412
-0.39903 1.195551 0.348981 0.212825 0.646977 0.732207
-0.440343 1.11325 0.419569 0.189555 0.501563 0.844099
0.495103 -0.763236 0.486907 0.068817 0.257567 0.963807
0.40239 -0.479051 0.249208 0.078168 0.901357 0.425964
0.986737 0.516381 0.280949 0.268483 0.288937 0.91893
0.24745 1.125501 -0.340568 -0.359418 0.452822 -0.815948
1.130082 0.575004 -0.145683 0.708326 0.524402 -0.472522
-0.777758 0.542471 0.308544 -0.039983 -0.333469 0.941913
1.097896 0.186358 -0.438819 0.155393 0.447159 -0.880853
-0.651751 0.245113 -0.162807 0.8755 0.293388 -0.383957
-0.799564 0.185552 -0.379994 0.469411 0.488713 -0.735399
0.421924 0.792859 -0.487325 -0.215505 -0.114932 -0.969716
-0.813531 -0.375896 0.296832 0.420617 -0.166643 0.891802
0.506999 -0.024935 0.057068 -0.954298 -0.278314 0.108885
0.490636 -0.419842 -0.02461 -0.167854 0.984369 -0.053322
0.473001 -1.208564 0.353061 -0.096927 -0.68877 0.718471
0.051465 -1.202143 0.225097 -0.097053 -0.669618 0.736338
0.965819 -0.088245 -0.484487 -0.086755 -0.299519 -0.950138
0.929636 0.62902 -0.283708 0.441702 0.037555 -0.896376
-0.979036 0.488295 -0.291832 -0.183463 0.306564 -0.934002
-0.032357 0.934931 -0.29518 0.13828 -0.207003 -0.968519
-0.647081 -0.204949 0.190284 0.820162 -0.420531 0.387929
1.469417 0.124027 -0.111251 0.935629 0.272884 -0.223905
0.058575 -0.722051 -0.14536 -0.42614 0.793122 -0.435157
0.564686 -0.392826 0.015329 -0.533253 0.844748 0.045192
0.550453 0.100019 0.07733 -0.827103 0.547824 0.125656
-0.987591 0.772156 -0.216171 -0.771527 0.177118 -0.611044
0.459755 -0.548664 -0.349371 0.121327 0.768439 -0.628316
0.232075 1.194704 0.286291 -0.297964 0.61904 0.726641
-0.091448 1.191262 0.241666 0.169957 0.627339 0.759974
0.834204 -1.090124 0.28844 0.692287 -0.422284 0.585163
0.260228 1.170727 -0.316995 -0.321076 0.562218 -0.762117
1.108179 -0.665718 -0.067926 0.858883 -0.459735 -0.22575
1.12043 0.595466 0.138052 0.735544 0.502315 0.454592
-0.555241 -0.574611 -0.35768 -0.157646 0.698043 -0.698487
0.880266 -0.269232 -0.370719 -0.32626 -0.462333 -0.824501
0.908332 -0.14824 -0.449474 -0.227969 -0.442849 -0.86713
0.682888 0.977482 -0.447298 0.41752 0.176055 -0.891449
-0.473012 -1.360131 -0.045225 0.027834 -0.995026 -0.095651
0.674773 1.289943 0.197932 0.333133 0.855559 0.396285
-0.598604 0.126361 0.188843 0.784918 0.530386 0.320303
0.05167 -1.288895 -0.087603 -0.071875 -0.955086 -0.28748
-1.121958 0.191173 0.431389 -0.205857 0.449174 0.869405
-0.122296 1.266473 -0.160668 0.16802 0.854206 -0.492038
1.055394 -0.430778 -0.300541 0.229524 -0.480482 -0.846437
0.777372 0.418072 0.277875 -0.397603 -0.07591 0.914412
0.830781 -0.527746 0.302798 0.037796 0.155366 0.987134
-0.881449 -0.485536 -0.300661 0.016154 -0.072834 -0.997213
0.517536 0.540184 -0.327039 0.11912 -0.775503 -0.620005
-1.178704 0.248449 0.380327 -0.331152 0.50611 0.796361
1.449682 -0.199355 0.067565 0.899903 -0.413604 0.138222
-1.373118 0.194466 -0.260643 -0.738141 0.415278 -0.531689
-1.42208 0.21532 -0.146213 -0.84486 0.442439 -0.300765
-1.06155 -0.619628 0.193678 -0.666557 -0.372965 0.645445
-0.305052 1.075808 -0.391219 0.383939 0.374036 -0.844209
-0.537421 0.006551 -0.189184 0.923431 0.070055 -0.377317
-0.939181 -1.080115 0.089902 -0.8698 -0.455128 0.190542
1.482815 -0.106599 -0.064303 0.963179 -0.235795 -0.129177
0.474891 -0.673147 -0.452425 0.09282 0.480996 -0.871796
-0.702178 -0.587701 -0.339019 -0.154552 0.512115 -0.844898
0.680312 -0.312549 0.190141 -0.830147 -0.048278 0.55545
-1.141004 -0.261651 0.385593 -0.252693 -0.517052 0.817804
1.028964 0.548528 0.252323 0.433954 0.348265 0.8309
0.730052 -0.960141 -0.425206 0.507656 -0.132543 -0.851303
0.87374 -0.432141 0.30631 -0.171722 -0.166776 0.970926
0.334987 -1.345304 0.048095 -0.16332 -0.980027 0.113463
-0.280055 -0.912744 -0.418942 0.527021 -0.065962 -0.847289
-0.528416 -1.192047 0.37195 -0.005639 -0.664994 0.746827
-1.262194 -0.155114 0.38874 -0.50542 -0.365631 0.781578
0.264415 -1.33337 0.038664 -0.190807 -0.976614 0.099082
0.707658 0.845361 0.438803 0.457947 -0.114921 0.88152
0.491028 -1.361134 0.036877 -0.002707 -0.997004 0.077296
-0.854508 -0.817095 -0.340937 -0.614973 0.033602 -0.787832
0.631616 -0.523391 0.296645 -0.003134 0.686547 0.727079
0.738631 0.598983 -0.338023 0.187812 -0.434433 -0.880906
0.846689 -0.177032 0.411197 -0.367556 -0.483097 0.794683
0.930421 0.469651 -0.302687 0.036969 0.228038 -0.97295
-0.221288 0.656198 0.310732 0.769053 -0.319065 0.553854
0.608574 -0.559038 0.332194 0.109834 0.67981 0.725117
-0.850435 -0.973968 0.327531 -0.698824 -0.204012 0.685583
1.208816 -0.51336 -0.088682 0.732881 -0.628519 -0.260478
-1.018478 0.850555 0.121539 -0.902698 0.282184 0.32482
1.303407 -0.135717 0.367712 0.593217 -0.321094 0.738236
-0.536779 0.765201 0.48194 -0.178847 -0.28149 0.94275
-0.490636 -0.480849 -0.23921 -0.03222 0.88853 -0.457687
-1.022941 -0.814147 -0.138634 -0.881141 -0.271438 -0.387185
1.094331 0.405364 0.304259 0.274669 0.528137 0.80351
0.922168 -0.091266 -0.47739 -0.175556 -0.324042 -0.929611
0.229172 0.519305 0.207827 -0.798846 -0.477978 0.365215
1.180095 -0.248197 0.379906 0.334106 -0.505832 0.795303
-0.192159 -1.174239 -0.286549 0.297401 -0.565256 -0.76944
-0.426834 0.910538 0.48717 0.249123 0.129006 0.959841
-0.063167 -1.100851 -0.288111 0.161244 -0.339941 -0.926521
1.051286 -0.756888 -0.116642 0.878432 -0.319643 -0.355227
-0.398496 -1.328857 -0.156209 0.130081 -0.929862 -0.344145
-0.249474 0.988769 -0.390722 0.479631 0.165946 -0.861636
0.548043 0.103273 -0.036195 -0.832744 0.550546 -0.058624
-0.585802 0.934839 0.486832 -0.207956 0.112791 0.971613
0.728923 -0.492888 0.284638 -0.158068 0.434143 0.886868
0.90372 -0.940197 -0.277731 0.765012 -0.196251 -0.613386
-0.210459 0.503401 0.128117 0.8545 -0.472483 0.215847
0.012034 -0.821843 -0.241915 -0.07257 0.590589 -0.803703
0.027697 -0.709144 0.085807 -0.229128 0.932812 0.278139
0.594629 0.081368 0.244223 -0.76331 0.489685 0.421387
-0.632724 -0.894442 0.475609 -0.334881 0.004868 0.942248
-1.299573 0.182763 -0.346988 -0.58246 0.40692 -0.703674
-0.579088 -1.206452 -0.354207 -0.118377 -0.69469 -0.709502
0.380126 0.829938 -0.476578 -0.372302 -0.016129 -0.927971
-1.320953 0.362133 -0.143419 -0.717622 0.612573 -0.331319
-1.081014 0.138417 0.463575 -0.131146 0.375662 0.917431
-0.936346 0.242447 -0.403731 0.198601 0.4926 -0.847291
-0.05948 1.226482 -0.201461 0.102616 0.747867 -0.655869
1.353855 0.349788 0.07535 0.775927 0.607244 0.170855
-1.10822 0.044109 -0.485047 -0.212448 0.135423 -0.967743
-0.926935 -0.510148 0.295099 -0.135244 -0.153579 0.978837
-0.994351 0.828419 -0.186187 -0.839448 0.219616 -0.497086
0.687061 -0.632835 0.369785 0.248671 0.489804 0.835616
0.731303 1.073952 0.388281 0.49828 0.385112 0.776792
0.686219 1.321992 0.082629 0.357283 0.919215 0.165508
-0.839253 -0.645961 -0.324592 -0.360075 0.195703 -0.912166
0.431789 -1.134318 0.404413 -0.19656 -0.538247 0.819545
0.745323 0.627027 -0.349701 0.254038 -0.403497 -0.879008
0.894771 -1.16652 -0.024197 0.803816 -0.592824 -0.049386
-0.365782 -1.309398 0.189387 0.17036 -0.888289 0.42652
0.057826 -1.255551 0.162171 -0.090351 -0.84357 0.529364
0.581399 -0.61544 0.38775 0.20915 0.612398 0.762381
0.003684 -0.746201 0.160052 -0.027981 0.845477 0.533279
-0.575557 -0.654809 0.418447 -0.240744 0.540446 0.806202
0.933263 0.851603 0.263965 0.754791 0.125905 0.643768
-1.060997 -0.413536 -0.309046 -0.212618 -0.495557 -0.84215
0.659262 -1.007265 -0.450449 0.358329 -0.251678 -0.899032
-0.927406 0.348193 -0.34472 0.181244 0.413638 -0.892219
0.842766 -0.81226 0.349615 0.596212 0.055851 0.800882
-0.099615 1.256652 0.169839 0.147195 0.832871 0.533535
-0.929399 -0.205506 0.423472 0.206454 -0.486623 0.848867
0.586313 0.997878 0.474476 0.179873 0.259354 0.948884
0.923087 -0.835109 -0.27805 0.725701 -0.092498 -0.681764
1.344231 -0.15197 0.322585 0.676637 -0.345428 0.650262
1.202286 -0.448736 0.198331 0.586414 -0.609271 0.533768
-1.223641 -0.12164 -0.424721 -0.430512 -0.307716 -0.848511
1.433747 -0.241353 0.007177 0.876924 -0.480397 0.014933
0.377404 1.08185 0.418191 -0.305764 0.421823 0.853565
0.239019 -0.45472 -0.103516 -0.673665 0.711252 -0.20074
1.201402 -0.157229 -0.420809 0.377994 -0.381395 -0.843598
0.887896 0.321648 -0.346347 -0.295345 0.40778 -0.863995
0.482398 -0.561278 -0.359649 0.138289 0.742931 -0.654927
0.585138 -1.026373 0.465856 0.165299 -0.323486 0.931683
-0.420024 -1.072864 0.436176 0.241206 -0.421845 0.873995
-0.570271 0.389009 0.013264 0.572583 -0.818869 0.040025
0.565851 -0.107695 -0.127705 -0.813047 -0.543009 -0.20999
-0.196071 0.746726 -0.325011 0.70852 -0.282815 -0.646541
1.003941 0.933423 0.075023 0.927636 0.325947 0.182345
0.320604 -0.655988 -0.410852 -0.510885 0.330483 -0.793586
-0.819987 0.735355 0.353706 -0.488516 -0.177869 0.854233
1.170886 0.558789 0.090454 0.756816 0.58831 0.284817
-0.506576 0.416123 0.012978 0.22924 -0.972909 0.029944
-0.814847 0.394551 -0.294519 0.382666 0.114181 -0.916804
-0.989371 -0.947638 -0.113852 -0.908652 -0.318714 -0.269764
-0.170828 1.132573 -0.304803 0.315508 0.45046 -0.835189
0.1741 0.553448 -0.069323 -0.883863 -0.453337 -0.115204
0.023058 -0.781994 -0.20871 -0.154748 0.711065 -0.685886
1.005111 0.257831 0.404664 -0.046456 0.504062 0.862417
-0.989878 -0.756607 0.217793 -0.757446 -0.177357 0.628347
-0.585086 -0.411113 -0.131718 0.457491 0.801083 -0.385964
-0.438195 0.8015 0.491466 0.16274 -0.107839 0.980758
-0.147086 -1.043207 -0.328959 0.366088 -0.200922 -0.908631
-0.313465 0.421863 -0.049071 0.006559 -0.996516 -0.083138
-1.44859 -0.156922 -0.145824 -0.89326 -0.339218 -0.294989
-0.809819 0.131196 -0.420276 0.414908 0.454411 -0.788265
-0.198874 0.855247 -0.36005 0.602351 -0.133563 -0.786978
0.681093 0.740932 0.424918 0.376925 -0.328731 0.865947
-1.253974 0.452596 0.111777 -0.705595 0.643826 0.296011
0.370215 0.442567 0.155807 0.063313 -0.964216 0.257447
-0.511504 -0.839018 -0.498673 -0.056134 0.074808 -0.995617
0.724319 0.083338 -0.392966 -0.552732 0.402293 -0.729827
0.048518 1.180742 -0.242472 -0.098366 0.599752 -0.794117
0.503413 0.969349 -0.487789 -0.042805 0.229496 -0.972368
0.528003 0.010521 -0.163111 -0.939064 0.115574 -0.32373
-0.386329 -1.353235 0.044803 0.124405 -0.987113 0.100653
0.839018 0.416359 -0.300444 -0.282083 0.116711 -0.952265
-0.141623 -0.606987 0.054116 0.832135 0.544852 0.103385
0.060235 -0.888478 -0.28803 -0.279869 0.325163 -0.903295
-0.543908 -0.585139 0.370685 -0.171205 0.684231 0.708884
0.71416 0.406757 0.24147 -0.528365 -0.271402 0.80447
-0.736183 0.5575 0.317551 -0.072983 -0.451449 0.889307
1.077106 -0.065843 0.48698 0.145062 -0.20455 0.968048
-0.975733 0.355363 0.347777 0.060743 0.453852 0.889004
-1.252618 -0.471745 0.063127 -0.73913 -0.651285 0.171799
-1.259939 0.295473 0.298078 -0.527693 0.549447 0.647803
-0.100346 -0.676355 0.115205 0.669439 0.686743 0.283257
0.424122 0.737168 0.477112 -0.154678 -0.256032 0.954213
-1.349988 -0.131606 -0.326707 -0.689859 -0.305014 -0.656553
0.766692 0.653952 -0.354169 0.31828 -0.343531 -0.883563
0.906329 1.128583 -0.109819 0.82147 0.523385 -0.226396
-0.011465 -1.288934 -0.081073 0.01626 -0.962714 -0.270033
-0.275612 1.293511 0.180014 0.22072 0.866671 0.447398
-1.295034 0.420419 0.074897 -0.739511 0.646631 0.187061
-0.604221 -0.976727 0.475698 -0.236306 -0.202679 0.950306
-0.823663 1.034316 -0.332041 -0.669788 0.305932 -0.676601
0.516865 -0.544873 -0.332964 0.1258 0.767365 -0.628749
0.672465 -1.285077 0.209939 0.328217 -0.845941 0.420306
-0.632733 -0.848472 -0.472695 -0.344699 0.113388 -0.93184
-0.774985 0.034467 0.442934 0.451028 0.179854 0.874201
0.656432 -0.45569 0.238982 -0.304504 0.623235 0.720316
1.027791 -0.612278 0.227268 0.582178 -0.299031 0.756075
-0.544312 -0.419715 0.106499 0.311408 0.910126 0.273303
0.074115 -1.038263 -0.306283 -0.222716 -0.144976 -0.964043
0.17927 0.581777 -0.15841 -0.859056 -0.434528 -0.270571
-0.971432 -0.324402 -0.363691 0.096991 -0.474034 -0.875148
1.011384 0.708328 0.207666 0.731695 0.223929 0.643799
0.117688 0.686861 0.169923 -0.701433 -0.593661 0.394408
0.762857 -1.283229 0.082449 0.530162 -0.831704 0.164916
-1.495828 -0.012019 0.063174 -0.99161 -0.027294 0.126353
-1.169908 -0.547329 -0.113786 -0.7278 -0.587168 -0.354317
-0.631165 -1.038044 -0.450451 -0.280361 -0.332273 -0.900551
-0.733871 1.214044 0.272092 -0.476697 0.69031 0.544273
-1.376377 0.263659 -0.185417 -0.763082 0.514673 -0.390918
-0.475354 0.858206 -0.499073 0.075156 -0.001631 -0.99717
-0.137934 1.085899 0.313411 0.315753 0.312746 0.895818
0.694839 -0.75392 0.423458 0.398192 0.296518 0.868055
0.40087 0.560805 -0.370544 0.014095 -0.722456 -0.691273
-0.152106 0.62866 0.154234 0.815966 -0.497258 0.294845
0.919069 0.509277 0.296243 0.11828 0.134212 0.983868
0.758068 1.242998 0.202722 0.525434 0.747948 0.405577
-0.608224 0.347746 0.019715 0.876798 -0.47635 0.065695
0.634094 1.306951 -0.189822 0.243585 0.891873 -0.381088
0.256876 -0.538019 -0.27616 -0.697339 0.499671 -0.513856
0.233959 -1.043952 -0.368899 -0.43034 -0.263938 -0.863217
0.134314 0.66576 0.170349 -0.757237 -0.543411 0.362349
0.602657 -1.323649 0.165976 0.179556 -0.925059 0.334704
-0.622726 -0.281926 0.018241 0.998204 -0.030275 0.051702
0.769051 -0.970934 -0.397818 0.572999 -0.161008 -0.803585
-1.145469 -0.518703 0.184845 -0.609271 -0.557706 0.563696
0.399648 0.658618 0.443198 -0.151 -0.443694 0.883365
0.614199 -0.460727 0.227122 -0.233533 0.747724 0.621588
0.325207 0.524424 0.318735 -0.245816 -0.737228 0.62934
-1.341125 0.34412 -0.131315 -0.742695 0.600365 -0.296592
-0.39665 -0.42389 0.01612 -0.040047 0.998834 0.026977
1.417789 0.006385 0.274598 0.835553 0.015195 0.5492
0.016951 -0.723106 0.118462 -0.13686 0.910183 0.390943
0.58944 1.307956 -0.209436 0.150316 0.893842 -0.422435
0.788278 0.880397 -0.392456 0.575161 -0.00655 -0.818014
0.949557 0.917632 0.221801 0.825033 0.224531 0.518562
0.051686 1.149591 -0.263541 -0.115314 0.497493 -0.859769
0.329569 1.231238 0.290655 -0.250771 0.710322 0.657691
-0.191106 -0.753961 0.322791 0.701282 0.285969 0.653013
0.581727 -0.516364 -0.289705 0.020044 0.765496 -0.643128
-1.128055 0.581299 -0.141747 -0.718797 0.519472 -0.46204
1.126701 -0.647229 -0.019576 0.862241 -0.502278 -0.065249
-0.395054 1.344877 0.10139 0.122658 0.966529 0.225339
-0.876202 1.088794 0.231878 -0.764855 0.433407 0.476607
-0.547926 -0.799362 0.488462 -0.18578 0.20105 0.961803
0.448839 0.827977 -0.495299 -0.144687 -0.053606 -0.988024
0.790474 -1.166393 0.271297 0.605572 -0.580656 0.54417
-0.358195 -1.058633 -0.421631 0.344628 -0.370552 -0.862509
-0.756551 -0.59564 0.332703 -0.185416 0.397546 0.898653
-0.310852 -1.000129 0.420854 0.435599 -0.237624 0.86821
-0.112385 -0.816182 0.281262 0.529827 0.399809 0.747955
0.712079 1.276243 -0.191498 0.418232 0.823626 -0.383043
-0.762994 1.152525 -0.31194 -0.550914 0.553316 -0.624768
0.557155 -0.675927 -0.437224 0.233799 0.499429 -0.834212
-0.915581 -0.957937 0.255537 -0.791542 -0.235742 0.563815
0.926213 -0.333215 -0.351597 -0.19654 -0.430304 -0.881028
0.944456 0.867245 -0.246503 0.784337 0.160274 -0.599272
1.157929 -0.49436 0.196028 0.581831 -0.574544 0.575648
-0.844512 -0.324136 -0.32763 0.399476 -0.353218 -0.845965
-0.445714 1.221409 -0.335821 0.13551 0.708492 -0.692587
0.667085 -0.02142 -0.370879 -0.663046 -0.14837 -0.733728
0.301478 0.927189 -0.430295 -0.495722 0.10848 -0.86168
-1.346493 -0.365328 -0.048316 -0.776635 -0.620006 -0.111491
0.918748 -0.545964 -0.292314 0.218183 -0.08045 -0.972586
0.715303 -0.521811 -0.298547 -0.047302 0.498803 -0.865424
0.942747 0.65309 0.275194 0.512641 0.062509 0.856324
-0.308404 -0.42318 -0.062006 0.027429 0.993918 -0.106656
-1.106717 -0.660552 -0.082395 -0.845793 -0.457727 -0.27408
-1.364953 0.342836 -0.041093 -0.793101 0.602042 -0.092393
-0.28733 -1.244541 -0.258684 0.257355 -0.74131 -0.619861
1.351493 -0.059574 -0.349382 0.70007 -0.146067 -0.698975
0.449445 -0.820589 0.494918 -0.137217 0.071396 0.987965
-0.412373 -1.009346 0.459839 0.276302 -0.306207 0.910985
-0.733387 -1.274848 0.168504 -0.466168 -0.817993 0.337009
-0.852989 0.803488 -0.341365 -0.600789 -0.052198 -0.797702
0.882611 -0.816296 0.317943 0.650972 -0.007193 0.759067
1.255838 -0.033223 0.427863 0.51022 -0.088783 0.855449
-0.11001 -0.736186 -0.219676 0.619999 0.557248 -0.552336
-0.669929 0.185715 0.250961 0.737922 0.47293 0.481464
-0.417076 -1.27117 0.270096 0.146788 -0.80496 0.574885
0.859361 0.313494 0.33907 -0.368228 0.390412 0.843793
-0.966437 0.424504 0.316053 -0.017626 0.366498 0.930252
0.140644 -0.64469 0.151027 -0.789416 0.532356 0.305645
0.533062 0.416727 -0.080378 -0.298827 -0.932831 -0.201318
0.980402 0.739224 -0.232863 0.71811 0.151563 -0.679225
-0.891929 -0.181344 -0.426555 0.276386 -0.478537 -0.833435
1.080069 0.037165 -0.491293 0.157084 0.118509 -0.980449
0.814036 0.958359 -0.365242 0.639739 0.153099 -0.753189
0.829901 -1.231661 -0.078461 0.678035 -0.717944 -0.15756
-0.823701 -0.099206 -0.443656 0.372707 -0.388317 -0.842793
0.976798 -0.925736 0.166943 0.875336 -0.27463 0.397951
-1.422427 -0.260855 0.015159 -0.860466 -0.50851 0.031875
0.031842 -1.177278 0.24333 -0.066096 -0.589796 0.804843
0.165406 0.563432 -0.03414 -0.879688 -0.472006 -0.05795
-0.960773 -0.934753 -0.19383 -0.852933 -0.261443 -0.451832
0.700656 -0.11761 -0.349964 -0.608489 -0.484692 -0.628343
0.816326 1.130569 -0.27684 0.659422 0.504095 -0.557719
0.527076 -1.079511 0.448334 -0.001754 -0.447675 0.894194
-0.63071 0.323097 -0.088518 0.936971 -0.206373 -0.28195
-0.215288 0.469623 0.034191 0.832072 -0.551415 0.059982
0.897768 0.18469 0.42653 -0.265677 0.479638 0.836279
-0.629366 -0.400648 0.165963 0.582909 0.610864 0.535782
-0.834127 -0.033273 0.468899 0.334027 -0.154687 0.929784
0.443314 -0.744914 -0.481618 -0.088993 0.256663 -0.962395
0.455629 1.307157 -0.219857 -0.07852 0.883211 -0.462355
1.032127 -0.726583 0.173022 0.799469 -0.273056 0.53506
-1.421554 -0.128983 -0.230568 -0.837356 -0.289068 -0.463977
1.442293 -0.224569 -0.018454 0.889883 -0.454594 -0.038108
-1.283411 -0.444673 0.003097 -0.754869 -0.655826 0.008022
-0.541224 -0.475617 -0.230531 0.055701 0.861994 -0.503849
1.02514 0.02193 -0.498532 0.049082 0.075748 -0.995918
-0.473249 0.996987 -0.477474 0.132785 0.290633 -0.947576
0.312144 -0.457431 0.202441 -0.111242 0.920913 0.373557
1.190865 0.054783 0.457518 0.376944 0.153283 0.913465
1.008906 0.625067 -0.236921 0.573238 0.245402 -0.781777
0.920896 -1.10585 -0.106996 0.84358 -0.488503 -0.22302
-0.239811 -0.455841 -0.109938 0.670528 0.710548 -0.213341
0.926394 -0.357528 -0.340277 -0.174396 -0.400421 -0.899583
0.197495 -1.250646 -0.213185 -0.239269 -0.775767 -0.583898
0.671582 0.609036 0.359194 0.202107 -0.539263 0.817526
-0.590106 0.446462 0.197388 0.266129 -0.805224 0.529896
1.453404 -0.190815 -0.068339 0.906358 -0.39884 -0.139437
-0.322233 -0.619709 -0.394483 0.467809 0.424565 -0.775177
-0.180504 0.595012 -0.181524 0.847858 -0.42705 -0.314269
-0.750743 -0.233972 -0.309463 0.612949 -0.432468 -0.66126
0.631802 0.556775 0.32695 0.092996 -0.653905 0.75084
-0.414434 -0.563907 -0.373181 -0.046915 0.722771 -0.689493
-0.143133 -0.680301 -0.206057 0.751401 0.497368 -0.433615
0.838855 -0.511005 -0.300471 -0.005631 0.103728 -0.99459
-0.437747 -1.354002 0.077597 0.074284 -0.983086 0.167403
0.27719 1.207001 -0.29401 -0.28944 0.650624 -0.702077
-0.295885 -0.446379 0.165935 0.168745 0.935059 0.311754
0.888878 1.092874 0.206088 0.786978 0.447018 0.425254
1.490279 0.058489 -0.075834 0.979562 0.131921 -0.151842
1.085009 -0.581196 -0.194409 0.627899 -0.440869 -0.641387
1.064355 0.775405 0.041473 0.927425 0.352403 0.125275
0.855593 1.211875 -0.04342 0.730284 0.677513 -0.087534
-0.222185 1.191026 -0.285347 0.298156 0.609611 -0.734491
0.909262 0.084437 -0.477123 -0.198719 0.310404 -0.929602
0.540786 0.439981 0.159645 -0.198299 -0.902864 0.381464
0.611108 -1.226832 0.325534 0.191383 -0.733779 0.651874
0.388668 0.613789 0.414983 -0.122472 -0.561073 0.818656
0.258812 0.515446 -0.254693 -0.662107 -0.570697 -0.485715
-0.116676 1.101583 -0.30066 0.269653 0.351618 -0.896466
0.835914 -1.234532 0.000836 0.689841 -0.723959 0.00168
0.224672 0.588171 -0.26938 -0.800844 -0.377892 -0.464593
-0.171589 0.599879 0.163489 0.846889 -0.446979 0.288078
-0.820385 0.865332 -0.368747 -0.607897 -0.005436 -0.793997
0.932206 1.099666 0.07143 0.861874 0.484458 0.149915
0.360804 -1.333763 0.124311 -0.156708 -0.945918 0.284046
0.492093 -1.139236 0.411421 -0.080119 -0.560504 0.824267
-0.651945 -1.332162 0.091261 -0.283135 -0.941414 0.183234
0.902406 1.016582 -0.245001 0.792698 0.317236 -0.520568
0.635285 0.472196 0.246868 -0.20583 -0.696316 0.687589
1.062957 0.705873 0.134403 0.832093 0.348512 0.431464
-0.517725 0.870863 -0.499534 -0.052326 -0.00056 -0.99863
-0.373598 0.7825 0.470809 0.381058 -0.105362 0.918528
-1.010546 -0.278674 0.392679 0.02987 -0.506692 0.861609
0.609606 -0.19272 0.097781 -0.884515 -0.42427 0.193981
0.276907 -0.603198 0.349151 -0.654031 0.387973 0.6494
0.931013 -0.523292 0.292438 0.178253 -0.144736 0.973282
-0.850807 0.148441 -0.429827 0.343846 0.460903 -0.818131
-0.856521 0.934604 -0.331163 -0.69285 0.140576 -0.707246
-0.550306 1.022466 0.471628 -0.071882 0.326962 0.9423
-0.57799 -0.145055 0.06657 0.848265 -0.516976 0.11481
-0.531766 0.607467 -0.394205 -0.186646 -0.644824 -0.741192
0.775559 -0.476887 -0.287765 -0.19486 0.247055 -0.949207
-0.563143 -1.07509 0.448709 -0.091946 -0.433653 0.896377
-0.886396 0.755811 0.313447 -0.592175 -0.042088 0.80471
0.556363 0.111425 -0.065646 -0.829803 0.547673 -0.107151
0.566477 0.439324 0.172434 -0.257138 -0.85829 0.444092
-0.704231 -1.069468 -0.40646 -0.441682 -0.380518 -0.81248
-1.059068 -0.459287 0.283324 -0.292423 -0.467851 0.834029
-0.865894 -0.482135 0.300302 0.053304 -0.034753 0.997973
-0.683166 -1.234501 0.283811 -0.357581 -0.741529 0.567689
-0.560416 0.398059 0.04258 0.487185 -0.864692 0.122305
-0.868223 -0.813806 0.329919 -0.629606 0.017637 0.776714
-0.799206 1.047173 -0.349165 -0.629169 0.326297 -0.705462
-0.366968 -0.806992 -0.470093 0.408003 0.056136 -0.911253
-0.889972 -1.157585 0.097211 -0.794756 -0.573586 0.198399
-0.757893 -0.399685 0.266618 0.48673 0.078605 0.870009
-0.66881 -0.937515 -0.459475 -0.397419 -0.086795 -0.913523
0.219375 0.731899 0.344514 -0.714214 -0.252598 0.652758
0.189257 0.662205 0.266734 -0.787475 -0.371687 0.491662
0.97754 -0.836366 -0.20973 0.815992 -0.191993 -0.545248
0.442027 -0.425563 -0.041562 -0.030448 0.996589 -0.076704
0.743474 -0.210648 -0.318706 -0.608619 -0.463528 -0.643991
0.583001 -0.941265 0.486615 0.197347 -0.12955 0.971736
0.72994 -1.298586 0.099888 0.455707 -0.867418 0.199793
-1.265776 -0.448958 -0.088738 -0.724461 -0.648839 -0.232732
0.553628 -0.640621 0.414838 0.218164 0.574022 0.789242
-0.371006 1.305 -0.200296 0.169473 0.877787 -0.448072
1.44711 0.141326 -0.166084 0.889816 0.309847 -0.334997
-0.835288 0.90301 0.355124 -0.648297 0.069529 0.758207
-1.441331 -0.155531 0.167594 -0.878167 -0.337608 0.338885
-0.173057 0.568411 -0.108595 0.872792 -0.452174 -0.183773
0.970229 0.13513 -0.467019 -0.096225 0.402539 -0.910331
0.611868 -0.748388 0.455261 0.311818 0.338857 0.887663
0.457965 0.666301 0.450048 0.053045 -0.486661 0.871979
0.198528 -1.318687 -0.051959 -0.189121 -0.971157 -0.145211
-0.221432 0.588031 -0.263587 0.80686 -0.378952 -0.453179
-0.777384 0.572379 -0.319525 -0.131658 -0.348438 -0.928039
-0.922941 0.648529 0.28661 -0.472228 0.012672 0.881386
1.278774 0.035536 -0.413069 0.556028 0.093068 -0.825937
-0.933209 1.098431 0.069619 -0.863361 0.482931 0.146237
-0.890443 -1.089575 -0.206631 -0.789169 -0.441508 -0.426945
0.86836 0.808308 0.329663 0.62475 -0.023677 0.780466
-0.46912 -1.05348 -0.455867 0.143093 -0.397223 -0.906498
0.778181 0.645908 0.347062 0.309851 -0.327736 0.892514
0.605032 1.163033 -0.387096 0.18203 0.606336 -0.774094
-0.748198 -0.978991 -0.410413 -0.538999 -0.174719 -0.823986
-0.201973 1.275669 0.177221 0.222314 0.845082 0.486223
0.341418 1.296794 0.204064 -0.195414 0.861436 0.468766
1.009011 0.540773 -0.264794 0.374356 0.312199 -0.873149
-1.030112 0.652347 -0.209088 -0.670683 0.284121 -0.685172
-1.234862 0.08888 0.429258 -0.459863 0.232101 0.85712
0.954225 -0.807678 -0.247984 0.750502 -0.126208 -0.648705
-0.640495 1.127894 0.40207 -0.276155 0.526415 0.80413
-0.037605 -0.849988 0.264303 0.202991 0.474837 0.856344
-0.981443 -0.783466 -0.220744 -0.772875 -0.168296 -0.611834
0.654632 -1.08645 0.42109 0.322304 -0.432496 0.842061
0.330253 0.431454 0.116206 0.020998 -0.980598 0.1949
1.23262 -0.499983 -0.039147 0.754498 -0.646723 -0.111722
0.869795 0.423526 -0.307083 -0.199865 0.176975 -0.963708
0.784328 1.276699 -0.016875 0.577557 0.815652 -0.033768
-0.818329 -0.24896 0.351414 0.464949 -0.450603 0.762089
-0.374792 0.490477 -0.27549 -0.038648 -0.874584 -0.483331
-1.200795 0.005263 -0.457867 -0.401545 0.014897 -0.915718
-0.717159 -1.215183 0.284422 -0.438805 -0.69559 0.568862
0.123222 0.716638 0.215695 -0.675945 -0.534702 0.50714
0.661162 -1.216325 -0.317877 0.308868 -0.707307 -0.63586
-0.841716 1.14065 0.233025 -0.706565 0.527979 0.471173
0.141899 0.907841 0.330425 -0.490893 -0.137099 0.860365
-0.474292 -1.362333 0.000464 0.025002 -0.999687 0.000981
0.392614 -0.525591 0.329008 0.037776 0.803491 0.594117
0.599266 1.245328 0.306896 0.164762 0.770809 0.615392
0.808533 -0.79862 -0.372069 0.544575 0.11799 -0.830371
0.812804 -1.018811 -0.348829 0.649942 -0.271184 -0.709954
-0.727773 -0.137065 0.360129 0.573299 -0.491019 0.655919
-0.101081 0.988184 -0.318058 0.327985 0.013666 -0.944584
1.140178 -0.546638 0.162461 0.662877 -0.546073 0.512248
0.844212 -1.224963 0.032117 0.707165 -0.70409 0.064606
-0.304705 0.659017 -0.400963 0.574205 -0.306085 -0.759342
-0.604325 0.114158 0.220274 0.763324 0.52735 0.373147
-0.376836 0.876144 -0.473944 0.382147 0.066446 -0.92171
-0.318239 -0.625265 0.39497 0.493662 0.402343 0.770985
-0.789499 1.267068 -0.070843 -0.589899 0.794928 -0.141804
-0.562222 0.773508 0.478837 -0.230118 -0.272783 0.934149
-0.663386 -0.562065 0.327447 -0.094064 0.6006 0.793997
-0.684462 0.403698 -0.218912 0.56743 -0.383459 -0.728685
-0.777274 -0.983375 0.38908 -0.587698 -0.188776 0.786749
-0.355777 -0.757117 -0.459254 0.431821 0.147039 -0.889893
-0.478535 -0.775904 -0.490586 -0.004014 0.209473 -0.977806
-0.765695 1.036295 0.381102 -0.569432 0.299705 0.765457
0.733041 0.963181 -0.422923 0.512802 0.13933 -0.847125
-0.641942 1.334247 -0.095308 -0.262065 0.945851 -0.19154
-0.89527 -0.051487 -0.48321 0.216141 -0.208451 -0.953851
-1.496086 -0.053849 0.024916 -0.991365 -0.12127 0.049881
0.502224 0.01486 0.029479 -0.98245 0.177319 0.057872
0.863904 -1.079665 -0.257979 0.742818 -0.410532 -0.528852
0.63046 0.086318 0.295348 -0.710688 0.474269 0.519608
-0.310204 0.512968 0.298052 0.308873 -0.743902 0.592627
-0.578109 0.622931 0.394595 -0.216359 -0.600432 0.76985
-0.264807 -0.473836 0.201559 0.524987 0.75036 0.401683
1.055716 0.689584 -0.158618 0.790439 0.334243 -0.51331
0.688685 -0.153294 -0.306997 -0.659853 -0.503928 -0.55736
1.189864 0.55538 -0.010896 0.789164 0.613245 -0.033912
-0.297182 -0.63789 0.385873 0.593014 0.34142 0.729224
0.08222 -0.68425 0.093742 -0.592382 0.765695 0.250588
-0.261317 -1.284036 0.19057 0.228956 -0.84622 0.481135
0.526093 0.879558 0.49895 0.071965 0.014921 0.997296
-1.295129 0.4069 0.112114 -0.719161 0.638062 0.275107
-0.525773 0.634602 -0.417687 -0.193302 -0.589182 -0.784537
-0.361805 1.098957 0.403662 0.31568 0.446684 0.837149
0.369552 -1.242572 -0.292354 -0.213547 -0.739124 -0.638822
-0.623049 -0.246345 -0.065601 0.959315 -0.232386 -0.160351
-0.551889 0.102955 -0.073901 0.827521 0.548433 -0.120123
-1.112303 -0.110471 0.46829 -0.204015 -0.309383 0.928795
-0.827728 -1.125292 -0.267719 -0.680932 -0.494077 -0.540574
-0.20705 -0.921191 -0.371647 0.539808 0.008267 -0.841747
0.608369 0.472066 -0.238934 -0.173273 -0.76004 -0.626351
1.03568 -0.837496 0.07764 0.926355 -0.309907 0.214067
0.463433 1.19316 -0.365823 -0.119241 0.657317 -0.744121
0.921449 0.232318 -0.405849 -0.229953 0.491051 -0.840233
0.030672 -0.956047 -0.2987 -0.123627 0.139067 -0.982536
0.63036 -0.704332 -0.42913 0.310999 0.424052 -0.850564
1.469336 -0.106004 -0.130451 0.935744 -0.236087 -0.262004
-0.907909 1.07656 0.186102 -0.816389 0.427093 0.388716
-0.579517 -0.381752 0.009106 0.641996 0.766178 0.028494
1.297742 -0.306926 0.251344 0.617423 -0.562134 0.550267
1.341274 0.054453 0.360329 0.679947 0.134818 0.720761
-1.477265 0.061969 0.133564 -0.953261 0.140569 0.267459
0.440487 -1.243205 -0.311038 -0.132313 -0.750832 -0.647105
-0.719711 1.155089 -0.343051 -0.45651 0.566299 -0.686224
-0.362661 0.954449 0.456633 0.391411 0.193045 0.899739
1.321598 0.174316 -0.332496 0.628769 0.389238 -0.673159
-0.277836 0.422909 -0.009121 0.197576 -0.980138 -0.017128
0.261522 1.334602 -0.011243 -0.189938 0.98137 -0.028938
-0.27429 -0.527651 0.286765 0.590899 0.582293 0.558367
0.177011 0.641313 0.227146 -0.808788 -0.4145 0.417195
0.685761 0.163019 -0.294548 -0.676203 0.499853 -0.541199
0.074796 1.255679 0.165249 -0.114735 0.838839 0.532152
-1.005266 -0.845212 -0.157031 -0.873467 -0.25234 -0.41639
1.390268 0.061901 0.305096 0.778024 0.147764 0.610609
0.131303 -1.214669 0.230929 -0.210513 -0.690819 0.691703
-0.105128 -0.725551 0.202512 0.619713 0.593701 0.513299
0.457114 -0.94796 -0.48742 -0.169886 -0.197195 -0.965533
1.267725 -0.459261 0.041234 0.747619 -0.65502 0.109614
0.356368 -0.488691 -0.272958 -0.005905 0.872172 -0.489163
0.120009 -0.66715 -0.141383 -0.731264 0.603656 -0.317571
-0.619531 0.254578 0.013866 0.982748 0.181552 0.035273
-0.07018 -0.819227 -0.257446 0.381469 0.504251 -0.774734
-0.432777 0.704096 -0.467469 0.07998 -0.356458 -0.930882
0.553517 -0.097735 -0.103029 -0.821717 -0.544538 -0.168103
-0.302252 -0.921848 -0.431389 0.498423 -0.100685 -0.861068
-0.603227 -0.202341 -0.000584 0.922082 -0.386991 -0.001206
0.499332 -1.109586 -0.430828 -0.068451 -0.505389 -0.860172
-0.014099 1.086994 0.287398 0.039107 0.290258 0.956149
-0.653376 -0.234377 0.175101 0.854628 -0.336442 0.395497
-0.117778 0.667108 0.136103 0.726699 -0.613856 0.308366
-0.612921 -0.597661 -0.365102 -0.184704 0.619989 -0.76256
1.25566 -0.342748 0.258465 0.555083 -0.585326 0.590997
0.634481 0.649116 0.396227 0.261308 -0.520264 0.813046
0.944469 0.836167 -0.253791 0.760124 0.130564 -0.636526
-0.755487 -1.274677 0.133001 -0.515144 -0.814774 0.266026
0.640348 1.287004 0.227626 0.256595 0.852005 0.456341
0.527997 0.958034 0.49038 0.033503 0.195809 0.980069
-1.008319 -0.805853 -0.172606 -0.84516 -0.236262 -0.479463
0.815549 1.009584 -0.349718 0.653116 0.253591 -0.713534
-0.560302 -0.029991 0.228677 0.856223 -0.274183 0.437843
0.227785 0.851867 -0.381811 -0.606619 -0.09089 -0.78978
0.592716 -0.96492 0.480763 0.211675 -0.180477 0.960532
0.53887 -1.266742 -0.288872 0.041902 -0.810293 -0.584525
0.515418 1.197567 -0.366841 -0.020287 0.674251 -0.738224
0.648532 0.374252 0.163963 -0.725817 -0.417708 0.546543
-1.347811 -0.111178 0.337666 -0.687267 -0.263177 0.677054
0.468513 1.313551 0.209159 -0.057654 0.897275 0.437691
0.335828 -0.573003 -0.37032 -0.308973 0.59708 -0.740291
0.984042 -0.949767 0.128352 0.900327 -0.313257 0.302129
-1.000997 0.939514 -0.078977 -0.925404 0.327664 -0.190432
0.978648 -0.764098 0.229076 0.746113 -0.154398 0.64767
-1.207923 -0.090956 -0.442084 -0.404562 -0.24207 -0.881891
-0.221454 -0.870157 0.378937 0.590773 0.073062 0.803523
-0.285452 -1.241833 0.261112 0.259909 -0.734827 0.626479
-0.319342 0.849704 -0.445871 0.513966 0.003527 -0.857803
-0.680311 -0.535937 0.306947 -0.009961 0.58468 0.811203
0.766615 0.263982 0.305466 -0.594819 0.387495 0.704299
0.874991 -1.186531 0.062189 0.767904 -0.628042 0.126042
-0.334489 0.921917 0.449057 0.454224 0.124514 0.882143
0.992895 -0.304463 -0.376756 -0.059422 -0.495961 -0.866309
0.229031 1.059805 -0.361345 -0.415101 0.295043 -0.860605
0.468363 1.362141 0.00445 -0.032828 0.999416 0.009442
-0.680297 1.331574 0.00379 -0.344216 0.93886 0.007596
0.323117 -0.72573 0.434741 -0.529598 0.19192 0.826252
-0.236462 -1.037557 0.372067 0.436411 -0.252214 0.863674
1.077403 0.626571 -0.171238 0.714355 0.404917 -0.570735
-1.468549 -0.157244 -0.055912 -0.934612 -0.337191 -0.11315
-0.238099 1.064857 0.363928 0.412002 0.311855 0.856154
1.327084 0.375738 -0.097347 0.746747 0.624766 -0.228115
-1.091575 0.715498 -0.018206 -0.908238 0.414293 -0.058867
0.988187 -0.198626 -0.43708 -0.079712 -0.477357 -0.875087
0.626112 0.239333 0.090522 -0.938273 0.271761 0.213985
-0.761333 1.285406 -0.076074 -0.526547 0.836418 -0.152162
0.752792 0.092435 -0.408196 -0.503762 0.40951 -0.760608
1.388453 -0.312058 0.030545 0.817646 -0.571851 0.066646
-0.629753 0.300135 -0.072636 0.974216 -0.060103 -0.217464
0.621455 -0.569027 -0.339161 0.126704 0.652041 -0.747522
-0.779119 1.146017 0.30283 -0.585129 0.537534 0.607191
0.32822 1.076986 0.40097 -0.365133 0.388896 0.845836
-0.978693 0.579776 -0.266872 -0.411942 0.202847 -0.888345
-1.006723 0.353263 0.349795 -0.00886 0.481128 0.876606
-0.982219 -1.003322 -0.043211 -0.920147 -0.379159 -0.097811
0.730219 0.862384 0.428365 0.492857 -0.07249 0.867085
1.420429 -0.155836 -0.213766 0.834843 -0.341074 -0.432096
0.324856 -0.517262 0.309938 -0.226725 0.760272 0.608755
-0.453276 0.504194 0.286991 -0.096352 -0.85514 0.509363
0.819831 -1.029853 0.337751 0.662896 -0.295706 0.687842
-0.611245 0.459292 0.224248 0.236276 -0.754862 0.611847
-0.238674 -1.106925 -0.346342 0.374736 -0.406561 -0.833235
-0.781642 -0.121808 -0.409794 0.463548 -0.452843 -0.761614
0.415123 -1.177214 0.368939 -0.201978 -0.615054 0.762177
-1.362393 0.103665 -0.325119 -0.717827 0.244901 -0.651727
-1.121908 0.221761 0.414773 -0.20463 0.483979 0.850818
0.595985 0.154581 -0.127239 -0.833596 0.504369 -0.225235
1.242906 0.416076 0.189789 0.619462 0.621669 0.47937
-0.284269 -1.31629 0.132124 0.201911 -0.922979 0.327631
0.731342 -1.168712 -0.323021 0.479649 -0.593549 -0.646248
0.992936 0.714979 0.225618 0.706846 0.178902 0.68437
-1.223015 -0.318997 -0.305858 -0.463002 -0.563666 -0.68404
-0.654458 -0.867485 -0.466101 -0.380793 0.072573 -0.921808
-0.42741 0.426811 0.053558 -0.000482 -0.995468 0.095094
0.553761 -0.026892 -0.217398 -0.871658 -0.254685 -0.418746
0.673778 1.183899 -0.344588 0.344083 0.637684 -0.689178
-0.708003 -0.762874 0.420211 -0.416458 0.271596 0.86764
-0.530949 -0.075372 0.048827 0.845056 -0.528618 0.080272
-1.320726 0.398153 -0.039696 -0.762152 0.640289 -0.095677
1.365174 0.324587 0.106041 0.77722 0.583951 0.234371
-0.865502 0.221503 0.392528 0.348943 0.48529 0.801706
0.977886 -0.000727 0.49951 -0.04423 -0.002704 0.999018
0.712368 -0.398206 -0.237472 -0.563216 0.244901 -0.789184
-1.465582 0.173398 0.015545 -0.929689 0.366991 0.031573
0.888234 0.34127 0.337614 -0.280987 0.378335 0.881991
-1.381994 0.31875 -0.04706 -0.808852 0.578866 -0.103312
-0.667804 -1.132156 -0.388554 -0.341476 -0.528689 -0.777099
0.699016 -1.13958 -0.367746 0.412975 -0.537118 -0.735497
-0.549784 -0.400867 0.008358 0.440927 0.897245 0.023142
-0.83926 0.444234 -0.298192 0.210045 0.043809 -0.97671
0.959179 0.738473 -0.254099 0.680072 0.102577 -0.725934
0.221032 1.323712 -0.047764 -0.193113 0.97259 -0.129521
0.818566 -0.960463 0.360914 0.647071 -0.159529 0.745553
-0.899119 1.127732 0.134905 -0.808788 0.518537 0.277456
-1.254285 0.430254 -0.15258 -0.667111 0.63376 -0.39155
0.411165 -0.88143 -0.485873 -0.2895 -0.075696 -0.95418
0.187402 -0.964168 0.358879 -0.486592 -0.050539 0.872166
0.097286 0.775937 -0.243367 -0.532782 -0.529279 -0.660308
0.261696 1.066769 0.374586 -0.409449 0.330453 0.850384
-1.419286 0.213464 0.156402 -0.838557 0.439854 0.321483
-0.026376 -0.747214 0.166369 0.195214 0.816857 0.542805
-0.821617 1.077604 -0.310958 -0.669582 0.393798 -0.629748
1.47024 -0.070581 -0.152258 0.938789 -0.160143 -0.305006
0.674311 0.043686 0.370757 -0.643337 0.277563 0.713496
1.038797 -0.809835 0.100196 0.908867 -0.30406 0.285496
0.44761 0.823963 0.494883 -0.146134 -0.062075 0.987315
0.586892 0.027502 -0.275622 -0.811872 0.234703 -0.534583
1.165966 -0.228077 0.397809 0.300024 -0.48666 0.820456
-0.929458 1.076461 0.13247 -0.85256 0.441505 0.27967
0.02291 -0.946209 0.296259 -0.095626 0.174748 0.979958
0.238269 -1.281418 -0.18418 -0.229117 -0.846818 -0.480004
-0.845192 1.008639 0.320929 -0.700159 0.264893 0.66303
0.747401 -0.509035 -0.294617 -0.090677 0.394595 -0.91437
0.213665 -1.269538 -0.19268 -0.231793 -0.82312 -0.518407
0.291895 1.34027 -0.014363 -0.182208 0.982615 -0.035603
-1.01071 0.217514 0.428115 0.034655 0.488661 0.871785
-0.264297 0.429838 0.056535 0.346279 -0.931512 0.111252
-0.678316 0.887444 -0.456758 -0.420367 -0.028937 -0.906893
0.79169 0.75421 0.374012 0.48334 -0.198548 0.85262
0.832155 -0.191749 0.3949 -0.405734 -0.487529 0.773108
0.847436 -0.687136 -0.329182 0.445638 0.163208 -0.88021
-0.777169 1.215285 -0.224711 -0.571 0.68666 -0.449952
-0.614635 -0.166112 0.164226 0.819143 -0.48902 0.299775
0.111151 0.818506 -0.281632 -0.523899 -0.398262 -0.752939
-0.506826 -0.014632 -0.074121 0.97431 -0.17174 -0.145688
0.782278 -0.800453 -0.389022 0.517891 0.144814 -0.8431
-0.028282 0.70709 0.079123 0.235119 -0.937618 0.256107
-0.684721 0.115397 0.335563 0.634631 0.489863 0.597727
-0.556714 -0.965002 0.486813 -0.113071 -0.19816 0.973626
-0.137414 0.72909 0.245553 0.686438 -0.466884 0.557514
-0.857656 -1.210952 0.031722 -0.734318 -0.675784 0.063974
-0.97783 -0.779858 0.226174 -0.762533 -0.158894 0.627133
-0.530975 -0.588967 -0.377507 -0.172943 0.681174 -0.711401
-0.694699 0.422696 -0.235954 0.47504 -0.407331 -0.780011
-0.788943 -0.624737 0.335992 -0.272132 0.316017 0.908888
0.784927 1.139199 -0.303122 0.59768 0.522412 -0.608164
0.928393 -0.018588 0.494145 -0.144137 -0.074322 0.986763
0.509054 1.057274 0.458359 -0.045449 0.405332 0.913039
-0.838348 -1.016786 -0.324767 -0.690983 -0.277118 -0.667643
0.973475 -0.031417 -0.497452 -0.055638 -0.115943 -0.991696
-0.97775 -0.625891 -0.257626 -0.516751 -0.165853 -0.839917
0.841094 0.765403 0.3459 0.547491 -0.112892 0.829162
1.070643 -0.756759 -0.047893 0.919252 -0.364797 -0.147982
-0.591887 0.621944 -0.389945 -0.2185 -0.595139 -0.773348
-0.261379 -1.237937 -0.255572 0.265699 -0.727298 -0.632804
-1.100503 0.684518 0.059469 -0.876786 0.439056 0.196154
1.054279 0.235011 0.417586 0.059049 0.498251 0.86502
0.184243 0.546591 0.109311 -0.880822 -0.437948 0.17987
-0.911661 0.908467 -0.277082 -0.760142 0.161002 -0.629494
1.391071 0.294149 0.090847 0.810958 0.551496 0.195445
-1.02192 0.311447 -0.373529 -0.010328 0.506925 -0.861928
-0.69518 0.606189 0.351702 -0.197229 -0.507864 0.838555
-0.222015 -0.768875 -0.359855 0.681805 0.208221 -0.701274
0.927832 1.046386 0.174963 0.842535 0.388536 0.373061
-0.816302 0.584205 0.316628 -0.191817 -0.248364 0.949485
0.691179 -1.25884 0.24286 0.372884 -0.790525 0.485826
-1.077705 -0.149206 -0.459475 -0.121149 -0.395939 -0.91025
-0.680824 0.152717 0.297966 0.673855 0.50518 0.539178
0.054203 -1.158259 -0.258675 -0.117395 -0.52567 -0.842549
-1.486875 0.086551 -0.067142 -0.971871 0.193224 -0.134652
-0.230124 -0.448909 0.002829 0.725032 0.688694 0.005387
1.397083 0.104606 -0.281807 0.788542 0.242101 -0.565321
0.222504 1.243087 -0.233151 -0.255645 0.747676 -0.612884
-0.109152 -0.644717 -0.016446 0.735861 0.676093 -0.037513
-0.5209 1.343595 0.132063 -0.034962 0.961591 0.272252
1.446479 0.170321 0.135905 0.889662 0.363968 0.275733
0.221588 0.463347 0.053964 -0.798517 -0.593995 0.097676
-0.425522 0.527426 0.327704 -0.091892 -0.808588 0.581155
0.509388 1.07494 -0.450129 -0.045645 0.439588 -0.897039
-0.494652 0.978181 0.485089 0.070584 0.250145 0.965632
-0.446582 1.361144 -0.001219 0.060037 0.998193 -0.002619
1.316389 0.405955 -0.013024 0.763853 0.64461 -0.031731
-0.969551 -1.020413 -0.079575 -0.904458 -0.388291 -0.176592
0.232752 -0.466459 0.119663 -0.740459 0.63355 0.224354
0.170679 -1.251917 0.200765 -0.221505 -0.789107 0.572928
-0.820653 0.314601 0.319236 0.463109 0.341004 0.818075
-0.665523 0.496064 0.27541 0.128867 -0.62339 0.771219
0.543463 1.120756 -0.424934 0.035885 0.527678 -0.848686
0.529347 1.023153 -0.472343 0.014129 0.334098 -0.942432
1.262648 -0.468024 0.015962 0.753416 -0.656135 0.043036
0.179519 0.813115 -0.33406 -0.636564 -0.236026 -0.734219
1.049378 -0.77475 0.10466 0.895166 -0.317817 0.312522
1.315905 0.379224 -0.120956 0.72676 0.62485 -0.285276
0.241175 -0.481607 0.175776 -0.713679 0.616861 0.331881
0.23136 1.226637 0.255566 -0.271424 0.702043 0.65838
-1.316233 0.159342 0.345608 -0.617949 0.363691 0.697043
-0.986817 -0.990667 0.047931 -0.923262 -0.368147 0.109798
-1.255145 0.353409 -0.248192 -0.564637 0.592214 -0.574863
0.325295 0.474007 -0.242249 -0.094234 -0.889009 -0.448087
-0.360492 -1.256159 -0.272788 0.211649 -0.768064 -0.604386
0.039154 0.945814 -0.298328 -0.160943 -0.16751 -0.972645
-1.013923 0.63672 -0.229291 -0.607497 0.251515 -0.753451
-0.523864 0.465947 0.210609 0.059754 -0.891553 0.448957
-0.830378 -0.168689 0.408401 0.396032 -0.482008 0.781554
0.272046 0.882568 -0.415156 -0.556505 0.011443 -0.830766
-0.267937 1.310964 -0.136718 0.207805 0.915035 -0.345729
-0.15849 1.101331 -0.315027 0.329338 0.362452 -0.871874
-0.813971 0.07275 0.450356 0.382019 0.317738 0.867816
0.356588 -0.437026 0.136965 0.055913 0.972603 0.225648
-0.1992 1.059177 -0.347425 0.403392 0.274613 -0.872847
0.570281 1.346594 -0.104256 0.121674 0.96966 -0.212027
-0.796841 -0.207096 0.363888 0.489813 -0.480819 0.727252
0.174525 0.759635 0.307691 -0.690002 -0.319274 0.649586
-1.00102 0.640155 0.238327 -0.589845 0.217543 0.777662
-0.635121 -0.984653 -0.464967 -0.309717 -0.20797 -0.927806
0.253786 0.567194 -0.297551 -0.725628 -0.427232 -0.539385
-0.757696 0.009242 0.437091 0.484614 0.051891 0.873188
-0.066871 -0.904966 0.295473 0.292906 0.266787 0.918167
-1.216817 -0.361497 0.273497 -0.489207 -0.586353 0.645653
1.249248 -0.106553 0.415939 0.485983 -0.269973 0.831225
0.92629 0.32915 -0.353614 -0.199257 0.434904 -0.878154
-0.865183 -1.108801 -0.230432 -0.747807 -0.468606 -0.470312
-0.214156 -0.820659 -0.365812 0.637578 0.157184 -0.75418
-0.269831 -1.322463 -0.102699 0.198856 -0.944856 -0.260198
1.021216 -0.386422 0.33105 0.08158 -0.472572 0.877508
-0.412472 -1.167622 0.375782 0.210725 -0.595761 0.775025
-0.634376 -0.202034 -0.164343 0.844973 -0.418085 -0.333504
0.395898 -1.23805 0.305771 -0.190689 -0.733063 0.652883
0.632124 0.908792 0.475634 0.329427 0.02951 0.94372
-0.308185 1.339814 0.054454 0.178227 0.975061 0.132255
1.075261 -0.156216 0.456687 0.114129 -0.408283 0.905693
1.045593 -0.670764 -0.183517 0.736605 -0.314961 -0.598509
0.718734 -1.257518 0.221093 0.435626 -0.784027 0.44219
1.15642 0.085009 0.46379 0.30101 0.238062 0.923428
0.58179 0.097569 -0.195465 -0.784356 0.527021 -0.327162
-0.675918 1.072408 0.419139 -0.377079 0.394749 0.837845
-0.564132 -0.047204 -0.222712 0.827928 -0.385893 -0.406966
-1.078973 0.350384 0.343844 -0.170557 0.52797 0.83196
-0.235931 -0.478769 0.158073 0.740019 0.604562 0.29475
0.54056 0.745086 0.474532 0.197503 -0.334001 0.921648
0.193528 -1.023297 0.35415 -0.433424 -0.186947 0.881586
0.54816 -0.937044 -0.492558 0.10278 -0.138208 -0.985056
-0.884135 0.154038 -0.439245 0.279718 0.45715 -0.844258
1.107854 -0.376125 -0.319286 0.264469 -0.541921 -0.797733
-0.970241 0.867821 0.209317 -0.827652 0.204634 0.522606
-1.128614 -0.232058 0.407146 -0.219837 -0.49326 0.841645
1.020427 0.809277 -0.1474 0.87174 0.263843 -0.412863
-0.139175 -1.284193 0.132161 0.173797 -0.901053 0.397364
-0.862035 -0.758563 0.330977 -0.56434 0.084441 0.821212
0.164069 1.113297 -0.311888 -0.325191 0.396595 -0.858466
0.889459 -0.886231 0.306259 0.713861 -0.102654 0.692723
0.778722 1.172367 -0.277588 0.580665 0.594467 -0.55627
-0.168233 -0.880319 0.342222 0.55581 0.146359 0.818324
0.999174 0.207965 -0.432817 -0.058109 0.483119 -0.873624
-0.46123 0.649987 -0.440099 -0.07833 -0.532316 -0.842914
-0.478252 1.125091 -0.419111 0.111908 0.531839 -0.839419
1.424096 -0.1787 0.18574 0.84365 -0.381778 0.377492
-0.172162 1.219411 0.239876 0.246864 0.694026 0.676304
-0.610782 -0.185046 0.118442 0.865138 -0.446364 0.228681
-0.748932 -1.241486 0.216642 -0.505575 -0.746046 0.43337
1.380444 0.27695 0.157654 0.778193 0.531071 0.335229
0.0268 1.268954 0.134137 -0.040749 0.894534 0.445139
-1.122846 -0.594738 0.134903 -0.738986 -0.506897 0.443796
-0.927147 0.727989 0.282316 -0.613932 0.027142 0.788892
0.781126 -1.277031 0.043027 0.570627 -0.816684 0.086095
-0.866664 0.855726 0.330863 -0.661497 0.032472 0.749245
-0.463786 0.908936 -0.494791 0.139152 0.116569 -0.983386
0.198569 0.523574 -0.12265 -0.874616 -0.441014 -0.20138
-0.523662 -0.002295 -0.151897 0.952422 -0.025936 -0.303677
-0.183413 0.724325 -0.299233 0.729394 -0.335093 -0.596404
0.650157 -1.127365 0.398942 0.299992 -0.522864 0.797883
0.969491 -0.880444 -0.205377 0.835175 -0.215259 -0.506109
-0.825535 1.231632 0.095431 -0.669222 0.717945 0.191566
-0.838477 0.280316 0.345373 0.424614 0.422598 0.800696
-0.403266 -0.952142 0.472771 0.30874 -0.203373 0.929149
-0.633106 -0.861568 0.473933 -0.343256 0.082786 0.935586
-0.568309 -0.092763 0.16864 0.800388 -0.530014 0.280113
-0.198732 -1.295557 -0.135279 0.206009 -0.903714 -0.375315
-0.556381 0.115851 0.036911 0.835075 0.546814 0.060372
-0.495694 1.085199 -0.443996 0.078618 0.458944 -0.88498
1.2642 0.147793 -0.390792 0.510427 0.351679 -0.78472
0.580373 -0.155678 -0.024127 -0.865285 -0.499459 -0.042699
-0.443512 0.469478 -0.220097 -0.060674 -0.919102 -0.389319
-0.165447 0.586351 0.11709 0.859861 -0.467635 0.204832
-0.436973 1.330757 -0.163321 0.088759 0.932579 -0.349883
0.643919 -0.215076 0.172385 -0.846048 -0.388881 0.364657
-0.298586 0.555017 -0.334153 0.494619 -0.564386 -0.660924
-0.234926 1.322964 0.069561 0.196673 0.96287 0.184934
-0.634541 0.195926 0.172453 0.832922 0.434437 0.342791
-0.721814 0.374714 0.239375 0.624228 -0.107573 0.773801
0.389611 -0.449602 0.175664 0.068187 0.953627 0.293166
1.129838 -0.087212 0.471036 0.246357 -0.249493 0.936516
-0.229839 -0.472966 -0.127543 0.766157 0.598219 -0.234813
-1.012983 -0.928227 -0.011184 -0.941583 -0.335653 -0.027544
-0.172826 -0.548521 -0.027164 0.888335 0.456992 -0.044933
-0.934943 0.861859 -0.259821 -0.765228 0.13919 -0.628532
-1.459262 -0.073541 0.181288 -0.916513 -0.167626 0.363189
0.297065 0.849632 0.431844 -0.550053 -0.012386 0.835038
0.735361 -1.257545 -0.203242 0.472963 -0.78171 -0.40649
-0.945656 1.085917 0.014254 -0.882091 0.470107 0.030255
1.187239 0.453924 0.208336 0.563284 0.599238 0.56888
-0.659732 0.931683 -0.463839 -0.380534 0.075345 -0.921693
-0.996734 -0.000426 -0.499989 0.006533 -0.001541 -0.999977
1.129589 -0.218688 0.414593 0.221046 -0.480146 0.848881
-0.909711 0.59871 -0.292852 -0.34105 0.00174 -0.940044
1.257801 -0.193531 0.371639 0.494278 -0.430445 0.755253
1.407006 0.283514 0.037338 0.838857 0.538491 0.079662
-0.085803 -1.122201 0.283799 0.198697 -0.409932 0.890211
0.88445 1.118392 0.184857 0.782271 0.494401 0.378972
0.653002 -0.278716 0.146469 -0.908189 -0.142121 0.393692
-0.464173 0.440821 0.135665 0.029907 -0.965463 0.25882
-1.008231 -0.91869 -0.07907 -0.927621 -0.318274 -0.195504
-0.744219 -1.302212 0.009634 -0.486909 -0.87324 0.019267
-0.51736 0.666562 0.4415 -0.182518 -0.516414 0.836662
-0.112684 1.077715 0.307758 0.280635 0.280053 0.918049
0.665471 0.787037 -0.446979 0.38662 -0.247066 -0.888529
1.182345 -0.412229 -0.253038 0.480763 -0.588523 -0.650005
0.674376 -0.445121 -0.23877 -0.367015 0.544599 -0.75413
0.602088 -0.145063 -0.165657 -0.805842 -0.517268 -0.288189
-0.947293 0.180255 -0.441385 0.160668 0.46833 -0.868823
1.333617 0.281346 0.233832 0.679567 0.537041 0.499775
-0.966691 -0.136175 0.466165 0.10388 -0.405526 0.908162
0.551323 -1.359781 0.012223 0.091774 -0.995465 0.025033
-0.420808 -0.424255 0.001359 -0.005974 0.999979 0.002382
-0.913626 1.094134 -0.150433 -0.829229 0.462691 -0.313522
1.07952 0.077628 -0.483917 0.146764 0.236638 -0.960449
0.113527 1.049654 -0.31528 -0.30426 0.198684 -0.931639
0.778948 1.144199 0.304592 0.585021 0.533616 0.610741
-0.687976 -0.48492 0.271576 0.187398 0.554485 0.81082
-0.5166 0.988738 -0.483196 0.011394 0.266049 -0.963892
1.151733 0.608349 -0.002785 0.831598 0.555303 -0.009156
0.208946 0.919193 -0.372845 -0.542354 -0.009252 -0.840099
-0.307956 -1.34329 0.011433 0.175694 -0.984052 0.027814
-1.459929 0.180967 -0.050952 -0.918716 0.381067 -0.103678
1.289028 -0.280713 -0.285146 0.582729 -0.536371 -0.610518
1.089504 -0.462635 -0.268898 0.36623 -0.504208 -0.782081
-0.085102 -0.679592 -0.086125 0.610675 0.758788 -0.22653
-0.794053 0.837527 -0.38631 -0.558172 -0.074942 -0.826334
0.224309 -0.465566 0.082126 -0.786905 0.598639 0.149708
-1.403757 -0.273807 0.093798 -0.826652 -0.526401 0.19887
0.204281 0.555465 -0.193553 -0.850633 -0.414345 -0.323639
-0.276472 -0.429641 -0.081588 0.239125 0.958371 -0.156026
0.643574 0.224746 0.161524 -0.864279 0.357048 0.354315
-0.213935 -0.894868 0.375378 0.567017 0.044483 0.822504
0.464144 -1.36169 -0.017398 -0.038446 -0.998576 -0.036998
-1.212348 0.512458 -0.080499 -0.738426 0.631774 -0.235774
-0.790853 -1.012543 -0.370081 -0.612894 -0.252424 -0.748761
-0.7393 -1.18162 -0.304364 -0.494742 -0.619982 -0.608976
-0.95444 -0.962172 -0.18903 -0.855856 -0.288103 -0.429543
-0.866242 0.384138 0.315299 0.283168 0.260068 0.923136
-1.043525 0.765294 0.127946 -0.872345 0.302666 0.383937
-0.909422 -1.091842 0.164235 -0.821705 -0.455998 0.341859
0.608385 0.068192 -0.280131 -0.746116 0.439389 -0.500248
0.583068 -1.35071 0.072349 0.146578 -0.978242 0.146826
-1.368175 0.329019 -0.082322 -0.787469 0.588678 -0.182622
1.405145 0.23912 0.15606 0.815309 0.479607 0.32442
-0.399846 -1.315175 0.189629 0.13769 -0.899233 0.415236
-1.39082 0.039708 -0.308798 -0.780548 0.095605 -0.617742
-0.27433 -0.434798 0.105613 0.280846 0.937618 0.204933
-0.692905 0.224948 -0.250257 0.740921 0.407983 -0.533466
-1.094752 -0.497966 0.242913 -0.453282 -0.496 0.740621
1.194499 0.506787 -0.132573 0.687664 0.613184 -0.388745
1.071078 0.687 -0.134601 0.818161 0.371116 -0.439188
-0.23711 1.036211 0.372786 0.437684 0.249873 0.863711
-0.25911 0.937642 0.403771 0.520845 0.08453 0.849456
-0.331331 -1.182544 -0.336872 0.285934 -0.603489 -0.74434
-0.472289 -0.516816 -0.303497 -0.104533 0.829636 -0.548432
0.340833 -0.962328 -0.444935 -0.423353 -0.194045 -0.88494
0.185552 -0.530725 -0.069436 -0.889397 0.442979 -0.112881
-1.0185 0.621317 0.231 -0.583747 0.271217 0.765298
-0.560038 0.522426 0.298437 -0.056739 -0.778994 0.62446
-0.34976 -0.477292 0.251341 0.005567 0.894833 0.446366
0.691814 0.950409 0.44738 0.439661 0.11242 0.8911
-1.399945 0.279526 -0.094349 -0.821475 0.533715 -0.200817
1.39861 -0.284225 0.086974 0.821222 -0.539539 0.185722
0.350859 0.895587 -0.460484 -0.436153 0.091237 -0.895235
0.502051 0.734011 0.477024 0.113545 -0.340154 0.933489
-0.110656 -0.87851 -0.306231 0.45643 0.262974 -0.85001
-0.763346 0.932546 -0.407466 -0.558044 0.080522 -0.825895
-0.606507 1.351919 -0.012204 -0.192023 0.98108 -0.024669
0.042081 1.004277 0.303096 -0.145972 0.022962 0.989022
-0.602536 -1.180416 0.373417 -0.174058 -0.641715 0.746931
0.237053 1.320215 0.084513 -0.199093 0.954084 0.223801
0.054156 -1.016236 0.304546 -0.178766 -0.066588 0.981636
0.134038 -1.116767 -0.29966 -0.285113 -0.39961 -0.871219
0.872938 0.077279 -0.470309 -0.268187 0.304508 -0.913975
-1.302643 -0.37058 0.164839 -0.687456 -0.615199 0.38592
-0.650087 1.161979 -0.373898 -0.291836 0.596358 -0.74779
-0.928623 -1.048509 -0.170903 -0.844413 -0.392773 -0.364274
-0.606508 -0.675984 -0.422033 -0.27468 0.488509 -0.828196
-0.44826 -1.116957 -0.419049 0.173569 -0.510462 -0.842201
0.96514 -0.389371 0.330817 -0.043579 -0.408061 0.911914
-0.929146 0.659167 -0.282907 -0.502797 0.026085 -0.864011
0.300841 -1.167087 -0.336664 -0.314635 -0.562467 -0.764615
1.051374 0.815728 0.024189 0.940054 0.333912 0.069296
-1.212706 -0.511935 -0.08078 -0.73803 -0.632004 -0.236395
0.614792 -0.674278 0.418258 0.278401 0.48808 0.827207
0.187464 -0.760564 -0.321801 -0.694084 0.286813 -0.660292
-0.778403 -1.165737 -0.284826 -0.580956 -0.580204 -0.570835
0.446893 -0.54231 0.343857 0.110874 0.780545 0.615189
-0.148972 -0.605945 0.094049 0.837925 0.51678 0.175556
-0.905029 -1.149231 -0.046884 -0.821123 -0.562579 -0.096238
0.916066 -1.119391 0.094047 0.837268 -0.510847 0.194983
1.003795 0.850263 -0.157055 0.874639 0.252889 -0.413586
1.096644 0.254898 -0.400606 0.154013 0.511053 -0.845639
-0.978638 -0.93844 0.153207 -0.885254 -0.291949 0.362065
1.251004 0.294446 0.305983 0.507604 0.548021 0.664839
0.477058 1.26892 -0.284413 -0.065814 0.807607 -0.586037
-1.213562 0.425517 -0.212436 -0.570537 0.610045 -0.549848
1.263699 0.425332 0.144094 0.679448 0.635904 0.366029
-0.938316 0.766734 0.270337 -0.681197 0.068604 0.728879
-0.887584 0.686195 -0.307567 -0.492324 -0.074862 -0.867187
-0.277208 1.286737 -0.193336 0.225821 0.848751 -0.478149
0.205714 -0.484499 0.026061 -0.86835 0.494023 0.043694
0.358079 -0.504427 -0.298954 -0.030106 0.835954 -0.547973
-1.387715 0.012665 0.315408 -0.775313 0.030733 0.630829
1.119816 0.659658 0.016788 0.872309 0.485747 0.055919
-0.680105 -1.331551 0.010124 -0.343799 -0.938824 0.020291
0.403199 1.275445 -0.260256 -0.159572 0.812796 -0.560268
0.809817 0.098449 -0.437597 -0.399065 0.393428 -0.828228
-0.061048 0.865607 -0.279041 0.301052 -0.391813 -0.869396
-0.860804 -1.139448 0.203186 -0.741475 -0.52915 0.412572
-0.246259 -0.900572 -0.397572 0.557854 -0.008927 -0.829891
-0.615699 -0.348405 -0.067001 0.869193 0.441321 -0.223022
1.298317 -0.095745 -0.386506 0.58804 -0.237181 -0.773275
0.399583 0.807626 0.482649 -0.303782 -0.067043 0.95038
-1.209649 0.524358 0.052516 -0.759396 0.631564 0.156347
-0.897871 -0.289035 0.366286 0.283743 -0.454492 0.84435
0.415861 -1.356054 -0.049412 -0.096096 -0.989453 -0.108392
1.208562 -0.010889 0.454242 0.416935 -0.03057 0.908422
-0.469888 -0.429788 -0.087494 0.076986 0.981852 -0.173319
1.092227 0.522103 0.228393 0.503201 0.481532 0.717577
-0.701121 0.12981 -0.340765 0.616033 0.495792 -0.612123
-0.905675 -0.353156 -0.337536 0.228222 -0.381424 -0.895785
0.95046 0.400414 -0.325273 -0.060795 0.374117 -0.925387
-0.153225 1.304182 0.081667 0.172672 0.954777 0.242042
-0.607884 -1.078106 0.439687 -0.207664 -0.428577 0.879317
-0.148931 0.942627 0.337964 0.465861 -0.047305 0.883592
-0.763215 0.157361 0.3741 0.521636 0.49071 0.697925
0.794146 0.022261 -0.454251 -0.412345 0.113884 -0.903882
-0.513425 -1.320711 0.196138 -0.013848 -0.914898 0.403447
0.325254 0.427202 -0.092861 0.016128 -0.987684 -0.155627
0.091586 0.723513 -0.183789 -0.577925 -0.653197 -0.489221
-0.153075 1.148856 -0.289113 0.283832 0.493859 -0.821914
-0.705901 -1.276391 -0.197711 -0.404297 -0.824697 -0.395498
-0.188082 0.729374 0.307594 0.725021 -0.318824 0.610487
-0.571762 0.118299 0.123172 0.815986 0.540848 0.204083
0.16859 0.562208 0.061632 -0.879668 -0.464072 0.104026
-1.377459 0.277643 0.16335 -0.772136 0.531995 0.347546
-0.843475 0.761206 -0.34376 -0.545436 -0.113383 -0.830448
0.862574 -0.881375 0.332891 0.673183 -0.063423 0.736751
-0.967902 0.820211 -0.228237 -0.785261 0.161693 -0.597679
0.22712 1.184463 -0.292692 -0.305225 0.592748 -0.74531
-0.574699 0.604315 -0.380345 -0.195345 -0.6357 -0.74681
-0.616407 0.234289 0.039332 0.956645 0.276368 0.091934
-0.731856 1.080428 -0.384638 -0.498261 0.399434 -0.769538
0.148125 0.748261 -0.272415 -0.679065 -0.407555 -0.610549
-1.120402 -0.62972 0.093705 -0.811933 -0.493416 0.311938
-0.943324 0.233624 0.410424 0.182365 0.493488 0.850419
0.908659 -0.329554 0.348996 -0.240804 -0.417876 0.87601
1.399687 0.208578 0.205295 0.796192 0.434461 0.421096
-0.375783 -1.07889 -0.419058 0.309639 -0.415698 -0.855172
0.833282 1.104851 0.278338 0.691089 0.452419 0.56366
0.163537 1.314107 0.03699 -0.173462 0.97886 0.10837
-0.372555 0.552911 0.3612 0.072702 -0.719493 0.690684
0.784301 -0.958239 0.389035 0.594941 -0.139576 0.791558
-0.589918 1.104874 -0.429271 -0.154521 0.489672 -0.858105
0.758492 0.290666 -0.285273 -0.624231 0.31113 -0.716613
-1.101074 0.32617 -0.354557 -0.198665 0.537129 -0.819771
-0.875821 0.258658 0.374924 0.335643 0.468777 0.817063
-0.75016 -0.766403 0.399915 -0.457226 0.229787 0.859152
-1.413912 0.085016 -0.264906 -0.824143 0.197536 -0.530818
0.132181 -0.832573 0.303159 -0.555885 0.3151 0.769223
0.840532 0.607825 -0.31613 0.275508 -0.191414 -0.942049
0.991627 0.79 -0.205216 0.798216 0.193169 -0.570559
-0.533342 1.119277 -0.426131 -0.011494 0.525097 -0.850965
0.634913 0.267395 0.100236 -0.952423 0.152767 0.263727
1.093107 0.7044 -0.048269 0.894219 0.419098 -0.157254
-0.384557 1.155078 0.376766 0.254368 0.562948 0.786376
0.296821 -0.545419 -0.324321 -0.485985 0.59155 -0.643341
0.217874 -1.325861 -0.017089 -0.19067 -0.980548 -0.046578
-0.537996 1.307439 -0.222263 -0.05154 0.890174 -0.452696
0.909847 0.58225 -0.292951 0.300068 0.015545 -0.953791
-0.917048 -0.914409 0.268817 -0.77176 -0.175904 0.6111
-0.111803 0.93324 -0.318905 0.403793 -0.123638 -0.906457
1.041506 -0.743134 -0.147922 0.840935 -0.295627 -0.453248
0.92717 0.186897 -0.433471 -0.205105 0.476859 -0.854715
0.04582 1.008028 -0.303556 -0.156545 0.036633 -0.986991
0.122174 -1.085968 -0.308075 -0.290957 -0.307422 -0.906
-0.264947 -0.885422 -0.410344 0.559967 -0.007844 -0.828478
1.338764 -0.295161 0.210646 0.698669 -0.552132 0.454985
0.564567 -0.129289 0.029171 -0.842558 -0.536405 0.048632
-0.36213 -1.065435 0.420202 0.335559 -0.384839 0.859825
-0.961216 0.530012 0.284397 -0.252776 0.212774 0.943839
-1.273762 0.37124 0.207283 -0.625265 0.608383 0.488788
-0.359979 -0.729026 0.455646 0.403832 0.20821 0.890825
0.550287 -0.568479 -0.352542 0.149936 0.711255 -0.686757
-0.754376 -0.80759 -0.406934 -0.493788 0.159054 -0.854913
1.269819 0.306839 0.279594 0.556553 0.559971 0.613743
-1.039869 -0.834301 0.062757 -0.932224 -0.317121 0.174337
-0.606176 -0.460056 0.223279 0.225228 0.767029 0.600782
-0.447004 0.660134 0.447078 -0.026757 -0.494088 0.869
0.67833 -0.392287 -0.207772 -0.622784 0.363993 -0.692567
0.578684 -0.38309 -0.020066 -0.631138 0.773148 -0.062497
0.016813 -0.985873 -0.300197 -0.062812 0.045378 -0.996993
-0.883399 1.137515 0.159337 -0.781896 0.531659 0.325543
0.671066 -1.334841 -0.004614 0.32425 -0.945926 -0.009253
-0.714291 -1.180054 0.324478 -0.439019 -0.621321 0.649016
-1.244154 0.264564 0.334164 -0.478179 0.520211 0.70762
-0.914575 1.029422 0.216336 -0.816079 0.348943 0.46071
-1.088463 0.016035 -0.491694 -0.176356 0.051196 -0.982994
0.284668 1.199582 0.303806 -0.293947 0.6336 0.715644
0.280006 -1.099806 -0.3686 -0.376935 -0.409668 -0.830717
-1.349768 0.360756 0.050778 -0.778639 0.616556 0.116534
0.778239 0.12392 -0.406428 -0.471113 0.457428 -0.754196
-0.790286 0.371122 0.285676 0.483195 0.122991 0.866831
-0.69521 -0.862052 -0.447017 -0.444734 0.083272 -0.891783
-0.4186 0.448574 0.165973 -0.052573 -0.957052 0.285108
-0.816683 0.822898 0.369359 -0.574022 -0.073957 0.815493
0.679983 -0.884025 -0.455858 0.423144 0.036611 -0.905323
-0.523957 1.29382 -0.24823 -0.022148 0.862105 -0.506245
-0.651558 -0.496348 0.273376 0.117541 0.658005 0.743783
-0.46994 1.098025 -0.433957 0.134898 0.480032 -0.866817
0.671393 -0.942085 -0.457884 0.401629 -0.09683 -0.910669
-0.939724 -0.461533 0.304389 -0.036953 -0.262128 0.964325
0.814665 -0.941356 -0.367793 0.635452 -0.121585 -0.762507
-0.463278 -1.331245 0.167456 0.055752 -0.933906 0.353146
-1.292283 0.007911 0.405573 -0.584492 0.020626 0.811137
-0.594995 -1.301285 0.221088 -0.160629 -0.880841 0.445329
0.247539 -0.629708 -0.330795 -0.739679 0.327038 -0.588151
0.675732 -1.113932 0.396773 0.365101 -0.486927 0.793476
-1.348566 0.028164 0.35709 -0.696427 0.070056 0.7142
-0.648042 0.300646 -0.130438 0.924209 0.005368 -0.381851
-0.674121 1.217424 0.309953 -0.339047 0.7076 0.61996
-0.493673 -0.563709 -0.359963 -0.144041 0.737222 -0.660118
1.096244 0.348876 0.340854 0.207938 0.536647 0.817784
0.714115 0.110721 0.367418 -0.581015 0.468541 0.665501
1.127606 -0.176704 0.437287 0.219744 -0.428163 0.876578
-0.779973 1.273741 0.071989 -0.568582 0.809917 0.144047
0.231059 -0.541914 0.238244 -0.795538 0.440598 0.415924
0.316118 -0.997959 -0.424075 -0.431961 -0.237611 -0.870029
0.93863 -1.097562 -0.027817 0.872469 -0.485143 -0.0586
1.121608 -0.59114 -0.140925 0.728052 -0.505631 -0.462901
0.338363 -1.099957 -0.393913 -0.339751 -0.437938 -0.832334
-0.953446 -0.42041 0.317615 0.019415 -0.351005 0.936172
-1.32077 0.25685 0.273445 -0.640785 0.509027 0.574705
0.404273 0.712255 -0.465981 -0.206704 -0.298811 -0.931657
0.100515 1.09321 0.299167 -0.246217 0.322727 0.913906
0.210977 -1.306462 0.113419 -0.202831 -0.92877 0.310234
-0.256791 -0.808785 0.399291 0.625042 0.109095 0.77293
1.094519 -0.63804 -0.137028 0.774492 -0.437728 -0.45668
0.576386 -0.573903 0.352333 0.151899 0.68642 0.711164
0.625975 -0.173551 -0.181894 -0.80982 -0.479073 -0.338646
-1.207392 0.501766 0.116401 -0.704321 0.624812 0.33696
1.009385 -0.846319 -0.147384 0.882083 -0.261259 -0.392011
-0.313335 -0.717237 0.426154 0.558201 0.20371 0.804309
1.432013 0.027506 0.249948 0.863616 0.064707 0.49998
0.879502 0.362426 -0.326446 -0.281087 0.328712 -0.901631
0.85249 0.05504 -0.470559 -0.301883 0.237182 -0.92337
-1.195842 0.195175 0.404431 -0.362696 0.442501 0.820149
-0.582793 1.130904 -0.414518 -0.131809 0.54422 -0.828523
-0.671057 0.335312 -0.177478 0.823355 -0.107304 -0.557291
-0.513572 1.362142 0.00963 -0.031028 0.999319 0.019989
1.189091 -0.553387 -0.035984 0.782838 -0.612098 -0.111805
-0.165439 0.90383 0.343974 0.527925 -0.105491 0.842714
-1.378279 -0.009371 0.326799 -0.756491 -0.022895 0.653604
-0.577033 -0.701791 0.445813 -0.261064 0.442476 0.85794
0.749461 -0.46034 -0.276209 -0.280845 0.301866 -0.911045
-0.533908 1.33039 -0.170553 -0.051808 0.935619 -0.34919
-0.055089 -1.24876 -0.17208 0.088378 -0.821982 -0.562614
-0.526602 1.078418 -0.448878 0.002846 0.445562 -0.895247
-0.520739 -1.308788 0.220999 -0.021663 -0.89155 0.452405
1.241141 -0.261686 -0.338273 0.47057 -0.517373 -0.714765
0.098504 0.74393 -0.215295 -0.575973 -0.587914 -0.56799
-0.605162 0.422774 -0.171714 0.422483 -0.750009 -0.508915
1.034762 -0.295172 0.382892 0.030662 -0.513382 0.857612
1.497038 -0.049964 0.011438 0.993377 -0.112596 0.022895
0.188501 0.728795 0.307791 -0.725616 -0.318405 0.61
-0.211193 1.314925 0.084143 0.196649 0.952943 0.230712
-0.758144 -0.335636 -0.270372 0.609122 -0.164647 -0.775798
-0.510659 1.346929 -0.120826 -0.020058 0.96798 -0.250225
-0.643391 0.189516 0.200003 0.801255 0.454779 0.3888
0.748547 -0.348508 -0.260673 -0.618194 -0.090933 -0.780748
-1.488652 0.037516 0.098071 -0.976849 0.085207 0.196229
0.475618 -0.901596 -0.497012 -0.099154 -0.095918 -0.990438
-0.715889 -0.956794 -0.433876 -0.483031 -0.124971 -0.866639
-0.023311 1.288263 -0.084476 0.033039 0.959233 -0.280677
0.268396 -0.434453 0.094696 -0.331138 0.925072 0.185982
1.147753 0.193382 0.423266 0.260501 0.447779 0.855356
-0.94298 -0.101469 -0.477242 0.137833 -0.341944 -0.929557
0.426747 1.11931 0.41267 -0.211297 0.508862 0.834514
-0.636135 -0.59014 -0.353772 -0.16722 0.607277 -0.776693
-0.414298 -0.668454 0.450155 0.103916 0.434864 0.89448
1.121712 -0.451773 0.259767 0.415696 -0.542316 0.73013
-1.055459 -0.560596 -0.230837 -0.517625 -0.393942 -0.759522
-0.201699 0.637275 0.268288 0.801288 -0.362933 0.475623
-0.556255 0.060092 -0.190335 0.825096 0.456231 -0.333273
0.269639 -0.632849 -0.357881 -0.683604 0.327182 -0.652409
-0.895966 1.155933 0.075381 -0.805428 0.572299 0.154142
0.934051 -1.045458 0.161298 0.852589 -0.392223 0.34533
-0.6307 0.326874 0.091356 0.927684 -0.231 0.293327
0.501576 -0.633989 0.422764 0.165457 0.588305 0.791531
-1.409576 0.281638 0.017645 -0.843321 0.536094 0.037596
-0.483878 -1.353949 -0.089851 0.016241 -0.981912 -0.188638
1.058679 0.713222 -0.136814 0.83446 0.337411 -0.435695
0.455147 1.162136 -0.389756 -0.145353 0.596509 -0.789335
0.836184 0.508578 -0.300183 -0.016895 -0.10795 -0.994013
-1.080303 -0.734954 -0.043291 -0.911872 -0.386875 -0.137178
0.792863 1.06686 0.34507 0.618046 0.367049 0.695194
-0.513759 -0.454125 -0.183425 0.08263 0.916884 -0.390508
0.153484 1.28915 -0.127156 -0.18261 0.908665 -0.375474
0.577555 -1.352288 -0.06694 0.136643 -0.981236 -0.136032
1.148322 -0.404977 0.280828 0.394482 -0.566794 0.723276
-0.724873 0.996522 0.420862 -0.496631 0.21299 0.841423
-1.396039 0.184136 -0.23431 -0.785365 0.394961 -0.476663
-0.159275 -1.314853 0.019279 0.170126 -0.983783 0.056815
0.1524 0.589731 -0.054358 -0.855621 -0.508203 -0.098194
0.227552 -0.576033 0.264254 -0.79923 0.391099 0.456369
-1.015009 -0.675372 0.215224 -0.684052 -0.238888 0.689206
1.009319 -0.938872 0.001734 0.940279 -0.340378 0.004216
-0.223567 0.500045 0.165102 0.813261 -0.504818 0.289421
1.007591 0.536936 0.26676 0.361967 0.3128 0.878144
0.691645 1.296337 0.166566 0.370496 0.866946 0.333373
0.385366 -1.150142 -0.380519 -0.256313 -0.553609 -0.792351
0.859856 0.339357 0.328168 -0.351476 0.344228 0.870616
-1.05951 -0.68539 0.155521 -0.791164 -0.344218 0.505543
-0.322524 -0.428157 0.098906 -0.007277 0.985939 0.166947
1.316077 -0.306513 0.22957 0.656977 -0.562858 0.50157
-0.501723 0.5177 0.299531 -0.092865 -0.820958 0.563386
0.991999 0.625589 0.248579 0.542306 0.202583 0.815392
-0.021497 0.778596 -0.204779 0.146022 -0.724078 -0.674083
0.273661 0.652837 -0.371357 -0.671451 -0.297464 -0.678726
-0.191472 0.625231 -0.239803 0.817631 -0.389545 -0.423951
0.396612 1.337801 0.12872 -0.12594 0.950229 0.284962
-1.293777 0.347462 -0.210668 -0.642991 0.595927 -0.481076
1.325741 0.337391 0.175142 0.702913 0.592357 0.393733
0.347507 -0.503519 0.296631 -0.069624 0.830571 0.552544
1.106022 0.154414 -0.4525 0.17889 0.397784 -0.89987
0.552595 0.633055 0.409509 0.213364 -0.589511 0.779072
-0.52954 0.689312 0.451935 -0.196707 -0.465892 0.8627
1.461557 0.120096 0.143796 0.91958 0.265935 0.289226
-0.956646 -0.254437 0.400983 0.154027 -0.495368 0.854919
-0.268344 1.319796 -0.110879 0.200991 0.938366 -0.281196
1.048205 -0.255323 -0.406095 0.048013 -0.50834 -0.859817
-0.220764 0.528121 -0.20004 0.824964 -0.449355 -0.342804
1.178927 -0.44792 0.222212 0.533955 -0.592042 0.603638
0.179688 -1.093438 -0.326647 -0.357598 -0.34925 -0.866111
-1.048083 -0.483441 -0.274295 -0.319924 -0.435673 -0.841331
0.222001 0.641756 0.303128 -0.777409 -0.330567 0.535127
-0.649075 -0.328329 -0.137788 0.886224 0.157539 -0.435647
1.462292 -0.16368 -0.081725 0.922047 -0.349866 -0.165598
-0.860724 1.085826 -0.257585 -0.738069 0.42145 -0.52691
1.089102 -0.308794 0.368376 0.159679 -0.530606 0.832442
-0.498419 1.326177 -0.183412 0.007778 0.925006 -0.379872
1.089093 -0.269865 -0.392799 0.141457 -0.518437 -0.843334
-0.669151 0.618949 -0.366304 -0.221014 -0.530147 -0.818594
0.555717 -0.116809 0.006534 -0.837259 -0.546702 0.010688
0.211975 1.313512 -0.090407 -0.197953 0.94845 -0.2475
-1.11262 0.111461 0.467889 -0.204378 0.311526 0.927999
-0.892337 1.123214 -0.160469 -0.796495 0.506944 -0.329552
0.776588 -0.441199 0.280426 -0.323244 0.15146 0.934116
-0.648236 -0.504351 -0.280048 0.083525 0.664343 -0.742746
-1.219436 0.30798 -0.317114 -0.447183 0.555673 -0.700895
-0.762116 -0.191415 -0.348911 0.551395 -0.485475 -0.678438
-1.407842 0.047637 0.284533 -0.814297 0.113137 0.569316
-0.4904 0.43632 0.125316 0.099434 -0.960489 0.259949
-0.069339 -1.170216 0.253191 0.142139 -0.563223 0.813988
0.560178 -1.355992 0.054481 0.10608 -0.988117 0.111232
0.564676 0.81658 0.488253 0.216344 -0.16684 0.961956
0.518412 -0.692467 0.456004 0.176266 0.454762 0.872996
-0.279278 -1.114477 0.360719 0.365024 -0.440575 0.820153
-0.535743 0.665 -0.436194 -0.20796 -0.522935 -0.826614
-0.928198 -1.089799 -0.113283 -0.853178 -0.464158 -0.238
-0.662617 1.314786 0.145604 -0.305668 0.90629 0.2919
-0.115224 0.746549 0.23517 0.620594 -0.520991 0.58603
0.689519 0.406388 -0.224129 -0.552067 -0.372173 -0.746129
-0.618465 1.283575 -0.24452 -0.208587 0.845944 -0.490784
0.635966 1.065157 -0.437881 0.283063 0.391295 -0.875651
0.655583 -0.484975 0.264168 -0.168147 0.646628 0.744043
0.176034 -0.740864 0.299634 -0.710379 0.336826 0.617989
0.386852 -0.483206 -0.260317 0.064285 0.89166 -0.448119
-0.185183 -1.225752 -0.238075 0.251349 -0.708897 -0.659006
1.479173 0.041871 -0.135605 0.95773 0.095494 -0.271357
-0.175041 1.165894 -0.286005 0.291526 0.54234 -0.78796
-0.416554 0.659983 0.446116 0.082036 -0.462116 0.883017
0.181331 -0.533843 0.043614 -0.891935 0.446561 0.07096
-0.946261 1.025274 0.153041 -0.866821 0.370929 0.333216
-1.046366 -0.773356 0.114221 -0.887375 -0.310625 0.340702
-0.899821 1.160339 0.012033 -0.812594 0.58231 0.024616
-0.001595 -0.713011 -0.087429 0.013437 0.956506 -0.291402
-0.025598 -0.977693 0.300428 0.097385 0.070081 0.992776
0.544339 -0.548254 -0.331672 0.120496 0.749069 -0.651441
-0.90797 -0.289356 -0.369356 0.260168 -0.46041 -0.848726
0.385942 -0.609806 0.411805 -0.127244 0.569189 0.812301
0.21101 -0.637193 0.283452 -0.793004 0.348198 0.499903
-1.318177 0.123842 0.360402 -0.62504 0.294514 0.722901
-1.009989 0.26412 -0.401211 0.034649 0.505744 -0.861988
-0.810353 -1.14816 -0.267176 -0.646868 -0.541165 -0.53731
0.763668 0.211759 0.335845 -0.565195 0.469134 0.678578
-0.95964 -0.864817 0.226392 -0.807513 -0.183409 0.560611
0.057632 -1.261433 -0.152361 -0.088198 -0.862944 -0.497543
-0.785164 1.240703 -0.166654 -0.584286 0.739779 -0.333672
0.745562 -1.227895 0.242022 0.500325 -0.717821 0.484158
-0.575252 0.418223 -0.136006 0.393446 -0.836445 -0.381522
-0.684235 0.690849 -0.401935 -0.331881 -0.410937 -0.849109
0.21529 -0.469611 -0.034114 -0.832056 0.551454 -0.059848
-0.859065 -1.001723 0.308621 -0.720188 -0.259983 0.643224
-0.643824 0.894392 0.471514 -0.357166 -0.008106 0.934006
0.997774 0.958087 0.059365 0.928598 0.343427 0.140583
-0.130208 0.82197 0.297136 0.564116 -0.340644 0.752153
-0.940462 0.985229 0.200607 -0.84281 0.303842 0.444243
-0.717211 0.496754 0.28463 0.143487 -0.475828 0.867756
-0.851927 0.555539 0.304774 -0.147251 -0.125288 0.981132
0.833475 -1.235506 -0.031095 0.684853 -0.726 -0.062454
-0.987426 0.666801 0.242234 -0.616405 0.172447 0.768314
-1.376772 0.208592 0.243701 -0.747735 0.437239 0.499713
-0.831153 0.122938 0.43522 0.369253 0.433153 0.822211
-0.964017 0.990732 0.142937 -0.884085 0.339266 0.32139
0.113627 1.241013 -0.195904 -0.173013 0.778025 -0.60394
-0.893456 -0.079842 0.475004 0.228474 -0.303522 0.925027
-1.239532 0.444553 0.154419 -0.65978 0.631922 0.406651
-0.73706 0.429149 0.261484 0.4159 -0.260039 0.871439
0.590216 0.85542 -0.487017 0.25696 -0.082952 -0.962855
-0.32007 1.28469 0.216136 0.215327 0.835234 0.505982
-0.584253 0.438362 -0.181267 0.297609 -0.819004 -0.490572
0.73764 0.555841 -0.316599 0.06812 -0.447801 -0.891535
-1.148435 0.392879 -0.290177 -0.377215 0.565925 -0.733101
0.084298 1.304383 0.013561 -0.106952 0.993314 0.043465
1.47731 0.017789 -0.147688 0.954501 0.040797 -0.295404
0.152465 -0.672674 0.213924 -0.76894 0.470088 0.433299
0.748769 -0.240966 0.303114 -0.623281 -0.418435 0.660631
1.318687 -0.098261 0.369321 0.629243 -0.239602 0.739354
0.198976 -1.209025 -0.260212 -0.27296 -0.659486 -0.700408
0.275747 0.985087 -0.406029 -0.473263 0.183061 -0.86169
0.264716 -1.308204 -0.141945 -0.210071 -0.908942 -0.360132
0.841441 0.563415 -0.307577 0.15795 -0.163914 -0.973747
-0.806527 1.226769 -0.157749 -0.630928 0.708452 -0.316269
0.279719 1.311293 -0.142824 -0.206439 0.911565 -0.355572
0.706148 0.453985 -0.258267 -0.328101 -0.4464 -0.832512
0.990285 -0.42349 -0.315345 0.069744 -0.403683 -0.912237
-0.392673 1.340811 -0.116323 0.127419 0.957524 -0.258673
-0.574623 -0.123909 0.119764 0.818965 -0.537985 0.199668
-0.366405 -0.583301 0.388191 0.166061 0.620887 0.766109
0.512394 -1.198657 -0.365748 -0.026151 -0.675975 -0.736461
-0.928181 -0.241373 0.402351 0.216486 -0.491332 0.843639
-0.957924 1.030312 0.110867 -0.887989 0.390587 0.242729
0.969607 -0.54358 0.278786 0.303874 -0.217203 0.927622
0.921023 -0.24243 -0.399827 -0.232395 -0.489879 -0.840245
-0.304451 0.439747 -0.148083 0.094453 -0.958758 -0.26807
-1.018384 0.818083 0.146087 -0.875783 0.26357 0.404394
1.499834 -0.01205 -0.001264 0.999624 -0.027304 -0.002529
-0.151011 -0.776187 -0.29222 0.650748 0.360791 -0.6681
0.803931 1.034328 -0.350625 0.636641 0.300493 -0.710206
0.095989 -0.658183 -0.019709 -0.679977 0.731635 -0.048387
-0.210642 0.486356 -0.082464 0.853849 -0.50127 -0.14025
-0.423968 0.614893 -0.418031 -0.01083 -0.597278 -0.801961
-0.733311 0.098324 -0.391079 0.541312 0.434661 -0.719758
-0.242328 0.505936 -0.216578 0.737561 -0.544485 -0.399424
1.495259 -0.047403 0.046636 0.989867 -0.107006 0.093342
-1.317649 -0.203208 -0.318177 -0.621762 -0.436525 -0.650275
-0.801235 -0.681391 0.349658 -0.391648 0.25863 0.883019
-0.345023 -0.641276 -0.417747 0.384122 0.405989 -0.829231
1.049516 0.145936 0.463746 0.063479 0.397775 0.915284
0.533367 -0.082783 -0.004922 -0.840987 -0.540996 -0.008001
-1.206717 0.534429 -0.004462 -0.776191 0.630354 -0.013465
-0.565979 0.000111 -0.248245 0.868042 0.001081 -0.49649
-0.511833 -0.659851 0.438468 -0.175475 0.530776 0.829148
0.813276 0.893323 0.373734 0.613989 0.034732 0.78855
-0.826686 -0.688182 0.339662 -0.425986 0.204992 0.8812
-0.414365 0.989088 -0.46682 0.276876 0.270967 -0.921909
-0.213033 1.048368 0.357277 0.420551 0.258799 0.869575
-0.108113 -0.742692 0.224042 0.606628 0.553659 0.570495
-0.299902 -0.466027 -0.217053 0.216735 0.882095 -0.418251
0.671479 0.061205 -0.359997 -0.6447 0.362089 -0.673241
0.459964 -1.12605 -0.415654 -0.14839 -0.530067 -0.834871
1.319518 -0.222967 0.302348 0.628599 -0.465089 0.623342
-0.145654 1.04535 -0.327906 0.362119 0.205679 -0.909157
-0.761345 0.275224 -0.295015 0.612892 0.355842 -0.705507
0.14817 0.859721 -0.323768 -0.552879 -0.225525 -0.802162
-1.303615 0.070358 -0.389232 -0.602265 0.177284 -0.778362
0.522269 0.4267 0.109027 -0.218123 -0.941724 0.256085
-1.017191 -0.613156 0.234845 -0.563262 -0.27299 0.779879
-1.371496 -0.278659 0.174548 -0.759835 -0.533363 0.371719
0.141716 -0.649606 -0.161885 -0.784947 0.525184 -0.328693
-0.329765 -1.206481 -0.315508 0.269154 -0.655151 -0.705927
-0.960449 0.615427 0.269281 -0.462909 0.127191 0.877233
0.846034 1.059433 -0.294767 0.710192 0.363838 -0.602702
0.243237 0.703317 -0.359733 -0.71185 -0.248178 -0.657022
0.735083 0.675979 -0.375144 0.338173 -0.372349 -0.864289
-0.300282 0.752563 -0.42449 0.587413 -0.148476 -0.795551
0.516585 0.054874 0.000531 -0.880058 0.474865 0.000911
-0.664832 -0.375519 -0.184905 0.707055 0.34834 -0.615412
-0.434092 0.801225 -0.490724 0.177429 -0.105118 -0.978504
0.512608 -0.046546 0.017537 -0.899103 -0.436642 0.030932
-0.539182 1.148581 0.406505 -0.025445 0.581917 0.81285
-0.76007 0.776615 -0.397109 -0.475516 -0.204085 -0.855706
0.683194 -1.229117 -0.290689 0.358413 -0.730396 -0.581431
0.662506 1.181415 0.35221 0.317797 0.634655 0.704428
-0.633667 -0.581617 0.347504 -0.150158 0.621355 0.769006
1.345508 0.259725 -0.240135 0.695117 0.511275 -0.505382
-1.221459 -0.06659 -0.441458 -0.436703 -0.179565 -0.881503
0.609354 0.183112 0.116822 -0.864206 0.45043 0.224189
-0.668967 0.256547 0.190133 0.842752 0.278103 0.460899
0.974135 -1.021236 0.047904 0.9126 -0.394708 0.10662
0.139162 -0.739217 0.255761 -0.677136 0.44803 0.583743
-0.939701 -0.792552 0.266168 -0.711802 -0.087293 0.696935
-0.79493 -0.963194 0.379922 -0.612205 -0.153514 0.775654
0.693462 -0.178998 -0.289642 -0.680148 -0.487081 -0.547859
-0.302782 -0.95252 0.427236 0.476984 -0.150527 0.865926
-0.533303 -0.041501 -0.152145 0.881104 -0.382835 -0.277655
0.00446 1.230101 0.19252 -0.007828 0.766961 0.641646
1.162003 -0.177985 -0.426504 0.292241 -0.423368 -0.857529
0.494463 0.418581 0.009246 -0.183914 -0.982732 0.020356
-0.534677 -1.041304 -0.465402 -0.024154 -0.370156 -0.928655
0.448052 -0.922804 0.490236 -0.190573 -0.149348 0.970246
-1.238609 -0.146692 0.406752 -0.457266 -0.354586 0.815584
-1.409371 0.146453 -0.240435 -0.811884 0.324959 -0.485022
0.103159 1.239964 0.194368 -0.160482 0.778494 0.606789
0.328589 -0.421174 0.036273 0.032589 0.997685 0.059693
-0.811449 -0.789446 -0.368816 -0.539402 0.126824 -0.832443
0.880618 1.005751 0.281124 0.754991 0.281786 0.592102
0.470279 0.756533 -0.485977 -0.004638 -0.253104 -0.967428
-0.621626 0.319199 -0.043457 0.964933 -0.222961 -0.138537
-1.247225 -0.231851 0.354941 -0.475493 -0.483932 0.734654
0.049422 -0.934797 0.298211 -0.206453 0.194827 0.958864
-0.064509 0.827199 -0.259885 0.349137 -0.495505 -0.795348
-1.483254 -0.119216 -0.024327 -0.963953 -0.261532 -0.04894
0.940288 0.796549 -0.26505 0.71683 0.091217 -0.691255
-0.74564 0.404972 -0.260357 0.491499 -0.142419 -0.859154
-0.735788 1.104776 -0.368253 -0.501989 0.452756 -0.736899
0.511627 -1.36028 -0.044004 0.027247 -0.995444 -0.091376
1.057083 -0.129379 0.47 0.084466 -0.364919 0.9272
-0.658899 1.010148 -0.449775 -0.356585 0.25846 -0.8978
-0.794157 1.196014 0.23083 -0.609318 0.643869 0.462778
0.642577 0.296459 0.116375 -0.940967 0.010879 0.338322
-0.717276 -1.197435 0.304721 -0.44236 -0.657908 0.609487
-0.932297 -0.012013 0.495104 0.135794 -0.047891 0.989579
-0.877097 0.485897 0.300552 0.022856 0.059717 0.997954
-0.614283 1.331428 0.134663 -0.204331 0.94054 0.271355
-0.816502 0.098571 0.440695 0.3863 0.390357 0.835699
-0.205852 -0.951095 -0.370248 0.510148 -0.046614 -0.858823
-0.504291 1.041509 -0.464786 0.056177 0.374877 -0.925371
1.130805 0.56861 0.151618 0.694804 0.527088 0.489311
0.18984 1.18775 0.275251 -0.284736 0.602123 0.745904
1.252651 0.027138 -0.430321 0.504312 0.072882 -0.860441
0.510161 -1.342758 0.135984 0.017526 -0.959428 0.281407
1.380125 -0.271805 0.166274 0.774912 -0.524747 0.352353
-0.604898 0.046611 -0.291477 0.764087 0.345299 -0.544922
-0.5934 -0.741765 0.458902 -0.287098 0.354076 0.890059
-0.572916 -0.130157 0.093006 0.830784 -0.534292 0.155979
-1.089542 -0.201774 0.432168 -0.135756 -0.466908 0.873823
0.100938 0.680967 -0.127083 -0.665131 -0.677847 -0.313248
-1.092289 0.003149 0.491393 -0.184556 0.010031 0.982771
-0.189924 -0.532778 0.103383 0.882919 0.438139 0.168783
0.621222 1.188956 0.36088 0.217807 0.656854 0.721875
0.265309 -0.441176 -0.118386 -0.391027 0.889812 -0.23523
0.559487 -1.339063 -0.138434 0.099816 -0.954233 -0.281917
-0.050425 0.807293 -0.240145 0.298703 -0.583544 -0.755151
-1.134625 -0.096095 0.467276 -0.253755 -0.270225 0.928756
0.689224 0.26883 0.216731 -0.798798 0.267307 0.538952
-0.694553 1.048095 -0.420785 -0.425704 0.334686 -0.840691
-0.398635 0.441307 -0.143586 -0.059366 -0.968809 -0.240595
-0.399177 0.427157 0.063401 -0.041936 -0.993436 0.106421
-0.996871 -0.957333 0.066704 -0.92663 -0.341198 0.157927
0.553528 -0.4254 0.132309 -0.302329 0.889502 0.342613
0.34116 -0.84829 0.458259 -0.471009 -0.01168 0.882051
0.48387 1.136181 -0.412595 -0.097901 0.553529 -0.827056
-1.037102 0.57667 -0.235466 -0.518539 0.344166 -0.78273
-0.872803 0.876073 -0.32388 -0.683846 0.067953 -0.726455
-0.966345 1.015526 -0.103058 -0.8973 0.377507 -0.228783
0.639011 8.8e-5 -0.345958 -0.721977 0.00068 -0.691916
0.56072 0.840712 -0.492468 0.193773 -0.104128 -0.975505
0.567643 1.051635 0.458784 0.109887 0.383676 0.916907
0.617414 -0.000569 -0.321911 -0.765167 -0.004672 -0.643815
0.324813 0.522389 -0.316176 -0.242264 -0.743239 -0.623622
1.287402 -0.387678 -0.164317 0.675598 -0.623016 -0.394233
0.91509 -1.137207 0.02349 0.837734 -0.543921 0.048493
0.630944 1.15462 -0.386396 0.246734 0.584798 -0.772745
-0.494635 -0.421311 0.050548 0.171837 0.97891 0.110485
-0.31899 -0.419978 0.012027 -0.013232 0.999711 0.020055
0.632807 0.321781 -0.094381 -0.935486 -0.188216 -0.299067
1.099189 -0.06922 -0.48243 0.188837 -0.209082 -0.959492
-0.70962 -0.851511 0.438535 -0.462324 0.101757 0.880853
1.378786 0.247514 -0.200967 0.761871 0.493373 -0.419686
0.322661 -1.252301 -0.263528 -0.23862 -0.758381 -0.606563
0.638598 -1.177805 -0.365046 0.26112 -0.631476 -0.730106
-0.427676 -1.255344 0.293617 0.142954 -0.773457 0.617518
-1.415755 -0.261896 0.0717 -0.846665 -0.510292 0.150868
-0.221008 1.251415 -0.221983 0.248534 0.770691 -0.586742
-1.31125 -0.402351 -0.072569 -0.747535 -0.640411 -0.176254
0.189299 0.548156 0.134772 -0.874589 -0.430918 0.222269
0.284081 0.939937 0.418519 -0.503207 0.113443 0.856688
-0.336303 -0.424955 -0.074462 -0.04111 0.991647 -0.122257
-0.603836 0.176464 0.108773 0.862087 0.463654 0.204525
0.976469 -0.810003 -0.219718 0.790745 -0.172031 -0.587475
1.268316 -0.443404 -0.096053 0.720051 -0.64742 -0.249746
-1.030039 0.879565 -0.007048 -0.945598 0.324812 -0.018492
0.392644 -0.988245 -0.459947 -0.322387 -0.262946 -0.909355
-0.572291 -1.330871 0.159376 -0.121411 -0.938487 0.323267
-0.200517 -1.297797 0.130767 0.205148 -0.909278 0.362116
1.374808 -0.025925 -0.329693 0.749094 -0.063335 -0.65943
0.774193 -0.282305 -0.302206 -0.582527 -0.354473 -0.731445
0.256187 0.614189 0.332633 -0.722015 -0.349493 0.597117
1.133298 0.12975 0.456308 0.24193 0.345152 0.90683
-0.55012 -0.620161 0.40009 -0.203788 0.615676 0.761192
-0.544451 0.419595 0.106257 0.312444 -0.909893 0.272896
-0.53714 -1.240589 0.322227 -0.032511 -0.759313 0.649913
0.683788 -0.425031 0.230576 -0.467056 0.45879 0.75589
0.209697 -0.560437 0.212967 -0.839507 0.408123 0.358698
0.382253 0.944838 -0.466725 -0.356601 0.18498 -0.915761
-1.005561 -0.888235 0.124687 -0.904551 -0.285761 0.31643
-0.992371 -0.424958 0.314525 -0.077129 -0.405087 0.911019
1.043767 -0.125657 -0.472478 0.058274 -0.361367 -0.930601
0.479559 1.356511 0.074815 -0.020915 0.987294 0.157524
-0.301846 -0.66187 0.39991 0.585313 0.297923 0.754089
-0.424008 0.572077 -0.380827 -0.061211 -0.707723 -0.703834
-1.434405 -0.187043 0.150512 -0.86607 -0.394812 0.30667
-0.944766 -0.968495 0.203483 -0.842789 -0.284748 0.456754
0.10746 1.302218 0.05732 -0.133033 0.974715 0.179538
-0.881106 1.146422 -0.149759 -0.778296 0.54863 -0.305386
0.220635 -0.515541 0.182119 -0.825587 0.469158 0.313523
0.773776 1.205511 0.24295 0.565276 0.666186 0.486477
0.167695 1.243193 -0.211151 -0.225615 0.764582 -0.603749
-0.49189 -0.739834 -0.480113 -0.080259 0.317067 -0.945001
-0.534574 -0.951253 0.491371 -0.055958 -0.177662 0.982499
-0.293149 -0.772592 0.422596 0.595127 0.12323 0.794127
-0.102299 1.136196 -0.280852 0.220685 0.454289 -0.863088
-1.020178 0.876427 -0.08863 -0.924402 0.30353 -0.230979
-0.686391 -1.327374 0.042404 -0.357545 -0.930024 0.084951
-0.841332 0.032791 -0.471503 0.319649 0.150509 -0.935506
0.350731 -0.525506 0.327096 -0.108224 0.773284 0.624755
-1.155597 -0.59788 0.040466 -0.815873 -0.562927 0.13215
0.948771 0.153345 0.455575 -0.147499 0.437764 0.886909
1.100865 -0.223376 -0.418337 0.159351 -0.487245 -0.858603
0.829672 -0.860034 0.361524 0.616329 0.004402 0.787477
-0.49475 1.27881 0.271789 0.033241 0.829421 0.557634
0.725582 0.769652 0.413575 0.437576 -0.246579 0.864711
-0.485216 0.421186 -0.032303 0.147681 -0.986659 -0.068522
0.933698 -0.451022 -0.307384 -0.000171 -0.266538 -0.963825
-1.07016 0.201947 0.434622 -0.094362 0.469761 0.877736
0.235952 -1.0305 0.373805 -0.442759 -0.237047 0.864739
-0.267196 1.164672 0.32433 0.325636 0.549262 0.769592
-0.950177 -1.005726 0.16343 -0.866626 -0.345041 0.360425
0.127986 1.111719 0.299966 -0.280138 0.383804 0.879896
-0.168142 0.774873 0.308456 0.669503 -0.316425 0.672043
-0.246139 -0.669438 0.349 0.726246 0.281849 0.626999
0.271933 0.427416 0.056931 -0.266191 -0.957656 0.109714
-0.713814 1.092272 0.38944 -0.45736 0.429327 0.778782
-0.958082 -0.523189 0.286731 -0.229011 -0.213805 0.949653
-0.919097 -0.064226 -0.485029 0.172219 -0.244487 -0.954236
-0.613491 0.726225 -0.445544 -0.3074 -0.385757 -0.869883
-0.131796 0.659743 -0.155263 0.760809 -0.558472 -0.330573
-0.436341 -0.956897 0.481172 0.22715 -0.215699 0.949672
1.200672 0.024688 0.457023 0.400358 0.069603 0.913712
-1.141109 0.511944 -0.195829 -0.584559 0.553193 -0.593522
-0.555789 1.179316 -0.38171 -0.064614 0.641746 -0.76419
0.544984 0.040388 -0.186342 -0.865872 0.363449 -0.343759
-0.261896 -0.462276 -0.173806 0.509418 0.787381 -0.347168
-1.215976 -0.411165 -0.22559 -0.553005 -0.606531 -0.571232
-0.782199 0.906582 -0.396256 -0.577794 0.037868 -0.815304
0.671238 -0.230867 0.212258 -0.802776 -0.370588 0.467135
-0.990943 -0.088213 0.486116 0.036035 -0.290815 0.9561
-0.782041 -0.210076 -0.351437 0.523837 -0.475726 -0.706597
-0.422434 1.356654 0.049544 0.089117 0.990131 0.10816
0.7206 -1.191099 0.30902 0.451123 -0.64376 0.618111
0.93782 -0.966754 0.216864 0.830744 -0.273984 0.484558
0.431531 0.488254 0.26236 0.086755 -0.885525 0.456419
0.690386 -0.50374 0.284872 -0.11056 0.55959 0.821362
-0.352517 -1.222578 0.308219 0.241519 -0.693722 0.678541
-0.866461 0.713599 -0.322855 -0.509602 -0.109466 -0.853418
1.46232 -0.176439 -0.045927 0.923202 -0.372807 -0.093346
0.975654 0.427003 0.314748 0.043129 0.377853 0.924861
-1.180452 -0.558936 -0.058784 -0.777512 -0.601235 -0.184369
0.206141 -1.07967 0.34348 -0.388505 -0.327364 0.861334
-0.756238 -0.695918 0.374324 -0.380747 0.318844 0.867969
-0.58607 0.129069 -0.148853 0.808311 0.532471 -0.251214
0.684512 -0.008593 -0.387579 -0.630635 -0.057894 -0.773917
0.235083 -0.633239 0.316465 -0.762457 0.32742 0.558082
0.677421 0.247011 -0.210889 -0.808438 0.326679 -0.4896
0.741637 -0.404677 -0.25799 -0.498786 0.156198 -0.852534
0.750664 -1.29431 0.061146 0.502018 -0.856167 0.122292
-0.889851 -1.056042 0.237483 -0.782317 -0.37851 0.494682
-0.548322 -1.27426 -0.277274 -0.061997 -0.825722 -0.56066
-0.257366 0.674611 -0.363722 0.703577 -0.269431 -0.657561
0.471285 0.568691 -0.370146 0.133243 -0.727626 -0.672909
-0.620834 0.545458 0.317936 -0.069478 -0.681618 0.728402
-0.277202 1.186277 0.31203 0.306332 0.601503 0.737804
-0.652221 -0.060922 -0.340641 0.6779 -0.375416 -0.632071
-0.606037 0.150019 0.167832 0.806971 0.511619 0.295032
-1.166267 -0.222567 0.40094 -0.30014 -0.480694 0.823923
-1.188287 0.540429 0.08262 -0.75083 0.610029 0.253215
0.270522 -1.333076 -0.051307 -0.190712 -0.972947 -0.130398
-1.339709 -0.037824 0.364426 -0.678109 -0.094414 0.728872
0.204532 -0.503011 0.10042 -0.869294 0.465347 0.166674
0.136171 -1.234263 -0.211115 -0.202895 -0.749017 -0.63072
0.311864 -0.696875 0.419482 -0.560394 0.239063 0.792974
-0.726228 -0.29766 -0.251393 0.709998 -0.231606 -0.665027
-0.756953 -1.285778 0.088098 -0.516899 -0.837716 0.176204
0.528165 0.792213 -0.490291 0.139872 -0.206869 -0.968319
-0.147495 -0.888833 -0.330332 0.520153 0.168105 -0.837366
0.576185 -0.145525 0.048694 -0.852361 -0.516161 0.084015
0.782479 1.235768 -0.181537 0.579277 0.729612 -0.363462
-0.807391 1.229315 0.150115 -0.632397 0.713791 0.300959
0.391931 -1.122129 -0.400933 -0.263643 -0.502402 -0.823459
0.435075 -0.470382 -0.223623 0.068211 0.918004 -0.390661
1.196293 0.417903 -0.23661 0.520361 0.597945 -0.609661
-0.916067 -0.756014 0.29042 -0.634177 -0.016649 0.773009
-1.029441 0.76243 0.158089 -0.840407 0.269571 0.470156
-1.164886 0.585428 -0.037077 -0.806719 0.578681 -0.119716
-0.804559 -1.230092 0.154137 -0.626445 -0.715617 0.308964
0.460321 -1.361753 0.009832 -0.043196 -0.998847 0.020958
-0.252518 1.287752 -0.179583 0.225796 0.858886 -0.459707
-0.502844 0.852456 0.499737 -0.018793 -0.034964 0.999212
-0.667899 0.066504 -0.353521 0.650213 0.385686 -0.654576
-0.102747 -0.78656 -0.255739 0.537352 0.48966 -0.686648
-0.879076 1.126495 0.185169 -0.773503 0.50838 0.378475
0.26642 1.242899 -0.251886 -0.261537 0.739238 -0.620585
0.622732 -0.283583 -0.017558 -0.998549 -0.019811 -0.050079
-0.589181 -0.001208 0.284993 0.821608 -0.010845 0.56995
-0.953911 -1.045586 0.099715 -0.885874 -0.410497 0.216147
0.596281 -0.091943 0.234389 -0.762145 -0.509691 0.399186
-0.359638 -0.454343 -0.196139 -0.04783 0.942483 -0.330813
-1.443273 0.066895 -0.219797 -0.884567 0.154313 -0.440146
0.035541 -0.854546 -0.266314 -0.190013 0.462965 -0.86577
-0.868457 1.200344 0.005381 -0.755387 0.655189 0.010878
0.609006 0.489791 -0.260003 -0.100498 -0.750621 -0.653045
0.48465 -0.457608 0.188153 -0.018252 0.929777 0.367671
0.846724 -0.138698 0.433524 -0.346827 -0.450598 0.822601
-0.335214 1.14539 -0.365697 0.31028 0.526902 -0.791265
-1.041371 -0.842984 -0.030125 -0.942159 -0.324718 -0.083035
-0.173527 0.612982 0.187345 0.83493 -0.437058 0.334474
0.625875 -0.49664 -0.269884 -0.092764 0.714297 -0.693667
-1.108442 -0.476512 0.249482 -0.436352 -0.52165 0.733129
1.019047 0.591896 -0.241153 0.518392 0.291888 -0.803786
0.618969 1.348193 0.035179 0.216231 0.973761 0.070954
-0.916275 0.567157 -0.291536 -0.270923 0.048527 -0.961377
1.271858 0.105535 -0.402192 0.532476 0.263558 -0.804367
1.047935 -0.82792 -0.003289 0.943449 -0.331389 -0.00927
-0.699021 0.940933 0.444837 -0.453855 0.090261 0.886492
-0.294788 1.04753 0.397841 0.412385 0.313122 0.855508
-1.338433 0.304435 0.199554 -0.704023 0.561841 0.43438
-0.231859 -0.568589 0.26529 0.791074 0.401934 0.46114
-0.992187 -0.818843 0.193759 -0.827082 -0.209363 0.521634
0.322313 -1.118251 0.377255 -0.339943 -0.466827 0.816402
0.15497 -0.844091 -0.324032 -0.579628 0.240059 -0.778719
0.495989 0.497532 -0.268805 0.061592 -0.858068 -0.509828
-0.326457 -1.345235 0.03436 0.167308 -0.982502 0.081843
0.670162 -0.150955 0.28584 -0.691566 -0.507228 0.514253
-0.185088 0.588462 0.18507 0.850352 -0.420131 0.316848
0.099843 0.913223 0.310108 -0.392443 -0.194295 0.899021
-1.446112 -0.212654 0.046705 -0.895011 -0.435591 0.095994
-0.086995 -0.734357 -0.192644 0.546876 0.651399 -0.525934
0.192919 0.55959 -0.16685 -0.863454 -0.421037 -0.277805
-0.086672 -1.216495 0.217364 0.14955 -0.70881 0.689365
-0.642 0.960044 0.46729 -0.334473 0.14756 0.930781
-1.229332 -0.507127 -0.007225 -0.762966 -0.646102 -0.020847
0.549122 -0.705178 -0.455399 0.224636 0.433028 -0.872941
0.779497 -0.93323 0.396127 0.582076 -0.087994 0.808359
1.315873 0.362048 -0.154093 0.706483 0.611512 -0.35628
-0.451355 -0.863504 -0.496186 0.158 -0.025009 -0.987122
1.421424 0.261372 0.028269 0.858553 0.509265 0.059458
-0.754009 1.281042 -0.11497 -0.511045 0.828224 -0.229951
-1.147127 0.600845 0.069461 -0.804635 0.548344 0.227773
-0.941977 -0.04469 -0.4927 0.121265 -0.17021 -0.977918
-0.649167 -1.339813 -0.043282 -0.277705 -0.956722 -0.08696
0.961272 -0.782124 0.244871 0.736256 -0.124782 0.665099
-0.12289 -1.005895 0.325168 0.359694 -0.082454 0.92942
-0.709053 0.296664 -0.232183 0.756383 0.198637 -0.62324
0.817712 1.15045 0.255659 0.660921 0.546254 0.514578
-0.691457 -1.054076 0.419904 -0.417384 -0.349029 0.839029
0.870163 1.146725 -0.174711 0.758605 0.546182 -0.35525
-0.504614 -0.900394 -0.498671 0.007374 -0.077824 -0.99694
-0.25971 0.794303 0.399481 0.632389 -0.124133 0.764641
0.995847 0.829975 0.182932 0.843524 0.223611 0.48833
1.433889 0.161456 -0.180221 0.862959 0.349585 -0.364818
-0.485083 -0.420498 -0.019613 0.150292 0.987763 -0.041664
-0.767674 0.689208 -0.36691 -0.378662 -0.309075 -0.872403
-1.435196 -0.140476 0.195483 -0.86525 -0.309814 0.394154
-0.231445 -0.623838 0.30563 0.77313 0.339079 0.536
1.039136 0.412916 0.314198 0.162247 0.473436 0.865756
-0.30951 -1.040942 0.407278 0.407104 -0.310256 0.859074
0.465173 1.325206 -0.182928 -0.056348 0.921315 -0.384713
-0.640658 -0.232965 0.145923 0.886473 -0.323111 0.331309
0.756313 1.284971 0.093628 0.515598 0.836116 0.187265
0.917362 0.732195 -0.289749 0.605027 0.007255 -0.796172
0.064065 -1.288952 0.09082 -0.088127 -0.951235 0.295611
1.013118 -0.247077 -0.411291 -0.029964 -0.50247 -0.864075
-1.191928 0.160738 0.423329 -0.357609 0.389467 0.848782
1.484077 -0.100774 0.06523 0.965853 -0.223552 0.130966
0.646986 -0.952052 0.466639 0.348179 -0.126968 0.92879
-1.101603 -0.164797 -0.448642 -0.167227 -0.415696 -0.893998
0.88508 0.456809 0.303947 -0.087529 0.141388 0.986077
-0.711431 -0.178134 0.311294 0.642693 -0.489922 0.589002
0.345603 0.829635 0.460559 -0.464976 -0.017127 0.885157
0.743655 -0.933731 -0.420154 0.528184 -0.077644 -0.845573
0.670262 -1.273044 -0.234131 0.323992 -0.821829 -0.468642
1.370234 -0.338898 0.006678 0.800799 -0.598747 0.014947
-0.512447 0.416886 -0.044642 0.241637 -0.964699 -0.10473
-0.363056 -0.437002 -0.135173 -0.060544 0.973125 -0.222175
-0.134775 0.958353 -0.331565 0.426772 -0.028674 -0.903905
0.808775 -1.155157 -0.261872 0.643222 -0.556047 -0.526381
1.028696 -0.595684 -0.233209 0.546326 -0.311857 -0.77735
0.608447 -0.657131 -0.409765 0.260306 0.522948 -0.811644
1.184217 0.086795 -0.453313 0.357168 0.236714 -0.903547
-1.322711 -0.2797 -0.249632 -0.655136 -0.535296 -0.533156
-1.256786 0.367994 0.230956 -0.584332 0.601685 0.544546
0.419214 -1.168614 -0.376806 -0.200539 -0.599565 -0.774794
0.157439 0.982833 -0.342048 -0.437391 0.057744 -0.897416
-0.262125 1.319707 0.106663 0.201278 0.940786 0.27278
1.288605 0.414594 0.11126 0.716543 0.640487 0.276302
0.110874 -0.646026 0.046462 -0.738308 0.666179 0.105386
-0.588466 -0.911854 -0.488235 -0.226278 -0.056061 -0.972448
0.506418 -0.907918 -0.498034 -0.006087 -0.094042 -0.99555
0.777186 0.991724 -0.387044 0.588382 0.20613 -0.781868
1.007259 0.872016 -0.133816 0.896937 0.275624 -0.34574
0.296683 -1.202288 0.306294 -0.288304 -0.641173 0.711181
-0.604179 0.357877 -0.038208 0.822893 -0.553808 -0.127057
0.453334 -0.457608 -0.188743 0.029077 0.938913 -0.342924
0.780404 -0.060202 -0.438656 -0.443645 -0.290032 -0.847974
0.603588 -0.463335 -0.226552 -0.205963 0.772571 -0.600594
-0.511692 -0.482029 0.240517 -0.007817 0.876192 0.481899
-0.621737 1.175055 -0.372901 -0.220861 0.628485 -0.745806
0.406372 0.426134 -0.049993 0.031586 -0.995882 -0.084979
-0.787252 -0.439847 0.283848 0.312349 0.110251 0.943548
-0.974816 1.011429 0.071748 -0.910331 0.381421 0.160674
0.832657 -0.63858 0.325462 0.338084 0.212469 0.916818
-0.503684 -1.362349 -0.010868 -0.016202 -0.999612 -0.022654
0.939582 1.02191 0.172741 0.854662 0.359053 0.375011
-1.180501 0.050626 -0.46233 -0.356744 0.143499 -0.923115
-0.446646 1.299784 0.231794 0.094245 0.867265 0.488845
-0.655027 -1.275608 0.239524 -0.289478 -0.828313 0.479688
0.554721 -1.110352 -0.430571 0.064476 -0.506304 -0.859941
-0.252211 -0.431956 -0.012393 0.473422 0.880487 -0.024773
-1.430168 0.239231 -0.063508 -0.868592 0.477619 -0.132013
1.236365 -0.395137 0.222474 0.574261 -0.609218 0.54688
-0.09359 -0.92261 -0.309423 0.365919 0.178451 -0.913378
-0.450094 1.168066 0.384254 0.151848 0.606537 0.78042
-0.655015 1.334446 -0.072836 -0.289797 0.945852 -0.146226
0.554059 -0.050249 -0.197481 -0.838827 -0.412504 -0.35526
0.668593 -1.323023 -0.108748 0.318743 -0.922427 -0.218016
1.169905 0.532482 -0.136361 0.693204 0.587346 -0.417723
-0.619524 -0.055947 0.30513 0.734143 -0.380017 0.562691
1.257233 -0.251456 0.334616 0.501945 -0.505984 0.70145
0.684625 0.184407 -0.273323 -0.705252 0.479025 -0.522643
0.564804 0.130562 0.016538 -0.844291 0.535172 0.027624
-0.174431 0.761607 -0.308555 0.68787 -0.317139 -0.652884
1.343974 0.02313 0.361957 0.687459 0.057796 0.723919
0.283335 -0.684328 0.39275 -0.642422 0.251395 0.723944
0.892301 -0.15253 0.442664 -0.262464 -0.453063 0.851967
0.302071 1.218187 -0.293404 -0.273839 0.678483 -0.681669
0.431926 -0.433902 0.103609 0.009221 0.982813 0.184373
-0.481622 -0.580039 0.379935 -0.143479 0.704366 0.695186
-0.711084 -0.439875 -0.253272 0.39023 0.393089 -0.832587
1.394603 -0.191112 -0.230782 0.783011 -0.406883 -0.470468
-0.62132 -1.261129 -0.278612 -0.214173 -0.801408 -0.558458
0.965286 -0.917848 0.194833 0.851278 -0.248093 0.462358
-1.438403 0.227841 0.047212 -0.882555 0.459962 0.097629
0.518446 0.415316 -0.044777 -0.266587 -0.957784 -0.10762
-0.832894 -0.307818 0.328893 0.435009 -0.370591 0.820627
0.114906 -0.861086 0.302806 -0.485842 0.295032 0.822748
0.989919 0.841686 -0.187832 0.84241 0.21977 -0.491982
-0.659657 0.980027 -0.456914 -0.367572 0.188327 -0.910727
-0.049984 -1.222061 0.205034 0.088305 -0.735319 0.671944
-0.411077 0.541205 -0.347652 -0.061905 -0.774931 -0.629006
-0.123305 0.766545 0.259306 0.614982 -0.460279 0.640266
0.616931 -0.174638 0.15676 -0.830622 -0.473644 0.292794
-0.856956 0.694556 0.325498 -0.468615 -0.139456 0.872326
-0.95311 -0.598239 0.275265 -0.410379 -0.120213 0.903957
0.534833 0.003725 0.183152 -0.929754 0.040337 0.365966
0.939034 1.001725 -0.19135 0.846798 0.327077 -0.419468
-0.706005 0.750245 -0.417029 -0.404903 -0.294968 -0.865475
-0.449557 0.495447 -0.272453 -0.089061 -0.871601 -0.482058
1.009165 -0.345681 0.353969 0.007143 -0.487162 0.873283
0.57226 -0.01623 0.256503 -0.848921 -0.150699 0.50658
1.091384 -0.697793 -0.070411 0.879719 -0.41611 -0.230103
-1.4972 -0.049648 -0.002371 -0.99371 -0.111887 -0.004746
0.874722 1.001933 -0.290234 0.744645 0.270804 -0.610056
-0.202557 -1.123782 -0.32212 0.347013 -0.434546 -0.831115
0.700397 -0.494307 -0.280278 -0.151561 0.524968 -0.837519
0.410162 1.011745 -0.45835 -0.280166 0.309778 -0.908595
-0.288699 -1.046826 -0.395146 0.416427 -0.307774 -0.85549
-0.774658 -0.837862 0.39908 -0.535774 0.091156 0.839426
-1.441498 0.124138 -0.193691 -0.878422 0.276658 -0.38966
-0.488016 -0.906465 0.497541 0.062668 -0.100567 0.992955
1.391566 0.223399 -0.204802 0.782053 0.458031 -0.422611
0.488708 1.303384 -0.230883 -0.032678 0.878034 -0.477482
0.383862 1.334201 -0.134584 -0.139262 0.943438 -0.300883
-0.152024 0.877362 0.330796 0.539222 -0.182902 0.822062
-0.72738 0.257287 -0.271449 0.688871 0.360899 -0.628656
-1.294516 -0.423587 0.0654 -0.743415 -0.648399 0.164051
-0.78478 0.773439 -0.382299 -0.496515 -0.181617 -0.848816
0.716055 1.212221 0.288842 0.436826 0.689522 0.577704
0.200592 0.811182 -0.351897 -0.646384 -0.195119 -0.737642
0.49671 1.327154 0.180975 -0.009977 0.926901 0.375174
-0.656802 -0.416526 0.206077 0.508148 0.543767 0.667909
-1.383786 -0.253792 0.183654 -0.774885 -0.50143 0.384865
1.080458 0.169609 -0.449788 0.12172 0.427678 -0.895698
0.768638 -0.241792 0.320198 -0.576826 -0.431087 0.693856
0.49874 -0.662788 -0.442893 0.152203 0.519637 -0.840721
-0.747846 1.078277 0.374928 -0.531285 0.392451 0.750812
-0.578731 -0.01283 -0.267899 0.838699 -0.117598 -0.531747
-1.458762 0.190317 -0.008654 -0.917503 0.397336 -0.017656
0.512761 0.484801 0.245474 0.013695 -0.871146 0.490832
-0.205227 -0.696243 -0.311368 0.751725 0.31181 -0.581106
-0.702797 -0.243083 0.250709 0.73807 -0.371004 0.563568
-0.953152 -0.465998 -0.30233 -0.075918 -0.283613 -0.955929
-0.486908 1.227097 0.335962 0.065941 0.726953 0.683514
-0.705994 -1.071295 0.404634 -0.445099 -0.384207 0.808871
0.634594 1.21518 0.330506 0.246633 0.708423 0.661293
0.318746 -1.345268 -0.008053 -0.17044 -0.985178 -0.019356
-0.056467 -0.719255 -0.138006 0.417064 0.808359 -0.415468
-0.680232 -1.151077 -0.369073 -0.366434 -0.566453 -0.738144
0.099846 -0.679607 -0.121702 -0.663555 0.684946 -0.300904
-1.346462 -0.352639 -0.0957 -0.762821 -0.608796 -0.217879
1.391392 0.283758 -0.115322 0.805435 0.539104 -0.246253
-0.858834 -0.209549 0.396851 0.358407 -0.486996 0.79648
1.089427 -0.713348 0.045611 0.900278 -0.40955 0.147539
0.92869 -0.982701 -0.223175 0.822768 -0.287175 -0.490493
-0.710763 0.743956 0.412634 -0.403489 -0.301791 0.863782
-1.432778 0.069018 0.239036 -0.863285 0.160014 0.478679
0.505841 0.476108 -0.229444 7.9e-5 -0.889039 -0.457832
-0.265762 -1.159385 0.327435 0.330201 -0.53664 0.776521
0.999808 0.353959 0.349426 -0.006378 0.475317 0.879792
-1.418836 -0.118027 0.241766 -0.8322 -0.267241 0.485824
1.221345 0.438696 -0.188155 0.609914 0.618896 -0.494947
0.386998 0.716771 0.462771 -0.284876 -0.265595 0.921035
-0.645785 0.159289 0.239944 0.747669 0.502728 0.433884
1.346649 0.296441 0.196346 0.716532 0.553659 0.424315
0.447437 1.349333 -0.104415 -0.065784 0.972484 -0.223489
-1.479106 0.101493 -0.094085 -0.955732 0.225592 -0.188903
-1.035654 0.704266 -0.179242 -0.773313 0.283321 -0.567201
-0.036737 1.076255 -0.292141 0.103858 0.256576 -0.960928
0.621814 -1.266974 0.269836 0.215349 -0.812984 0.541001
-0.5238 -1.333052 -0.164571 -0.035675 -0.940401 -0.33819
1.415617 -0.272159 -0.014916 0.851244 -0.52382 -0.031581
0.333611 0.759094 -0.447688 -0.501318 -0.135858 -0.854531
-0.359957 -1.327663 0.142659 0.16159 -0.931643 0.325469
-0.940245 -1.046904 -0.143272 -0.863303 -0.400024 -0.307717
-0.638774 -1.29827 0.20619 -0.253358 -0.874486 0.413622
-0.51582 0.636489 0.421475 -0.183116 -0.584647 0.790352
0.134275 1.296636 0.096577 -0.161857 0.942345 0.292897
-0.489664 1.255889 0.302834 0.050609 0.78352 0.619303
-1.148641 -0.484648 0.21396 -0.540934 -0.565234 0.622817
-0.521686 0.563979 0.354054 -0.147995 -0.730912 0.666232
0.434197 0.984787 0.473507 -0.231731 0.266824 0.935471
0.906014 1.14333 0.067904 0.822371 0.551565 0.139578
-0.184623 0.540583 -0.095632 0.88433 -0.439821 -0.156582
0.683681 1.269006 -0.231439 0.354749 0.812222 -0.463086
1.193483 0.424213 0.23282 0.524421 0.597817 0.606299
1.166605 -0.383672 0.287606 0.405103 -0.574189 0.711476
0.156197 -1.296512 0.109154 -0.179858 -0.929613 0.321668
0.435493 1.007539 -0.466788 -0.226182 0.3083 -0.924009
1.416125 -0.063334 0.268511 0.83004 -0.148684 0.537519
-0.351244 0.649023 0.424241 0.364505 -0.394966 0.84329
-1.216696 0.479038 -0.138009 -0.67642 0.627552 -0.385531
-0.181811 -0.647693 0.242141 0.802262 0.398627 0.444378
0.826252 0.051831 0.461996 -0.35282 0.235482 0.905575
-0.544133 0.834745 -0.494769 -0.154073 -0.108883 -0.982042
1.184358 -0.185161 -0.414566 0.338834 -0.429991 -0.836839
-0.206802 -0.528048 0.161399 0.857628 0.438426 0.268805
0.609558 -0.092737 0.257196 -0.743285 -0.50192 0.442271
-0.276851 1.038528 -0.392164 0.428841 0.28362 -0.857704
0.682129 -0.180961 0.273123 -0.705853 -0.48284 0.518302
0.063693 0.876154 0.284455 -0.303468 -0.356477 0.883647
0.938707 0.534119 -0.289204 0.221376 0.150072 -0.963572
0.617766 0.709316 -0.436136 0.303873 -0.419125 -0.855568
-0.036176 0.731379 -0.144775 0.274823 -0.842902 -0.46259
0.64773 1.038815 0.444598 0.320783 0.328039 0.888532
-0.077189 -0.700708 -0.126167 0.548361 0.760059 -0.348728
0.76462 0.851046 -0.406754 0.531221 -0.075432 -0.843869
-0.268193 -0.978568 -0.403153 0.482419 -0.164641 -0.860328
0.511909 -0.527351 0.311366 0.102391 0.800294 0.590801
0.966455 -0.637041 -0.26262 0.520273 -0.13051 -0.843968
-0.743788 -0.251783 -0.291668 0.643658 -0.391811 -0.657411
-0.450318 1.358869 0.048123 0.056949 0.993038 0.103118
0.195004 -0.594186 0.216278 -0.838382 0.399975 0.370319
-0.844166 0.323733 -0.327635 0.400551 0.353561 -0.845313
0.053354 0.826415 -0.254854 -0.297853 -0.521223 -0.799757
-1.02034 0.893923 -0.059445 -0.935924 0.317588 -0.152265
-0.774619 1.281979 -0.038058 -0.555922 0.82774 -0.076137
0.575578 0.936313 0.488692 0.17994 0.121687 0.976122
-0.321662 1.16268 0.348325 0.307084 0.558573 0.770517
0.827938 -0.112958 0.438914 -0.37064 -0.416351 0.830227
0.643091 -1.211063 0.331585 0.267056 -0.699035 0.663349
0.776773 -0.675774 -0.358322 0.363479 0.307166 -0.879507
-1.404307 -0.160332 -0.239171 -0.801449 -0.351692 -0.483727
0.451022 -0.879378 -0.495449 -0.16684 -0.059437 -0.984191
0.872786 -0.104273 -0.45996 -0.279044 -0.377437 -0.882992
-0.547867 0.988479 0.482193 -0.077553 0.254502 0.963958
0.660474 -0.055617 -0.352167 -0.665042 -0.346011 -0.661812
0.273615 -0.788854 -0.409929 -0.618763 0.11645 -0.776899
-0.781291 -0.531384 0.304664 -0.005343 0.313388 0.94961
0.125654 -0.629485 -0.053739 -0.787968 0.605399 -0.112242
1.307008 0.165707 0.350243 0.598373 0.376654 0.707164
-0.535354 -1.108027 -0.432843 -0.016756 -0.503109 -0.864061
-0.360869 -1.322994 -0.155814 0.164276 -0.920511 -0.354504
-1.089447 0.170251 -0.448164 -0.140489 0.426645 -0.893441
1.098653 0.664801 0.098616 0.836652 0.439154 0.327349
-0.986669 0.28317 -0.388506 0.082071 0.499241 -0.862568
-0.399316 0.579483 -0.388744 0.019187 -0.671963 -0.740336
-0.622313 0.354472 0.0974 0.836013 -0.442501 0.324461
-0.795038 0.91309 0.386527 -0.597828 0.057408 0.799566
1.107382 -0.564519 -0.184128 0.635581 -0.489004 -0.597421
-1.038434 -0.087559 -0.485709 -0.060397 -0.274252 -0.959759
1.299626 0.393833 0.129405 0.710432 0.630873 0.311905
-0.241874 0.571829 -0.28418 0.764161 -0.404526 -0.50241
0.139127 1.231618 -0.215171 -0.207772 0.739955 -0.639764
0.489826 -0.583519 -0.381701 0.150668 0.697304 -0.700762
-0.705963 -1.302444 0.129971 -0.402002 -0.877929 0.260068
-0.763495 1.290884 0.005743 -0.530575 0.84756 0.011488
-1.442826 -0.219709 -0.044776 -0.889743 -0.447038 -0.092278
1.17458 -0.033609 0.466783 0.347198 -0.09685 0.932777
-0.459718 1.07292 -0.44528 0.161583 0.431858 -0.88735
-0.435972 -0.885593 -0.492061 0.216456 -0.078101 -0.973163
-0.406833 0.487358 -0.265236 -0.080949 -0.886078 -0.456414
0.6216 -0.78214 -0.463129 0.329397 0.264126 -0.906496
-0.466607 1.316066 -0.203667 0.059043 0.902366 -0.426908
-0.203408 0.915582 -0.369191 0.544012 -0.023651 -0.838744
0.195078 -0.503319 -0.01137 -0.888843 0.457838 -0.018484
-0.954929 0.155529 -0.455479 0.135686 0.439 -0.888183
0.930902 1.112699 0.00217 0.861886 0.507082 0.004536
0.193452 -0.522908 -0.095835 -0.88317 0.442275 -0.156218
0.64036 0.60177 -0.361688 0.189207 -0.586785 -0.787327
1.037485 0.791379 -0.121247 0.888342 0.294831 -0.352027
0.441057 0.556392 -0.361838 0.102186 -0.749702 -0.653838
-0.628656 0.273065 0.070614 0.976005 0.103271 0.1917
0.799109 1.087581 0.327409 0.628987 0.411658 0.659479
-1.052112 0.038605 0.494777 -0.100743 0.127229 0.986744
-0.768281 1.008789 0.388792 -0.574261 0.240724 0.782481
0.234905 -0.982339 0.383693 -0.486612 -0.139554 0.8624
0.373485 -0.455896 -0.198218 0.06254 0.941108 -0.332271
0.623244 1.323579 -0.153331 0.221893 0.924994 -0.308463
0.00759 1.045108 0.296681 -0.023906 0.150534 0.988316
-1.159242 -0.48748 -0.201543 -0.569901 -0.576196 -0.585841
-1.087725 -0.06 0.486441 -0.167929 -0.185543 0.968181
0.435163 -0.504846 -0.291534 0.096377 0.854341 -0.510699
-0.865132 1.156329 0.170318 -0.749641 0.564485 0.345536
-0.554293 0.111539 -0.046068 0.832767 0.54851 -0.07507
0.869408 0.154865 0.433607 -0.309872 0.4622 0.830873
1.302879 0.193269 -0.337934 0.589737 0.423264 -0.687792
-1.415945 0.254392 -0.092732 -0.843878 0.500118 -0.194299
-0.590659 -0.603695 0.375666 -0.195266 0.627362 0.753849
0.556997 -0.088227 0.142564 -0.813559 -0.531653 0.235514
0.162435 -1.31447 -0.031547 -0.172497 -0.980651 -0.09257
0.763354 1.273686 0.119892 0.532523 0.811728 0.239827
-0.27785 0.42922 0.081046 0.22622 -0.96178 0.154284
0.131233 0.701277 -0.210456 -0.709813 -0.522117 -0.47282
0.873554 -1.049479 -0.26604 0.754256 -0.35704 -0.551017
0.562216 -0.40138 0.066458 -0.469523 0.862275 0.189816
0.873627 -1.172686 0.115242 0.765383 -0.599593 0.233829
0.42471 -1.35493 0.064824 -0.087828 -0.986078 0.141195
0.343115 0.539624 -0.341696 -0.183408 -0.720102 -0.66919
0.816551 -1.195845 -0.198192 0.654795 -0.642494 -0.398052
0.360074 -0.431255 0.10785 0.060092 0.982527 0.17615
-0.088597 0.74014 -0.20119 0.545805 -0.633531 -0.548393
-0.552627 0.407576 -0.072874 0.405323 -0.892242 -0.199041
-0.549551 0.024309 0.209988 0.882545 0.236134 0.406639
-0.617531 -1.251131 0.293795 -0.205646 -0.781728 0.588737
-1.294456 0.386036 0.154388 -0.688803 0.624015 0.368993
-0.656677 0.261291 0.162935 0.882603 0.234449 0.407487
-0.628904 -0.614487 0.374047 -0.211651 0.579945 0.786681
0.500694 1.193615 0.369704 -0.050557 0.664775 0.745331
1.486118 0.108775 -0.021014 0.969875 0.239915 -0.042226
0.193803 1.195823 -0.270061 -0.28067 0.623926 -0.729343
-0.892237 -0.144183 -0.447016 0.258667 -0.442479 -0.858664
-1.018268 0.091197 0.485465 -0.018257 0.289861 0.956895
-0.003033 -1.196517 -0.226686 0.005966 -0.655043 -0.755568
-0.094201 -0.66102 0.033157 0.670087 0.737706 0.082304
0.953258 1.070987 0.018127 0.891587 0.45118 0.038855
0.494644 1.166782 0.391601 -0.0691 0.61288 0.787148
0.605596 0.485151 0.254015 -0.114592 -0.759783 0.639999
1.483064 -0.085779 0.091296 0.964179 -0.191941 0.183075
-0.902065 -0.100331 -0.469719 0.219318 -0.355473 -0.908591
-0.885633 0.918804 0.304417 -0.727242 0.144438 0.671011
0.321064 1.043338 -0.411792 -0.395457 0.321941 -0.860214
1.066271 0.775373 -0.023439 0.931482 0.356811 -0.070909
0.459103 0.611513 -0.412637 0.104239 -0.628148 -0.77108
-0.718394 1.281457 0.172244 -0.431823 0.833567 0.344521
0.697283 0.331086 0.21196 -0.767941 0.010477 0.640435
0.3081 -1.147304 -0.353467 -0.326714 -0.521659 -0.788118
-1.482461 -0.007462 0.131026 -0.964901 -0.017078 0.262056
-0.036634 -1.210485 -0.215525 0.067967 -0.699225 -0.711663
1.289326 -0.20296 -0.343146 0.56163 -0.439996 -0.700696
0.534833 0.61816 -0.402468 0.194383 -0.622807 -0.757843
0.62056 -0.345595 0.079587 -0.877843 0.399552 0.264102
0.72972 -0.157417 -0.346305 -0.586268 -0.497041 -0.639719
0.19032 0.608417 0.221008 -0.831563 -0.40078 0.38455
-1.111532 0.674174 0.022381 -0.882025 0.465314 0.074263
-0.029003 1.144309 0.264125 0.06698 0.480754 0.874294
-0.518951 -0.73671 -0.475578 -0.154099 0.34406 -0.926216
0.688051 0.455769 0.252113 -0.319347 -0.515547 0.795128
0.452417 -0.428525 -0.072721 -0.043119 0.989582 -0.13736
-1.046439 0.076776 -0.488021 -0.080009 0.242881 -0.966751
0.304023 -1.34011 -0.046005 -0.179274 -0.977367 -0.112316
0.07743 -1.280932 -0.117021 -0.108148 -0.920011 -0.376675
-0.637612 0.2205 -0.15082 0.872074 0.364178 -0.326897
-0.504939 -0.425323 0.087897 0.18038 0.96381 0.196301
0.181775 -0.693453 -0.27793 -0.759444 0.366777 -0.537326
-0.072483 -0.692819 0.098311 0.536202 0.797955 0.275237
0.254434 0.450203 -0.129154 -0.529931 -0.807887 -0.25786
-0.701252 -0.389103 0.226047 0.611437 0.252272 0.750003
-0.37682 -0.525776 -0.329703 0.005942 0.795022 -0.606551
1.39928 0.056339 -0.294578 0.796559 0.134065 -0.589509
-1.431515 0.211077 0.123877 -0.863881 0.434715 0.254425
-1.151207 -0.33595 0.331495 -0.318549 -0.555775 0.76788
0.64036 -0.079168 0.314322 -0.694806 -0.448544 0.562186
-0.395334 0.448135 -0.169464 -0.066413 -0.956638 -0.283606
0.397043 0.58629 -0.394667 -0.038615 -0.651036 -0.758064
-0.636109 -1.304481 -0.194236 -0.247806 -0.886915 -0.389839
-0.908489 0.419269 -0.314608 0.123259 0.271208 -0.954596
0.665574 -0.74503 -0.433122 0.366373 0.329915 -0.870015
0.742534 -0.761898 -0.402679 0.446323 0.244273 -0.860887
-0.711007 1.307159 0.103339 -0.412856 0.887015 0.206771
-0.553991 -0.11371 -0.018785 0.835745 -0.548263 -0.030631
-0.871186 -1.028078 -0.281825 -0.745908 -0.315829 -0.586407
-0.933048 -0.736105 -0.277232 -0.63429 -0.043169 -0.771889
1.437184 -0.181073 0.150225 0.871224 -0.384174 0.305581
1.335805 0.353948 -0.124455 0.74106 0.608318 -0.284217
1.491775 -0.068215 -0.053855 0.982292 -0.153176 -0.107885
-1.114122 0.657049 -0.063139 -0.854876 0.474307 -0.210286
-0.571668 -1.156941 -0.397805 -0.101967 -0.597441 -0.795404
-0.620956 -1.349013 0.003912 -0.22036 -0.975387 0.007888
1.427461 -0.213634 -0.132855 0.855864 -0.439206 -0.273121
0.535593 1.342486 0.133443 0.058909 0.96001 0.273697
-0.226449 0.566043 0.253392 0.804426 -0.402734 0.436696
0.197658 0.626774 0.252767 -0.81232 -0.376819 0.445134
-0.375975 -0.919228 -0.468748 0.376726 -0.139616 -0.915743
1.2337 0.501947 -0.008319 0.76104 0.648268 -0.023792
0.641186 -0.342325 -0.128756 -0.863442 0.278206 -0.420797
-0.208532 -1.324229 -0.01289 0.18894 -0.981344 -0.03558
1.223203 0.119218 0.425813 0.430078 0.302684 0.850538
-0.161299 -0.74897 -0.287539 0.692199 0.367621 -0.621059
0.652908 -0.86913 0.466864 0.377964 0.068622 0.923274
0.678212 0.310052 -0.187188 -0.837347 0.054434 -0.543955
-0.082425 -1.00668 -0.311613 0.265893 -0.052915 -0.962549
0.917538 -1.106831 0.117048 0.837977 -0.488338 0.243556
0.716369 -0.070864 0.393469 -0.56488 -0.367697 0.738722
-0.732093 -1.080053 -0.384679 -0.49882 -0.398561 -0.769628
-1.220155 0.455587 -0.167575 -0.637957 0.62347 -0.451991
1.325691 0.283551 -0.241958 0.663619 0.539497 -0.51822
-0.38301 -1.198205 -0.341758 0.229609 -0.648467 -0.72579
-0.547347 -0.045859 0.18621 0.854219 -0.395017 0.338041
-0.315441 -1.120747 -0.372944 0.342815 -0.468991 -0.813957
1.086651 0.086244 0.480552 0.158761 0.257574 0.953127
-0.501441 -1.348092 0.116748 -0.006453 -0.970064 0.242763
-0.834057 -1.079412 0.296039 -0.691483 -0.400331 0.60132
0.027441 0.843472 -0.25842 -0.153144 -0.507447 -0.847965
-0.192567 1.094811 0.331493 0.366464 0.358055 0.858778
0.594028 -0.180257 -0.030337 -0.89205 -0.448216 -0.057875
0.257252 -0.429373 0.008282 -0.41142 0.911297 0.016469
1.217582 0.479922 0.13498 0.680131 0.628494 0.377383
-0.578023 0.390068 0.060695 0.581597 -0.792041 0.185517
0.166065 -1.316449 0.009805 -0.173552 -0.984408 0.028644
-0.679353 1.023483 0.43697 -0.398701 0.282737 0.872409
0.816532 -0.427876 -0.292747 -0.298189 -0.020169 -0.954294
-0.310849 -0.58263 0.3642 0.473316 0.508074 0.719606
-0.384498 1.115234 -0.402626 0.277555 0.48665 -0.828332
-0.704349 0.181867 -0.300197 0.661333 0.485814 -0.571509
-1.147012 0.560411 0.136579 -0.709867 0.553939 0.435018
0.642972 0.599208 0.35916 0.184093 -0.587322 0.788139
-0.3191 -1.138742 0.363561 0.326802 -0.507462 0.797297
-0.020984 -0.767573 0.19214 0.147374 0.76042 0.632489
0.186135 -0.588554 0.187977 -0.849571 0.418082 0.321616
-0.253807 0.654272 0.350862 0.718319 -0.295545 0.629818
-0.566601 -1.281437 0.263623 -0.099648 -0.840897 0.531942
-0.863073 -1.089628 -0.251133 -0.742486 -0.42982 -0.51378
0.071973 0.890143 -0.292553 -0.323871 -0.302593 -0.896407
0.406317 -0.451821 -0.178996 0.064962 0.950859 -0.302733
0.032143 1.281644 -0.105492 -0.046524 0.935795 -0.349462
-0.344233 0.887615 0.45793 0.452031 0.075437 0.888807
0.454591 1.104252 0.427782 -0.165081 0.488512 0.856799
0.808223 -1.129766 -0.286858 0.644068 -0.501959 -0.577247
0.424781 1.359291 -0.015571 -0.085075 0.995796 -0.033965
-0.391785 -1.350787 -0.068972 0.121543 -0.980557 -0.154061
-1.017195 0.728408 -0.193062 -0.772428 0.237342 -0.589087
0.704774 -0.033276 -0.399174 -0.587795 -0.203604 -0.78297
0.010595 1.289502 0.07897 -0.014997 0.964663 0.263059
-0.761514 0.228823 0.322473 0.58386 0.446923 0.677766
0.55017 -1.005817 0.47707 0.077276 -0.291365 0.953486
0.037976 -1.290329 0.079493 -0.053038 -0.963409 0.262736
1.116071 0.467077 0.251755 0.433513 0.533044 0.726588
0.010826 -1.293887 0.060656 -0.01507 -0.97926 0.202048
-0.412876 0.476598 0.241938 -0.080328 -0.906589 0.4143
-1.055653 0.77878 -0.079238 -0.912691 0.333004 -0.236864
1.153099 0.488724 -0.206181 0.559263 0.569673 -0.602243
0.826419 -0.290576 -0.333497 -0.453738 -0.395353 -0.798635
-1.375041 -0.331837 -0.018828 -0.804784 -0.592091 -0.041845
0.813617 -1.067073 -0.325432 0.655118 -0.370401 -0.658501
0.889037 -0.693507 -0.307338 0.506569 0.069581 -0.859387
-0.787926 1.041187 0.361565 -0.609226 0.312006 0.729038
0.761853 0.780826 -0.397096 0.480867 -0.195783 -0.854655
0.44435 0.575207 0.381639 0.098862 -0.708414 0.698839
-1.188293 -0.48627 0.170359 -0.630123 -0.604569 0.487279
0.978994 0.918733 0.166906 0.875254 0.270311 0.401077
0.957578 -0.920745 -0.207078 0.840008 -0.239944 -0.486635
0.388895 -1.344956 -0.097566 -0.127866 -0.967532 -0.218017
0.544933 -0.044755 0.181317 -0.859285 -0.390972 0.329804
0.582641 0.478013 -0.240611 -0.111318 -0.805008 -0.582727
-0.756787 -0.597056 -0.33328 -0.189102 0.396566 -0.898318
0.630196 -0.426177 0.195486 -0.436241 0.669154 0.601603
0.349443 -0.758791 -0.456359 -0.453035 0.140941 -0.880281
-0.307461 -0.85462 -0.438559 0.531677 -0.002963 -0.846942
1.458771 0.148069 0.122696 0.914002 0.321223 0.247823
0.761235 -0.365873 0.268354 -0.559987 -0.060509 0.826289
-0.811557 1.096309 0.309256 -0.65167 0.431317 0.623932
-0.964871 0.957667 -0.170302 -0.871199 0.295915 -0.391723
0.581344 -0.960691 -0.483876 0.183364 -0.176141 -0.967136
-1.009785 -0.929762 0.046396 -0.936458 -0.331822 0.11376
1.045431 0.833785 -0.017741 0.943134 0.328696 -0.049574
-1.322468 0.343719 0.17139 -0.701781 0.597456 0.388009
1.011813 -0.400545 -0.324506 0.080517 -0.452498 -0.888123
0.58597 0.548478 -0.325074 0.098344 -0.717652 -0.689422
0.940926 1.051184 -0.135527 0.86562 0.407681 -0.290687
0.43679 -1.193148 0.360767 -0.162372 -0.651405 0.741152
0.60267 -0.362535 0.048191 -0.795188 0.584966 0.159656
0.670819 0.907471 -0.460297 0.405968 0.017102 -0.913727
1.45931 0.023001 -0.196014 0.918387 0.053268 -0.392082
1.33774 0.370968 0.071618 0.764165 0.623145 0.166562
-0.46365 -0.635225 -0.430008 -0.096886 0.571678 -0.814737
0.530684 -0.811604 0.493579 0.133038 0.158737 0.978317
1.231818 -0.319926 0.298926 0.483027 -0.565645 0.668379
0.70819 1.273562 0.201201 0.409777 0.818601 0.402461
1.241658 0.458162 0.12752 0.689339 0.638588 0.342079
-0.670705 0.317869 0.175024 0.850713 -0.012182 0.525489
0.525156 -1.281717 0.267762 0.020441 -0.838357 0.544738
0.861698 -0.056852 -0.473007 -0.28415 -0.240269 -0.928186
1.382471 -0.21651 0.227571 0.761245 -0.448692 0.468167
0.897842 0.0092 0.489269 -0.204538 0.038929 0.978084
-0.331421 0.43671 0.139889 -0.015193 -0.971447 0.236772
0.652846 1.138015 -0.390712 0.303905 0.544995 -0.781423
0.437256 -0.495595 0.275033 0.091426 0.87183 0.4812
-0.816544 -1.246276 -0.065633 -0.649254 -0.749099 -0.131602
0.965167 -0.992115 0.138227 0.886577 -0.342598 0.310819
0.517952 -1.350505 0.105132 0.033001 -0.975549 0.217288
0.213392 -0.539423 0.196505 -0.840458 0.428812 0.331287
1.192 0.262934 0.36498 0.364281 0.518948 0.7733
0.914252 -0.711203 0.292005 0.569961 0.00723 0.82164
-1.082934 -0.224036 -0.420878 -0.1207 -0.489105 -0.863833
0.718383 1.300206 0.116986 0.429854 0.872042 0.234028
0.078997 -0.750906 0.20456 -0.493898 0.647208 0.580678
0.754967 -0.818035 -0.408422 0.501275 0.14069 -0.853774
0.90074 -1.158869 0.01577 0.814154 -0.579751 0.032277
-0.201891 -0.614363 -0.249974 0.817846 0.377451 -0.434348
-0.231314 0.549598 -0.246621 0.794709 -0.428703 -0.42971
-0.992264 0.941746 -0.111004 -0.910855 0.316431 -0.264979
-0.584688 0.05553 0.253439 0.788955 0.408942 0.458603
-0.762955 0.661294 -0.358406 -0.329455 -0.343925 -0.879304
-0.22641 -1.15166 0.315889 0.332969 -0.509952 0.793146
-1.407507 0.278224 0.060486 -0.837008 0.531865 0.128594
-0.242088 -1.069389 -0.364157 0.408296 -0.324164 -0.853353
-0.486627 -0.439041 0.133838 0.081203 0.958629 0.27283
-0.072894 0.676057 0.004523 0.560369 -0.828149 0.012487
-0.529792 1.279999 -0.270185 -0.028386 0.835414 -0.548888
0.257841 0.483759 -0.209294 -0.607256 -0.680298 -0.410407
-0.863496 0.983407 -0.310612 -0.72164 0.229971 -0.652954
0.301062 0.79829 0.431598 -0.569533 -0.08255 0.817813
1.078273 -0.747347 -0.005663 0.923938 -0.382132 -0.017737
0.710052 -1.061256 -0.40699 0.456129 -0.360733 -0.813522
-0.636127 0.290412 0.096809 0.960286 0.024635 0.277928
0.856752 -0.624666 0.313956 0.332663 0.152896 0.930569
1.090529 0.483195 -0.255079 0.41159 0.496688 -0.76413
1.145169 -0.515539 -0.188272 0.601422 -0.557756 -0.572014
0.984403 -0.350077 -0.351041 -0.045858 -0.465572 -0.883821
0.656339 0.843313 -0.462679 0.384542 -0.127451 -0.914266
0.957056 0.687201 0.262367 0.598947 0.092268 0.795455
0.246156 0.987502 0.389112 -0.481273 0.160412 0.861768
0.336362 1.276387 0.235896 -0.213316 0.814018 0.540252
1.022181 0.861494 0.099301 0.917924 0.29677 0.263333
-0.338504 1.07959 -0.404127 0.353587 0.399162 -0.845958
-0.686671 -0.981641 -0.444663 -0.424363 -0.184784 -0.886437
0.668188 1.248328 0.274171 0.321354 0.771878 0.548576
0.353318 -1.349581 -0.034325 -0.150217 -0.98545 -0.079524
0.06456 1.06317 -0.29955 -0.183595 0.219843 -0.958103
1.278869 -0.427546 0.106321 0.715947 -0.644043 0.269495
-0.620525 -0.125967 0.235819 0.749443 -0.523587 0.405204
-0.112562 0.703529 0.185164 0.668085 -0.595239 0.44649
-1.256263 -0.027334 0.428167 -0.511534 -0.073176 0.856141
0.602836 1.260355 0.28603 0.173302 0.800362 0.573923
-0.61698 -0.823418 0.474518 -0.320334 0.169031 0.932102
0.896184 0.901718 -0.296427 0.733115 0.132264 -0.66712
-1.156889 0.576254 -0.092441 -0.768186 0.56704 -0.297247
0.569191 -0.641481 -0.411058 0.228267 0.568573 -0.790328
0.172366 -0.790243 0.319287 -0.656087 0.285121 0.698753
0.634357 0.452148 0.225895 -0.301478 -0.688616 0.659484
-0.67074 0.717643 0.41975 -0.350411 -0.377008 0.857366
-0.543107 1.047567 0.462545 -0.045286 0.381236 0.923368
1.463916 0.165612 0.067293 0.925557 0.353178 0.136417
-0.615996 0.137652 0.211003 0.770915 0.521744 0.36534
0.282291 -1.308829 0.150428 -0.207966 -0.904278 0.37287
0.775956 -1.043811 0.370172 0.587844 -0.316436 0.744518
0.490119 -1.259558 -0.298173 -0.048439 -0.790795 -0.610162
0.432786 -1.087913 -0.431935 -0.212256 -0.453007 -0.865871
-0.670821 -1.261368 -0.253154 -0.326163 -0.798105 -0.506602
0.903699 0.248121 -0.391288 -0.271527 0.484332 -0.831682
-0.04428 -1.082653 -0.291243 0.12197 -0.278535 -0.95265
0.697664 1.324072 -0.026234 0.382358 0.92252 -0.052528
1.499438 0.017227 -0.015008 0.998787 0.039026 -0.030019
-1.056992 -0.064175 0.489921 -0.10489 -0.204391 0.973254
0.95492 0.955399 0.192511 0.853496 0.279698 0.439674
0.483373 -0.959496 0.488594 -0.097679 -0.214841 0.971752
1.254601 0.177597 0.38242 0.487758 0.405893 0.77288
0.754084 -0.153035 -0.370193 -0.535976 -0.491325 -0.686534
0.161372 1.315016 -0.022497 -0.171435 0.982975 -0.066115
0.865344 -0.121923 0.449399 -0.301721 -0.41715 0.857292
0.047324 -1.238601 0.184966 -0.079173 -0.790312 0.607568
-0.32974 0.442949 -0.163234 0.000754 -0.959765 -0.280804
-0.315648 -0.466462 0.224262 0.121176 0.900437 0.417768
-0.592443 1.354528 0.009752 -0.165264 0.986051 0.019766
-0.844866 -0.118308 -0.44344 0.340248 -0.419088 -0.841781
0.621065 0.42476 -0.187038 -0.43363 -0.699079 -0.568553
-0.712831 0.270938 -0.247322 0.736546 0.300262 -0.606088
0.559068 0.594399 -0.375627 0.182509 -0.661067 -0.727792
1.437056 0.009442 -0.242647 0.874064 0.022196 -0.485304
-1.023857 -0.503224 0.273822 -0.313486 -0.377975 0.871127
0.653254 -1.319641 -0.139812 0.285421 -0.916434 -0.280505
-0.586594 0.895768 0.489285 -0.229526 0.017882 0.973138
0.405483 -0.42456 -0.02616 0.03006 0.99856 -0.044435
-1.443339 0.036423 -0.227817 -0.886029 0.084925 -0.455785
1.489439 0.092525 0.028792 0.976917 0.20566 0.05777
0.047264 0.703878 0.090007 -0.376014 -0.884155 0.277278
0.600655 -0.994683 0.472303 0.2193 -0.24583 0.94418
-0.903235 -0.628287 -0.29596 -0.400358 0.032259 -0.915791
-0.910294 0.949433 -0.266097 -0.779459 0.21725 -0.587576
0.446863 -1.169347 -0.382616 -0.156796 -0.608189 -0.778153
0.820015 -1.227377 0.125634 0.658478 -0.709114 0.252119
-1.098237 -0.646725 -0.121342 -0.800215 -0.443055 -0.404176
-0.861313 -0.621725 0.311868 -0.331175 0.140526 0.933046
0.760707 0.018464 -0.437937 -0.478665 0.102077 -0.872044
-1.125157 -0.568028 0.159947 -0.681463 -0.517973 0.517023
-0.576029 -0.5936 -0.370679 -0.181687 0.653671 -0.734646
0.531319 -1.028304 -0.470451 0.018189 -0.344244 -0.938704
0.852841 -1.210622 0.068648 0.725027 -0.674681 0.138352
-0.4227 -1.207327 0.344577 0.175609 -0.675916 0.71575
0.33377 -0.44085 0.15573 0.014104 0.964195 0.264819
0.745967 0.055551 0.420508 -0.508678 0.289996 0.810647
-0.223355 0.897825 -0.381979 0.56485 -0.025936 -0.824786
0.358214 0.908756 0.46246 -0.416987 0.115775 0.901509
1.053642 -0.312195 -0.37136 0.082388 -0.51943 -0.850532
-0.881956 0.735253 -0.315233 -0.559875 -0.064979 -0.826025
0.585469 -0.396488 0.098739 -0.552695 0.77707 0.301149
-0.836482 0.982929 0.338721 -0.680314 0.21173 0.701672
-0.863161 1.203072 -0.046757 -0.745231 0.660086 -0.094427
0.360172 -0.429046 -0.094646 0.060399 0.986194 -0.154185
0.559501 0.895998 0.494655 0.158164 0.033749 0.986836
-0.358787 0.67762 0.439534 0.364912 -0.329648 0.87073
-1.358065 -0.354057 -0.022041 -0.789445 -0.611769 -0.050164
-0.621529 -0.228626 0.084789 0.930941 -0.310351 0.192436
0.067222 -0.707867 0.127198 -0.490318 0.79057 0.366862
1.053879 0.436119 -0.297942 0.23586 0.475582 -0.847462
-0.971552 0.539718 -0.279079 -0.297698 0.226428 -0.927419
-0.190671 0.654484 -0.263113 0.793716 -0.373625 -0.48002
-0.865918 -0.462535 -0.301399 0.109289 -0.076954 -0.991027
0.772405 -0.003971 -0.445149 -0.455199 -0.021611 -0.890128
0.642268 -0.525953 -0.299039 -0.002577 0.665787 -0.746138
-0.679875 -0.70672 0.411134 -0.346417 0.388995 0.853626
0.574087 0.38979 -0.045197 -0.575415 -0.806276 -0.13717
0.791767 -0.090584 0.432211 -0.430361 -0.382947 0.817399
0.197659 0.993301 0.361549 -0.464914 0.124099 0.876615
1.214135 -0.517388 -0.058711 0.753242 -0.634611 -0.172902
0.728657 0.897103 -0.430771 0.499653 -0.002375 -0.866222
-0.946954 -0.333331 -0.355588 0.147618 -0.448542 -0.881487
-0.684757 -0.29716 0.199393 0.823193 -0.136883 0.551014
0.659129 0.307675 0.154384 -0.89005 0.003818 0.455847
0.91528 0.317512 0.356707 -0.232409 0.43813 0.868348
0.432802 0.76405 -0.484792 -0.149357 -0.195462 -0.969271
-0.602814 -0.483209 -0.251175 0.118789 0.766143 -0.631597
0.527083 -0.628118 -0.412403 0.192837 0.602967 -0.774109
-0.421836 0.52139 -0.319705 -0.089409 -0.82049 -0.564625
-1.165185 0.318512 -0.338163 -0.335291 0.552666 -0.762981
0.235557 0.922667 -0.389992 -0.541032 0.031954 -0.840395
0.582777 0.392824 -0.083021 -0.57213 -0.77975 -0.25428
1.245239 -0.389623 -0.219165 0.586151 -0.609966 -0.533261
-1.057877 -0.43352 0.298289 -0.240035 -0.481727 0.842806
0.601886 -1.157343 0.392204 0.17513 -0.595211 0.784254
1.109822 0.372821 -0.320881 0.264816 0.543218 -0.796735
1.378877 -0.305796 -0.106224 0.79243 -0.564624 -0.23077
-0.104715 0.657956 0.072684 0.706763 -0.686277 0.171785
-0.902677 1.019402 0.242845 -0.793972 0.322276 0.515506
0.670936 1.334832 -0.008455 0.32397 0.945916 -0.016957
0.381258 1.255031 0.28116 -0.194577 0.767188 0.611197
0.870119 -0.292927 0.353774 -0.348328 -0.430555 0.83264
-0.234485 -0.449358 -0.059721 0.694385 0.710328 -0.115168
0.212198 -0.990931 -0.369721 -0.474232 -0.133797 -0.870174
0.651412 0.541261 0.311987 0.039903 -0.638226 0.768814
0.582105 -1.262017 -0.28914 0.128745 -0.803501 -0.581216
-0.777729 -0.354561 0.280732 0.538621 -0.146482 0.829717
0.301073 -0.488726 -0.259 -0.291982 0.80817 -0.511476
-1.289433 -0.412718 0.113441 -0.715482 -0.639649 0.280952
-1.024493 0.000811 0.499399 -0.048984 0.002822 0.998796
0.36212 1.346733 -0.068822 -0.146676 0.97651 -0.157842
-0.34915 1.229143 -0.300166 0.2394 0.707582 -0.664843
-0.263944 1.334076 -0.029765 0.190286 0.978756 -0.076347
0.639962 0.84002 0.468828 0.358076 -0.133987 0.924029
-0.584825 0.080055 -0.227195 0.777022 0.49433 -0.389711
-1.296012 0.42212 -0.064404 -0.744316 0.648089 -0.161166
1.172869 -0.298281 0.349274 0.338771 -0.543405 0.768079
-0.737305 -0.413049 0.257281 0.476157 0.203691 0.855444
1.395829 -0.147859 0.260893 0.783836 -0.329625 0.526259
0.283563 -0.578031 -0.339291 -0.608889 0.458321 -0.647453
0.972286 0.143792 0.463324 -0.095409 0.416537 0.904099
0.756064 0.1138 0.398037 -0.506978 0.45216 0.733842
0.230135 0.448968 -0.007645 -0.725081 -0.68851 -0.014556
0.119575 -1.129443 0.289077 -0.253865 -0.434875 0.863966
-0.603246 0.192559 0.062583 0.899249 0.419371 0.124416
-0.997038 -0.609718 -0.249463 -0.516773 -0.225455 -0.825903
0.669962 0.595333 -0.350345 0.17355 -0.557291 -0.811977
-0.104377 -0.687638 0.147064 0.666576 0.652738 0.360014
-0.798544 -1.196831 0.223766 -0.618227 -0.645312 0.448741
0.420748 1.113963 -0.414326 -0.223646 0.497111 -0.838369
-0.524025 1.207517 0.357626 0.000744 0.694271 0.719714
0.246336 -0.908633 0.397474 -0.550839 -0.021961 0.834323
-0.41061 1.357952 -0.016151 0.099973 0.994353 -0.035601
-0.695516 0.839689 0.444181 -0.440361 -0.130173 0.888334
-0.166008 -0.641115 0.204727 0.808472 0.445678 0.384374
0.429175 1.327604 -0.169467 -0.099519 0.925835 -0.364589
0.751241 -0.80765 0.408748 0.490501 0.161464 0.856352
0.388572 -0.559073 0.368677 -0.022913 0.717744 0.69593
0.516643 1.267363 -0.288811 0.00056 0.809333 -0.58735
-1.113895 -0.638738 -0.096606 -0.817153 -0.478102 -0.321993
-0.245343 -1.311649 0.120621 0.206696 -0.926394 0.314755
-1.204437 -0.340699 0.300114 -0.440619 -0.572588 0.691374
1.416761 -0.083275 -0.261081 0.830031 -0.193377 -0.52312
-0.2638 -0.597824 -0.331702 0.698656 0.382317 -0.604743
-0.786213 -1.040285 -0.363374 -0.606191 -0.309879 -0.732467
0.653502 0.210689 -0.19747 -0.814805 0.410585 -0.409284
-0.881123 -0.911217 -0.310742 -0.716626 -0.128176 -0.685578
-0.762215 0.741131 0.386473 -0.442459 -0.253476 0.860221
1.026643 0.378623 0.334796 0.083671 0.482414 0.871938
-0.385047 -0.976167 0.460511 0.341277 -0.239358 0.908976
-0.76729 -1.166697 0.294762 -0.557663 -0.583493 0.590379
0.635813 -1.306025 0.190878 0.24724 -0.889987 0.383139
0.802856 1.087602 -0.323784 0.635884 0.41202 -0.652603
0.279048 -1.337724 0.017669 -0.186327 -0.98148 0.044483
0.028474 -1.279207 -0.111362 -0.041661 -0.92834 -0.36939
1.322945 -0.379753 -0.099806 0.742704 -0.626963 -0.235179
1.371773 0.270247 0.185619 0.756209 0.523125 0.39305
-0.389211 -0.509855 0.306574 -0.047458 0.837419 0.544498
0.589287 -0.155102 -0.097637 -0.847192 -0.502396 -0.172812
0.568916 1.357854 0.013486 0.122302 0.992112 0.027483
0.628815 0.05658 -0.31647 -0.718594 0.37518 -0.585544
-0.812406 0.04352 0.458431 0.378504 0.206753 0.902213
1.439664 0.222516 -0.059172 0.883773 0.451708 -0.122086
0.527308 1.171564 -0.389267 0.000439 0.625629 -0.780121
-0.558114 1.353564 0.074314 -0.101669 0.983177 0.151746
0.672097 1.219713 -0.308426 0.333978 0.712649 -0.61692
1.092921 0.037143 0.489063 0.182877 0.116663 0.976189
0.006373 1.072196 -0.291244 -0.018518 0.240733 -0.970415
0.875374 -0.370804 -0.322232 -0.280645 -0.305402 -0.909927
-0.800619 1.25143 -0.102349 -0.615501 0.761004 -0.205015
-0.851345 0.829938 -0.34388 -0.621777 -0.021582 -0.782897
0.266899 0.441831 0.123371 -0.379446 -0.892247 0.244776
0.606263 -0.121775 0.213371 -0.767679 -0.528359 0.362636
-0.063577 1.288132 -0.093275 0.087765 0.948718 -0.303697
0.703251 -1.212344 0.29791 0.407505 -0.692053 0.595821
-0.892488 1.168196 -0.037465 -0.799754 0.595447 -0.076402
0.471623 0.850954 -0.498713 -0.082701 -0.016051 -0.996445
-0.206891 0.829982 -0.361673 0.628794 -0.157091 -0.761539
-0.92087 -0.815247 0.282662 -0.704798 -0.070047 0.705941
0.455992 0.452556 -0.174197 0.014356 -0.947265 -0.320128
-0.332565 -0.443412 0.164783 -0.006431 0.959307 0.28229
-0.531883 0.043972 -0.1439 0.878843 0.399967 -0.260117
-0.11657 1.268954 0.154322 0.160421 0.864612 0.476141
0.167781 -1.164616 0.284224 -0.286157 -0.538754 0.792375
-0.264445 -1.220924 -0.275232 0.279427 -0.684446 -0.67339
-0.852956 0.06828 -0.46694 0.304616 0.284265 -0.909067
1.063041 0.750274 -0.090822 0.894979 0.346638 -0.280811
0.657406 0.74123 -0.435051 0.356728 -0.341077 -0.869719
0.675293 -0.838033 0.453575 0.412304 0.137802 0.900564
0.412782 -1.357129 0.03462 -0.098417 -0.992227 0.076157
0.910902 -0.880409 0.284163 0.741463 -0.123884 0.659458
1.007399 -0.041255 -0.496931 0.010542 -0.143738 -0.98956
-0.22958 1.270994 0.197545 0.235499 0.82147 0.519353
-0.420354 -0.981165 -0.470839 0.264811 -0.258182 -0.929095
-0.644342 0.382294 -0.165106 0.688082 -0.474496 -0.548996
-0.543587 -0.042298 -0.180661 0.86497 -0.37722 -0.330956
-0.34546 0.971045 0.445122 0.411799 0.211319 0.886434
-1.024695 0.535645 0.259777 -0.393674 0.350341 0.849871
-0.808648 0.817346 -0.374362 -0.560374 -0.091131 -0.823211
-0.166454 -0.623231 0.183415 0.825847 0.452737 0.336163
-0.540762 -0.439233 -0.157854 0.201769 0.903566 -0.377965
-0.645233 -0.639982 -0.386945 -0.251969 0.525943 -0.81234
1.184822 0.204392 0.404093 0.33912 0.456622 0.822492
0.768816 -0.39949 -0.272546 -0.46688 0.04056 -0.88339
0.975816 0.787969 -0.226581 0.767654 0.158418 -0.620976
0.214496 0.53042 0.187298 -0.840326 -0.440082 0.316512
-0.728124 -0.97039 0.424621 -0.504178 -0.154963 0.849583
0.339631 -0.468343 -0.232228 -0.020817 0.910546 -0.412884
-1.027041 0.823014 0.121785 -0.897082 0.284368 0.3382
-0.7548 -1.075014 0.371615 -0.545549 -0.384596 0.744622
0.790921 -1.186266 0.247793 0.603937 -0.623261 0.496796
0.563775 1.224576 0.337841 0.085505 0.729925 0.678158
-1.375584 0.023276 -0.32905 -0.750749 0.056863 -0.658136
1.000153 0.010967 -0.499784 -6.0e-6 0.039408 -0.999223
-1.069545 0.556467 -0.22313 -0.53698 0.424092 -0.729245
-1.012439 -0.364032 -0.343762 -0.033504 -0.479143 -0.877097
-1.255161 0.456463 -0.099896 -0.715312 0.646257 -0.265857
-0.629703 0.720504 0.437088 -0.320279 -0.392816 0.862043
-0.606064 1.255353 0.291909 -0.180177 0.790449 0.585429
-0.157337 0.641865 -0.186821 0.804861 -0.472889 -0.358573
-0.779095 -0.768952 -0.384592 -0.486624 0.194642 -0.851653
-0.402427 0.919734 0.478559 0.314585 0.146035 0.937929
0.854602 0.215118 0.3915 -0.369948 0.485568 0.792062
0.406075 0.424249 0.017266 0.028706 -0.999156 0.029366
0.375502 -0.733925 0.463249 -0.347308 0.21131 0.913633
-1.077006 0.116544 -0.47252 -0.129654 0.332468 -0.93416
-0.998732 0.68904 -0.226808 -0.6766 0.195372 -0.70996
0.665542 -1.126037 -0.393622 0.337614 -0.51603 -0.78723
0.72566 -0.556948 -0.318113 0.070062 0.47691 -0.876155
0.242916 0.676926 -0.348596 -0.72757 -0.276314 -0.627928
-0.468931 -0.625352 0.422118 -0.114947 0.598717 0.792669
0.256338 1.206234 0.286089 -0.291567 0.648135 0.703498
1.305776 0.409906 0.068137 0.746681 0.643791 0.167334
0.583758 0.161002 -0.030366 -0.870138 0.489779 -0.05455
-1.257039 0.045669 -0.425612 -0.51139 0.121214 -0.850757
-1.469629 -0.144023 -0.079839 -0.936283 -0.312086 -0.161171
0.04877 0.715547 0.122591 -0.37372 -0.847267 0.377456
1.468631 0.132137 0.104133 0.934023 0.289102 0.209811
-0.712681 1.30803 -0.095979 -0.416506 0.888619 -0.192041
-0.576331 1.273141 -0.274416 -0.11809 0.825094 -0.552517
-1.245258 -0.344062 -0.266603 -0.533556 -0.584028 -0.611742
-0.067654 0.776368 0.222372 0.413879 -0.62412 0.662706
0.787733 -0.869702 0.392624 0.569256 0.0259 0.821752
0.466221 -1.307635 -0.220577 -0.063804 -0.884915 -0.461362
0.558827 -0.555971 0.337563 0.127399 0.727537 0.674136
0.731378 -1.297901 -0.099566 0.458971 -0.865844 -0.199147
0.850065 -1.096348 0.263692 0.720491 -0.439017 0.536803
-0.632002 -0.42506 0.195573 0.444425 0.660582 0.605076
0.527756 -0.453382 0.185145 -0.112985 0.904654 0.410896
0.59596 0.39276 -0.108759 -0.59508 -0.727765 -0.340937
-0.518029 -0.656252 -0.434776 -0.185203 0.540438 -0.820748
-0.738013 0.807633 0.416187 -0.476408 -0.171367 0.862362
0.896346 1.164689 0.020092 0.806575 0.589705 0.041036
-0.649764 -1.328327 -0.111893 -0.278283 -0.933859 -0.224648
0.832344 1.213251 0.131539 0.684634 0.679237 0.26441
0.328363 -0.817749 -0.45056 -0.507339 0.040831 -0.860778
0.956496 1.010338 0.142279 0.878833 0.358848 0.314454
-1.440355 0.166238 -0.158926 -0.876643 0.357426 -0.322094
-1.028516 -0.830877 -0.110609 -0.906673 -0.291419 -0.30499
0.425153 0.476605 0.239577 0.079117 -0.906915 0.413817
0.612092 0.598159 0.365708 0.185631 -0.619953 0.762364
-0.708276 -0.221697 0.272746 0.700304 -0.427027 0.572034
-0.949164 0.06844 -0.488428 0.113395 0.247666 -0.962187
0.445619 -0.670696 0.452872 0.009516 0.463746 0.885917
0.52587 0.641037 -0.422409 0.194534 -0.57526 -0.794501
0.443638 -1.326141 -0.176692 -0.08347 -0.922706 -0.376359
-0.69935 1.321389 -0.050052 -0.386182 0.916963 -0.100207
1.016064 -0.707594 0.202528 0.739638 -0.235379 0.630501
-0.889767 -1.121314 0.169331 -0.791825 -0.502203 0.347571
-0.927965 1.056899 0.163031 -0.845485 0.406515 0.346267
-0.3067 1.144027 -0.355035 0.330004 0.51421 -0.791635
-0.02423 1.17258 -0.246152 0.05127 0.574667 -0.81678
0.048803 -0.765974 -0.200818 -0.325259 0.707311 -0.627629
-0.214566 0.953643 -0.37527 0.51065 0.062155 -0.857539
-0.545656 0.775514 -0.483147 -0.193648 -0.26016 -0.945948
0.458746 1.188535 0.369081 -0.129039 0.647478 0.75108
-0.627582 0.676364 0.415108 -0.287307 -0.477574 0.830288
1.199863 -0.482413 0.159627 0.647048 -0.614322 0.451593
-1.202458 0.443458 0.204103 -0.577202 0.60814 0.544981
-0.426299 0.5908 0.398337 -0.047379 -0.662447 0.747609
0.736188 0.34405 0.250891 -0.654596 0.073393 0.752408
-1.37199 -0.08923 0.319402 -0.738744 -0.21194 0.639796
-0.388123 1.35407 0.038338 0.122387 0.988748 0.086018
-0.337861 1.342215 0.072621 0.164141 0.971578 0.170568
-0.249858 -0.442489 -0.089039 0.541572 0.821652 -0.177729
-1.087896 0.242496 -0.409481 -0.132776 0.502929 -0.854068
-0.524767 -0.729285 0.471682 -0.171697 0.366099 0.914599
1.278229 -0.121768 -0.392151 0.543027 -0.297293 -0.785327
-1.474177 -0.069366 -0.140248 -0.946775 -0.157136 -0.280938
1.056317 -0.742271 0.117614 0.870509 -0.330537 0.364635
-0.420487 -1.306116 0.214161 0.122058 -0.879382 0.460206
0.295285 0.420537 0.007632 -0.077703 -0.996885 0.013508
1.055778 -0.670242 0.170675 0.756517 -0.339435 0.558986
-1.383455 -0.275305 -0.153173 -0.783819 -0.528966 -0.325306
0.255654 -0.934447 0.401942 -0.525054 -0.075401 0.847722
-0.520264 0.061459 0.00297 0.867212 0.497914 0.005007
0.396658 0.440488 -0.140741 0.059776 -0.97008 -0.235311
-1.117362 -0.209352 -0.422767 -0.194799 -0.471556 -0.860051
0.594758 -0.18368 -0.004274 -0.898409 -0.439082 -0.008252
-0.812096 -0.572608 -0.314333 -0.155988 0.25458 -0.954388
1.446607 0.057156 0.216209 0.891752 0.132134 0.432804
0.816208 -0.21941 -0.368299 -0.455426 -0.47699 -0.75171
-0.61263 0.22178 -0.041299 0.94134 0.324732 -0.091803
0.676141 0.523643 0.297884 -0.030152 -0.597311 0.801443
-1.2166 -0.014065 0.450343 -0.432894 -0.039167 0.900594
0.208339 1.292232 -0.148073 -0.212487 0.889429 -0.40468
0.255751 -1.096348 -0.359163 -0.384638 -0.390507 -0.836396
-0.948517 0.470112 0.301514 -0.075822 0.267593 0.960544
0.80062 0.140406 0.40976 -0.437942 0.468775 0.767109
0.951971 0.706161 -0.264243 0.62127 0.079935 -0.779508
-0.728535 -0.069171 -0.403263 0.542551 -0.353832 -0.761867
-0.311123 1.340337 -0.054542 0.176871 0.975339 -0.132027
-1.076813 -0.682617 -0.127491 -0.822677 -0.385459 -0.417881
0.33018 0.437 -0.141138 0.011535 -0.970818 -0.239541
1.212854 0.188812 -0.399888 0.399025 0.430536 -0.809579
0.751764 1.265764 0.163629 0.508186 0.796636 0.327289
0.242546 -0.719137 -0.364714 -0.702699 0.232133 -0.672554
0.400547 0.754191 0.475848 -0.265485 -0.187635 0.94568
0.284782 -0.759057 -0.413798 -0.616467 0.14666 -0.773602
-1.097201 -0.63052 0.139757 -0.764335 -0.445856 0.465837
-0.956955 -1.062414 -0.028464 -0.895698 -0.440409 -0.061363
-0.139475 -0.629082 -0.116148 0.805868 0.545252 -0.230818
0.355948 1.303437 -0.197453 -0.181494 0.875434 -0.447967
0.628184 1.253361 -0.286805 0.229622 0.785618 -0.574524
-0.570945 -0.535689 0.313107 -0.079351 0.749995 0.656666
-0.339179 0.491947 -0.277214 0.077683 -0.853902 -0.514603
0.041687 0.732362 0.149981 -0.311301 -0.824169 0.473115
1.231646 -0.033071 -0.441409 0.461715 -0.090285 -0.882421
1.16501 -0.327939 -0.331359 0.342296 -0.556723 -0.756897
-0.198975 1.309304 -0.09592 0.196074 0.943496 -0.267152
1.435805 0.075601 -0.231129 0.86903 0.174401 -0.463002
-0.364033 -0.489645 -0.274591 -0.014491 0.873061 -0.487395
-0.895657 0.816985 -0.306452 -0.669622 0.028793 -0.742144
1.134628 -0.602105 -0.102197 0.780901 -0.526321 -0.336422
-1.034491 0.491424 0.275358 -0.308628 0.407267 0.859583
-0.683244 -0.501131 -0.282046 0.118094 0.578018 -0.807433
0.371322 1.157485 0.370624 -0.268093 0.563399 0.781478
0.628521 0.939659 0.474667 0.310944 0.104442 0.944672
0.239108 -0.49691 0.197267 -0.744583 0.559692 0.363787
-1.118187 -0.663568 -0.001177 -0.876396 -0.481575 -0.003917
0.609914 1.084049 0.436252 0.211123 0.440762 0.872442
0.048662 -0.833441 -0.257685 -0.269361 0.509063 -0.817496
-0.728309 -0.209456 -0.304528 0.640991 -0.459169 -0.615057
-0.478485 0.431085 0.098219 0.091876 -0.975677 0.199031
-0.143308 -1.203702 0.245141 0.231586 -0.654772 0.719473
-0.763679 0.1027 0.40964 0.487722 0.427211 0.761327
-0.466076 1.286396 -0.257339 0.074408 0.841456 -0.535177
-0.791732 -0.729947 0.367946 -0.454677 0.227759 0.861043
-1.109092 0.000581 -0.487953 -0.218184 0.001816 -0.975906
-0.943223 -1.061913 -0.110996 -0.872301 -0.427486 -0.237373
-0.548836 -1.21158 -0.352764 -0.051866 -0.70406 -0.708244
0.839465 0.189316 -0.400162 -0.38916 0.487075 -0.781865
-0.18616 0.52106 0.013562 0.894237 -0.447058 0.021916
0.396608 1.106297 0.411723 -0.265281 0.474587 0.839281
-0.127565 1.157789 0.275358 0.245157 0.519759 0.818382
-0.707407 0.028555 0.402267 0.583262 0.175697 0.793055
0.561485 -0.966478 0.485926 0.125819 -0.199239 0.97184
-1.451404 0.023108 0.213571 -0.902557 0.053765 0.427199
-0.352832 0.872459 -0.463332 0.439094 0.05461 -0.89678
1.481681 -0.123498 -0.031058 0.960736 -0.27033 -0.062514
1.130106 0.181922 -0.434075 0.224265 0.435188 -0.871961
1.385943 0.04103 -0.314657 0.77069 0.099065 -0.629462
-0.395439 1.289313 0.23662 0.158629 0.842344 0.515066
-0.250881 0.435987 -0.054806 0.504648 -0.856339 -0.109607
-0.687858 -1.290977 -0.183702 -0.362387 -0.856444 -0.367668
-0.963709 0.700459 0.255425 -0.632149 0.108057 0.767275
1.031413 0.694073 0.189614 0.748403 0.274717 0.603674
1.14884 0.370904 0.306726 0.349656 0.563267 0.748646
-0.795582 -0.016432 0.45554 0.409188 -0.084353 0.908543
1.201336 -0.165529 0.417002 0.376694 -0.395731 0.837555
0.696425 -0.419775 -0.235525 -0.487616 0.39079 -0.780714
-0.560591 0.472295 -0.227928 0.099127 -0.843124 -0.528503
0.734109 0.189906 -0.325193 -0.608429 0.483012 -0.629694
-0.70548 -0.916901 0.443199 -0.465646 -0.036674 0.884211
-0.898273 0.220384 -0.405803 0.277534 0.489076 -0.82691
-0.73183 1.020915 0.409609 -0.507275 0.266799 0.819445
1.231607 -0.048453 0.439492 0.459908 -0.131236 0.878215
0.941889 0.683586 -0.273635 0.56765 0.05503 -0.821429
0.42414 0.653672 -0.443234 -0.043319 -0.489152 -0.871122
-1.373019 -0.306468 -0.123178 -0.780254 -0.5652 -0.267865
-1.069204 -0.350713 -0.345504 -0.148822 -0.522688 -0.839434
-0.592511 -0.127015 -0.171949 0.795359 -0.531868 -0.290725
1.042481 0.247143 -0.411178 0.034314 0.504486 -0.862738
-0.271484 -0.574631 0.324623 0.660282 0.442 0.607176
1.470862 0.037892 -0.163213 0.941171 0.086911 -0.326563
0.584176 0.544673 0.321321 0.090863 -0.724815 0.682925
1.495531 -0.010383 -0.06578 0.991027 -0.023585 -0.131564
-0.465242 -0.720325 0.474628 -0.016906 0.346165 0.938021
-0.503506 -0.021132 0.028163 0.968286 -0.243864 0.054344
-0.05062 -1.301711 0.002717 0.067124 -0.997705 0.008924
0.424391 -0.911243 0.486431 -0.256079 -0.130604 0.957792
0.305015 1.13031 0.362905 -0.34161 0.484603 0.805271
0.289495 -1.258431 0.242066 -0.245895 -0.775163 0.581944
1.126877 0.058811 0.478205 0.24717 0.17462 0.953108
0.363918 -0.444939 0.165826 0.058678 0.959594 0.275202
0.219409 0.859162 0.376267 -0.601167 -0.093062 0.793686
0.597791 0.953529 0.481562 0.230174 0.151207 0.961331
0.585319 0.142665 0.114083 -0.831075 0.520348 0.196349
-0.229342 -0.662051 0.324778 0.755457 0.3043 0.580246
0.180806 -0.556745 0.116977 -0.876838 0.439731 0.1944
0.632259 -0.134962 -0.245542 -0.740023 -0.519324 -0.427397
-1.042606 -0.843207 -0.003064 -0.94484 -0.327424 -0.008454
0.544889 -0.846551 -0.495783 0.148455 0.079586 -0.985712
-0.521809 0.051156 -0.085411 0.879801 0.451282 -0.149311
0.817481 0.72182 0.35216 0.467995 -0.195184 0.861907
-0.936397 1.083894 -0.093449 -0.865894 0.459582 -0.197514
0.78704 0.521287 -0.301558 -0.025124 -0.284266 -0.958416
-0.354987 0.613789 0.406629 0.288021 -0.50563 0.813254
0.969358 -0.97022 -0.149027 0.884519 -0.318233 -0.341105
1.460371 0.114304 -0.152511 0.917264 0.254281 -0.306542
1.153281 -0.599173 -0.048465 0.813913 -0.558948 -0.158502
1.461757 -0.146196 -0.113733 0.92011 -0.317264 -0.229653
-0.436773 -0.809536 0.492022 0.174045 0.087651 0.980829
-1.051961 -0.796878 0.067249 -0.923636 -0.328977 0.196648
0.043714 0.864027 0.273075 -0.224483 -0.422815 0.877972
-0.14761 -1.006237 0.335388 0.401137 -0.105478 0.909925
0.527087 0.054723 -0.103535 -0.86806 0.462819 -0.179642
0.811095 -0.197395 0.379379 -0.453206 -0.486574 0.746893
0.124157 -0.678492 -0.169217 -0.725164 0.574577 -0.379471
1.25262 -0.435164 -0.147401 0.67178 -0.635192 -0.381107
-0.707726 -0.353447 -0.224261 0.704947 0.061722 -0.70657
-1.191206 -0.395162 0.261965 -0.475073 -0.589084 0.653671
-1.093228 0.094245 -0.477166 -0.169787 0.276073 -0.946021
-0.381226 0.715582 0.460566 0.307886 -0.261743 0.914711
1.443797 -0.17556 -0.137516 0.884505 -0.373648 -0.279353
0.393208 -1.21365 0.330484 -0.208751 -0.682227 0.700706
-0.995229 -0.963594 -0.062575 -0.926577 -0.346097 -0.147217
-0.459213 -0.48156 -0.244163 -0.066008 0.895677 -0.43978
0.692636 0.213917 0.258588 -0.72714 0.432479 0.533132
0.363471 0.607249 0.405122 -0.231087 -0.541399 0.808384
0.116013 -0.816506 -0.284026 -0.538697 0.38924 -0.747194
-1.436833 -0.220756 0.081772 -0.877336 -0.449287 0.168591
0.204343 -1.321541 0.038659 -0.189377 -0.976029 0.107251
-0.158303 -0.583461 0.071648 0.862682 0.489658 0.126551
0.542489 0.709251 -0.459043 0.213423 -0.421977 -0.881127
-1.079962 0.737285 -0.038749 -0.914312 0.386031 -0.122531
1.342007 0.329751 -0.155802 0.731404 0.587119 -0.3469
1.310603 0.096917 -0.376477 0.612932 0.237864 -0.753482
-0.73378 -1.120461 -0.359497 -0.494674 -0.487716 -0.719327
-0.05213 -0.908445 -0.292296 0.233146 0.274529 -0.932886
-0.56477 -0.127957 0.043766 0.840089 -0.537536 0.072841
-1.240989 -0.442407 0.155391 -0.659127 -0.631911 0.407725
0.265366 -0.427315 0.033922 -0.323878 0.943767 0.066386
1.229266 0.168361 -0.401873 0.43508 0.395119 -0.809065
-0.668733 -0.723325 -0.423039 -0.353631 0.368214 -0.859862
0.114997 0.704791 0.190431 -0.672458 -0.583296 0.455594
1.14487 0.615624 -0.032424 0.833323 0.542307 -0.107123
1.03686 -0.821682 -0.093483 0.915544 -0.304765 -0.262484
-0.993747 -0.74776 -0.21569 -0.75356 -0.184176 -0.631052
0.302967 1.186753 0.322221 -0.298213 0.606726 0.736853
1.02143 -0.194203 0.441123 -0.008196 -0.468948 0.883188
0.158117 -0.574723 0.008122 -0.870725 0.491565 0.014174
0.291494 -0.639451 0.381846 -0.614435 0.332147 0.715645
0.364707 1.225586 0.309361 -0.229372 0.701992 0.674237
1.142261 -0.622006 0.017063 0.841917 -0.536637 0.05653
-1.139233 0.530213 0.180351 -0.622446 0.54768 0.559114
0.789992 0.300966 0.305559 -0.543627 0.330089 0.771693
0.445648 -1.306826 0.218652 -0.091699 -0.881923 0.462389
0.612005 -1.29854 -0.219691 0.195826 -0.875571 -0.441619
-0.512677 0.739404 0.477543 -0.136991 -0.333272 0.932826
0.351254 -0.421276 0.010237 0.057921 0.998184 0.016542
-1.488879 -0.093577 0.034016 -0.975757 -0.207938 0.068257
-0.681857 0.9954 0.44381 -0.411325 0.217557 0.885145
-0.295537 0.783541 -0.425937 0.586058 -0.106616 -0.803224
1.104801 -0.417526 0.292221 0.31732 -0.533963 0.783704
-0.99265 -0.275173 -0.393682 0.070851 -0.502137 -0.861881
0.541259 0.579305 0.365598 0.164667 -0.695942 0.698963
-0.492573 0.429098 -0.096459 0.132956 -0.969673 -0.205077
1.3671 -0.039952 0.336569 0.732937 -0.097735 0.673239
-0.282801 -0.441782 0.142138 0.243598 0.930502 0.273545
-0.45143 -0.551836 0.354758 -0.114854 0.761189 0.638279
1.01403 0.776069 0.177182 0.825597 0.237514 0.511836
0.712507 0.396316 -0.236994 -0.570026 -0.236613 -0.786819
1.026808 -0.886243 0.027006 0.943589 -0.323602 0.070153
-1.052125 -0.335149 -0.357534 -0.095832 -0.516394 -0.850972
1.080541 0.185655 0.441869 0.118721 0.449422 0.885395
-0.677901 0.249746 -0.209884 0.810476 0.317965 -0.491962
-1.169883 -0.509705 0.165709 -0.641323 -0.587356 0.493678
0.126166 0.868437 -0.312017 -0.503593 -0.254264 -0.825678
-0.590133 -0.874033 0.488197 -0.248534 0.03718 0.967909
-0.214374 -0.981586 0.372269 0.483887 -0.11694 0.867282
0.59395 -1.333807 -0.140069 0.16391 -0.944976 -0.283115
-0.839932 -0.754019 0.345018 -0.532978 0.126421 0.836632
0.45042 1.360086 0.034521 -0.056138 0.995677 0.073996
0.69018 -0.211602 0.257108 -0.729745 -0.435669 0.526939
-0.751148 0.293142 -0.277684 0.64364 0.292279 -0.707319
-0.744909 -1.040805 0.394044 -0.530213 -0.309913 0.789195
-0.239076 0.634491 0.322556 0.754782 -0.323999 0.570376
1.090725 0.691447 -0.083199 0.867655 0.415671 -0.272749
-0.628459 0.387667 0.149951 0.657704 -0.570039 0.492424
-1.314147 -0.40396 0.051229 -0.756116 -0.642471 0.124577
0.240464 -0.654065 0.334845 -0.743317 0.302298 0.596738
-1.423605 0.130011 0.226175 -0.841541 0.290836 0.455217
1.304607 -0.415427 0.049622 0.752481 -0.64707 0.122774
-0.434277 1.051779 0.449555 0.220024 0.387903 0.895053
0.540753 -1.360284 -0.02268 0.073961 -0.996172 -0.046602
-0.332598 0.944758 -0.444408 0.445031 0.16002 -0.881102
0.808545 -0.939484 0.373114 0.626013 -0.114505 0.77136
1.365852 -0.328307 -0.093798 0.781829 -0.587776 -0.207999
-0.760649 0.235123 -0.317617 0.590734 0.436803 -0.678407
-0.225228 -0.477038 0.122149 0.793478 0.567356 0.220225
0.829616 0.813639 0.359336 0.581649 -0.071306 0.810309
-1.261514 0.463527 -0.055458 -0.742326 0.653338 -0.148668
0.400408 0.498283 0.286331 0.073263 -0.864012 0.498112
-1.074354 0.751582 0.036379 -0.920839 0.373143 0.113226
-0.361574 1.060568 -0.422133 0.339133 0.375741 -0.862443
0.713088 -0.099254 -0.374349 -0.577604 -0.448428 -0.682119
1.254803 -0.218337 0.358699 0.489606 -0.466008 0.736968
0.191881 -1.312366 -0.078378 -0.190676 -0.956522 -0.220702
0.740455 -1.054087 0.391533 0.51993 -0.339707 0.783755
0.872335 -0.742983 0.322413 0.557774 0.078381 0.826284
0.235732 1.329719 0.004416 -0.191738 0.981376 0.011756
0.795629 -0.364896 -0.289662 -0.480541 -0.156844 -0.862833
0.531627 0.918267 -0.496256 0.064694 0.103647 -0.992508
1.461071 -0.101742 -0.160115 0.919046 -0.228129 -0.321421
1.139037 0.610398 0.07519 0.80912 0.532661 0.248187
0.191146 0.838699 0.350728 -0.616142 -0.173643 0.768256
1.29928 0.047485 0.396894 0.59612 0.121695 0.793619
-1.462174 0.062442 -0.178637 -0.922856 0.14279 -0.357697
0.627479 -0.148318 -0.219775 -0.765681 -0.51302 -0.388
0.621252 -0.39337 -0.147471 -0.620035 0.622582 -0.47744
-0.427599 0.957891 -0.478743 0.249514 0.217153 -0.943709
1.344394 0.363107 -0.070247 0.769591 0.617706 -0.16177
-0.769299 -0.665979 -0.357778 -0.341666 0.328797 -0.88043
-1.350812 -0.327364 -0.140257 -0.748448 -0.585609 -0.311268
0.679096 0.701171 0.408884 0.340301 -0.398821 0.85155
1.080519 -0.698258 -0.1031 0.857114 -0.390961 -0.335418
-0.434034 1.358137 -0.044543 0.075939 0.992435 -0.096472
-0.438557 0.553018 -0.358319 -0.100014 -0.756526 -0.646271
0.852991 -0.276973 -0.354501 -0.390038 -0.437916 -0.81
0.589147 -0.428178 -0.167453 -0.363161 0.803255 -0.472118
-0.530977 0.063769 0.097759 0.852794 0.495324 0.165517
1.386643 -0.217071 -0.220085 0.770207 -0.449073 -0.452896
0.220741 0.797662 0.36639 -0.657191 -0.175871 0.732919
0.633214 0.825348 -0.469017 0.347723 -0.166934 -0.922617
-0.47169 -0.713636 -0.471845 -0.044704 0.370305 -0.927834
-0.681428 0.454894 0.248831 0.321809 -0.537414 0.779503
-1.444005 0.13288 0.181233 -0.883427 0.293762 0.36505
0.205988 -0.684185 0.305713 -0.761348 0.320435 0.563623
-0.694965 0.597777 -0.34661 -0.178429 -0.516206 -0.837672
-0.637092 -0.206349 0.165867 0.84668 -0.408225 0.341299
0.143871 0.724972 0.250216 -0.700536 -0.449848 0.553973
-0.649326 1.297251 -0.20153 -0.276444 0.871983 -0.40401
-0.360489 -0.42435 0.056678 -0.060486 0.993933 0.091864
-0.03162 -0.700905 -0.056238 0.265711 0.946993 -0.18056
1.489755 -0.055262 0.081716 0.9786 -0.124813 0.163597
-1.22469 -0.505221 -0.057754 -0.748881 -0.641424 -0.16659
-0.705021 1.18407 -0.326708 -0.416988 0.631774 -0.653439
-0.379068 0.477135 -0.248962 -0.057895 -0.902252 -0.427305
-0.031457 0.888175 0.281021 0.153722 -0.359246 0.920496
0.793984 -0.011043 0.455238 -0.412184 -0.057127 0.909308
0.625623 -1.323143 -0.152909 0.22682 -0.924109 -0.30753
-0.19733 0.500938 0.035184 0.885351 -0.461359 0.057452
-0.92246 1.097509 0.11845 -0.844846 0.474255 0.247625
1.072397 -0.045519 -0.491332 0.140193 -0.145447 -0.979383
-0.932416 -0.357805 0.341272 0.159842 -0.40706 0.899307
0.969015 0.893235 -0.200488 0.84277 0.227265 -0.487944
1.123165 0.548892 -0.180522 0.632023 0.519956 -0.574624
-0.752317 1.160936 0.313564 -0.526867 0.573081 0.627686
0.565343 -0.908392 -0.493098 0.167116 -0.060418 -0.984084
-1.044654 -0.71686 0.15896 -0.810847 -0.30357 0.500372
0.843485 -0.386075 -0.307193 -0.333358 -0.20786 -0.919602
-0.766043 0.363501 0.271793 0.553004 0.083329 0.829001
1.309781 0.103419 0.375026 0.610378 0.252422 0.750814
-1.475865 0.144188 0.022338 -0.94914 0.311607 0.045099
-0.291036 -0.740818 0.415054 0.611066 0.168497 0.773438
-0.898849 -0.49019 0.300119 -0.028557 -0.112322 0.993261
0.589515 -0.169159 0.046123 -0.876451 -0.473948 0.084891
0.237247 1.143336 0.325718 -0.34276 0.491937 0.800321
-0.621953 0.61802 -0.378553 -0.216834 -0.580579 -0.7848
-1.001755 0.013815 0.499654 -0.003017 0.049482 0.99877
0.359448 -1.296255 -0.212274 -0.184175 -0.858542 -0.478525
0.418443 -1.228594 -0.322225 -0.169651 -0.717544 -0.675536
0.38343 -0.831128 -0.477903 -0.362696 0.014525 -0.931794
0.496417 -1.287738 -0.258121 -0.026965 -0.847366 -0.530324
-0.046689 -0.780055 0.214698 0.300938 0.672002 0.676646
0.607843 -0.442955 0.201749 -0.313863 0.7591 0.570313
0.901325 -1.015483 0.247302 0.790641 -0.31449 0.525341
0.294632 0.461459 0.204179 -0.236358 -0.887749 0.395015
-1.032341 -0.867164 0.03786 -0.941798 -0.320702 0.100832
0.23699 -0.582164 -0.28482 -0.775954 0.386287 -0.498676
-0.838533 -0.006095 -0.473118 0.323013 -0.028834 -0.945955
-0.5227 -0.420691 -0.084773 0.249684 0.946797 -0.203059
-0.462668 -1.308792 -0.217831 0.068147 -0.887061 -0.456595
0.821292 0.613172 0.322963 0.270154 -0.241546 0.932026
0.861328 1.082298 -0.259528 0.738731 0.414711 -0.531311
0.172672 1.203194 -0.255678 -0.259767 0.647427 -0.716491
-1.27874 0.384922 -0.182282 -0.653125 0.618592 -0.436774
0.263968 -1.095593 0.363297 -0.384375 -0.392873 0.835408
0.790984 0.594786 -0.325113 0.201038 -0.316414 -0.927074
0.604482 -0.410477 0.152341 -0.495453 0.733696 0.464991
-0.56815 -0.493012 0.259581 0.036437 0.810134 0.585112
0.672362 -1.25127 0.267453 0.330646 -0.777379 0.535121
1.208975 0.093709 0.440833 0.406134 0.248387 0.879408
-1.380673 0.246016 0.199283 -0.765384 0.491202 0.415821
-0.650171 0.41854 0.202744 0.494616 -0.576166 0.650683
-0.179213 -1.081927 0.330874 0.367523 -0.319529 0.8734
0.584271 0.449091 0.198626 -0.242511 -0.818026 0.521557
0.090967 -0.74025 -0.203689 -0.554493 0.624049 -0.550546
0.647293 -0.711246 0.426133 0.328451 0.402756 0.854346
0.268671 1.060445 -0.38038 -0.413281 0.321758 -0.851863
-1.1148 -0.253042 -0.397987 -0.193242 -0.510362 -0.837966
-0.079114 -1.280316 0.118998 0.110527 -0.917339 0.382457
-0.046662 -1.149408 0.263004 0.104665 -0.497084 0.861367
-1.219424 -0.102157 0.433358 -0.425742 -0.26589 0.864897
-1.086275 0.35847 -0.337062 -0.195416 0.531038 -0.824506
-0.760222 -0.276501 -0.293396 0.616208 -0.351286 -0.704901
0.940139 -1.080955 -0.083268 0.871612 -0.457312 -0.176519
1.289419 -0.368298 0.189616 0.655977 -0.610396 0.443972
0.443063 -0.976249 0.477948 -0.210107 -0.251823 0.94469
-0.169331 0.618897 -0.18471 0.829995 -0.446173 -0.334721
0.447762 0.706009 0.469066 -0.026614 -0.367885 0.92949
0.027378 -1.070588 -0.292701 -0.079269 -0.236785 -0.968323
0.77368 0.229522 -0.332108 -0.556601 0.452103 -0.696992
0.077547 0.996081 0.310669 -0.260031 0.017422 0.965443
-0.620662 0.127014 -0.234716 0.75034 0.523554 -0.403585
0.68648 0.00825 0.3892 -0.626737 0.055307 0.777265
0.189731 -0.672406 0.274947 -0.778282 0.363474 0.512019
-0.178174 -1.008842 -0.349289 0.434965 -0.140061 -0.889488
0.407488 -1.075696 -0.431176 -0.262261 -0.42269 -0.867498
-0.501348 0.594879 0.390118 -0.162391 -0.673562 0.721071
-0.941005 1.053876 -0.131432 -0.866477 0.412207 -0.281608
-1.002836 0.690421 0.22244 -0.686654 0.205277 0.6974
0.186354 -0.814761 0.34049 -0.638523 0.218945 0.737802
0.107565 1.292185 -0.097162 -0.138219 0.94262 -0.303913
1.022709 -0.883324 -0.066407 0.933797 -0.313586 -0.172301
0.304962 1.31867 -0.137924 -0.195187 0.922332 -0.333475
-0.828191 -0.711166 -0.344038 -0.463464 0.185486 -0.866485
-0.385436 -0.483006 0.26012 -0.062632 0.891833 0.448009
0.630604 0.22345 0.126967 -0.896091 0.344521 0.27987
0.85348 1.124023 -0.233179 0.727851 0.49604 -0.473474
0.297741 -1.226798 -0.282844 -0.26856 -0.698466 -0.663341
-0.278279 -0.732128 -0.402513 0.640049 0.186185 -0.745434
0.895966 1.138815 0.122349 0.804248 0.538747 0.250874
0.863818 1.176475 0.135458 0.74717 0.605436 0.274197
-0.368651 0.534158 0.339865 0.050292 -0.767373 0.639226
0.620151 -1.108503 -0.420323 0.230402 -0.490238 -0.840584
0.346842 -1.198587 -0.329053 -0.262988 -0.641188 -0.720913
-0.741901 0.037237 -0.423549 0.515769 0.207217 -0.83129
-0.526218 0.431901 0.129417 0.202707 -0.931176 0.303019
0.105708 -1.29004 -0.102785 -0.137316 -0.936705 -0.322069
0.345423 0.464442 0.22344 0.004714 -0.920634 0.390399
-1.030266 0.445735 0.298826 -0.201501 0.438752 0.875725
-0.051224 1.06422 0.297009 0.147843 0.219857 0.964264
-0.881278 -0.929482 0.306748 -0.72632 -0.155966 0.669428
-0.890345 -0.760272 0.310705 -0.602891 0.031246 0.797211
-0.57045 -0.765958 0.474409 -0.248405 0.294057 0.922944
-0.889985 -0.373878 -0.325354 0.2417 -0.323642 -0.914788
-0.76333 -1.290824 -0.013062 -0.530223 -0.847456 -0.026127
0.148997 0.640803 -0.165717 -0.80106 -0.502646 -0.325038
-1.322551 0.235701 0.289352 -0.63794 0.482126 0.600489
1.000115 -0.90638 -0.123679 0.905693 -0.292554 -0.30681
0.733506 0.349298 -0.248158 -0.653365 0.043303 -0.755803
1.446567 -0.153179 -0.155855 0.888931 -0.3325 -0.315032
-0.484827 -0.457531 -0.187967 0.018768 0.929826 -0.36752
-0.424966 -0.426039 0.044766 -0.002918 0.996862 0.079103
0.50063 -0.498239 0.269442 0.058598 0.855036 0.515248
1.286867 -0.436204 0.047935 0.747674 -0.652651 0.122596
-1.016867 -0.182426 -0.447221 0.015213 -0.457467 -0.889097
-0.25523 -0.916766 0.402941 0.540224 -0.045698 0.84028
-0.427022 0.937138 0.48293 0.250967 0.178957 0.951309
0.269587 0.449208 0.151024 -0.388356 -0.871191 0.300343
0.148635 0.643928 0.169604 -0.797403 -0.502287 0.33445
0.227004 -0.716016 0.346733 -0.721015 0.256173 0.643827
0.722337 0.254478 0.267456 -0.699434 0.362457 0.615968
-1.115465 0.533582 -0.201322 -0.579599 0.512727 -0.633384
-0.404399 1.276181 0.259525 0.157843 0.814456 0.558343
0.959524 -1.055729 0.037104 0.898271 -0.432034 0.080351
0.717126 -0.775415 -0.41946 0.433978 0.243065 -0.867515
-0.486704 1.086639 0.44234 0.099416 0.460993 0.881818
-1.031213 0.145228 0.464947 -0.025733 0.40163 0.915441
-0.911011 -0.882393 0.283663 -0.742949 -0.126491 0.657287
0.99511 0.29579 -0.381896 -0.058408 0.499473 -0.864358
1.427449 -0.124264 0.2226 0.849608 -0.278779 0.447715
0.350969 1.003548 -0.438777 -0.386082 0.269535 -0.882208
0.793633 0.441146 -0.286045 -0.29829 -0.092271 -0.950005
0.592557 1.231125 -0.325516 0.149346 0.74296 -0.652462
-0.195783 -1.047504 -0.349297 0.412086 -0.244812 -0.87764
-0.6075 -0.203195 0.05896 0.913253 -0.388745 0.121847
-0.212238 1.204171 0.269934 0.283417 0.644751 0.709909
0.092981 -0.930929 -0.310702 -0.356599 0.156363 -0.92108
-0.838306 -0.192283 0.397729 0.393202 -0.487365 0.779659
-0.237923 -1.001085 0.381908 0.469561 -0.179007 0.864563
0.634748 1.335363 -0.09927 0.247067 0.948207 -0.199652
1.129782 -0.208763 -0.420075 0.221411 -0.469351 -0.854802
-0.009082 -1.23464 -0.187047 0.015685 -0.781949 -0.623145
-0.965179 0.668632 0.258788 -0.580035 0.115614 0.806345
0.979363 0.621639 -0.257497 0.51043 0.172583 -0.842423
0.452758 -0.564535 0.369054 0.114771 0.734263 0.669093
-1.022596 -0.901023 -0.008978 -0.944524 -0.327644 -0.022891
0.258404 0.933305 -0.403747 -0.524819 0.076494 -0.84777
0.616295 0.328478 0.016119 -0.948685 -0.311821 0.052577
0.042868 -0.871077 0.276153 -0.216172 0.401875 0.889813
0.013478 -0.764026 -0.186302 -0.096441 0.780454 -0.617731
0.284238 -0.459456 0.192327 -0.307766 0.87301 0.37833
0.79689 1.259866 0.079145 0.606547 0.779092 0.158483
0.10329 0.650922 -0.017103 -0.712155 -0.700863 -0.040323
0.914146 0.956657 0.258067 0.788733 0.232255 0.569173
-1.400302 0.293499 0.039252 -0.830421 0.550713 0.08436
-0.622926 -0.016898 -0.326601 0.750563 -0.133817 -0.647108
-0.28359 0.494385 0.25503 0.443256 -0.737177 0.509994
0.559872 -0.756193 -0.473941 0.231527 0.314276 -0.920666
1.348872 -0.361714 0.051678 0.777752 -0.617255 0.118739
0.518121 1.178779 0.383273 -0.018244 0.638631 0.769297
-0.687867 0.262303 0.218104 0.796905 0.289158 0.530406
-0.838837 -1.086288 -0.285663 -0.700234 -0.415569 -0.580495
-0.692157 0.408164 0.226927 0.542386 -0.36769 0.755395
0.759442 -0.670526 0.36336 0.343314 0.341201 0.875053
0.156215 -1.172565 -0.274598 -0.268533 -0.561688 -0.782558
-1.111051 0.137 0.458809 -0.193876 0.365075 0.910567
0.042394 1.090643 0.288555 -0.114235 0.304424 0.945662
-0.739178 0.204914 -0.318785 0.612506 0.469021 -0.636283
0.984481 -0.674963 -0.242837 0.625852 -0.162785 -0.762765
-1.477606 -0.044489 0.140102 -0.954511 -0.101481 0.280374
-0.084689 -1.037338 0.309028 0.250132 -0.147153 0.956964
0.985274 -0.766997 -0.220492 0.76141 -0.17015 -0.625543
-0.094266 1.305722 0.007209 0.117436 0.992817 0.022895
-0.223317 0.49136 -0.148154 0.810826 -0.523653 -0.261438
-1.453727 0.15902 -0.126473 -0.904003 0.342423 -0.255977
0.32435 -0.564391 0.357994 -0.357397 0.59973 0.715954
-1.059558 0.793444 -0.022421 -0.936191 0.345194 -0.066234
-1.447105 -0.138718 -0.168474 -0.88979 -0.304789 -0.339673
0.500339 -0.712133 0.468505 0.125862 0.396093 0.909543
0.035167 1.298242 0.039494 -0.047734 0.990271 0.130707
-0.998923 0.351202 -0.350909 0.011172 0.476401 -0.879157
0.994444 0.196503 0.438754 -0.065953 0.474848 0.877593
1.445401 0.169895 -0.139883 0.887387 0.363346 -0.283769
-0.110728 1.301506 0.06333 0.136729 0.970693 0.197638
0.945107 -0.027647 -0.495477 -0.111822 -0.106879 -0.987964
-0.651907 0.139178 -0.272173 0.711002 0.513833 -0.480054
-1.332452 -0.090706 0.359558 -0.658218 -0.220631 0.719772
1.30475 -0.395001 0.114391 0.723158 -0.633247 0.275756
1.488816 0.082132 -0.05876 0.975921 0.183577 -0.117806
-0.730387 -1.301308 0.086058 -0.456417 -0.872957 0.172133
-0.621064 0.839783 -0.475738 -0.32495 -0.131386 -0.93656
0.192104 -1.208212 0.258318 -0.269611 -0.658292 0.702824
0.942598 -0.840285 -0.255179 0.760535 -0.13096 -0.635952
-0.35608 1.141138 0.376467 0.294632 0.525802 0.79795
-0.450562 -1.356234 -0.069027 0.058149 -0.987311 -0.147769
-0.080455 -1.283312 -0.111952 0.11099 -0.926535 -0.359465
-1.333009 0.179988 0.31802 -0.652796 0.397094 0.645115
0.860054 -1.182853 -0.131372 0.739991 -0.61796 -0.265593
0.60891 0.655218 0.408379 0.258726 -0.526196 0.810049
-1.235962 0.469497 -0.117611 -0.698851 0.639005 -0.321372
-0.694456 0.20211 -0.270804 0.707483 0.455798 -0.540108
1.024983 -0.524371 0.264345 0.366728 -0.360925 0.857464
0.046098 -0.78787 -0.221943 -0.29117 0.650398 -0.701572
-0.352413 -0.676604 0.436364 0.392219 0.323339 0.861171
0.392576 -0.439475 -0.137569 0.061097 0.971497 -0.229044
-0.174651 -1.292517 0.129692 0.195235 -0.907405 0.372154
0.755115 0.982388 0.405071 0.550874 0.182747 0.814335
0.729482 1.083978 -0.384305 0.492638 0.407734 -0.768804
-0.5313 -1.361407 -0.005912 -0.058764 -0.998197 -0.012188
-0.248647 -0.826965 -0.395167 0.617922 0.095621 -0.780403
-0.618905 -0.126895 -0.231574 0.753059 -0.52412 -0.397744
-0.943778 -0.275446 -0.386371 0.180789 -0.486399 -0.854828
-1.172291 0.014459 0.469054 -0.34421 0.042059 0.93795
-0.844511 -0.842328 -0.349595 -0.622763 0.013525 -0.782294
0.535596 0.454228 -0.189185 -0.125158 -0.894861 -0.428438
0.719289 0.022878 -0.411819 -0.560516 0.138403 -0.816497
-0.690595 -0.142939 0.318451 0.645996 -0.504375 0.572971
-0.725764 -0.111428 0.376772 0.560715 -0.463592 0.686062
0.953278 -0.782047 -0.253537 0.722761 -0.108109 -0.68259
-0.399147 1.262432 -0.277079 0.171985 0.784742 -0.595484
0.253184 -1.258909 0.225788 -0.248642 -0.782575 0.570749
-0.102173 -1.120079 -0.288741 0.231059 -0.404838 -0.884713
-0.898643 -0.263822 0.380545 0.284084 -0.474739 0.833018
-0.412729 -1.336689 0.138815 0.11139 -0.946394 0.3032
1.154993 -0.076256 0.4664 0.300173 -0.216112 0.929081
-1.431936 -0.116566 0.218655 -0.859075 -0.262502 0.439411
-1.020102 0.731169 0.188031 -0.781957 0.244353 0.573442
1.004619 0.906388 -0.109537 0.913944 0.300348 -0.272943
0.840415 -1.183021 0.176619 0.702613 -0.616149 0.355944
-1.317928 0.26372 -0.270462 -0.637372 0.517309 -0.571093
1.217263 0.510596 -0.069234 0.744804 0.636031 -0.20182
0.8975 0.726391 0.304035 0.568458 -0.038012 0.821834
-0.703481 -1.222163 -0.285939 -0.406332 -0.712636 -0.571878
-1.301769 0.130594 -0.371204 -0.590414 0.311141 -0.744716
-0.766353 -0.85768 -0.406198 -0.536655 0.062289 -0.8415
0.010163 -0.733684 -0.138998 -0.079969 0.883407 -0.461732
0.640808 0.547483 -0.317967 0.063604 -0.650407 -0.756918
-0.760651 0.630357 0.346638 -0.268011 -0.372037 0.888684
0.484847 -1.045541 0.461415 -0.105652 -0.383256 0.91758
0.943706 -1.080238 0.065603 0.877511 -0.458856 0.139374
0.789392 1.011932 0.371478 0.610395 0.250835 0.751332
-0.446493 0.446169 0.154329 -0.014038 -0.959957 0.279796
-1.420122 -0.105382 -0.246134 -0.83548 -0.240738 -0.493982
0.414878 -0.811392 -0.487361 -0.252982 0.067905 -0.965085
-1.075272 0.334981 -0.354292 -0.147966 0.527355 -0.836662
0.752559 -1.171041 -0.303808 0.52559 -0.594943 -0.60811
0.79585 -1.058051 0.346932 0.623463 -0.348695 0.69979
0.242244 -0.606128 0.309582 -0.758154 0.356521 0.545981
0.652623 -0.636346 0.382324 0.248104 0.524475 0.814476
-0.974093 0.201664 0.433876 0.110358 0.481136 0.869672
0.946299 -0.312972 -0.366104 -0.162169 -0.46544 -0.870096
-0.355566 -0.6331 0.418012 0.319097 0.448269 0.835004
0.036042 1.070803 -0.293468 -0.103619 0.238574 -0.965581
-0.242016 -1.314778 -0.108627 0.203921 -0.936552 -0.285109
1.346968 0.137665 0.326993 0.683164 0.317522 0.657622
0.571438 -1.262946 0.290009 0.106462 -0.804978 0.583675
-0.953355 -0.83427 0.243346 -0.77303 -0.14498 0.61758
0.171999 -0.633867 -0.209119 -0.81599 0.431924 -0.384189
-0.421537 -1.169526 -0.376694 0.196671 -0.601959 -0.773929
1.168269 -0.57155 0.068777 0.781321 -0.584318 0.219341
0.862123 0.950018 0.32208 0.707503 0.17118 0.685665
-1.079362 0.636908 0.161103 -0.740257 0.405174 0.53652
1.024858 -0.847907 -0.105001 0.913065 -0.293413 -0.283234
-0.657451 0.478001 -0.2586 0.200226 -0.638811 -0.742853
1.045911 -0.020824 0.497153 0.090778 -0.070005 0.993408
-0.191164 -0.705816 0.298442 0.747459 0.333547 0.5745
0.181799 1.222784 0.239948 -0.251373 0.701309 0.667066
-0.072067 0.69103 0.092098 0.536463 -0.803538 0.257943
-0.684757 -0.744946 0.424812 -0.382954 0.319173 0.866876
1.152788 0.572048 0.10936 0.749574 0.561189 0.351007
-0.638569 -0.723162 0.434945 -0.329486 0.384203 0.862454
-0.204526 1.084302 -0.340966 0.383426 0.337667 -0.859631
0.668195 -0.275548 0.178946 -0.86256 -0.195677 0.466584
-0.481069 -1.361165 0.035194 0.016517 -0.997111 0.074138
0.792876 0.395538 0.284635 -0.428153 0.04907 0.902373
-0.695295 1.118925 -0.383932 -0.409426 0.492799 -0.767802
0.606119 -0.352052 -0.02392 -0.85517 0.512181 -0.079722
-0.949459 -0.569109 0.280802 -0.332186 -0.137188 0.933184
-0.266457 -0.62088 0.34822 0.692765 0.34475 0.633423
1.178562 0.195344 -0.411534 0.325933 0.445467 -0.833863
-0.627337 -1.142969 -0.396052 -0.24023 -0.56122 -0.792036
1.117469 0.437205 -0.272699 0.379283 0.541081 -0.750584
0.315298 1.249847 0.263656 -0.243934 0.752755 0.611438
1.494601 0.068896 0.004059 0.987969 0.154439 0.008131
0.301939 0.660111 -0.399283 -0.584431 -0.301419 -0.753383
0.595991 -0.410715 -0.143487 -0.480172 0.764169 -0.430675
0.639097 -0.243701 -0.131551 -0.908725 -0.276808 -0.312403
0.796151 -0.774268 -0.37572 0.508689 0.166544 -0.844688
-0.808524 -0.455644 0.291451 0.22836 0.082402 0.970083
-1.17853 -0.092702 -0.453921 -0.344234 -0.252199 -0.904378
0.810278 0.566843 0.313071 0.137859 -0.256403 0.956688
0.87508 0.572148 -0.302074 0.223417 -0.074058 -0.971906
0.678555 -0.225455 -0.228622 -0.776668 -0.3937 -0.491718
-0.607584 0.751038 -0.457752 -0.306871 -0.333348 -0.891464
1.179243 -0.5694 -0.008606 0.799598 -0.599916 -0.027275
0.415898 1.217689 -0.332807 -0.17901 0.695095 -0.696275
1.160753 -0.402698 -0.275566 0.418638 -0.574214 -0.703577
0.90377 -0.552873 0.295231 0.212534 -0.029567 0.976706
-0.731801 0.732579 -0.398744 -0.408887 -0.300081 -0.861837
-0.7728 1.081369 0.354284 -0.579872 0.397573 0.711115
1.380127 -0.09118 -0.309087 0.7551 -0.215212 -0.619281
-1.136027 -0.057833 0.475915 -0.265826 -0.170273 0.948865
0.709229 -0.000753 -0.406756 -0.58154 -0.004773 -0.813504
-0.312116 0.58958 0.369819 0.477596 -0.489956 0.729277
-0.02613 1.26387 -0.143845 0.040483 0.877733 -0.477437
0.27014 -0.447681 -0.147229 -0.37666 0.87903 -0.292289
0.83134 -0.626678 -0.323152 0.310743 0.216779 -0.925443
-0.141464 -0.733084 -0.253722 0.687757 0.448153 -0.571094
-1.083977 0.666118 -0.129116 -0.807862 0.406043 -0.427186
0.669541 0.427676 -0.223452 -0.45342 -0.523134 -0.721624
0.99251 0.979038 0.037432 0.928507 0.361012 0.086859
-0.646378 0.954263 -0.466558 -0.346147 0.132384 -0.928793
0.162069 0.644229 0.200092 -0.80432 -0.456235 0.380682
-0.469899 -0.493662 -0.265701 -0.076399 0.872195 -0.483155
0.648198 -0.109167 -0.297715 -0.691417 -0.501547 -0.519993
-0.583328 -0.057553 -0.249224 0.789378 -0.419432 -0.448285
-1.28338 -0.263958 -0.304402 -0.56288 -0.518733 -0.643492
0.634725 -0.565097 0.333683 0.11235 0.640406 0.759775
-1.027535 0.388645 -0.329192 -0.0991 0.477139 -0.873222
-0.575459 -1.348362 -0.092378 -0.131734 -0.973351 -0.187706
0.606458 0.134342 0.194777 -0.78247 0.525301 0.334365
1.074863 -0.078185 -0.484467 0.137165 -0.239308 -0.961206
-0.395925 0.509978 0.306098 -0.059818 -0.839035 0.540779
0.640134 1.323303 0.140489 0.257465 0.924165 0.28219
0.823849 -0.880517 -0.365886 0.621182 -0.022297 -0.783349
-1.484825 0.047217 -0.111385 -0.968923 0.107195 -0.222928
-0.598148 0.849429 0.484234 -0.276771 -0.101007 0.955613
-0.751322 1.294669 0.055682 -0.503421 0.856834 0.111365
1.36689 0.187314 0.274377 0.724393 0.404372 0.558335
0.05311 0.731778 -0.157329 -0.383697 -0.788337 -0.480939
1.086184 0.219874 0.422757 0.127679 0.485259 0.864998
0.718287 0.508752 -0.2914 -0.096288 -0.483042 -0.870287
-1.105157 -0.68058 0.046058 -0.879868 -0.450144 0.152325
0.714224 -0.173261 0.318333 -0.631837 -0.493473 0.597718
0.262058 0.531533 -0.276528 -0.665532 -0.531892 -0.523601
-0.428194 1.173071 -0.375556 0.184974 0.610554 -0.77007
-0.453283 -0.97494 -0.480418 0.183637 -0.249429 -0.950822
-0.255246 1.198892 0.29224 0.297611 0.62995 0.717349
1.336495 -0.21824 -0.287881 0.6639 -0.456477 -0.592339
-1.471134 0.140673 0.077462 -0.939296 0.305444 0.156289
-0.325496 -0.509654 0.300312 0.199878 0.785999 0.585025
-0.686744 1.175628 0.345343 -0.376302 0.617534 0.690687
-0.962778 0.62065 -0.267256 -0.478628 0.129989 -0.868342
-0.70063 -0.032793 0.396156 0.595839 -0.202902 0.77705
0.688009 0.827262 0.445829 0.427139 -0.157914 0.890289
0.894138 0.269711 -0.375644 -0.294393 0.468747 -0.832832
-0.277655 -0.853818 0.418758 0.571803 0.024441 0.820027
0.591154 0.12512 0.171706 -0.795079 0.532892 0.289613
-0.907652 0.385013 0.32548 0.184281 0.332067 0.925079
0.294017 1.329706 0.093854 -0.189742 0.954258 0.231062
-0.471189 -1.155225 0.397563 0.11821 -0.586975 0.800929
-0.91004 -0.421822 -0.314078 0.114702 -0.269524 -0.956138
0.324133 0.881004 0.447623 -0.491296 0.053983 0.869318
-0.497737 1.336179 -0.156892 0.004433 0.945424 -0.325814
0.477849 0.453451 0.176852 -0.018441 -0.939488 0.342084
1.069914 -0.111921 -0.475073 0.116583 -0.324269 -0.938753
-0.932362 0.378975 -0.332095 0.134615 0.378347 -0.915823
-0.218154 0.699708 -0.32934 0.740723 -0.285586 -0.608087
-0.690327 -0.176899 0.287596 0.683922 -0.488779 0.541614
-1.306967 -0.357414 -0.177616 -0.682042 -0.606113 -0.409201
-0.811364 -0.315265 0.31355 0.486118 -0.326357 0.810667
1.339716 -0.185974 -0.307261 0.667123 -0.406073 -0.624541
-0.145632 1.236664 -0.211362 0.210911 0.752981 -0.623327
0.587755 -0.132705 -0.146583 -0.810851 -0.529795 -0.248673
0.554896 0.634588 -0.410031 0.21565 -0.585939 -0.781134
1.35374 -0.358047 -0.03639 0.784306 -0.614767 -0.083221
-0.181714 -0.97743 -0.354848 0.468872 -0.072477 -0.880287
-0.302186 -1.338576 -0.055421 0.180954 -0.974108 -0.13553
0.664276 1.058473 0.430402 0.353949 0.36698 0.860259
0.822809 0.243287 0.357486 -0.452392 0.459045 0.764604
0.96168 -0.152323 -0.458018 -0.120534 -0.43265 -0.893468
-0.138762 0.638577 -0.134466 0.794384 -0.543362 -0.271499
-0.407865 -0.458896 -0.199519 -0.07023 0.938384 -0.338384
-0.427345 0.855617 0.491578 0.232714 0.019834 0.972343
-0.017729 -0.807009 0.230977 0.111197 0.635479 0.76407
-0.101885 0.79447 -0.260568 0.525389 -0.475813 -0.705385
0.827226 1.169026 -0.220422 0.67804 0.585939 -0.443777
0.443706 0.851801 0.495055 -0.177078 0.003558 0.98419
-0.674973 -0.038015 0.373417 0.643576 -0.246207 0.724701
1.291111 -0.073528 -0.397865 0.576548 -0.18655 -0.795482
0.110943 0.888495 0.309304 -0.446697 -0.23815 0.862407
-0.943826 -0.537496 -0.287432 -0.239719 -0.159081 -0.95772
-0.514178 -1.302276 -0.233587 -0.008148 -0.878031 -0.478534
1.233657 0.360895 0.26047 0.525563 0.591068 0.6119
-0.315844 -1.27592 0.228253 0.22379 -0.814661 0.535019
0.558761 -0.80403 0.487197 0.208961 0.195227 0.958239
0.862142 1.168179 -0.15644 0.74414 0.588123 -0.316807
-0.607912 -0.409054 0.15381 0.509261 0.718363 0.473929
-0.5533 0.889758 0.495782 -0.144642 0.022283 0.989233
0.592676 -0.536108 -0.311238 0.064193 0.727759 -0.682823
0.545808 0.547517 0.330556 0.118559 -0.749478 0.651327
0.1146 1.084792 -0.306095 -0.278716 0.301515 -0.911815
-0.194526 1.250131 -0.212656 0.238093 0.775299 -0.584998
0.566926 0.770756 0.47683 0.240357 -0.281275 0.929039
-0.693965 -1.263221 0.233352 -0.378729 -0.799158 0.466809
-1.20271 -0.296852 0.335564 -0.403448 -0.545989 0.734252
1.033126 0.740805 0.163921 0.820863 0.275699 0.500173
-0.15052 -1.102879 0.311427 0.318504 -0.364247 0.875145
0.578215 0.116816 -0.149789 -0.804793 0.538727 -0.249162
-0.009863 -1.117937 0.27598 0.024917 -0.393161 0.919132
-0.81684 -1.239587 -0.095218 -0.650631 -0.734991 -0.190964
0.661884 0.966948 -0.458483 0.376144 0.157138 -0.913139
-1.015192 0.87635 0.106774 -0.914829 0.293975 0.276889
0.302891 -1.261723 -0.243258 -0.239558 -0.78177 -0.575714
-0.685511 0.348081 0.19919 0.764439 -0.118845 0.633648
-0.754206 0.957257 -0.410456 -0.547623 0.129237 -0.826684
-0.280764 0.581183 -0.338819 0.62463 -0.444461 -0.6421
0.92361 1.085286 0.136063 0.844519 0.453005 0.285611
1.028242 -0.76478 -0.158892 0.840763 -0.267232 -0.470855
-0.325928 1.32641 0.12773 0.18148 0.935825 0.302155
0.61213 -0.651051 0.404628 0.255954 0.531916 0.807188
-0.962737 0.916663 0.200074 -0.846312 0.242875 0.474098
0.906419 -1.142432 -0.06905 0.823006 -0.550004 -0.141976
-0.701464 -0.642458 -0.37078 -0.269156 0.458844 -0.846768
0.085392 1.127048 0.281426 -0.195066 0.425116 0.88387
-0.398101 0.770087 0.47795 0.287273 -0.148154 0.946322
-0.973102 -0.449586 0.306138 -0.0826 -0.345053 0.934941
-0.798203 1.226145 0.174627 -0.613745 0.707714 0.34994
0.171215 -0.99375 0.347878 -0.442795 -0.098106 0.891239
-0.748212 1.194646 0.282682 -0.511924 0.646505 0.565655
-0.744896 -0.235474 0.302954 0.627954 -0.425871 0.651389
0.706321 1.23487 -0.267169 0.410778 0.738742 -0.534342
0.172557 0.618472 0.192029 -0.830144 -0.437403 0.345745
-0.864861 1.121485 0.217595 -0.748051 0.493893 0.443271
1.112197 -0.401421 -0.300346 0.308731 -0.542435 -0.781312
-1.391946 -0.228014 0.198983 -0.784006 -0.464797 0.411459
-0.124434 0.637964 0.082824 0.77569 -0.606103 0.175908
-0.401216 -1.30691 -0.207045 0.14168 -0.880945 -0.451512
-1.072933 -0.686907 0.131173 -0.821919 -0.375474 0.428333
0.864162 1.196506 -0.075461 0.747363 0.646679 -0.152498
-0.117075 -0.784454 0.26601 0.579021 0.448773 0.680689
0.214363 1.085111 0.345068 -0.387446 0.3445 0.855105
0.654494 -0.816897 0.458903 0.379735 0.18595 0.906214
-0.433393 1.276382 0.266548 0.124011 0.817488 0.562436
0.332123 0.683108 -0.42816 -0.482771 -0.282801 -0.828828
-0.81788 0.215819 0.371586 0.449767 0.479573 0.753472
-0.440256 -0.670016 0.452523 0.007773 0.460325 0.887716
-0.507612 -0.544111 0.333898 -0.12713 0.77169 0.623164
-0.056252 1.271815 0.132472 0.083026 0.897468 0.433194
0.014501 1.115871 -0.27701 -0.036823 0.386333 -0.921624
1.407111 0.031297 -0.288252 0.813598 0.074731 -0.576605
1.229078 0.041384 -0.441787 0.455692 0.112795 -0.882962
-1.004305 -0.951125 -0.02053 -0.937111 -0.345548 -0.04918
-1.347162 -0.063811 -0.352758 -0.690944 -0.156561 -0.705751
-0.17898 1.318888 -0.003808 0.179542 0.98369 -0.010937
0.166392 0.900489 -0.344145 -0.532501 -0.110563 -0.839177
0.950411 -1.024161 0.143144 0.87338 -0.373376 0.312727
0.942388 0.426447 0.315143 -0.03293 0.323079 0.945799
0.643766 -0.583899 -0.347339 0.15261 0.606081 -0.780625
-0.637455 -0.371171 -0.145545 0.746522 0.455463 -0.485034
0.016887 -1.274855 0.120758 -0.025212 -0.915369 0.401825
-0.486228 -1.184692 -0.37621 0.080899 -0.645494 -0.759468
-1.46812 0.086283 0.149613 -0.933904 0.194501 0.299989
0.457462 0.485713 -0.252736 0.073455 -0.888493 -0.452973
-0.916675 -1.016139 0.222281 -0.815453 -0.328484 0.476585
0.656987 1.337547 0.042423 0.294154 0.951955 0.085171
0.61844 -0.373212 -0.115336 -0.7375 0.55705 -0.381823
0.37246 -1.280571 -0.242938 -0.185123 -0.822666 -0.537541
-0.748113 0.600859 0.33687 -0.195374 -0.413822 0.889146
0.742481 0.17731 0.342568 -0.5792 0.49169 0.650206
0.460058 0.62783 0.42513 0.09454 -0.588352 0.80306
1.076909 -0.179655 -0.445356 0.112128 -0.442379 -0.889791
0.18429 -0.538504 0.087553 -0.88599 0.44107 0.143103
-1.026835 0.536925 -0.258242 -0.401205 0.353637 -0.844971
-0.119617 -0.637461 0.055676 0.767805 0.629265 0.120422
1.156583 -0.566453 -0.110278 0.744459 -0.567485 -0.351769
-1.256774 0.221361 -0.35545 -0.494231 0.469763 -0.731478
1.064346 -0.778854 -0.030319 0.931173 -0.352969 -0.091267
-0.591425 -0.172394 0.047905 0.879698 -0.467119 0.089061
0.558256 0.467094 0.218967 -0.115499 -0.851725 0.511101
-0.883872 -0.964732 -0.293766 -0.745827 -0.214603 -0.630625
-1.056122 -0.255705 0.405345 -0.065454 -0.509142 0.85819
-1.168626 -0.142174 0.440432 -0.312311 -0.360993 0.878718
-0.644304 -0.824941 -0.464639 -0.36532 0.168483 -0.915508
-1.26669 -0.462188 -0.029014 -0.750915 -0.655839 -0.077473
-0.861958 -1.201223 0.065405 -0.743008 -0.65612 0.132081
0.811656 -0.147266 -0.41172 -0.420546 -0.471816 -0.774939
-1.244647 -0.467659 -0.100961 -0.713974 -0.644275 -0.274134
0.873681 -1.131211 -0.189697 0.76425 -0.516005 -0.38686
0.143996 0.598221 0.003569 -0.843137 -0.537657 0.006681
0.581325 -0.138806 0.107213 -0.831219 -0.524979 0.182955
-0.834961 1.199853 0.156127 -0.690899 0.65114 0.314126
-1.38882 -0.160188 -0.263216 -0.769232 -0.353702 -0.532144
-1.299794 0.188126 0.343657 -0.583021 0.415574 0.69813
-0.771993 0.084628 -0.424059 0.465581 0.377393 -0.800506
0.714734 1.094249 0.3878 0.458925 0.433525 0.775528
0.607057 0.211377 -0.013225 -0.933161 0.358346 -0.028266
-0.908701 0.208848 0.415909 0.251598 0.488265 0.835641
0.945808 1.070189 0.082628 0.878731 0.443524 0.176404
1.045811 0.748076 0.136101 0.856134 0.306065 0.416364
-0.458133 0.478875 0.238778 -0.062688 -0.900626 0.430049
0.714704 0.944336 0.436127 0.481326 0.097386 0.871115
0.399542 -0.460383 -0.205332 0.072579 0.93525 -0.346466
-0.424604 0.424266 0.001623 0.000596 -0.999996 0.002872
-0.729064 -1.309212 0.032306 -0.452717 -0.889309 0.064624
0.638175 1.3433 -0.038126 0.254968 0.963903 -0.076697
1.419047 0.220115 -0.147584 0.83954 0.450172 -0.304168
-0.055785 -1.295664 0.062219 0.075388 -0.976124 0.203713
-1.384169 -0.166713 0.265471 -0.759636 -0.366227 0.53743
0.414369 -1.346954 -0.10217 -0.103299 -0.969174 -0.223678
-0.579282 -1.35557 0.032632 -0.140698 -0.987829 0.06632
-0.537868 1.250212 -0.310604 -0.036053 0.778038 -0.627181
-0.693682 0.033844 -0.390442 0.609015 0.212295 -0.764219
0.097028 0.801617 -0.261832 -0.501781 -0.474809 -0.72303
-0.289998 0.925362 0.423794 0.508787 0.095425 0.855588
-1.103896 -0.520885 0.220708 -0.525279 -0.499858 0.688639
-0.281737 1.214014 -0.289233 0.282938 0.667616 -0.688647
-0.219686 0.772249 -0.358597 0.67994 -0.208351 -0.703045
-0.791196 -1.120275 -0.312357 -0.611988 -0.481408 -0.627469
-1.250276 0.374605 -0.230588 -0.577949 0.603619 -0.549198
0.791419 0.943064 -0.386064 0.602127 0.112506 -0.790434
0.661674 0.183883 -0.239708 -0.752618 0.47312 -0.457956
0.800943 1.19681 -0.220454 0.623139 0.645121 -0.442174
-0.429679 -0.61311 -0.416536 -0.030665 0.60672 -0.794324
-0.684995 -0.236865 -0.229917 0.775916 -0.368493 -0.512023
0.376886 -1.054206 0.430716 -0.32127 -0.371608 0.87103
0.748338 1.043329 0.390713 0.536529 0.315272 0.782777
-1.205022 -0.140984 -0.426191 -0.388282 -0.350664 -0.852216
0.232645 -0.818318 0.380902 -0.634481 0.130006 0.761927
-0.435092 -1.151755 -0.393234 0.183715 -0.571878 -0.799503
0.416473 0.830447 0.488725 -0.257409 -0.027826 0.965902
-1.159125 -0.580437 -0.077397 -0.782766 -0.57012 -0.24948
-0.444698 0.930873 -0.488241 0.201847 0.165753 -0.96529
-1.361497 0.184487 -0.283218 -0.712864 0.40042 -0.57575
0.433387 1.049629 0.450261 -0.222404 0.3838 0.896233
0.943513 -0.178943 0.441377 -0.168104 -0.467866 0.867665
0.750002 0.828659 -0.412993 0.502043 -0.125569 -0.855678
1.076707 0.05912 0.488391 0.145919 0.185279 0.971792
1.391129 0.308898 -0.023955 0.82109 0.568413 -0.052124
-0.236778 0.493678 0.187217 0.752936 -0.561014 0.344022
-1.218519 -0.490852 -0.11343 -0.704835 -0.632159 -0.321842
-0.91497 -0.873822 -0.280808 -0.743073 -0.121757 -0.658041
0.859832 0.649205 0.316748 0.388933 -0.146287 0.909578
1.186524 0.485009 -0.174158 0.623659 0.602787 -0.497692
-1.140069 -0.516905 -0.192225 -0.593593 -0.551077 -0.586482
-1.071927 -0.173294 -0.449083 -0.102944 -0.43478 -0.894633
0.749864 0.879266 0.417749 0.524524 -0.030824 0.850838
0.60208 -1.34683 -0.076701 0.182371 -0.970926 -0.155058
1.088618 0.720931 0.024793 0.90995 0.406977 0.079758
1.127676 -0.333777 -0.341814 0.264308 -0.547607 -0.793894
0.387122 0.970883 -0.462651 -0.338904 0.231089 -0.911999
0.133551 0.842101 -0.307864 -0.547733 -0.292971 -0.783682
-0.326847 1.257544 -0.258492 0.23254 0.770515 -0.593492
0.38102 -1.060114 -0.429655 -0.312049 -0.384043 -0.868986
0.129859 1.254021 0.183037 -0.183538 0.812142 0.55384
0.984713 0.03144 0.497953 -0.03314 0.114143 0.992911
0.82782 0.785882 0.35751 0.554079 -0.109431 0.82524
-0.507702 -0.946622 -0.492688 0.021451 -0.179529 -0.983519
0.160762 -1.227738 -0.226911 -0.231215 -0.721417 -0.652762
-0.533509 1.298484 0.239487 -0.040704 0.872123 0.487591
-1.036365 0.853836 -0.042357 -0.940283 0.320434 -0.114849
0.20569 0.58106 0.22621 -0.834891 -0.394654 0.383673
0.844899 -0.147283 -0.427951 -0.354982 -0.461485 -0.813031
0.226728 0.473838 0.119142 -0.783255 -0.582686 0.216767
0.404737 -0.423995 0.006772 0.030088 0.999481 0.01149
-0.150421 -0.860064 0.325419 0.555807 0.220099 0.801645
-0.578533 -0.621258 0.393166 -0.214781 0.603302 0.768047
0.650246 -0.381674 -0.171852 -0.689234 0.444297 -0.572326
0.59794 -0.494787 0.26443 -0.06824 0.766179 0.638994
-0.234386 -1.006435 -0.378868 0.464549 -0.186471 -0.865692
1.496603 -0.000803 0.058178 0.993206 -0.001822 0.116356
0.194571 -0.736371 0.318627 -0.718423 0.296906 0.629059
-0.993016 -0.918541 0.132728 -0.899868 -0.292678 0.323384
-1.381405 0.092753 -0.306968 -0.757559 0.218513 -0.615107
-1.297652 0.299766 0.258635 -0.612437 0.555402 0.562538
1.030445 -0.661159 -0.205073 0.688289 -0.281513 -0.668587
-1.367774 0.186282 0.273974 -0.726177 0.402527 0.55735
-0.234713 -0.5254 -0.226808 0.781088 0.477056 -0.402889
0.066535 -0.858116 -0.277591 -0.330186 0.403842 -0.853164
0.920021 -1.031749 -0.204542 0.825614 -0.357383 -0.436622
0.607461 1.289244 -0.239039 0.185342 0.85725 -0.480386
-0.708529 0.231256 0.266102 0.710728 0.406441 0.57417
0.139865 0.608786 0.049337 -0.828758 -0.551477 0.095037
0.794619 -1.196571 -0.229441 0.610197 -0.645026 -0.460001
0.787882 -0.126188 -0.410937 -0.454141 -0.456486 -0.765099
-1.344318 0.019253 -0.361913 -0.688298 0.048132 -0.72383
0.386755 -0.737726 -0.468117 -0.305824 0.2135 -0.927841
0.937145 -0.931908 0.23498 0.812807 -0.225355 0.537177
0.808213 0.653808 0.338677 0.347366 -0.262212 0.900323
1.175114 -0.346288 -0.312591 0.381213 -0.566793 -0.730358
1.408069 -0.272672 -0.077328 0.835324 -0.524786 -0.16381
-0.721123 0.699666 0.390923 -0.363453 -0.359558 0.85943
0.69275 -0.335448 -0.206535 -0.772725 0.026812 -0.634174
-0.450891 -1.026936 -0.463365 0.188176 -0.345982 -0.919177
0.438444 -1.336712 -0.146882 -0.083596 -0.945415 -0.314964
-0.529881 -0.049756 0.126658 0.872007 -0.435206 0.224054
-0.293031 -1.225392 0.282405 0.271104 -0.695041 0.665898
0.961122 0.859009 0.226146 0.805694 0.18057 0.564138
-0.528668 0.438038 -0.148431 0.179882 -0.921566 -0.344033
0.776805 -1.050174 -0.366721 0.589219 -0.330164 -0.737437
1.012346 -0.918039 -0.057695 0.934897 -0.324698 -0.143312
-0.62211 0.248527 -0.056269 0.965683 0.219402 -0.138995
-0.45819 0.627145 -0.424844 -0.09084 -0.589067 -0.802962
0.534422 1.269011 0.285994 0.033979 0.814329 0.579407
1.421991 -0.25858 0.041032 0.858543 -0.505451 0.086164
-0.168596 -1.182399 -0.27161 0.272658 -0.588846 -0.760867
-0.994751 -0.921688 -0.124764 -0.904728 -0.298769 -0.303652
-0.147262 1.258265 -0.182789 0.197812 0.817713 -0.540571
-0.489762 0.822401 -0.497834 0.000182 -0.099484 -0.995039
0.35745 1.117403 -0.391716 -0.308851 0.479956 -0.821129
-0.166183 -0.564206 -0.048989 0.878821 0.46985 -0.08315
-0.747456 0.369388 -0.258588 0.584115 0.004131 -0.81166
-0.781484 -0.140491 0.39812 0.474815 -0.475412 0.740632
0.217781 -0.504784 -0.156392 -0.833545 0.482729 -0.268654
-0.513847 -0.999194 0.480129 0.022287 -0.288506 0.957219
-0.965765 0.200472 -0.433395 0.127776 0.481185 -0.867257
0.570392 1.341951 0.123549 0.120648 0.960416 0.251088
0.586153 -1.285469 -0.252566 0.140175 -0.84956 -0.508526
0.624999 -0.985203 -0.468076 0.285016 -0.21337 -0.934473
-0.568159 -0.580721 0.3607 -0.164313 0.68036 0.714221
-0.337882 -0.776629 -0.452616 0.489651 0.106119 -0.865437
-1.146177 -0.611713 -0.041017 -0.827334 -0.545184 -0.135249
0.797209 0.354931 0.292588 -0.490431 0.191834 0.850104
0.777731 0.728202 0.374732 0.440319 -0.249966 0.862343
-0.19479 -0.778728 -0.336426 0.677425 0.248951 -0.692184
0.86791 0.465424 -0.301384 -0.097543 0.076199 -0.99231
-0.812485 -1.254596 -0.025041 -0.63988 -0.766834 -0.050187
0.490012 -1.362493 -0.007907 -0.003485 -0.999856 -0.016587
-0.477671 -0.431582 0.100272 0.088205 0.975309 0.202467
-0.906602 -0.553174 0.294596 -0.217863 -0.03726 0.975268
0.611297 -0.210351 0.064915 -0.919709 -0.367653 0.137723
0.463063 0.471463 -0.222058 0.04487 -0.912855 -0.40581
-0.429089 0.481517 -0.249305 -0.082108 -0.897943 -0.432384
-0.353319 -0.962043 0.450814 0.404055 -0.200843 0.892414
0.038201 1.127761 -0.273404 -0.092302 0.426055 -0.899977
-0.282293 0.999326 0.406284 0.458076 0.214201 0.862719
-1.202953 0.162233 -0.417816 -0.380525 0.389797 -0.838605
0.296486 1.019618 -0.408012 -0.432983 0.262057 -0.862469
-0.021976 -1.033794 -0.298881 0.071183 -0.11435 -0.990887
-1.155911 0.580592 0.086542 -0.776291 0.565117 0.279311
-0.879476 -1.137514 -0.168463 -0.774917 -0.530379 -0.343804
0.942216 0.94332 0.221831 0.826823 0.24709 0.505283
-0.922108 -1.062481 0.170515 -0.837087 -0.411679 0.360285
-0.854389 -0.43096 -0.302628 0.214994 -0.119915 -0.969225
-1.235716 -0.120953 0.418622 -0.455543 -0.303798 0.836772
0.365249 -0.911467 -0.465286 -0.401723 -0.123005 -0.907463
-1.386023 -0.034688 -0.31548 -0.771181 -0.083911 -0.631061
0.701501 -1.089588 -0.397846 0.430791 -0.426233 -0.795452
0.737117 0.402074 0.254796 -0.514441 -0.163266 0.84184
0.959014 1.032883 -0.102381 0.890649 0.39567 -0.224032
0.218114 0.509664 0.165845 -0.832843 -0.474847 0.284416
0.536581 1.108501 0.432541 0.019736 0.503984 0.863488
1.223164 -0.435391 0.190045 0.608138 -0.618875 0.497153
-0.290426 0.83754 -0.427026 0.56648 -0.035253 -0.823321
-0.545875 -0.084237 0.108779 0.826583 -0.533683 0.178726
-0.084497 0.897392 0.299631 0.361061 -0.26194 0.894999
0.467314 -0.612205 -0.412009 0.119212 0.629687 -0.767647
0.111738 -0.899178 0.312469 -0.437656 0.210355 0.87419
-0.98929 0.150688 -0.461615 0.062946 0.42236 -0.90424
0.83562 -1.201098 -0.152037 0.692097 -0.653779 -0.305901
0.297985 -1.064997 -0.392576 -0.396752 -0.348845 -0.849056
-1.48701 -0.076606 0.078662 -0.972431 -0.171827 0.157649
0.82713 1.084833 -0.300259 0.67958 0.409858 -0.60843
0.47423 -0.536475 -0.330939 0.121546 0.79226 -0.597955
0.803476 -0.577352 -0.317114 0.162582 0.280456 -0.945998
-1.325647 -0.219808 0.298421 -0.641081 -0.459958 0.614373
0.63878 -1.107878 0.415027 0.277152 -0.483941 0.830053
-0.006995 -1.236717 0.184364 0.011997 -0.788946 0.614345
0.98627 -0.900261 0.163286 0.877147 -0.263045 0.401771
-0.185288 -1.093545 -0.328935 0.362162 -0.351821 -0.863169
0.608906 0.87466 -0.482953 0.290844 -0.04396 -0.95576
0.400575 1.13215 0.397343 -0.246162 0.524339 0.815152
0.871704 1.182094 0.095279 0.761812 0.61836 0.193063
0.040788 -1.241818 -0.1799 -0.067801 -0.802209 -0.593181
-1.014393 0.789409 0.170147 -0.840526 0.242684 0.484377
-0.798556 -0.100898 -0.430769 0.421555 -0.404922 -0.811375
-0.987491 -0.265519 0.39884 0.084358 -0.501361 0.861116
-1.132463 0.217091 -0.414736 -0.227179 0.478177 -0.848373
0.626283 0.296931 -0.05363 -0.985753 -0.053025 -0.159625
0.791999 0.180832 0.378231 -0.481636 0.489443 0.726962
-0.476045 0.424247 0.052972 0.111939 -0.987796 0.108296
-0.535149 -0.859367 0.49785 -0.112389 0.040923 0.992821
0.059342 1.215448 -0.213369 -0.106266 0.711802 -0.694295
1.145036 0.409583 0.279018 0.39421 0.564864 0.724933
-1.227509 0.004955 -0.445203 -0.454982 0.013672 -0.890396
1.107429 0.67923 -0.035786 0.882366 0.455408 -0.118467
-1.401 0.253873 0.143721 -0.81174 0.500406 0.301117
-0.318069 -1.308353 0.170302 0.198321 -0.893188 0.403589
0.797427 0.818031 0.381966 0.548197 -0.102242 0.830076
-0.203729 -0.585591 0.226598 0.834729 0.39351 0.385199
0.37712 -0.423451 0.029875 0.056453 0.997212 0.048795
0.812083 -0.405704 0.292268 -0.363879 -0.072795 0.928597
0.538536 1.232868 0.330974 0.033757 0.744491 0.666778
0.772003 -0.198434 0.351802 -0.536396 -0.482326 0.692561
0.943044 0.257661 0.396421 -0.184187 0.491759 0.851028
-0.927266 -0.376977 -0.332126 0.149271 -0.374237 -0.91524
-0.615323 -0.376671 0.11458 0.716228 0.587042 0.377359
0.868924 1.103474 0.229714 0.753899 0.459296 0.46977
-0.742496 1.14407 -0.335807 -0.508865 0.537946 -0.672065
0.341165 -0.473252 0.242806 -0.02588 0.900311 0.434477
-0.393573 -1.071181 0.42893 0.287188 -0.409241 0.866051
0.963461 1.039759 0.065626 0.900333 0.410843 0.143554
1.292859 -0.350208 0.20848 0.643758 -0.59787 0.477627
-1.092892 0.37438 0.325026 -0.228685 0.533004 0.814622
-0.992099 0.027693 -0.498545 0.017786 0.099785 -0.99485
-0.672924 -1.031373 -0.4372 -0.382107 -0.302695 -0.873138
0.595119 -1.188418 -0.368051 0.155845 -0.658361 -0.736392
-0.736867 -1.011137 -0.40951 -0.517768 -0.244763 -0.819761
0.640098 0.296751 -0.109248 -0.947765 0.000288 -0.318971
0.574579 -1.356519 0.027817 0.132257 -0.989598 0.056599
1.170892 0.128166 -0.445128 0.320138 0.332872 -0.886966
-1.258301 -0.471183 0.033765 -0.750239 -0.654791 0.091601
1.406995 0.112014 0.263986 0.808293 0.25639 0.530025
-0.30389 0.492416 -0.266293 0.284819 -0.801608 -0.525646
0.505191 -1.350146 -0.108043 0.01303 -0.974406 -0.224417
0.551115 0.109104 0.022566 -0.834376 0.549976 0.036651
0.394105 -0.50708 -0.301752 0.059007 0.844703 -0.531972
-0.247529 1.131573 -0.337169 0.35418 0.466955 -0.810252
-1.249227 -0.179567 -0.384725 -0.476337 -0.410019 -0.777809
0.932959 -0.116906 -0.469523 -0.164395 -0.380643 -0.909992
-0.150761 -0.635931 0.16253 0.80749 0.498708 0.315041
-0.037143 -1.298693 0.036712 0.050274 -0.99133 0.1214
-1.321831 0.399664 -0.008502 -0.766655 0.641731 -0.020523
0.511137 -0.876729 0.499747 0.027916 -0.018096 0.999446
0.783676 -1.025416 -0.371343 0.601408 -0.278062 -0.748992
0.733515 0.111187 -0.383124 -0.546699 0.459202 -0.700182
0.891396 0.601957 -0.299377 0.32252 -0.051043 -0.945185
0.334975 0.454083 -0.19717 -0.006851 -0.939025 -0.343779
0.97362 0.105521 -0.479298 -0.077555 0.340372 -0.937087
0.459374 0.537456 -0.335215 0.117895 -0.791005 -0.600343
0.592246 -1.21295 -0.345198 0.148412 -0.707147 -0.691315
1.323766 -0.397365 0.007946 0.767645 -0.640589 0.019119
0.183584 0.666455 -0.260895 -0.784876 -0.382326 -0.487644
0.085145 -0.668692 0.032338 -0.625675 0.775529 0.084175
-0.265925 0.533871 -0.283649 0.648079 -0.536437 -0.540582
-0.320413 1.188191 -0.327988 0.288493 0.6133 -0.735279
1.233767 0.356748 -0.264355 0.521287 0.588814 -0.617704
0.676668 -1.02049 0.439143 0.393584 -0.276653 0.876672
-0.684961 0.735433 -0.42112 -0.375794 -0.33598 -0.863653
0.671642 1.013241 0.443576 0.384459 0.261499 0.88533
0.75092 1.292936 0.06917 0.502745 0.853293 0.13834
1.199355 0.029806 -0.457167 0.397274 0.083974 -0.91385
0.841196 -1.011975 0.32378 0.69456 -0.269216 0.667165
-1.2909 0.235936 -0.319438 -0.57016 0.485194 -0.662951
-0.249212 -0.492265 -0.209084 0.682422 0.612632 -0.398726
0.836387 -0.481326 -0.297955 -0.103734 0.053663 -0.993156
-1.429423 -0.213636 -0.12654 -0.860008 -0.43899 -0.260142
-1.353627 0.150355 0.313387 -0.696235 0.340873 0.631714
-1.099314 -0.135378 0.461797 -0.169979 -0.365005 0.915357
1.125231 -0.610329 0.110952 0.779554 -0.507361 0.36726
-1.127767 0.262137 0.389125 -0.223913 0.516907 0.826239
-0.359684 -1.139068 0.379149 0.292351 -0.523026 0.800609
0.885337 0.102254 -0.464564 -0.253362 0.367218 -0.894963
0.905031 -1.128348 -0.114944 0.81918 -0.522341 -0.236863
-0.913794 -1.108913 -0.125409 -0.831869 -0.490082 -0.26041
0.760382 -0.072351 -0.422729 -0.484063 -0.345565 -0.803908
-1.300252 0.008009 -0.399707 -0.600431 0.020746 -0.799408
0.738319 -0.577962 -0.327626 0.132961 0.443571 -0.886322
-0.728587 -1.202267 -0.290711 -0.466997 -0.666151 -0.581512
-0.486389 0.712282 0.470216 -0.089216 -0.386019 0.918167
0.412621 0.454663 -0.186376 0.064321 -0.946109 -0.317395
0.861588 -1.207154 -0.025679 0.742056 -0.668331 -0.05183
-0.21965 0.467247 0.060905 0.811441 -0.574199 0.108899
-1.283393 -0.055965 -0.406949 -0.563228 -0.144544 -0.813561
-0.987714 0.844063 0.190535 -0.84034 0.217223 0.496631
-0.256449 -0.432674 0.052154 0.435241 0.894286 0.104009
-0.108467 0.731142 0.212679 0.622128 -0.571378 0.535242
-0.550944 -0.408002 0.071373 0.398279 0.896564 0.193768
0.221207 -0.764848 0.357846 -0.685633 0.214183 0.695725
0.644787 0.48891 0.265428 -0.142255 -0.674427 0.724508
0.677031 -1.187507 0.339554 0.35106 -0.644643 0.679111
-0.754003 -1.153903 -0.318439 -0.531704 -0.557546 -0.637521
-1.05548 0.803211 0.028815 -0.937122 0.338752 0.083959
0.246699 1.261598 0.21921 -0.245951 0.791175 0.559956
-0.122456 1.131836 0.288713 0.256569 0.44226 0.859406
0.121323 0.637322 -0.065098 -0.771111 -0.621158 -0.139822
-0.725825 -0.327706 0.243342 0.699066 -0.112298 0.706184
0.691866 0.100853 0.354057 -0.615002 0.464115 0.637471
0.173224 1.177473 -0.27703 -0.280591 0.574645 -0.768799
-0.319437 1.02659 -0.416977 0.408785 0.290479 -0.865169
-0.738411 0.833639 -0.42042 -0.491257 -0.123803 -0.862172
0.138758 -1.253125 -0.187348 -0.193163 -0.80566 -0.56
-1.183941 -0.279745 0.357268 -0.353405 -0.532168 0.769352
0.843468 -0.569345 0.308224 0.177078 0.163047 0.970597
-1.308183 -0.107599 -0.37489 -0.606547 -0.261819 -0.750701
0.513521 1.049114 -0.462086 -0.033132 0.388996 -0.920643
1.000055 -0.886322 -0.140985 0.893179 -0.27416 -0.356466
-0.226688 0.957424 0.382164 0.509225 0.083472 0.856576
-0.800455 0.844891 0.38251 -0.570559 -0.057097 0.819269
-0.534646 0.080797 0.051546 0.839652 0.536562 0.08418
1.290479 -0.436512 -0.003989 0.755995 -0.654499 -0.010194
0.197858 1.243088 -0.223027 -0.245319 0.754348 -0.608916
0.566795 -1.081205 -0.445306 0.100121 -0.445499 -0.889666
0.110311 1.193209 -0.244637 -0.197252 0.629808 -0.751288
-0.502681 -0.710961 -0.467658 -0.132409 0.400572 -0.906648
-0.814578 0.759672 0.361745 -0.512162 -0.1598 0.843892
-1.220735 0.194815 0.392647 -0.415614 0.438085 0.797087
0.92663 -0.47645 -0.301329 0.046166 -0.207657 -0.977112
-1.265669 0.071364 -0.4156 -0.525362 0.184898 -0.830547
-0.654783 0.557121 -0.324588 -0.083773 -0.619162 -0.780782
-0.593318 0.180134 -0.017689 0.893356 0.448081 -0.033738
-0.541711 0.999743 -0.479479 -0.055824 0.28125 -0.958009
-1.208571 -0.166968 -0.412984 -0.391722 -0.396731 -0.830155
0.203478 0.530479 -0.154544 -0.863114 -0.435276 -0.256066
-0.763122 -0.257017 0.306398 0.599666 -0.39872 0.693846
-0.797824 -0.277445 -0.322175 0.522655 -0.391173 -0.757506
1.271682 -0.447474 0.072931 0.734543 -0.651286 0.190455
-0.901088 -1.149307 0.07279 -0.81413 -0.56118 0.149229
-0.417796 0.663029 -0.44781 0.081641 -0.454881 -0.886802
0.17247 -1.28759 -0.140043 -0.197286 -0.893876 -0.402572
0.615572 0.581396 -0.350948 0.15453 -0.641525 -0.751376
0.850695 0.929353 0.337759 0.682192 0.126775 0.720099
1.455779 0.089013 0.182171 0.908788 0.201648 0.365297
-0.651324 -0.392417 0.181575 0.63473 0.484894 0.60166
0.10159 -0.788192 -0.256002 -0.531885 0.489912 -0.690713
0.708677 -0.257678 -0.249271 -0.737346 -0.336113 -0.58596
-0.597902 -1.267555 0.277213 -0.163058 -0.814556 0.556696
0.252468 0.53339 0.265356 -0.713656 -0.500226 0.490377
-0.422182 0.429973 0.080508 -0.016128 -0.989906 0.140803
0.884033 -1.15153 0.131942 0.783791 -0.559704 0.269078
0.538517 1.329765 0.171489 0.059579 0.934629 0.350598
0.845381 0.103652 0.450611 -0.332552 0.388398 0.859393
-0.906619 -0.32513 -0.350549 0.248537 -0.421497 -0.872106
0.751812 -0.780926 0.402703 0.471237 0.205287 0.857784
1.012626 -0.512882 -0.273838 0.313098 -0.347102 -0.884019
-0.949026 1.078372 -0.026465 -0.886143 0.459962 -0.056431
0.86989 -0.600113 0.306157 0.289702 0.109227 0.950864
-0.870155 0.782753 -0.327101 -0.601688 -0.047769 -0.797301
-0.418133 -1.319491 -0.185776 0.116492 -0.908324 -0.401719
0.579471 0.928277 -0.488859 0.194538 0.100433 -0.97574
0.148327 -0.600239 0.071271 -0.843472 0.520662 0.132159
0.345499 1.317066 0.16344 -0.17827 0.908933 0.376909
-0.687273 1.232275 -0.284085 -0.367389 0.736313 -0.568215
-1.280814 0.445343 -0.034336 -0.750451 0.654892 -0.089103
1.379735 -0.289186 0.138573 0.783493 -0.545711 0.297218
-1.464306 0.105291 -0.147804 -0.925521 0.235182 -0.296818
-0.508274 0.685957 -0.454516 -0.159652 -0.466684 -0.869895
0.881472 -1.184654 0.009039 0.779937 -0.625589 0.018347
-0.546223 1.246919 0.314071 -0.052042 0.772327 0.633089
-1.027186 -0.869801 0.066697 -0.933486 -0.31232 0.176239
-0.474604 -0.443696 -0.147156 0.041238 0.956982 -0.287202
-0.208673 0.612911 0.261215 0.81175 -0.368992 0.452666
-0.336425 -0.422108 -0.045634 -0.044155 0.996241 -0.07452
-1.197629 -0.544879 -0.019236 -0.781086 -0.621631 -0.058994
-1.088513 0.424369 0.293942 -0.292391 0.517603 0.804111
-1.190022 -0.190678 -0.409348 -0.350498 -0.437057 -0.828331
0.092432 1.249745 -0.17831 -0.141408 0.813517 -0.564087
1.09957 -0.674003 0.082579 0.855842 -0.439076 0.273397
0.503786 0.760631 0.48544 0.096629 -0.271417 0.957599
0.862649 0.207003 -0.400095 -0.349134 0.487419 -0.80033
0.096979 -1.304815 -0.028672 -0.120771 -0.988518 -0.090813
0.388882 -0.970508 0.463396 -0.335477 -0.231074 0.913269
-0.714259 1.040317 0.413216 -0.469283 0.312734 0.825816
-0.381116 1.137343 -0.387778 0.269131 0.527424 -0.805849
-0.372682 -1.344826 0.087721 0.140651 -0.969861 0.198964
-0.38421 -1.158079 -0.374489 0.252989 -0.5687 -0.782673
0.395628 0.437553 0.12831 0.057611 -0.975089 0.214201
1.03022 0.002539 0.499075 0.060424 0.00876 0.998134
0.373163 -1.261998 -0.269554 -0.197199 -0.781673 -0.591692
-0.313042 -0.691608 0.418689 0.555489 0.24943 0.793232
0.318306 1.344658 -0.022399 -0.171062 0.983788 -0.053848
0.286061 -0.639637 -0.377148 -0.633201 0.326781 -0.70162
0.716407 1.307663 -0.089281 0.424805 0.887487 -0.178624
0.96886 0.055203 -0.49334 -0.070024 0.199098 -0.977475
-0.005143 -1.045803 0.296525 0.016172 -0.152756 0.988132
-0.883845 -0.009992 -0.486098 0.232563 -0.043332 -0.971616
0.26718 -1.281 0.198553 -0.231184 -0.836613 0.496621
1.49368 -0.068732 0.030817 0.986116 -0.154153 0.061737
-0.014026 -1.189464 0.232857 0.028192 -0.63127 0.775051
-0.762135 1.086101 -0.360098 -0.558668 0.408374 -0.721886
-0.574904 1.116844 0.424571 -0.114204 0.51686 0.848418
0.620326 1.198326 -0.3524 0.214663 0.675923 -0.705017
-0.647185 1.225611 0.313786 -0.275033 0.728136 0.627834
0.720909 -0.249356 0.268906 -0.698602 -0.374278 0.609813
0.114864 -0.787822 0.266364 -0.569496 0.449313 0.688326
1.119099 -0.134519 -0.458004 0.211242 -0.358211 -0.909429
-0.632974 1.213945 -0.332421 -0.242952 0.706104 -0.665126
-0.045773 1.013759 0.303282 0.153852 0.055113 0.986556
0.145516 -0.612779 -0.097853 -0.828724 0.527727 -0.186337
0.86772 -0.236883 -0.384247 -0.349252 -0.47973 -0.804912
-0.651556 -0.548845 -0.318227 -0.062084 0.631792 -0.772648
0.937988 -0.636486 -0.279023 0.471044 -0.056226 -0.880316
-0.538797 0.974748 -0.486248 -0.057462 0.228032 -0.971956
0.605847 0.899402 0.4842 0.274306 0.017353 0.961486
-0.723353 -0.851165 -0.43111 -0.480142 0.097523 -0.871753
1.065654 0.229237 -0.419961 0.083481 0.494093 -0.865392
-0.363296 0.44162 0.153901 -0.05943 -0.965276 0.254384
-1.023909 -0.495078 -0.277366 -0.294438 -0.385565 -0.87444
0.221096 -0.610625 -0.280734 -0.796515 0.358361 -0.486971
-0.00161 -0.703301 0.044459 0.013978 0.988861 0.148182
0.643693 -0.19979 -0.188773 -0.818879 -0.431184 -0.378836
-0.585647 1.233782 0.323977 -0.13408 0.748244 0.649733
-1.123932 -0.416494 -0.284545 -0.358256 -0.54949 -0.754793
-0.808585 -1.047613 -0.340386 -0.645465 -0.329008 -0.689296
-1.141888 0.552398 -0.153864 -0.680078 0.547574 -0.487501
-0.524634 0.741646 -0.476409 -0.164368 -0.334686 -0.927884
0.124941 1.17138 0.265481 -0.231964 0.560755 0.794825
1.042697 0.84265 0.008898 0.944593 0.327324 0.024567
-0.625099 -0.449574 -0.218753 0.303571 0.714041 -0.630865
-0.131676 1.237359 0.205943 0.196042 0.760086 0.619546
0.652786 1.086564 -0.421733 0.317781 0.43331 -0.843361
-0.139795 -0.767749 0.276261 0.644549 0.406103 0.647794
-0.577485 -0.151645 -0.007199 0.862279 -0.506277 -0.012603
-0.133674 1.308549 -0.04153 0.154312 0.979915 -0.126314
-0.502117 0.503434 0.277717 -0.067478 -0.845569 0.529585
-1.188047 0.489728 0.166352 -0.636885 0.604753 0.478175
-0.833378 0.025822 0.469735 0.334607 0.121509 0.934491
-0.976046 -0.479404 -0.295312 -0.155967 -0.311835 -0.937248
0.563791 1.275057 -0.273941 0.092809 0.828271 -0.552587
0.148106 -1.283016 0.138699 -0.182259 -0.892773 0.411993
1.355133 -0.108852 0.330978 0.702486 -0.257108 0.663633
-0.632395 -1.02015 0.45622 -0.289905 -0.291142 0.911697
0.586886 -0.116929 -0.175105 -0.79211 -0.53539 -0.293119
-0.550447 1.325527 0.180174 -0.079473 0.926847 0.366932
0.296149 0.891989 -0.430349 -0.525169 0.049276 -0.84957
0.510165 0.032076 0.063906 -0.933397 0.338536 0.119009
-0.326934 -1.012646 -0.425023 0.41063 -0.270594 -0.870725
1.465178 -0.078634 0.16291 0.928249 -0.178228 0.32648
0.696515 0.228183 -0.252772 -0.736257 0.403293 -0.543397
-0.402158 -0.921683 0.478161 0.315118 -0.149471 0.937208
1.169829 0.408232 -0.265275 0.447013 0.580402 -0.680671
-0.22105 -0.492945 -0.144157 0.820056 0.513723 -0.252185
0.220029 -0.462663 0.032835 -0.805614 0.589481 0.059138
-0.3817 0.432068 -0.104768 -0.060458 -0.983172 -0.172387
0.142222 -1.283705 -0.134592 -0.176792 -0.897956 -0.403013
1.372578 0.206893 0.251306 0.738591 0.435116 0.514935
-0.089225 -0.838447 0.278434 0.435017 0.408267 0.802545
-0.622362 -0.290992 -0.008717 0.99924 0.029434 -0.025558
0.465158 -1.350139 0.105242 -0.043336 -0.973872 0.222924
1.190445 0.153207 0.427335 0.355712 0.376528 0.855392
-1.228631 -0.038539 0.442368 -0.455114 -0.105236 0.884192
-1.041544 -0.831895 -0.058017 -0.933658 -0.319512 -0.161846
0.16244 -1.027596 -0.33868 -0.400442 -0.17188 -0.900058
0.302349 -0.77254 0.429319 -0.576846 0.11871 0.808181
-0.569596 0.840532 -0.490579 -0.215795 -0.109565 -0.970272
-1.477397 0.020713 0.14697 -0.954633 0.047484 0.293976
0.732476 -0.987817 -0.418403 0.511258 -0.19336 -0.837393
0.875175 -0.190222 0.415357 -0.315201 -0.484716 0.815903
0.816221 0.011384 -0.464655 -0.367784 0.056196 -0.928212
-0.685565 0.763487 -0.430888 -0.396224 -0.284682 -0.872904
0.878847 -1.047546 0.259946 0.762535 -0.356362 0.539951
-0.459762 0.705979 -0.469128 -0.014728 -0.380141 -0.924811
0.939734 0.757763 0.269857 0.672732 0.066981 0.736848
0.041522 1.297757 -0.045276 -0.056256 0.987172 -0.149422
0.972725 -1.000388 0.102467 0.902654 -0.36336 0.230619
0.237606 -1.143123 -0.326003 -0.343008 -0.491512 -0.800476
0.059982 1.199825 0.228393 -0.113034 0.660645 0.74214
0.540511 -0.062607 0.140397 -0.842665 -0.481628 0.240727
1.339979 0.091997 -0.352122 0.673381 0.222457 -0.705033
0.364314 -1.310734 0.185985 -0.170492 -0.891517 0.419677
-0.557 -0.830289 -0.491958 -0.19037 0.128153 -0.973312
0.335169 1.148525 -0.363575 -0.30805 0.533304 -0.78784
0.407038 0.449155 0.170238 0.062015 -0.955599 0.288069
0.41386 -0.444879 -0.153924 0.051838 0.963439 -0.262864
-1.083774 0.632831 -0.158107 -0.740964 0.416358 -0.526894
0.223709 -0.543915 -0.225663 -0.81548 0.429743 -0.387704
-0.068366 -1.232599 -0.195776 0.114435 -0.765668 -0.632975
-0.618808 -0.402707 -0.156802 0.561499 0.660865 -0.497972
0.099945 -1.30648 0.00284 -0.123147 -0.992348 0.008969
0.430508 -1.359887 0.011324 -0.078693 -0.996595 0.024601
0.592175 0.378638 -0.062719 -0.683204 -0.701927 -0.201321
-0.15851 0.574665 0.020646 0.870783 -0.490348 0.036
0.964103 1.049591 0.001706 0.904351 0.426774 0.003715
-0.109864 1.277048 -0.136223 0.148608 0.89332 -0.424139
-0.497167 -1.175711 0.384703 0.061946 -0.630183 0.773971
0.316475 0.780847 -0.440078 -0.54348 -0.101426 -0.833272
-1.014742 -0.110187 0.479223 -0.004302 -0.337203 0.941422
-0.270048 1.129989 0.34796 0.354258 0.470938 0.80791
-0.661639 -1.329971 -0.086855 -0.303815 -0.936661 -0.174251
-1.142912 0.337865 0.333452 -0.301829 0.5537 0.77609
-1.010339 0.611423 -0.240248 -0.546072 0.257356 -0.797229
0.856867 -1.152906 -0.192225 0.734445 -0.555823 -0.389425
-1.041767 -0.14913 -0.462809 -0.04638 -0.4053 -0.913006
0.25046 -0.580864 0.303458 -0.73898 0.398081 0.543544
-0.647033 -0.249947 -0.147896 0.89568 -0.264791 -0.357271
-1.090925 0.717484 0.013747 -0.909828 0.412607 0.044377
0.64154 0.874205 0.471705 0.356752 -0.054962 0.932581
-0.663922 -0.056908 0.354927 0.658703 -0.349254 0.666432
-0.749148 0.869307 -0.417713 -0.519994 -0.050459 -0.852678
-1.003771 -0.450861 0.301696 -0.152985 -0.394984 0.90586
-1.247071 0.40531 0.198249 -0.612231 0.618498 0.492578
1.046691 -0.543371 -0.24496 0.457909 -0.388462 -0.799636
-0.030227 -1.274606 0.122482 0.044948 -0.912767 0.406
-0.8299 -0.854836 0.361293 -0.613194 0.012069 0.789841
0.938458 -0.380882 0.332141 -0.117723 -0.38395 0.915818
-0.087329 -1.190834 0.241115 0.163562 -0.626738 0.76187
-0.139001 -0.817696 -0.301996 0.585325 0.325859 -0.742435
-0.620348 -0.086646 -0.280646 0.726093 -0.482345 -0.490032
-0.003218 -1.259334 -0.150834 0.005096 -0.864418 -0.502748
-0.900948 -0.393319 0.321287 0.187197 -0.305781 0.933518
-1.258626 0.189951 0.373124 -0.495991 0.424848 0.757296
-0.864575 -0.672941 -0.318227 -0.440149 0.131018 -0.888315
-1.190661 -0.36757 -0.286398 -0.43844 -0.579961 -0.686597
-0.410531 0.424908 -0.030547 -0.023591 -0.998349 -0.052378
0.542302 -0.488844 0.25225 -0.01479 0.842957 0.537778
0.818376 0.861097 0.370223 0.602766 -0.014113 0.797793
0.614284 -0.584737 0.35406 0.161305 0.638 0.752952
-0.683143 0.89015 0.454573 -0.428369 -0.022963 0.903312
-0.767271 -1.263401 -0.143187 -0.542502 -0.789701 -0.286467
-0.089026 0.781365 -0.241354 0.497684 -0.54457 -0.675096
0.303647 -1.160572 0.342529 -0.318531 -0.548917 0.772806
0.873982 -0.995054 0.294087 0.741421 -0.258117 0.619412
0.950883 -0.128112 0.467664 -0.132825 -0.396278 0.908472
0.331192 -1.331025 0.115897 -0.175641 -0.945836 0.27303
-1.449817 0.208436 0.026726 -0.901912 0.428424 0.054846
0.087135 -1.262934 0.156208 -0.128258 -0.857906 0.497541
-0.352115 1.350628 -0.011439 0.150188 0.988301 -0.026547
-0.066701 1.03728 0.304792 0.203532 0.138705 0.969193
0.243465 -0.449004 0.096777 -0.621712 0.75967 0.190723
-0.757749 -0.306114 -0.278496 0.625965 -0.263769 -0.73389
0.52775 -0.448739 -0.174651 -0.131602 0.910415 -0.392205
-1.0362 -0.798767 -0.118266 -0.893095 -0.294321 -0.34023
-1.233923 0.501486 0.012656 -0.760519 0.648307 0.036171
-0.49614 -0.509691 0.288399 -0.083425 0.836913 0.540941
-0.07862 -0.711722 -0.149729 0.540643 0.731838 -0.414872
0.628653 0.197436 -0.155314 -0.849549 0.426125 -0.310941
1.061269 -0.395042 0.319951 0.184865 -0.504136 0.843606
-0.563754 -0.088067 -0.164395 0.805016 -0.526505 -0.273389
1.286918 0.415791 -0.112841 0.714723 0.640556 -0.28082
-0.574138 0.410458 0.11658 0.438753 -0.834358 0.333681
0.85065 0.148379 -0.429796 -0.344124 0.460884 -0.818025
-0.1402 -1.295031 -0.104741 0.167993 -0.934047 -0.315172
-1.360033 0.133436 -0.314934 -0.710449 0.307062 -0.633226
-1.131952 -0.313636 -0.354211 -0.258202 -0.543094 -0.798988
-0.946609 -1.084557 -0.00343 -0.88342 -0.468526 -0.007288
-0.804742 -0.402058 0.289549 0.387896 -0.062899 0.919554
0.363942 -1.158873 -0.367052 -0.274967 -0.563785 -0.778806
0.888261 -0.845828 -0.311748 0.683609 -0.049465 -0.72817
0.485583 -0.505096 -0.282774 0.083207 0.848185 -0.523124
0.589823 0.802943 -0.479 0.274783 -0.210847 -0.938103
0.900763 1.008559 0.252158 0.787608 0.302254 0.536951
-1.068763 0.227028 0.420908 -0.090154 0.492319 0.865733
0.532273 -1.30922 0.219328 0.04188 -0.893289 0.447528
-0.923872 -0.6898 0.285537 -0.549988 -0.011222 0.835097
0.187368 -1.134465 -0.310179 -0.327761 -0.458551 -0.826017
0.720084 0.20801 0.296816 -0.657695 0.457802 0.59821
-0.427164 0.832446 -0.491428 0.222341 -0.029344 -0.974527
-1.18187 -0.162752 0.426497 -0.336198 -0.394981 0.854962
0.747324 -0.12625 0.383694 -0.53005 -0.473742 0.703289
0.284692 -0.79582 0.419457 -0.598544 0.097515 0.795132
-1.031762 -0.183225 0.446804 -0.016022 -0.455558 0.890062
-0.881255 -0.735436 -0.315722 -0.559208 0.06626 -0.826375
-0.484534 1.063097 -0.453665 0.106093 0.416495 -0.902926
0.363153 -0.807228 -0.468371 -0.419255 0.05504 -0.906199
-1.302142 0.253615 0.295531 -0.59951 0.506138 0.62001
-0.931459 -0.64655 0.282041 -0.481445 -0.035336 0.875764
0.378612 0.852825 0.475842 -0.378412 0.025644 0.925282
-1.481226 -0.106368 0.075568 -0.959947 -0.235495 0.151802
1.028035 0.808208 0.131076 0.885736 0.279885 0.370319
1.039284 -0.851777 -0.0161 0.944619 -0.325224 -0.043876
-0.451024 -1.250882 -0.303939 0.113467 -0.767902 -0.630438
0.821197 -1.078521 0.31083 0.668871 -0.395612 0.629367
-0.508956 -1.104577 -0.434376 0.046567 -0.496469 -0.866804
-1.047 0.828834 0.020542 -0.942287 0.329781 0.057792
0.568702 1.261854 0.291991 0.100623 0.802731 0.58779
-0.63188 -1.313218 0.175951 -0.239223 -0.904354 0.353435
0.053581 0.796592 -0.232861 -0.324186 -0.607466 -0.725182
-1.034456 0.191729 -0.442343 -0.019927 0.464424 -0.885389
-0.653928 -0.087903 -0.323642 0.673977 -0.461326 -0.577004
-0.085664 0.928941 -0.307601 0.336662 -0.17182 -0.925816
-0.518254 -0.442606 0.155918 0.136585 0.928244 0.345988
-0.495003 1.162817 0.394689 0.069269 0.60543 0.792879
1.356923 0.045897 -0.346418 0.712106 0.112826 -0.692947
-0.709653 -0.440757 0.253025 0.386875 0.40101 0.830373
0.470078 0.89375 0.497122 -0.112859 0.081491 0.990264
0.666586 -1.0914 -0.413691 0.34962 -0.43986 -0.827218
0.71338 -1.228518 -0.270307 0.427909 -0.724312 -0.540616
0.113347 1.01443 -0.320802 -0.33314 0.098233 -0.937746
-1.239811 0.145557 0.406567 -0.459933 0.352202 0.815117
0.458474 -0.488411 0.257794 0.076522 0.883501 0.462137
-0.777257 -0.701704 -0.366835 -0.404314 0.280907 -0.870414
0.249321 0.782412 -0.388463 -0.651436 -0.151588 -0.743406
0.287777 0.578019 -0.343145 -0.588585 -0.467611 -0.659475
-0.863243 0.119622 -0.449771 0.304784 0.413762 -0.857851
0.336726 1.051381 0.41568 -0.374363 0.345892 0.860355
-0.828535 -1.149595 -0.242098 -0.681634 -0.545126 -0.488071
-0.355074 1.315543 0.17142 0.173438 0.90384 0.391143
-0.862635 1.01539 -0.298611 -0.729284 0.287301 -0.62097
-0.914505 -0.934644 -0.265771 -0.778734 -0.20062 -0.594411
-0.112129 1.049223 0.314917 0.301878 0.196695 0.932835
0.280913 1.271635 0.219677 -0.237152 0.809433 0.537193
1.301505 -0.22499 -0.318032 0.59052 -0.469794 -0.656186
0.770285 1.173372 0.285085 0.562905 0.597551 0.571026
-1.134133 0.512714 0.201806 -0.57132 0.544198 0.614363
-0.804713 -0.991133 0.365176 -0.632793 -0.212816 0.744502
0.281283 0.423064 0.030482 -0.172973 -0.983295 0.056669
0.454418 -1.264931 0.286611 -0.101677 -0.796623 0.595863
1.002611 0.663701 0.230386 0.63897 0.211676 0.739534
0.426537 0.517002 0.312427 0.094365 -0.830015 0.5497
-0.439371 -0.916764 -0.48932 0.214408 -0.139158 -0.96678
1.226999 -0.509787 -0.009845 0.763819 -0.644799 -0.028538
0.7371 -0.653551 0.364465 0.302007 0.394063 0.868047
-0.929377 -0.182542 0.436407 0.198912 -0.473362 0.858116
1.166057 0.585075 0.030261 0.808386 0.580498 0.097641
-0.418935 -0.765968 -0.482622 0.204494 0.176811 -0.962767
-1.020436 0.906477 -0.016666 -0.943595 0.328405 -0.042179
-1.451029 -0.09229 -0.191823 -0.899011 -0.2092 -0.384727
-1.201905 0.410829 0.238764 -0.521623 0.599108 0.607437
0.194409 0.757489 -0.327813 -0.698139 -0.274682 -0.661174
0.663586 -0.023232 0.367298 -0.669386 -0.161772 0.725088
-0.297245 -0.479447 -0.241328 0.28618 0.832125 -0.475047
0.505068 0.662822 0.441723 0.163519 -0.521793 0.837253
-0.30122 1.299302 0.181137 0.211082 0.874585 0.436516
0.681609 -0.809626 0.445345 0.413677 0.196018 0.889072
-0.021282 1.293951 0.061498 0.029541 0.978431 0.204449
1.086486 0.267607 0.394611 0.135027 0.517136 0.845185
0.581376 0.148607 -0.075099 -0.849053 0.511895 -0.130663
-0.652218 -0.284011 0.142937 0.912951 -0.112218 0.392337
-0.316586 -0.696294 -0.422578 0.544897 0.242781 -0.802586
0.075759 -0.674049 0.002108 -0.577004 0.816721 0.005739
-0.873391 -0.202021 -0.407599 0.324155 -0.487428 -0.810764
-1.194798 0.059288 0.455089 -0.384112 0.164691 0.908479
-0.97946 -0.847105 -0.202791 -0.828069 -0.203814 -0.522266
1.05509 0.305862 0.375091 0.081825 0.51993 0.850281
0.186781 1.290965 0.139661 -0.203431 0.896452 0.393687
0.051418 -0.692958 -0.053042 -0.415407 0.895354 -0.160556
0.67167 0.297258 0.178448 -0.859574 0.099911 0.50115
-0.974898 -0.99342 0.104795 -0.903682 -0.356437 0.237298
1.329206 -0.286693 -0.234022 0.672961 -0.542916 -0.50236
1.000191 -0.538276 0.269282 0.350402 -0.29508 0.888902
-1.491511 0.049474 0.075108 -0.982289 0.111838 0.150337
-0.545937 -1.257536 -0.300694 -0.053617 -0.792938 -0.606939
0.454964 0.484822 0.251389 0.073904 -0.890415 0.449109
-0.429806 1.318788 -0.190529 0.104019 0.906798 -0.408531
0.747495 0.263262 -0.288682 -0.642072 0.368878 -0.672066
-0.740667 1.29446 -0.092296 -0.479937 0.857663 -0.184594
1.173612 0.416932 0.255155 0.468926 0.584078 0.662542
0.533773 1.360195 -0.032598 0.062346 0.995794 -0.067132
-0.367321 1.211558 -0.324265 0.236571 0.672709 -0.701069
-1.36605 0.28613 -0.174814 -0.752209 0.542242 -0.374373
1.459315 0.18745 -0.026229 0.918253 0.392367 -0.053468
0.582367 1.110537 -0.427261 0.13415 0.5028 -0.853929
0.290961 -0.812089 -0.425756 -0.580057 0.070296 -0.811537
0.485611 -1.200484 -0.36217 -0.077225 -0.675511 -0.733294
-1.303895 0.036196 0.394919 -0.606372 0.092883 0.789737
-0.926148 -1.073825 0.145971 -0.846414 -0.434482 0.30791
-0.38636 -0.44619 0.164933 -0.066942 0.959323 0.274257
0.511155 -0.747665 -0.480595 0.127086 0.310787 -0.941945
0.003536 0.819824 -0.239916 -0.021522 -0.600299 -0.799486
-0.252612 0.521077 -0.252341 0.70198 -0.533756 -0.471517
0.096173 -1.212735 0.223314 -0.165586 -0.694352 0.700326
-0.324946 0.750181 -0.440922 0.525742 -0.149894 -0.837333
-0.130832 -0.978653 0.3299 0.399888 -0.018035 0.916386
0.564014 -1.357394 -0.034589 0.113343 -0.991047 -0.070567
-1.220538 0.111936 0.429665 -0.42604 0.287513 0.857803
-0.391595 1.017099 -0.450382 0.314015 0.312604 -0.896478
-0.716788 0.931261 -0.436218 -0.484774 0.068724 -0.871935
-1.489528 0.061021 -0.078384 -0.977977 0.137562 -0.156965
0.500027 0.001011 -0.004548 -0.99988 0.012536 -0.009096
-0.299063 -0.802887 -0.430652 0.571125 0.077291 -0.817216
0.344496 1.287978 -0.220743 -0.200007 0.840477 -0.503583
-0.622038 0.162028 0.189135 0.797362 0.497096 0.342213
-0.319153 -1.156531 -0.351702 0.313297 -0.544778 -0.777857
0.579619 1.356402 -0.014449 0.141538 0.989497 -0.029366
1.337622 0.339707 0.147906 0.730873 0.59591 0.33274
1.159044 -0.203423 -0.414278 0.284088 -0.459024 -0.841779
-0.937328 0.862754 0.25669 -0.769659 0.143994 0.622005
0.638613 -0.379879 0.155448 -0.701717 0.490623 0.516607
0.191675 0.919882 0.361819 -0.53389 -0.032736 0.84492
-0.567161 -0.866393 -0.493126 -0.195704 0.043761 -0.979686
-1.068082 0.227813 -0.420531 -0.088697 0.492943 -0.865529
-1.168076 -0.09166 0.458052 -0.323153 -0.251916 0.912201
-0.237918 -1.072488 0.360984 0.405161 -0.328492 0.853193
0.961792 -0.23025 0.415879 -0.14174 -0.494356 0.857626
0.36001 -0.692379 -0.445307 -0.374981 0.293774 -0.879253
-0.792879 -1.119178 0.31155 -0.615346 -0.479037 0.625998
0.620557 -1.139751 -0.400287 0.224141 -0.555889 -0.800467
0.408119 -0.648978 0.439308 -0.099338 0.48333 0.869784
0.562732 0.421224 -0.13033 -0.347636 -0.869574 -0.350699
0.963022 -0.942408 0.184801 0.860647 -0.274065 0.429155
-1.361748 0.006456 0.34509 -0.723461 0.01596 0.690181
1.008905 -0.688192 -0.217063 0.694494 -0.220689 -0.684817
0.183797 -1.278399 0.164011 -0.210859 -0.861116 0.46262
0.752149 -0.732804 -0.388978 0.424917 0.277044 -0.861796
-0.683583 1.008494 -0.43955 -0.411802 0.247209 -0.877101
1.14246 -0.130719 0.453392 0.260652 -0.344837 0.901747
-0.429599 -0.431633 0.090789 -0.007902 0.986903 0.161119
-0.730645 -1.22548 0.259851 -0.467476 -0.715075 0.519745
0.746798 -1.183348 0.296305 0.510875 -0.622437 0.592941
1.358847 -0.312395 -0.148502 0.753921 -0.570996 -0.324911
-0.521933 -1.343328 -0.132867 -0.036534 -0.961094 -0.273794
-0.971496 0.91271 -0.18597 -0.858876 0.251935 -0.445938
-0.708858 0.96421 -0.436593 -0.469861 0.141863 -0.871267
-0.96827 0.296633 0.378662 0.119082 0.48765 0.86488
0.878732 -0.344411 0.333163 -0.301284 -0.360801 0.882638
-0.357843 -1.115471 0.392988 0.309678 -0.4764 0.822887
0.371554 1.186101 0.348483 -0.249386 0.620975 0.7431
-0.630218 0.376701 -0.140032 0.719358 -0.516174 -0.464854
1.218503 0.403136 -0.231629 0.546528 0.604814 -0.57923
0.936353 0.682698 0.277459 0.557239 0.041425 0.829319
0.946459 -0.497776 0.294729 0.140388 -0.22111 0.965092
-0.103002 1.189013 -0.24623 0.189103 0.618123 -0.762996
0.922457 -1.120788 -0.05443 0.848522 -0.516931 -0.113101
-1.326245 -0.357721 -0.139995 -0.724299 -0.609926 -0.321529
-0.689161 0.327936 -0.201851 0.792226 -0.001161 -0.610226
0.415785 -1.348041 0.098018 -0.101206 -0.971481 0.214433
1.159381 -0.558429 0.11722 0.731493 -0.572231 0.37077
-0.660801 1.253951 0.27038 -0.303886 0.784123 0.541114
-0.036309 -1.202993 0.222608 0.069085 -0.674483 0.735051
-0.630598 -0.263056 -0.086123 0.960633 -0.16455 -0.223846
-0.51911 -0.021719 -0.126731 0.940188 -0.236501 -0.245181
-1.228355 0.47619 0.120775 -0.695772 0.635743 0.334263
0.169756 -0.694778 0.261662 -0.755471 0.398274 0.520232
-1.227676 0.508754 -0.014153 -0.762993 0.645108 -0.040957
-0.653007 -1.208369 -0.330238 -0.290789 -0.692151 -0.660582
0.388813 -0.794366 0.477914 -0.334467 0.088917 0.938203
-0.136246 -0.634915 0.1188 0.795788 0.555701 0.240661
0.222499 -0.907881 0.38162 -0.555407 0.010269 0.831515
0.671611 -0.129818 -0.30801 -0.667708 -0.506732 -0.545334
-0.614748 -1.337883 -0.109427 -0.206183 -0.953319 -0.220617
1.273419 0.040078 0.416081 0.544877 0.105224 0.831887
0.621043 -1.345809 0.055552 0.220078 -0.969032 0.11199
-0.251388 -0.544157 -0.274333 0.725256 0.471663 -0.501535
-0.767744 -0.016289 0.44196 0.464639 -0.088863 0.88103
-0.164698 -0.90483 -0.343635 0.526035 0.104721 -0.843991
-0.811 0.893407 0.375496 -0.611015 0.033089 0.790927
0.501214 -1.326195 -0.183409 -0.003438 -0.925209 -0.379441
-0.420168 -0.693764 0.462082 0.116202 0.370166 0.921669
0.944157 -0.343569 0.350005 -0.145848 -0.435866 0.888116
-0.618211 -1.154585 0.390213 -0.215536 -0.587052 0.78033
0.789809 -1.259405 -0.104212 0.591587 -0.778782 -0.208624
0.545742 -1.318664 0.197497 0.068919 -0.912942 0.402227
-1.249688 -0.347496 0.259317 -0.546644 -0.587189 0.596984
1.404827 -0.289618 0.002544 0.837759 -0.546013 0.005451
-0.024231 -0.698095 0.020178 0.208771 0.975752 0.065751
0.092218 -1.291707 0.09199 -0.121454 -0.948567 0.292351
0.247345 -1.324976 -0.072277 -0.196732 -0.962069 -0.188997
0.757575 -0.657339 -0.358815 0.319239 0.356709 -0.877978
0.469999 1.127944 0.416107 -0.128078 0.535671 0.834657
-0.786194 1.263584 0.098545 -0.583309 0.787938 0.197245
-0.328813 -1.061509 0.408047 0.375455 -0.3601 0.854027
-0.571756 0.54809 -0.32679 -0.105876 -0.7307 -0.674439
-1.30975 0.408917 0.052255 -0.753822 0.644487 0.128023
0.276458 0.423442 -0.01841 -0.210571 -0.97696 -0.034756
0.095818 0.786942 0.250713 -0.51487 -0.51069 0.688553
-1.105855 -0.388748 -0.311393 -0.276475 -0.539554 -0.795263
-0.219355 -0.462683 -0.022064 0.808922 0.586578 -0.039636
0.338298 1.196734 0.327534 -0.270681 0.635477 0.723119
0.712338 1.144487 -0.35621 0.442224 0.54479 -0.71249
1.032791 0.350205 0.350404 0.065586 0.501015 0.86295
-0.609982 0.917171 -0.482312 -0.276593 0.05845 -0.959208
0.960649 0.739889 0.252508 0.684455 0.106311 0.721263
-0.363654 0.496834 0.287001 -0.002011 -0.856885 0.515504
-1.334974 0.087891 0.358089 -0.663678 0.21391 0.71678
0.104047 -0.889343 -0.30606 -0.427673 0.248951 -0.868976
0.445657 -1.080562 0.438687 -0.189342 -0.442959 0.87632
0.536001 0.815619 0.493462 0.144794 -0.152108 0.9777
-0.459081 1.350068 0.104263 0.051126 0.973791 0.221625
-0.624633 0.29422 0.041103 0.991712 -0.041778 0.121495
1.289193 0.437084 0.021978 0.75419 0.654244 0.056232
1.200048 -0.272963 -0.354178 0.385627 -0.527591 -0.756928
0.972505 -0.602883 0.26507 0.455668 -0.167683 0.874213
-1.054724 0.094408 0.482407 -0.091273 0.287083 0.953547
-0.541955 -0.971982 -0.486682 -0.067734 -0.220584 -0.973013
0.856462 1.212014 0.034089 0.731955 0.677877 0.06873
0.795374 -0.82254 -0.383866 0.549248 0.097412 -0.829962
-1.23104 -0.17262 0.398808 -0.438432 -0.401904 0.803897
0.899318 -0.939299 0.283429 0.757914 -0.190063 0.624053
-0.993109 0.800948 0.199219 -0.811967 0.201507 0.547818
0.161322 -0.718589 0.267734 -0.725502 0.40121 0.559175
1.180783 -0.46988 -0.197932 0.580247 -0.596016 -0.555047
0.502754 0.466439 0.209646 -0.022614 -0.906174 0.4223
-0.957256 -0.884204 -0.223187 -0.817083 -0.198715 -0.541191
-0.403422 -0.523063 -0.324586 -0.062571 0.812922 -0.579002
-0.702974 -0.997101 0.432932 -0.454263 -0.216949 0.864048
1.408989 -0.012159 -0.287318 0.817882 -0.02909 -0.57465
0.544051 0.509356 -0.282487 0.039765 -0.811559 -0.582916
-0.625344 -0.153631 -0.20828 0.777476 -0.508005 -0.37076
0.648946 -0.300731 0.132605 -0.921689 -0.008058 0.387847
0.196266 -1.237155 0.229555 -0.2491 -0.738139 0.626977
0.421516 0.483359 -0.254541 0.084108 -0.894449 -0.439189
-0.096511 -0.942771 0.313826 0.35581 0.118869 0.926968
0.43924 1.230577 -0.324892 -0.140482 0.725389 -0.673851
-0.8531 0.221385 -0.386955 0.375876 0.483396 -0.790598
0.934 -0.875029 0.257907 0.773209 -0.151869 0.615698
-1.05384 -0.53525 -0.244933 -0.453199 -0.40802 -0.792546
0.510636 1.355288 0.082 0.023579 0.985137 0.170146
-0.833355 0.727242 -0.344424 -0.491617 -0.162714 -0.855474
-0.582874 0.058107 -0.247901 0.78962 0.422307 -0.445149
0.067057 -0.732204 -0.170047 -0.460215 0.735408 -0.497371
0.746668 1.109251 0.357757 0.523999 0.460911 0.716231
-0.891404 0.643388 0.302094 -0.41631 -0.067319 0.906727
-1.486775 -0.033363 0.108544 -0.973178 -0.07592 0.217163
-1.047421 0.622968 -0.205817 -0.644947 0.339119 -0.684866
-1.078191 0.424569 -0.297391 -0.269663 0.507586 -0.818315
0.559001 -1.230654 0.331763 0.075951 -0.741547 0.666588
-1.232994 -0.291221 0.321447 -0.466449 -0.544189 0.69734
-0.404946 0.433449 0.105377 -0.044727 -0.982987 0.178147
0.83057 -0.595533 -0.316182 0.234746 0.214116 -0.948182
-0.910507 0.150286 0.448994 0.224469 0.44488 0.867004
0.806463 -1.253921 0.070369 0.627422 -0.765809 0.140987
0.585502 0.98729 -0.477384 0.182284 0.23562 -0.954597
0.023121 1.243653 -0.175789 -0.038545 0.810903 -0.58391
0.773363 0.239954 0.325211 -0.564533 0.437034 0.700217
0.881248 0.257954 0.377512 -0.323214 0.471551 0.820471
1.132709 -0.053886 -0.477518 0.259919 -0.159782 -0.952319
-0.651585 -0.946313 0.465623 -0.359858 -0.111957 0.926265
-0.545174 1.337445 0.147958 -0.073743 0.950343 0.302341
0.935478 -0.820094 0.266861 0.731777 -0.10046 0.674099
-0.987593 0.995799 0.00042 -0.926649 0.375926 0.000961
-1.404981 0.24803 -0.142572 -0.818019 0.492133 -0.297743
-0.358311 -0.43738 0.138053 -0.057205 0.972128 0.227367
0.806408 -1.258415 0.039101 0.626749 -0.775274 0.078333
-0.487315 -1.354491 0.087239 0.011159 -0.983074 0.182869
1.4422 -0.072693 0.219832 0.882105 -0.167334 0.44033
-0.812756 0.453404 -0.292281 0.228929 -0.062608 -0.971428
1.475368 0.139437 -0.04911 0.947982 0.302515 -0.099071
-0.247624 0.653489 -0.343281 0.730826 -0.298822 -0.613677
-0.63112 -0.228875 0.122097 0.905032 -0.324506 0.274977
-0.387827 1.090491 0.417432 0.286317 0.442035 0.850075
0.964683 0.478393 0.297356 0.12959 0.289856 0.948256
1.056802 0.569221 0.225391 0.541044 0.391102 0.74452
-1.33911 -0.089361 -0.353768 -0.671915 -0.216656 -0.70823
0.167298 0.559371 0.029671 -0.882456 -0.467733 0.049979
-0.968898 -0.902454 0.196245 -0.848326 -0.23673 0.473605
1.202309 0.373963 0.272969 0.471769 0.586768 0.658132
-0.243499 0.604821 -0.310465 0.755554 -0.358404 -0.548347
0.593403 0.021132 0.287607 -0.804999 0.180893 0.565026
-0.956196 0.712002 -0.260155 -0.63732 0.090568 -0.765258
-0.503865 1.362243 -0.014718 -0.016423 0.999394 -0.030677
-0.00501 0.720809 0.110065 0.041144 -0.929486 0.366556
-0.013463 1.18618 0.235473 0.027358 0.620359 0.783841
-0.262735 -1.153342 -0.330243 0.335535 -0.521884 -0.784253
0.06906 0.678618 0.006775 -0.537347 -0.843147 0.019037
1.409753 -0.220411 0.170689 0.819924 -0.451614 0.351809
-0.177646 0.958656 0.3537 0.483983 0.026752 0.874668
-0.689451 -1.191248 0.329148 -0.379466 -0.650118 0.658295
0.008088 -1.071093 0.291553 -0.023572 -0.237104 0.971198
0.996555 -0.55157 -0.266512 0.376384 -0.273435 -0.885194
-0.341843 1.013849 -0.431502 0.392297 0.282009 -0.875542
1.026866 0.758044 -0.164988 0.830034 0.262863 -0.491881
1.243889 0.475983 -0.081599 0.728782 0.646994 -0.224222
-0.380304 0.819247 -0.476348 0.369917 -0.036238 -0.928358
0.541667 -0.058394 -0.152149 -0.845586 -0.463766 -0.264395
0.6075 -0.680285 -0.424211 0.278355 0.479834 -0.832032
-1.066302 0.691054 -0.140013 -0.815004 0.359033 -0.454823
0.193531 -0.507852 0.031272 -0.889816 0.453491 0.050734
-0.665876 -0.239131 -0.196284 0.828604 -0.337266 -0.446842
-1.153388 0.046466 -0.472534 -0.30286 0.135707 -0.943323
0.590639 -0.166113 -0.069179 -0.867424 -0.481312 -0.126153
0.689705 1.252317 0.254246 0.370293 0.777319 0.508585
0.683984 -0.513298 -0.290827 -0.071227 0.578984 -0.812222
-1.236581 -0.04182 -0.437777 -0.470714 -0.1132 -0.874994
0.763891 0.469663 -0.283125 -0.232626 -0.271968 -0.933766
0.328354 0.747052 0.442466 -0.515914 -0.155815 0.842351
0.340903 -1.344861 -0.059136 -0.160636 -0.977237 -0.138577
-1.130282 -0.500766 -0.215466 -0.536208 -0.54177 -0.647277
-0.728833 -1.132263 0.354598 -0.481554 -0.514597 0.709433
-0.638483 -1.237324 0.303469 -0.253843 -0.752728 0.607425
-0.119846 -0.682515 -0.167232 0.71157 0.58904 -0.383015
1.454461 -0.04194 -0.203532 0.908147 -0.097006 -0.407258
-0.529158 -0.601086 0.389209 -0.181397 0.65799 0.730852
0.689825 1.279325 -0.207034 0.367727 0.832562 -0.414267
-0.335275 0.711539 -0.438609 0.485645 -0.225475 -0.844577
-0.015936 0.837404 -0.252988 0.091569 -0.536873 -0.838679
0.805443 1.259209 0.038936 0.624631 0.777015 0.077997
-0.76966 -0.149629 -0.384127 0.503567 -0.485814 -0.714426
-0.645375 0.793702 0.457221 -0.363526 -0.237253 0.900866
-0.068131 -0.794435 0.238394 0.397256 0.575686 0.714684
-0.400786 0.97684 0.465936 0.309021 0.245848 0.91873
0.742259 -0.677572 -0.372988 0.344614 0.36023 -0.866877
-0.304767 0.739893 0.425275 0.579794 -0.166431 0.797583
0.770552 0.081046 0.424885 -0.467204 0.367634 0.804093
0.640259 1.272972 0.252132 0.256433 0.824034 0.505184
0.210099 -0.616272 0.266432 -0.807946 0.364797 0.462759
-0.278129 0.703448 0.394373 0.650531 -0.224615 0.725505
-0.6067 -0.087574 -0.258194 0.746359 -0.494253 -0.445716
0.801135 0.326136 0.303216 -0.506696 0.282801 0.814422
1.163576 0.342216 -0.321414 0.35173 0.561702 -0.748851
-0.703719 -1.321842 0.019591 -0.395784 -0.917506 0.039216
0.713402 0.777899 -0.42201 0.432131 -0.241259 -0.86894
0.663371 1.253961 -0.268904 0.309771 0.783872 -0.538132
-0.775924 0.876156 -0.40087 -0.557326 -0.022446 -0.82999
-0.032124 0.867321 -0.272092 0.166437 -0.425857 -0.88935
-0.203025 0.786928 0.347106 0.670031 -0.221908 0.708389
-0.287138 -0.453118 -0.179094 0.258457 0.901325 -0.347582
0.900726 1.033498 0.236628 0.794771 0.345229 0.499156
0.222655 -0.681226 0.325986 -0.750454 0.295333 0.591268
-0.542306 -0.517465 0.293723 -0.060929 0.800388 0.596378
0.474156 -0.452037 -0.172709 -0.016057 0.943234 -0.331739
0.778753 -0.514954 0.299273 -0.05311 0.302429 0.951691
-0.784793 1.248267 0.149465 -0.582429 0.755808 0.299217
0.345312 0.987356 0.440908 -0.403111 0.238627 0.883492
-0.222056 0.636764 -0.300084 0.780377 -0.334797 -0.528132
0.429343 0.725342 -0.47445 -0.120122 -0.29381 -0.948286
-0.825604 0.259258 -0.349771 0.451549 0.442199 -0.77496
-1.325304 0.180603 -0.325258 -0.636608 0.399314 -0.659756
-1.274997 0.404032 0.159513 -0.671235 0.628958 0.392243
-1.023798 -0.340247 -0.356691 -0.035774 -0.499226 -0.865733
-0.211891 -0.485836 -0.087988 0.849833 0.505167 -0.150298
0.476523 0.506009 -0.285763 0.089962 -0.84868 -0.5212
0.132659 0.664038 -0.164187 -0.756933 -0.551555 -0.350484
0.736208 -0.103555 -0.390057 -0.538255 -0.44393 -0.716386
-0.811704 -1.20982 -0.18238 -0.643531 -0.672262 -0.365965
1.490352 0.0344 -0.090604 0.980325 0.078109 -0.181277
0.51984 0.693517 -0.456259 0.178509 -0.452732 -0.873595
-1.293801 -0.411862 -0.103783 -0.72366 -0.640758 -0.25641
-0.626306 -1.346959 -0.028304 -0.230938 -0.971296 -0.057029
0.65206 -0.068517 0.335705 -0.676673 -0.405139 0.614798
-0.499615 1.008899 0.476428 0.063795 0.311059 0.948247
0.125043 -0.9884 0.327155 -0.379816 -0.037452 0.924304
0.540746 -0.013018 -0.195422 -0.912136 -0.135729 -0.386763
-0.403525 -0.472274 0.234064 -0.077357 0.913984 0.398308
-0.185904 0.822196 -0.342248 0.63064 -0.209026 -0.747396
1.212158 0.52303 -0.04516 0.761736 0.633865 -0.134065
-0.949537 -0.761705 0.260208 -0.693385 -0.089794 0.714951
0.481519 -0.803879 0.495554 -0.011804 0.139522 0.990149
0.202474 -1.10958 -0.329151 -0.359536 -0.39883 -0.843604
0.151133 -0.941222 -0.339057 -0.47054 0.047415 -0.881104
-0.80607 0.787923 -0.372032 -0.532173 -0.135678 -0.835694
-0.662012 -1.163434 0.367807 -0.320251 -0.596919 0.735614
-0.268706 -0.436887 -0.106551 0.339926 0.916759 -0.209772
-0.60727 -0.375987 -0.096778 0.715634 0.622385 -0.317025
0.067663 -0.816607 0.254483 -0.373087 0.517457 0.770093
-1.383661 -0.308677 0.079174 -0.804816 -0.567952 0.172342
-0.387622 -0.425131 -0.047366 -0.050646 0.995646 -0.078253
-0.606768 -0.099054 0.24489 0.749679 -0.513241 0.41781
-0.486803 1.044158 0.46221 0.100781 0.380645 0.919213
0.016987 1.003814 -0.300489 -0.060231 0.014167 -0.998084
0.792082 -0.305748 -0.305008 -0.537594 -0.321211 -0.779626
0.626751 0.308288 0.06204 -0.973414 -0.126171 0.191172
-0.079948 -1.09643 0.293004 0.201589 -0.328392 0.922779
-1.022451 0.066968 -0.491781 -0.034449 0.221252 -0.974608
-0.328125 0.633943 -0.405388 0.456596 -0.39667 -0.79635
1.177586 -0.163922 0.427615 0.327021 -0.397837 0.857195
-1.085886 0.552904 0.212675 -0.562705 0.45617 0.6894
0.611053 -1.287628 0.2405 0.192873 -0.854049 0.483116
0.222724 -0.812815 -0.37149 -0.64306 0.153067 -0.750363
0.854524 0.675738 0.323617 0.433633 -0.152771 0.888045
-0.974896 -0.331846 0.360033 0.083625 -0.471396 0.877948
0.600675 1.135892 0.407849 0.175502 0.551621 0.815422
1.263354 0.389652 -0.197413 0.625788 0.616449 -0.477891
-1.356054 -0.30673 0.164065 -0.743767 -0.564917 0.357323
0.010388 0.776664 -0.200861 -0.071721 -0.741111 -0.667541
-0.7904 -1.047624 0.35664 -0.613683 -0.325952 0.71913
-0.249231 0.937639 -0.397685 0.524626 0.073682 -0.848138
1.195599 -0.12021 0.438312 0.372966 -0.310686 0.874283
-0.636979 -0.32542 -0.108538 0.918507 0.192738 -0.34525
-0.895662 -0.239407 -0.393674 0.287967 -0.485419 -0.825496
1.087472 -0.724434 0.019509 0.912588 -0.404064 0.062565
0.481151 -0.488024 -0.253775 0.057489 0.879449 -0.472509
-0.397862 0.641703 -0.433849 0.131134 -0.490897 -0.861292
0.551136 0.00978 -0.219165 -0.894519 0.099038 -0.435921
1.274765 0.440701 -0.083503 0.729257 0.649319 -0.215798
0.187784 0.872553 -0.354624 -0.579746 -0.124827 -0.805179
1.220932 0.455289 -0.166885 0.639085 0.623909 -0.449787
1.058339 -0.597974 -0.208842 0.611564 -0.377157 -0.695516
1.025647 0.493471 0.277494 0.294407 0.390132 0.872423
1.326583 0.388825 0.053053 0.76222 0.634885 0.126257
1.090491 -0.631361 0.149543 0.751969 -0.43136 0.498468
0.290438 0.624545 0.373651 -0.612359 -0.361215 0.703236
-0.52496 0.82577 0.496275 -0.10656 -0.118404 0.987231
0.552661 -1.32595 -0.178604 0.083619 -0.927809 -0.363564
0.892351 -1.157648 0.086935 0.799036 -0.574474 0.177541
-0.825116 0.441894 0.294963 0.242736 0.007377 0.970064
0.695719 0.601696 0.348848 0.18735 -0.511328 0.838715
0.778648 0.198048 -0.357111 -0.522041 0.483465 -0.702662
-0.843939 -0.935076 -0.34308 -0.675029 -0.130866 -0.726092
1.205428 0.263924 -0.35766 0.393841 0.519863 -0.758045
-1.411993 -0.029636 -0.28145 -0.823444 -0.070571 -0.562992
0.820659 -0.097951 -0.442878 -0.378047 -0.386779 -0.84112
-0.625585 0.008691 -0.330925 0.747887 0.069205 -0.660209
1.271563 0.408642 -0.157985 0.670543 0.630289 -0.39129
-0.68589 -0.359908 -0.202352 0.732722 0.178231 -0.656774
-0.652113 0.797931 -0.455555 -0.373241 -0.227241 -0.899474
-1.148897 -0.164194 -0.437322 -0.266702 -0.404326 -0.874866
0.383204 0.639403 0.429792 -0.193888 -0.476089 0.857757
0.70552 0.509789 0.290613 -0.091012 -0.520408 0.849054
-0.23115 -1.268115 -0.202733 0.238133 -0.813109 -0.531174
1.100356 -0.590291 0.170896 0.681244 -0.466581 0.5641
-0.126222 0.742721 -0.243834 0.65003 -0.487552 -0.582884
0.818811 1.19786 0.191071 0.659112 0.646735 0.383804
-0.195076 -0.555288 0.167036 0.863515 0.421116 0.277494
-0.832869 0.202728 -0.388349 0.410349 0.486509 -0.771313
-1.034598 -0.806385 0.115865 -0.897161 -0.293522 0.330069
-0.938637 0.535318 -0.289034 -0.224449 0.1483 -0.963135
0.620523 -0.253749 0.032856 -0.978545 -0.1885 0.083177
-0.903879 -1.130947 0.113153 -0.817439 -0.526804 0.232959
-1.265725 0.431426 -0.128931 -0.693885 0.639996 -0.330043
1.045172 -0.060826 -0.491743 0.081928 -0.197303 -0.976913
-0.597509 -0.181378 -0.060296 0.886835 -0.447452 -0.115373
0.059176 1.30154 0.022146 -0.077968 0.994326 0.072369
1.315393 -0.403756 -0.04423 0.75852 -0.642723 -0.107495
0.652662 1.04427 -0.440726 0.330835 0.338703 -0.880811
-1.065394 0.772686 -0.041456 -0.926622 0.354374 -0.125662
-0.656963 -0.841412 0.462146 -0.385457 0.131702 0.913279
-0.123855 -1.108776 -0.299928 0.275994 -0.374367 -0.885255
1.098745 -0.050475 0.48607 0.1922 -0.155738 0.968919
0.730712 -0.227187 -0.294251 -0.653659 -0.431492 -0.621727
-0.921255 -1.123462 0.051061 -0.846808 -0.521234 0.105982
0.369442 0.752669 -0.464675 -0.382289 -0.164507 -0.909281
0.99075 0.481971 -0.291652 0.193208 0.337626 -0.921238
0.01521 -1.109745 -0.279528 -0.039349 -0.365966 -0.929796
0.089815 -1.074205 0.302379 -0.237058 -0.261844 0.935543
-0.880147 -1.185627 0.022315 -0.777486 -0.627268 0.045279
1.35072 -0.251643 -0.241018 0.703228 -0.500774 -0.504675
-0.505627 0.506592 -0.282238 -0.070516 -0.838728 -0.539966
0.616985 0.2049 -0.105446 -0.893222 0.393157 -0.218132
-0.492567 -1.327117 0.18092 0.016282 -0.926593 0.375714
-0.998483 -0.695082 0.225383 -0.686136 -0.193802 0.701183
-0.966438 0.872362 -0.213535 -0.824389 0.202268 -0.52865
0.342578 0.59421 0.389017 -0.316581 -0.542626 0.778032
0.889211 -0.229484 -0.397232 -0.299819 -0.486895 -0.820392
1.184628 0.51896 0.131051 0.693721 0.604091 0.392205
-0.343667 0.843717 -0.459634 0.466617 0.005196 -0.884444
0.980372 0.813812 -0.213184 0.801204 0.182279 -0.569952
0.500988 -1.224973 0.339314 -0.041209 -0.724971 0.687545
0.432506 -1.028024 0.458753 -0.229272 -0.34467 0.910295
1.028972 0.864791 0.066118 0.933506 0.312432 0.175932
1.11976 0.003823 -0.485423 0.239489 0.011791 -0.970827
-0.828901 -0.793596 0.35775 -0.562788 0.098346 0.82073
-0.420598 -0.438225 -0.125887 -0.034202 0.97534 -0.218043
0.80196 -0.699437 0.354471 0.421162 0.242363 0.874004
-0.962855 -1.04896 0.03584 -0.902037 -0.424548 0.078022
-0.25584 -0.687179 -0.367085 0.701024 0.255305 -0.665871
0.551529 1.00798 -0.476291 0.080264 0.295556 -0.951948
-0.19845 -0.511054 0.089989 0.879746 0.452029 0.147369
-0.343127 0.782294 -0.456185 0.475063 -0.096792 -0.874612
1.159705 0.004868 0.473771 0.319367 0.014369 0.947522
0.576589 0.148181 0.034529 -0.856872 0.512034 0.059937
1.15011 -0.424953 0.263871 0.430187 -0.568816 0.70099
-0.764976 -0.954986 -0.403516 -0.564456 -0.126939 -0.815645
0.285748 -0.729915 -0.408259 -0.625824 0.185703 -0.757535
-0.591886 1.21607 0.342056 -0.147589 0.713316 0.685127
0.997707 -0.6164 0.247212 0.532968 -0.222698 0.816303
-0.812291 -0.219166 -0.366051 0.46386 -0.476211 -0.747032
0.908599 -1.021315 -0.232241 0.804042 -0.330306 -0.494382
0.914552 0.986948 -0.243359 0.801918 0.279267 -0.528146
0.629183 0.026426 -0.331302 -0.734124 0.200377 -0.648776
0.58888 -0.141038 0.132002 -0.822146 -0.522124 0.226856
0.276415 -0.47318 0.213659 -0.426885 0.797081 0.427119
-0.777308 0.218966 -0.3419 0.540767 0.46609 -0.700237
-0.490608 -0.643524 0.431746 -0.14584 0.563162 0.813375
-0.248654 -0.754281 -0.38135 0.672085 0.185731 -0.716802
0.550748 1.343623 -0.125183 0.085531 0.962968 -0.255689
1.074241 -0.639716 -0.165985 0.735372 -0.392729 -0.55226
1.278395 -0.199987 0.353439 0.538213 -0.437099 0.720605
0.993463 -0.716809 0.224589 0.710538 -0.180185 0.680198
-1.315754 0.398773 -0.066091 -0.752244 0.639258 -0.159617
0.965607 -0.291585 -0.381134 -0.127032 -0.488615 -0.863202
0.94798 -1.044989 -0.12246 0.875712 -0.403934 -0.26451
0.569034 1.192853 -0.368495 0.095208 0.66816 -0.737901
0.707589 -1.178399 0.330461 0.424053 -0.619124 0.660958
0.21719 -0.729535 -0.341176 -0.717465 0.258762 -0.64675
-0.58897 -0.141119 -0.132141 0.822127 -0.522031 -0.227136
0.9104 -1.141871 -0.043245 0.82997 -0.550654 -0.089047
0.71143 0.737732 -0.410113 0.398394 -0.31148 -0.862706
-1.005112 -0.125108 -0.473469 0.020921 -0.372254 -0.927895
0.208792 1.21989 -0.253436 -0.269078 0.687588 -0.674403
-0.278137 0.988572 -0.406578 0.469115 0.191363 -0.862155
0.317607 1.285707 0.213392 -0.215618 0.838024 0.501223
1.383959 0.114587 0.295004 0.760988 0.264979 0.592185
-0.114747 -0.715747 -0.203402 0.657969 0.56947 -0.492728
1.254588 -0.173134 -0.384745 0.487966 -0.398517 -0.776578
0.724959 -0.332517 -0.241804 -0.696626 -0.089477 -0.711833
-0.939917 -0.60903 -0.280091 -0.413367 -0.076799 -0.90732
0.992519 0.277384 0.392383 -0.070576 0.501896 0.862044
-0.922384 0.210854 -0.41861 0.222953 0.48863 -0.843524
-0.883195 0.063879 -0.477219 0.243556 0.256686 -0.935304
-0.988442 0.964379 -0.094956 -0.91491 0.33718 -0.22192
-1.214457 0.070061 -0.444134 -0.421929 0.189483 -0.886607
-1.007005 0.860829 0.142883 -0.888536 0.266678 0.373346
0.526521 -1.318511 -0.200293 0.034996 -0.911384 -0.410067
0.187006 -0.879815 0.355141 -0.571809 0.113591 0.812485
0.297094 -0.659501 -0.395196 -0.60088 0.298635 -0.741458
0.64096 -0.733909 -0.438657 0.337621 0.362184 -0.868812
1.224164 -0.368522 0.261149 0.513388 -0.592102 0.621167
0.200394 0.946156 -0.367218 -0.512516 0.030067 -0.858151
-0.042411 0.789155 -0.221668 0.269235 -0.654697 -0.706317
-0.046107 0.769636 -0.203549 0.306379 -0.703874 -0.640854
1.29912 -0.170862 -0.354019 0.581653 -0.38698 -0.71549
0.674454 -0.213342 0.232257 -0.768974 -0.420859 0.481203
0.312503 1.006648 0.419844 -0.42942 0.250256 0.867739
-0.452486 1.190283 0.36645 0.138796 0.649463 0.747619
0.245959 -0.710359 0.365219 -0.703911 0.237754 0.669314
-0.886062 1.066064 -0.235613 -0.77798 0.394927 -0.488651
-1.34434 -0.369256 0.040857 -0.776471 -0.622993 0.094722
-1.278572 -0.088042 -0.402969 -0.548977 -0.222709 -0.805621
-0.359071 1.121247 -0.390053 0.304617 0.488035 -0.817942
-1.404351 -0.054243 -0.288077 -0.806894 -0.12878 -0.576487
0.347267 0.42533 -0.073175 0.053765 -0.991424 -0.119109
1.33492 0.202113 0.301471 0.65825 0.432541 0.61613
-1.346042 0.369188 0.023727 -0.78008 0.623258 0.054987
-0.797194 -0.536025 -0.305771 -0.032049 0.269655 -0.962423
-1.455857 -0.099083 0.176018 -0.908537 -0.223121 0.35324
-0.9704 0.062556 0.49186 0.068994 0.222428 0.972505
0.625611 -1.34506 -0.052795 0.229274 -0.967533 -0.106366
-1.043246 0.286495 0.387724 -0.045883 0.51529 0.855786
1.082362 0.443059 -0.284378 0.312211 0.504282 -0.805124
-0.635697 0.047502 -0.329881 0.711195 0.325111 -0.623301
-0.917007 -0.31605 0.357907 0.229109 -0.441118 0.867712
0.175144 0.569084 0.119595 -0.871235 -0.447314 0.202136
0.201739 0.70705 -0.312643 -0.743888 -0.309374 -0.592384
1.335539 -0.302802 -0.206219 0.696644 -0.560048 -0.448367
-0.193131 -1.249339 0.213136 0.237936 -0.77352 0.587413
-0.053381 0.735334 0.163224 0.381604 -0.777935 0.499195
-0.177679 0.538294 -0.018799 0.892254 -0.450489 -0.030704
-1.431797 0.088301 -0.233428 -0.860199 0.202715 -0.467937
-1.093086 0.494285 -0.246365 -0.441467 0.495281 -0.748201
0.106362 1.256723 0.171639 -0.155439 0.830386 0.535069
0.472531 -0.815505 -0.49668 -0.05248 0.102466 -0.993351
0.963841 0.378574 -0.335652 -0.061447 0.418728 -0.90603
0.756715 1.109217 -0.350205 0.544697 0.459542 -0.701517
0.548708 -0.434945 -0.152298 -0.240686 0.89401 -0.377911
0.543182 0.427781 0.129936 -0.264618 -0.908244 0.324145
0.415004 0.679195 -0.455249 -0.116831 -0.40495 -0.906844
0.252659 0.589725 -0.312676 -0.732793 -0.385404 -0.560784
-0.711284 1.156436 0.347396 -0.437187 0.570999 0.694858
0.590072 0.848667 0.486415 0.259461 -0.099475 0.960617
0.877307 0.783984 0.321695 0.61226 -0.03451 0.789903
0.391835 1.096137 -0.415782 -0.277524 0.454006 -0.846675
0.661307 -0.168241 0.25544 -0.730402 -0.494427 0.471228
-0.149841 -0.588816 0.004348 0.855676 0.517452 0.007895
1.059567 -0.489931 0.266135 0.359274 -0.448891 0.81818
-0.261296 -1.099552 -0.360189 0.381364 -0.400177 -0.833319
-0.680945 0.017692 0.383588 0.636613 0.118972 0.761951
1.471066 0.156196 0.033804 0.939762 0.334917 0.068398
-1.002801 -0.490422 0.285617 -0.238637 -0.351186 0.905384
0.433953 1.205084 0.349321 -0.16083 0.674006 0.721006
-0.841332 0.330539 0.323525 0.403454 0.335732 0.851181
-0.169611 1.040703 -0.339074 0.396132 0.209952 -0.893868
-0.67599 -0.30927 -0.183801 0.843774 -0.051433 -0.534228
0.85555 -0.511932 0.300424 0.020359 0.053338 0.998369
-0.2822 0.951066 -0.415843 0.49615 0.130098 -0.858434
0.617081 0.3949 -0.144092 -0.607261 -0.645534 -0.463162
1.195843 -0.396679 0.257138 0.487431 -0.591793 0.642022
0.735214 -1.089136 0.377765 0.503675 -0.418221 0.755912
-0.466806 0.546116 -0.344835 -0.124606 -0.773723 -0.621149
-0.713767 1.212871 0.289784 -0.431496 0.6913 0.579582
-0.072696 -0.683329 0.065249 0.549701 0.815457 0.181268
0.003407 -0.89905 -0.282535 -0.016445 0.33635 -0.941593
0.184163 0.529945 -0.053599 -0.891428 -0.444729 -0.087022
0.77423 0.562022 0.316002 0.099482 -0.353896 0.929979
1.272709 -0.170529 0.37409 0.526215 -0.390929 0.755164
0.037636 1.232404 0.191644 -0.064772 0.77161 0.632789
0.9208 1.058111 -0.178308 0.833875 0.403092 -0.377053
-0.521279 0.461623 -0.201418 0.070093 -0.899881 -0.430466
0.920818 -0.231256 0.406297 -0.231138 -0.491012 0.83993
1.124435 0.540661 0.186548 0.61532 0.52414 0.588777
-0.150719 1.286242 0.132692 0.182311 0.901267 0.393039
1.016724 0.852306 0.124855 0.900649 0.279814 0.33247
-0.655814 -0.528615 0.301378 0.002487 0.638493 0.769623
-1.455641 0.178849 0.085085 -0.909533 0.377905 0.173025
0.611238 0.383109 0.117432 -0.674624 -0.631468 0.38227
-1.152438 0.426731 0.26097 -0.438318 0.570571 0.694497
-0.192238 1.314663 -0.068014 0.18921 0.963072 -0.191549
0.108191 -1.170545 0.261443 -0.20829 -0.559957 0.801913
-1.466085 -0.083622 0.157431 -0.929886 -0.188965 0.315602
-0.054593 1.284595 0.101452 0.076987 0.940033 0.332282
-1.285332 -0.122022 0.387045 -0.557623 -0.296522 0.775326
0.70299 -1.318461 0.061317 0.394355 -0.910725 0.122738
0.295559 -1.193013 -0.313968 -0.296063 -0.619707 -0.726849
0.504293 -0.008108 -0.062249 -0.987459 -0.097963 -0.123803
0.447344 -0.435068 -0.109723 -0.014541 0.97922 -0.202279
0.554143 -0.456924 0.200118 -0.149921 0.867586 0.474151
1.095707 0.601177 -0.167675 0.696469 0.453347 -0.556244
0.705802 1.316599 0.065826 0.400672 0.9067 0.131749
1.049068 -0.716218 -0.152028 0.818978 -0.314188 -0.480168
0.331125 1.117566 0.381281 -0.333637 0.469209 0.817636
0.647694 -0.405111 0.188759 -0.566815 0.546851 0.616177
0.216993 -0.866965 -0.375327 -0.593888 0.084919 -0.800054
0.464032 -1.358593 0.056556 -0.040258 -0.991937 0.120171
-1.001034 0.871144 -0.149645 -0.884783 0.263262 -0.384515
-0.697453 0.799761 -0.435529 -0.428157 -0.209596 -0.879063
1.131056 -0.321943 0.348832 0.262239 -0.545548 0.795995
0.302603 0.506876 -0.285987 -0.342562 -0.746705 -0.57016
0.201903 -0.545046 -0.172583 -0.859427 0.423344 -0.286643
-0.982583 0.758422 0.22592 -0.746387 0.161348 0.645658
0.884505 0.037986 0.483283 -0.234605 0.160167 0.958805
0.294222 -1.316088 -0.138678 -0.200068 -0.91909 -0.33948
0.33623 -1.271975 0.242367 -0.21665 -0.803752 0.554118
0.562858 -1.349894 -0.092502 0.109056 -0.97599 -0.188546
0.760678 0.385596 -0.26747 -0.518992 -0.016218 -0.854625
-0.460187 -1.094218 -0.434408 0.156215 -0.471193 -0.868087
0.659634 -0.833079 -0.459722 0.388982 0.150105 -0.908934
1.020603 -0.589627 0.240983 0.516155 -0.297206 0.803276
-0.022532 1.11762 0.276678 0.056729 0.392274 0.918097
0.724665 0.294435 -0.25086 -0.713958 0.240153 -0.657716
0.274737 -0.535521 -0.295177 -0.601512 0.558003 -0.571679
-0.533603 -0.458864 0.198185 0.103047 0.891499 0.441148
-0.85963 -1.179224 -0.140619 -0.73928 -0.610416 -0.284353
-0.015452 -1.215949 0.208562 0.028417 -0.719373 0.694043
1.00188 0.402074 -0.324525 0.060149 0.439859 -0.89605
0.398016 1.036501 0.445383 -0.294836 0.349164 0.88947
-1.056374 -0.290394 0.384419 -0.07681 -0.51899 0.851322
-0.764962 -0.672601 0.36197 -0.350244 0.330101 0.876563
-0.147296 0.702686 -0.235599 0.730399 -0.462101 -0.502971
-0.236888 -0.443516 0.0292 0.659612 0.749436 0.057075
-0.213545 1.018589 0.365249 0.448559 0.193464 0.872563
-0.621054 -0.809581 -0.470323 -0.328737 0.201853 -0.922598
0.160471 -0.577134 -0.061333 -0.868516 0.483993 -0.106915
-1.325042 -0.041726 -0.377021 -0.648388 -0.105134 -0.754016
0.924918 -0.961441 0.240371 0.807769 -0.251361 0.533224
-0.541068 0.03451 0.182283 0.881346 0.32606 0.341927
0.439507 0.912107 0.489998 -0.213029 0.130017 0.968357
0.360188 -0.489796 0.274932 0.003613 0.871283 0.490767
0.166626 0.573052 -0.087819 -0.871232 -0.467173 -0.150682
1.477157 0.068408 -0.130354 0.952819 0.154783 -0.26111
0.663309 0.461638 0.246737 -0.280469 -0.608031 0.742722
0.390006 1.300156 -0.216175 -0.156683 0.86615 -0.474588
-0.493654 0.61503 0.409533 -0.157283 -0.629695 0.760754
-1.451232 -0.03128 -0.212724 -0.902009 -0.072678 -0.425555
0.548472 -0.719474 0.462315 0.221137 0.399236 0.88978
1.057471 -0.464109 -0.281201 0.298823 -0.462676 -0.834647
0.390404 -0.433555 -0.110107 0.057146 0.98151 -0.182679
0.699809 1.302932 0.137455 0.388259 0.879536 0.275085
0.318847 0.830533 -0.445324 -0.52278 -0.025503 -0.852086
-1.244049 0.341372 0.270198 -0.528327 0.582051 0.618132
0.131937 0.990687 0.329927 -0.390474 0.050412 0.919233
-0.571467 0.388615 -0.020453 0.57795 -0.813718 -0.061936
-0.539111 0.091643 -0.002629 0.836234 0.548356 -0.00425
-0.905768 -1.058663 -0.208115 -0.809118 -0.393386 -0.43655
-0.606331 -1.343824 0.089327 -0.190228 -0.965022 0.180407
-0.488291 -1.258575 0.299292 0.051878 -0.788615 0.612695
0.893298 1.165379 0.049039 0.801105 0.5901 0.100065
0.40034 0.946951 0.472897 -0.316342 0.19365 0.92867
0.147983 0.668699 -0.201244 -0.769535 -0.488795 -0.410968
-1.220916 0.336647 0.292455 -0.473153 0.574237 0.668115
0.236804 -1.07533 -0.359352 -0.402482 -0.334142 -0.852266
-0.97337 -0.82547 0.219329 -0.799394 -0.176058 0.574433
0.760827 0.067986 -0.424821 -0.482338 0.330003 -0.811448
0.157079 0.75674 0.287494 -0.679609 -0.370018 0.633418
-1.394681 -0.12502 -0.27556 -0.782306 -0.284896 -0.553924
-0.300552 0.420588 -0.022459 0.052578 -0.997848 -0.039168
-0.274567 1.247886 -0.249278 0.256851 0.750777 -0.608573
1.023676 0.847019 -0.109619 0.910075 0.29047 -0.29562
0.93461 -0.812232 -0.268906 0.723155 -0.092338 -0.684486
0.898788 0.651948 0.299124 0.443869 -0.049836 0.894705
-0.754334 1.279036 0.121282 -0.512023 0.824007 0.242578
0.622867 0.139623 0.222273 -0.761803 0.519503 0.387005
0.578105 0.062596 0.234593 -0.793235 0.445431 0.415174
0.221267 0.825509 -0.372709 -0.631982 -0.138473 -0.762512
1.203251 -0.45951 -0.184545 0.608721 -0.612421 -0.504381
-0.990025 0.162306 0.456107 0.065487 0.438817 0.896187
0.07157 -1.296757 -0.063584 -0.09487 -0.973968 -0.205879
1.061326 0.622008 -0.192535 0.671263 0.371323 -0.641503
1.316353 -0.059871 -0.381282 0.629211 -0.15047 -0.76253
-1.295151 0.36248 -0.189087 -0.661848 0.607527 -0.439167
-0.16882 0.586243 -0.130299 0.859377 -0.458367 -0.226651
-0.539175 -0.091718 -0.004732 0.83619 -0.548387 -0.007649
-0.535424 -0.983807 0.484195 -0.044068 -0.249153 0.967461
-0.114617 1.291167 -0.103431 0.146127 0.935765 -0.320921
0.59954 -1.001672 -0.470676 0.213438 -0.2623 -0.941086
-0.47027 1.30947 0.217556 0.057193 0.888981 0.454359
0.551736 -1.036996 0.466213 0.071321 -0.357209 0.931297
-1.347761 0.281603 0.212952 -0.710244 0.537205 0.454933
0.600481 0.118921 -0.205068 -0.773662 0.530266 -0.346793
0.142484 1.21811 0.230961 -0.220545 0.698115 0.681173
-0.002168 0.708322 0.070256 0.018531 -0.972025 0.234145
0.132342 0.802478 0.28936 -0.590837 -0.371011 0.716424
-0.134603 -0.841365 0.308326 0.550545 0.291946 0.782092
0.505336 0.518884 0.300654 0.092564 -0.817595 0.568304
-0.459158 -1.313008 0.208898 0.070748 -0.895592 0.439214
-0.440302 -1.225813 -0.330172 0.141338 -0.716136 -0.683501
-0.715006 0.885983 0.438219 -0.477609 -0.028795 0.8781
0.61211 -0.549334 -0.322532 0.084729 0.688225 -0.720533
-1.221828 0.508959 -0.056247 -0.750951 0.639857 -0.163262
-0.73391 0.134099 0.367558 0.559877 0.486721 0.670552
-0.378075 0.622808 0.418884 0.188475 -0.518021 0.834345
0.832705 -0.541076 -0.304864 0.081704 0.166815 -0.982597
-0.777902 1.040475 -0.370033 -0.591402 0.309427 -0.744646
-0.61831 0.322039 0.017814 0.964376 -0.258249 0.057328
-0.59576 0.086174 0.240587 0.761828 0.499451 0.412512
0.791083 1.253515 -0.121041 0.59509 0.766247 -0.242348
-1.168008 0.462287 -0.217911 -0.537432 0.584354 -0.608027
-0.693129 -0.565429 -0.326356 -0.096331 0.544259 -0.833368
-0.125449 -1.257611 0.176191 0.17666 -0.825152 0.536577
0.628907 -0.543437 0.315361 0.05906 0.672447 0.737786
0.28802 -1.018107 0.404178 -0.439705 -0.253047 0.861758
-0.696133 -0.80165 0.436618 -0.427555 0.206519 0.880083
0.556777 0.910951 -0.49427 0.141908 0.071587 -0.987288
0.953384 0.29171 -0.379067 -0.154884 0.482996 -0.861815
0.382315 -1.030217 0.442313 -0.324478 -0.33162 0.885857
0.299261 0.486219 0.253937 -0.296166 -0.812845 0.501566
-1.454202 0.176311 -0.097279 -0.906271 0.373621 -0.197687
-1.457642 -0.131084 -0.145646 -0.911456 -0.288425 -0.293358
-0.386159 -0.595301 0.401097 0.098774 0.612683 0.784132
-1.156123 0.601013 -0.017143 -0.82421 0.563501 -0.056077
-0.820931 1.246469 -0.036109 -0.658247 0.74931 -0.072424
-0.366371 1.015945 0.441263 0.356764 0.299189 0.884989
-0.487505 -1.345079 -0.127923 0.01541 -0.963443 -0.26747
-1.055116 0.760894 0.102592 -0.891255 0.329003 0.312126
-1.044789 -0.387952 -0.327223 -0.137482 -0.49317 -0.859001
-0.302358 -0.677673 -0.406204 0.587422 0.268701 -0.763371
-0.330223 0.752668 0.444607 0.510787 -0.146426 0.847146
-0.94585 1.079472 0.053486 -0.880987 0.459252 0.113798
0.645704 -0.923118 -0.470014 0.353903 -0.059115 -0.933412
1.204255 0.52024 0.084947 0.738563 0.625216 0.252248
-0.04545 -0.95803 0.301255 0.178985 0.124139 0.975989
0.553495 0.756848 -0.475719 0.21892 -0.310324 -0.92508
-0.785711 0.968225 -0.386068 -0.598978 0.160164 -0.784584
-0.797309 -1.267457 0.006561 -0.606448 -0.795015 0.013136
-0.828438 0.532109 0.303618 -0.048988 -0.16863 0.984461
-1.055302 0.312753 0.370854 -0.086476 0.520024 0.849763
-0.852274 0.659589 -0.321819 -0.401052 -0.162595 -0.90151
-1.068009 0.285565 -0.386159 -0.10061 0.52066 -0.847815
-0.777831 0.845597 0.397804 -0.544071 -0.075373 0.835647
1.059669 -0.022573 -0.495576 0.118144 -0.07449 -0.990199
-0.535187 0.407586 0.017833 0.358055 -0.932552 0.046308
-0.741875 0.365278 0.254478 0.604997 0.002827 0.796223
0.544891 -1.330938 0.16711 0.071166 -0.937323 0.341118
0.016991 -1.042326 -0.297462 -0.053803 -0.141997 -0.988404
0.866905 -0.031127 -0.479718 -0.268518 -0.136661 -0.953531
-0.643995 0.905562 -0.471388 -0.35493 0.018169 -0.934716
-0.589362 -0.448131 -0.199556 0.256375 0.806839 -0.532244
-0.102807 1.254074 -0.174677 0.152504 0.823402 -0.546582
-1.099593 -0.695312 -0.034026 -0.893391 -0.435185 -0.111655
-0.512153 1.243139 0.319562 0.015057 0.761598 0.647875
0.769381 0.273859 -0.302519 -0.592152 0.368544 -0.716611
-0.362155 1.350879 0.034572 0.143729 0.986426 0.079413
0.581079 0.132611 -0.122918 -0.821533 0.530962 -0.207755
0.844335 -0.446202 -0.299145 -0.195048 -0.053687 -0.979323
-0.494868 -1.239273 -0.323211 0.047654 -0.751783 -0.657686
0.179093 0.993298 -0.351891 -0.450934 0.105142 -0.886343
1.280274 0.255168 -0.313993 0.5529 0.50905 -0.659674
-0.47564 -0.958448 -0.48796 0.119598 -0.214547 -0.969364
-0.585639 1.136529 0.4103 -0.138066 0.555219 0.820164
-1.33012 -0.382643 0.061989 -0.7619 -0.630947 0.146334
0.999828 0.799865 0.1894 0.823354 0.215291 0.525108
-0.924711 -0.15897 0.447977 0.199222 -0.451588 0.8697
-0.004896 1.025154 -0.298984 0.016365 0.08394 -0.996336
-0.968271 0.247983 0.406642 0.128462 0.497524 0.857885
0.088502 1.281125 0.119911 -0.121807 0.916067 0.382079
-1.194094 0.136071 0.432981 -0.366518 0.34348 0.864688
-1.371063 -0.158768 0.28805 -0.732275 -0.353785 0.581902
